{
    "exif_signatures": {},
    "file_size": 36382,
    "pdfid_signatures": {},
    "pypdf_uris": [
        "http://netcdn.tw/app/406889139/coin-master-hack-without-verification-for-iphone-game-hack",
        "http://netcdn.tw/app/406889139/coin-master-hack-without-verification-for-iphone-game-hack",
        "https://pn-tapaktuan.go.id/pustaka/repository/play-minecraft-for-free-on-pc_GM479516143.pdf",
        "https://pn-tapaktuan.go.id/pustaka/repository/coin-master-free-spins-hack-2021_GM406889139.pdf",
        "https://pn-tapaktuan.go.id/pustaka/repository/speed-hack-script-roblox-pastebin_GM431946152.pdf",
        "https://pn-tapaktuan.go.id/pustaka/repository/how-to-hack-people-on-roblox_GM431946152.pdf",
        "https://pn-tapaktuan.go.id/pustaka/repository/minecraft-the-complete-handbook-collection_GM479516143.pdf",
        "https://pn-tapaktuan.go.id/pustaka/repository/free-robux-websites-that-actually-work-2021_GM431946152.pdf",
        "https://pn-tapaktuan.go.id/pustaka/repository/free-spins-coin-master-unlimited_GM406889139.pdf",
        "https://pn-tapaktuan.go.id/pustaka/repository/roblox-parkour-hack_GM431946152.pdf",
        "https://pn-tapaktuan.go.id/pustaka/repository/coin-master-free-spins-only_GM406889139.pdf",
        "https://pn-tapaktuan.go.id/pustaka/repository/roblox-dungeon-qeust-free-carries_GM431946152.pdf",
        "https://pn-tapaktuan.go.id/pustaka/repository/how-to-get-free-robux-commercial_GM431946152.pdf",
        "https://pn-tapaktuan.go.id/pustaka/repository/how-to-get-minecraft-windows-10-for-free-2021_GM479516143.pdf",
        "https://pn-tapaktuan.go.id/pustaka/repository/t-shirt-roblox-free_GM431946152.pdf",
        "https://pn-tapaktuan.go.id/pustaka/repository/how-to-hack-murder-mystery-2-on-roblox_GM431946152.pdf",
        "https://pn-tapaktuan.go.id/pustaka/repository/can-you-get-robux-for-free_GM431946152.pdf",
        "https://pn-tapaktuan.go.id/pustaka/repository/free-robux-generator-no-human-verification-2021_GM431946152.pdf",
        "https://pn-tapaktuan.go.id/pustaka/repository/how-to-get-free-robux-generator_GM431946152.pdf",
        "https://pn-tapaktuan.go.id/pustaka/repository/roblox-promo-codes-for-free-robux_GM431946152.pdf",
        "https://pn-tapaktuan.go.id/pustaka/repository/freee-robux-no-scam-or-hack_GM431946152.pdf",
        "https://pn-tapaktuan.go.id/pustaka/repository/robux-hack-generator-no-veriy_GM431946152.pdf"
    ],
    "regex_uris": [
        "http://netcdn.tw/app/406889139/coin-master-hack-without-verification-for-iphone-game-hack",
        "http://netcdn.tw/app/406889139/coin-master-hack-without-verification-for-iphone-game-hack",
        "https://pn-tapaktuan.go.id/pustaka/repository/play-minecraft-for-free-on-pc_GM479516143.pdf",
        "https://pn-tapaktuan.go.id/pustaka/repository/coin-master-free-spins-hack-2021_GM406889139.pdf",
        "https://pn-tapaktuan.go.id/pustaka/repository/speed-hack-script-roblox-pastebin_GM431946152.pdf",
        "https://pn-tapaktuan.go.id/pustaka/repository/how-to-hack-people-on-roblox_GM431946152.pdf",
        "https://pn-tapaktuan.go.id/pustaka/repository/minecraft-the-complete-handbook-collection_GM479516143.pdf",
        "https://pn-tapaktuan.go.id/pustaka/repository/free-robux-websites-that-actually-work-2021_GM431946152.pdf",
        "https://pn-tapaktuan.go.id/pustaka/repository/free-spins-coin-master-unlimited_GM406889139.pdf",
        "https://pn-tapaktuan.go.id/pustaka/repository/roblox-parkour-hack_GM431946152.pdf",
        "https://pn-tapaktuan.go.id/pustaka/repository/coin-master-free-spins-only_GM406889139.pdf",
        "https://pn-tapaktuan.go.id/pustaka/repository/roblox-dungeon-qeust-free-carries_GM431946152.pdf",
        "https://pn-tapaktuan.go.id/pustaka/repository/how-to-get-free-robux-commercial_GM431946152.pdf",
        "https://pn-tapaktuan.go.id/pustaka/repository/how-to-get-minecraft-windows-10-for-free-2021_GM479516143.pdf",
        "https://pn-tapaktuan.go.id/pustaka/repository/t-shirt-roblox-free_GM431946152.pdf",
        "https://pn-tapaktuan.go.id/pustaka/repository/how-to-hack-murder-mystery-2-on-roblox_GM431946152.pdf",
        "https://pn-tapaktuan.go.id/pustaka/repository/can-you-get-robux-for-free_GM431946152.pdf",
        "https://pn-tapaktuan.go.id/pustaka/repository/free-robux-generator-no-human-verification-2021_GM431946152.pdf",
        "https://pn-tapaktuan.go.id/pustaka/repository/how-to-get-free-robux-generator_GM431946152.pdf",
        "https://pn-tapaktuan.go.id/pustaka/repository/roblox-promo-codes-for-free-robux_GM431946152.pdf",
        "https://pn-tapaktuan.go.id/pustaka/repository/freee-robux-no-scam-or-hack_GM431946152.pdf",
        "https://pn-tapaktuan.go.id/pustaka/repository/robux-hack-generator-no-veriy_GM431946152.pdf"
    ],
    "regex_urls": [
        "http://netcdn.tw/app/406889139/coin-master-hack-without-verification-for-iphone-game-hack",
        "http://netcdn.tw/app/406889139/coin-master-hack-without-verification-for-iphone-game-hack",
        "https",
        "https",
        "https",
        "https",
        "https",
        "https",
        "https",
        "https",
        "https",
        "https",
        "https",
        "https",
        "https",
        "https",
        "https",
        "https",
        "https",
        "https",
        "https",
        "https"
    ],
    "scripts": {
        "iframe": [],
        "urls": []
    },
    "static_properties": {
        "JBIG2Decode": "0",
        "XML_forms": "0",
        "acro_form": "0",
        "auto_action": "0",
        "colors": "0",
        "cross_reference_table": "1",
        "embedded_files": "0",
        "file_size": "36",
        "java_script": "0",
        "js": "0",
        "launch_action": "0",
        "object_end": "55",
        "object_start": "55",
        "object_streams": "0",
        "open_action": "0",
        "page_count": "2",
        "rich_media": "0",
        "start_cross_reference_table": "1",
        "stream_end": "6",
        "stream_start": "6",
        "trailer_dictionary": "1"
    },
    "yara_signatures": [
        "without_attachments",
        "without_images",
        "with_urls",
        "invalid_trailer_structure",
        "contentis_base64"
    ]
}