{
    "exif_signatures": {},
    "file_size": 46201,
    "pdfid_signatures": {},
    "pypdf_uris": [
        "https://netcdn.xyz/app/431946152/microsoft-rewards-roblox-game-hack",
        "https://netcdn.xyz/app/431946152/microsoft-rewards-roblox-game-hack",
        "https://elearning.manbatam.sch.id/__statics/gudangsoal/files/free-minecraft-thumbnails_GM479516143.pdf",
        "https://elearning.manbatam.sch.id/__statics/gudangsoal/files/how-to-get-free-faces-on-roblox_GM431946152.pdf",
        "https://elearning.manbatam.sch.id/__statics/gudangsoal/files/how-to-hack-roblox-accounts-on-phone_GM431946152.pdf",
        "https://elearning.manbatam.sch.id/__statics/gudangsoal/files/free-robux-no-survey_GM431946152.pdf",
        "https://elearning.manbatam.sch.id/__statics/gudangsoal/files/can-i-get-free-robux_GM431946152.pdf",
        "https://elearning.manbatam.sch.id/__statics/gudangsoal/files/hack-master-coin_GM406889139.pdf",
        "https://elearning.manbatam.sch.id/__statics/gudangsoal/files/free-minecraft-skins-java_GM479516143.pdf",
        "https://elearning.manbatam.sch.id/__statics/gudangsoal/files/app-for-free-spins-on-coin-master_GM406889139.pdf",
        "https://elearning.manbatam.sch.id/__statics/gudangsoal/files/how-to-get-free-things-on-roblox_GM431946152.pdf",
        "https://elearning.manbatam.sch.id/__statics/gudangsoal/files/coin-master-hack-without-human-verification-2021_GM406889139.pdf",
        "https://elearning.manbatam.sch.id/__statics/gudangsoal/files/free-robux-no-email_GM431946152.pdf",
        "https://elearning.manbatam.sch.id/__statics/gudangsoal/files/roblox-booga-booga-hack_GM431946152.pdf",
        "https://elearning.manbatam.sch.id/__statics/gudangsoal/files/how-to-get-free-golden-card-in-coin-master_GM406889139.pdf",
        "https://elearning.manbatam.sch.id/__statics/gudangsoal/files/coin-master-online-hack-link_GM406889139.pdf",
        "https://elearning.manbatam.sch.id/__statics/gudangsoal/files/www-free-robux_GM431946152.pdf",
        "https://elearning.manbatam.sch.id/__statics/gudangsoal/files/how-to-download-minecraft-for-free-on-your-phone_GM479516143.pdf",
        "https://elearning.manbatam.sch.id/__statics/gudangsoal/files/coin-master-spin-hack-apk_GM406889139.pdf",
        "https://elearning.manbatam.sch.id/__statics/gudangsoal/files/how-to-hack-roblox-accounts-passwords_GM431946152.pdf",
        "https://elearning.manbatam.sch.id/__statics/gudangsoal/files/haktuts-coin-master_GM406889139.pdf",
        "https://elearning.manbatam.sch.id/__statics/gudangsoal/files/coin-master-mod-apk-2021_GM406889139.pdf"
    ],
    "regex_uris": [
        "https://netcdn.xyz/app/431946152/microsoft-rewards-roblox-game-hack",
        "https://netcdn.xyz/app/431946152/microsoft-rewards-roblox-game-hack",
        "https://elearning.manbatam.sch.id/__statics/gudangsoal/files/free-minecraft-thumbnails_GM479516143.pdf",
        "https://elearning.manbatam.sch.id/__statics/gudangsoal/files/how-to-get-free-faces-on-roblox_GM431946152.pdf",
        "https://elearning.manbatam.sch.id/__statics/gudangsoal/files/how-to-hack-roblox-accounts-on-phone_GM431946152.pdf",
        "https://elearning.manbatam.sch.id/__statics/gudangsoal/files/free-robux-no-survey_GM431946152.pdf",
        "https://elearning.manbatam.sch.id/__statics/gudangsoal/files/can-i-get-free-robux_GM431946152.pdf",
        "https://elearning.manbatam.sch.id/__statics/gudangsoal/files/hack-master-coin_GM406889139.pdf",
        "https://elearning.manbatam.sch.id/__statics/gudangsoal/files/free-minecraft-skins-java_GM479516143.pdf",
        "https://elearning.manbatam.sch.id/__statics/gudangsoal/files/app-for-free-spins-on-coin-master_GM406889139.pdf",
        "https://elearning.manbatam.sch.id/__statics/gudangsoal/files/how-to-get-free-things-on-roblox_GM431946152.pdf",
        "https://elearning.manbatam.sch.id/__statics/gudangsoal/files/coin-master-hack-without-human-verification-2021_GM406889139.pdf",
        "https://elearning.manbatam.sch.id/__statics/gudangsoal/files/free-robux-no-email_GM431946152.pdf",
        "https://elearning.manbatam.sch.id/__statics/gudangsoal/files/roblox-booga-booga-hack_GM431946152.pdf",
        "https://elearning.manbatam.sch.id/__statics/gudangsoal/files/how-to-get-free-golden-card-in-coin-master_GM406889139.pdf",
        "https://elearning.manbatam.sch.id/__statics/gudangsoal/files/coin-master-online-hack-link_GM406889139.pdf",
        "https://elearning.manbatam.sch.id/__statics/gudangsoal/files/www-free-robux_GM431946152.pdf",
        "https://elearning.manbatam.sch.id/__statics/gudangsoal/files/how-to-download-minecraft-for-free-on-your-phone_GM479516143.pdf",
        "https://elearning.manbatam.sch.id/__statics/gudangsoal/files/coin-master-spin-hack-apk_GM406889139.pdf",
        "https://elearning.manbatam.sch.id/__statics/gudangsoal/files/how-to-hack-roblox-accounts-passwords_GM431946152.pdf",
        "https://elearning.manbatam.sch.id/__statics/gudangsoal/files/haktuts-coin-master_GM406889139.pdf",
        "https://elearning.manbatam.sch.id/__statics/gudangsoal/files/coin-master-mod-apk-2021_GM406889139.pdf"
    ],
    "regex_urls": [
        "https",
        "https",
        "https",
        "https",
        "https",
        "https",
        "https",
        "https",
        "https",
        "https",
        "https",
        "https",
        "https",
        "https",
        "https",
        "https",
        "https",
        "https",
        "https",
        "https",
        "https",
        "https"
    ],
    "scripts": {
        "iframe": [],
        "urls": []
    },
    "static_properties": {
        "JBIG2Decode": "0",
        "XML_forms": "0",
        "acro_form": "0",
        "auto_action": "0",
        "colors": "0",
        "cross_reference_table": "1",
        "embedded_files": "0",
        "file_size": "46",
        "java_script": "0",
        "js": "0",
        "launch_action": "0",
        "object_end": "60",
        "object_start": "60",
        "object_streams": "0",
        "open_action": "0",
        "page_count": "3",
        "rich_media": "0",
        "start_cross_reference_table": "1",
        "stream_end": "7",
        "stream_start": "7",
        "trailer_dictionary": "1"
    },
    "yara_signatures": [
        "without_attachments",
        "without_images",
        "with_urls",
        "invalid_trailer_structure",
        "contentis_base64"
    ]
}