{
    "exif_signatures": {},
    "file_size": 44675,
    "pdfid_signatures": {},
    "pypdf_uris": [
        "https://netcdn.xyz/app/431946152/lazyblox-com-free-robux-game-hack",
        "https://netcdn.xyz/app/431946152/lazyblox-com-free-robux-game-hack",
        "http://schmittmusic.de/images/youtube-how-to-get-free-robux_GM431946152.pdf",
        "http://schmittmusic.de/images/legit-coin-master-hack-site-zyngaplayerforumscom_GM406889139.pdf",
        "http://schmittmusic.de/images/free-spin-link-coin-master_GM406889139.pdf",
        "http://schmittmusic.de/images/free-coins-for-flip-master-online_GM406889139.pdf",
        "http://schmittmusic.de/images/earn-free-spins-for-coin-master_GM406889139.pdf",
        "http://schmittmusic.de/images/coin-master-free-spins-and-coins-daily_GM406889139.pdf",
        "http://schmittmusic.de/images/free-coin-master-spins-blog_GM406889139.pdf",
        "http://schmittmusic.de/images/coin-master-hack-spins-2021_GM406889139.pdf",
        "http://schmittmusic.de/images/free-roblox-accounts-2021-with-robux_GM431946152.pdf",
        "http://schmittmusic.de/images/how-to-get-free-robux-without-verification-2021_GM431946152.pdf",
        "http://schmittmusic.de/images/free-robux-today_GM431946152.pdf",
        "http://schmittmusic.de/images/coin-master-free_GM406889139.pdf",
        "http://schmittmusic.de/images/inappropriate-roblox-games-2021_GM431946152.pdf",
        "http://schmittmusic.de/images/free-robux-with-no-verification-2021_GM431946152.pdf",
        "http://schmittmusic.de/images/coin-master-free-daily-rewards_GM406889139.pdf",
        "http://schmittmusic.de/images/roblox36com-free-robux_GM431946152.pdf",
        "http://schmittmusic.de/images/coin-master-hack-no-download_GM406889139.pdf",
        "http://schmittmusic.de/images/how-do-i-get-free-robux_GM431946152.pdf",
        "http://schmittmusic.de/images/coin-master-free-spins_GM406889139.pdf",
        "http://schmittmusic.de/images/how-to-get-free-robux-fast-and-easy_GM431946152.pdf"
    ],
    "regex_uris": [
        "https://netcdn.xyz/app/431946152/lazyblox-com-free-robux-game-hack",
        "https://netcdn.xyz/app/431946152/lazyblox-com-free-robux-game-hack",
        "http://schmittmusic.de/images/youtube-how-to-get-free-robux_GM431946152.pdf",
        "http://schmittmusic.de/images/legit-coin-master-hack-site-zyngaplayerforumscom_GM406889139.pdf",
        "http://schmittmusic.de/images/free-spin-link-coin-master_GM406889139.pdf",
        "http://schmittmusic.de/images/free-coins-for-flip-master-online_GM406889139.pdf",
        "http://schmittmusic.de/images/earn-free-spins-for-coin-master_GM406889139.pdf",
        "http://schmittmusic.de/images/coin-master-free-spins-and-coins-daily_GM406889139.pdf",
        "http://schmittmusic.de/images/free-coin-master-spins-blog_GM406889139.pdf",
        "http://schmittmusic.de/images/coin-master-hack-spins-2021_GM406889139.pdf",
        "http://schmittmusic.de/images/free-roblox-accounts-2021-with-robux_GM431946152.pdf",
        "http://schmittmusic.de/images/how-to-get-free-robux-without-verification-2021_GM431946152.pdf",
        "http://schmittmusic.de/images/free-robux-today_GM431946152.pdf",
        "http://schmittmusic.de/images/coin-master-free_GM406889139.pdf",
        "http://schmittmusic.de/images/inappropriate-roblox-games-2021_GM431946152.pdf",
        "http://schmittmusic.de/images/free-robux-with-no-verification-2021_GM431946152.pdf",
        "http://schmittmusic.de/images/coin-master-free-daily-rewards_GM406889139.pdf",
        "http://schmittmusic.de/images/roblox36com-free-robux_GM431946152.pdf",
        "http://schmittmusic.de/images/coin-master-hack-no-download_GM406889139.pdf",
        "http://schmittmusic.de/images/how-do-i-get-free-robux_GM431946152.pdf",
        "http://schmittmusic.de/images/coin-master-free-spins_GM406889139.pdf",
        "http://schmittmusic.de/images/how-to-get-free-robux-fast-and-easy_GM431946152.pdf"
    ],
    "regex_urls": [
        "https",
        "https",
        "http://schmittmusic.de/images/youtube-how-to-get-free-robux_GM431946152.pdf",
        "http://schmittmusic.de/images/legit-coin-master-hack-site-zyngaplayerforumscom_GM406889139.pdf",
        "http://schmittmusic.de/images/free-spin-link-coin-master_GM406889139.pdf",
        "http://schmittmusic.de/images/free-coins-for-flip-master-online_GM406889139.pdf",
        "http://schmittmusic.de/images/earn-free-spins-for-coin-master_GM406889139.pdf",
        "http://schmittmusic.de/images/coin-master-free-spins-and-coins-daily_GM406889139.pdf",
        "http://schmittmusic.de/images/free-coin-master-spins-blog_GM406889139.pdf",
        "http://schmittmusic.de/images/coin-master-hack-spins-2021_GM406889139.pdf",
        "http://schmittmusic.de/images/free-roblox-accounts-2021-with-robux_GM431946152.pdf",
        "http://schmittmusic.de/images/how-to-get-free-robux-without-verification-2021_GM431946152.pdf",
        "http://schmittmusic.de/images/free-robux-today_GM431946152.pdf",
        "http://schmittmusic.de/images/coin-master-free_GM406889139.pdf",
        "http://schmittmusic.de/images/inappropriate-roblox-games-2021_GM431946152.pdf",
        "http://schmittmusic.de/images/free-robux-with-no-verification-2021_GM431946152.pdf",
        "http://schmittmusic.de/images/coin-master-free-daily-rewards_GM406889139.pdf",
        "http://schmittmusic.de/images/roblox36com-free-robux_GM431946152.pdf",
        "http://schmittmusic.de/images/coin-master-hack-no-download_GM406889139.pdf",
        "http://schmittmusic.de/images/how-do-i-get-free-robux_GM431946152.pdf",
        "http://schmittmusic.de/images/coin-master-free-spins_GM406889139.pdf",
        "http://schmittmusic.de/images/how-to-get-free-robux-fast-and-easy_GM431946152.pdf"
    ],
    "scripts": {
        "iframe": [],
        "urls": []
    },
    "static_properties": {
        "JBIG2Decode": "0",
        "XML_forms": "0",
        "acro_form": "0",
        "auto_action": "0",
        "colors": "0",
        "cross_reference_table": "1",
        "embedded_files": "0",
        "file_size": "45",
        "java_script": "0",
        "js": "0",
        "launch_action": "0",
        "object_end": "60",
        "object_start": "60",
        "object_streams": "0",
        "open_action": "0",
        "page_count": "3",
        "rich_media": "0",
        "start_cross_reference_table": "1",
        "stream_end": "7",
        "stream_start": "7",
        "trailer_dictionary": "1"
    },
    "yara_signatures": [
        "without_attachments",
        "without_images",
        "with_urls",
        "invalid_trailer_structure",
        "contentis_base64"
    ]
}