{
    "exif_signatures": {},
    "file_size": 37210,
    "pdfid_signatures": {},
    "pypdf_uris": [
        "http://netcdn.co/app/431946152/how-to-hack-roblox-games-without-downloads-game-hack",
        "http://netcdn.co/app/431946152/how-to-hack-roblox-games-without-downloads-game-hack",
        "https://elearning.man1tuban.sch.id/__statics/gudangsoal/files/free-robux-generator-without-any-verifacations-or-downloads-to-chrome_GM431946152.pdf",
        "https://elearning.man1tuban.sch.id/__statics/gudangsoal/files/how-to-hack-roblox-for-robux_GM431946152.pdf",
        "https://elearning.man1tuban.sch.id/__statics/gudangsoal/files/cheat-roblox-jailbreak-2021-tp-unpatched_GM431946152.pdf",
        "https://elearning.man1tuban.sch.id/__statics/gudangsoal/files/roblox-vip-hack-cheat-engine-2021_GM431946152.pdf",
        "https://elearning.man1tuban.sch.id/__statics/gudangsoal/files/robux-hack-patch_GM431946152.pdf",
        "https://elearning.man1tuban.sch.id/__statics/gudangsoal/files/tiktok-likes-for-free_GM835599320.pdf",
        "https://elearning.man1tuban.sch.id/__statics/gudangsoal/files/ways-to-get-free-robux_GM431946152.pdf",
        "https://elearning.man1tuban.sch.id/__statics/gudangsoal/files/how-to-hack-robux-with-cheat-engine-61_GM431946152.pdf",
        "https://elearning.man1tuban.sch.id/__statics/gudangsoal/files/roblox-hack-no-human-verification-or-survey-2021_GM431946152.pdf",
        "https://elearning.man1tuban.sch.id/__statics/gudangsoal/files/cheat-engine-hack-roblox-accounts_GM431946152.pdf",
        "https://elearning.man1tuban.sch.id/__statics/gudangsoal/files/how-to-hack-robux_GM431946152.pdf",
        "https://elearning.man1tuban.sch.id/__statics/gudangsoal/files/minecraft-bedrock-edition-pc-download-free_GM479516143.pdf",
        "https://elearning.man1tuban.sch.id/__statics/gudangsoal/files/how-to-hack-in-roblox-phantom-forces_GM431946152.pdf",
        "https://elearning.man1tuban.sch.id/__statics/gudangsoal/files/roblox-rap-battles-hack_GM431946152.pdf",
        "https://elearning.man1tuban.sch.id/__statics/gudangsoal/files/how-to-get-minecraft-windows-10-edition-for-free_GM479516143.pdf",
        "https://elearning.man1tuban.sch.id/__statics/gudangsoal/files/how-do-you-get-a-free-dominus-in-roblox_GM431946152.pdf",
        "https://elearning.man1tuban.sch.id/__statics/gudangsoal/files/how-to-hack-in-robux-ez_GM431946152.pdf",
        "https://elearning.man1tuban.sch.id/__statics/gudangsoal/files/how-to-get-free-robux-without-verifying-2021_GM431946152.pdf",
        "https://elearning.man1tuban.sch.id/__statics/gudangsoal/files/how-to-make-things-free-on-roblox_GM431946152.pdf",
        "https://elearning.man1tuban.sch.id/__statics/gudangsoal/files/coin-master-free-spins-and-coins_GM406889139.pdf"
    ],
    "regex_uris": [
        "http://netcdn.co/app/431946152/how-to-hack-roblox-games-without-downloads-game-hack",
        "http://netcdn.co/app/431946152/how-to-hack-roblox-games-without-downloads-game-hack",
        "https://elearning.man1tuban.sch.id/__statics/gudangsoal/files/free-robux-generator-without-any-verifacations-or-downloads-to-chrome_GM431946152.pdf",
        "https://elearning.man1tuban.sch.id/__statics/gudangsoal/files/how-to-hack-roblox-for-robux_GM431946152.pdf",
        "https://elearning.man1tuban.sch.id/__statics/gudangsoal/files/cheat-roblox-jailbreak-2021-tp-unpatched_GM431946152.pdf",
        "https://elearning.man1tuban.sch.id/__statics/gudangsoal/files/roblox-vip-hack-cheat-engine-2021_GM431946152.pdf",
        "https://elearning.man1tuban.sch.id/__statics/gudangsoal/files/robux-hack-patch_GM431946152.pdf",
        "https://elearning.man1tuban.sch.id/__statics/gudangsoal/files/tiktok-likes-for-free_GM835599320.pdf",
        "https://elearning.man1tuban.sch.id/__statics/gudangsoal/files/ways-to-get-free-robux_GM431946152.pdf",
        "https://elearning.man1tuban.sch.id/__statics/gudangsoal/files/how-to-hack-robux-with-cheat-engine-61_GM431946152.pdf",
        "https://elearning.man1tuban.sch.id/__statics/gudangsoal/files/roblox-hack-no-human-verification-or-survey-2021_GM431946152.pdf",
        "https://elearning.man1tuban.sch.id/__statics/gudangsoal/files/cheat-engine-hack-roblox-accounts_GM431946152.pdf",
        "https://elearning.man1tuban.sch.id/__statics/gudangsoal/files/how-to-hack-robux_GM431946152.pdf",
        "https://elearning.man1tuban.sch.id/__statics/gudangsoal/files/minecraft-bedrock-edition-pc-download-free_GM479516143.pdf",
        "https://elearning.man1tuban.sch.id/__statics/gudangsoal/files/how-to-hack-in-roblox-phantom-forces_GM431946152.pdf",
        "https://elearning.man1tuban.sch.id/__statics/gudangsoal/files/roblox-rap-battles-hack_GM431946152.pdf",
        "https://elearning.man1tuban.sch.id/__statics/gudangsoal/files/how-to-get-minecraft-windows-10-edition-for-free_GM479516143.pdf",
        "https://elearning.man1tuban.sch.id/__statics/gudangsoal/files/how-do-you-get-a-free-dominus-in-roblox_GM431946152.pdf",
        "https://elearning.man1tuban.sch.id/__statics/gudangsoal/files/how-to-hack-in-robux-ez_GM431946152.pdf",
        "https://elearning.man1tuban.sch.id/__statics/gudangsoal/files/how-to-get-free-robux-without-verifying-2021_GM431946152.pdf",
        "https://elearning.man1tuban.sch.id/__statics/gudangsoal/files/how-to-make-things-free-on-roblox_GM431946152.pdf",
        "https://elearning.man1tuban.sch.id/__statics/gudangsoal/files/coin-master-free-spins-and-coins_GM406889139.pdf"
    ],
    "regex_urls": [
        "http://netcdn.co/app/431946152/how-to-hack-roblox-games-without-downloads-game-hack",
        "http://netcdn.co/app/431946152/how-to-hack-roblox-games-without-downloads-game-hack",
        "https",
        "https",
        "https",
        "https",
        "https",
        "https",
        "https",
        "https",
        "https",
        "https",
        "https",
        "https",
        "https",
        "https",
        "https",
        "https",
        "https",
        "https",
        "https",
        "https"
    ],
    "scripts": {
        "iframe": [],
        "urls": []
    },
    "static_properties": {
        "JBIG2Decode": "0",
        "XML_forms": "0",
        "acro_form": "0",
        "auto_action": "0",
        "colors": "0",
        "cross_reference_table": "1",
        "embedded_files": "0",
        "file_size": "37",
        "java_script": "0",
        "js": "0",
        "launch_action": "0",
        "object_end": "55",
        "object_start": "55",
        "object_streams": "0",
        "open_action": "0",
        "page_count": "2",
        "rich_media": "0",
        "start_cross_reference_table": "1",
        "stream_end": "6",
        "stream_start": "6",
        "trailer_dictionary": "1"
    },
    "yara_signatures": [
        "without_attachments",
        "without_images",
        "with_urls",
        "invalid_trailer_structure",
        "contentis_base64"
    ]
}