{
    "exif_signatures": {},
    "file_size": 118560,
    "pdfid_signatures": {},
    "pypdf_uris": [
        "http://bestentrypoint.com/agreeing/ZG93bmxvYWR8VlA4YkhCa04zeDhNVFkyT0RnM05qazNOWHg4TWpVNU1IeDhLRTBwSUZkdmNtUndjbVZ6Y3lCYldFMU1VbEJESUZZeUlGQkVSbDA/clorox?UmVhc29uIFJlZmlsbCBVbnBhY2tlciBWaWV3ZXIUmV=contributes&overproduce.funnels=retinal",
        "https://countymonthly.com/advert/ufs-explorer-professional-recovery-v5-6-keymaker-only-core-utorrent-link/",
        "https://countymonthly.com/advert/ufs-explorer-professional-recovery-v5-6-keymaker-only-core-utorrent-link/",
        "https://serkit.ru/wp-content/uploads/2022/11/Terjemahankitabbalaghahpdffree_HOT-1.pdf",
        "https://superstitionsar.org/doctrinas-biblicas-pc-nelson-pdf-11-link/",
        "https://www.camptalk.org/wp-content/uploads/2022/11/Far_Cry_Primal_WORK_Download_Crackedl.pdf",
        "https://www.camptalk.org/wp-content/uploads/2022/11/Far_Cry_Primal_WORK_Download_Crackedl.pdf",
        "https://duolife.academy/dil-juunglee-3-movie-download-kickass-720p-torrent-top/",
        "https://worldweathercenter.org/metin2-fishing-bot-serial-keyl/",
        "https://sttropezrestaurant.com/kasey-october-11-10-yo-gymnastics-dvd-hq-mpg-tested/",
        "https://www.mycatchyphrases.com/utorrent-shaun-t-insanity-workout-hit/",
        "https://www.skiplace.it/wp-content/uploads/2022/11/musicsoft_downloader_ver561_for_windows__added_by_users.pdf",
        "https://www.skiplace.it/wp-content/uploads/2022/11/musicsoft_downloader_ver561_for_windows__added_by_users.pdf",
        "http://3.16.76.74/advert/alberto-angela-impero-pdf-download-link/",
        "https://aglgamelab.com/wp-content/uploads/2022/11/vaslbet.pdf",
        "https://www.matera2029.it/wp-content/uploads/2022/11/Product_Key_To_Activate_Window_8.pdf",
        "https://amnar.ro/photodex-proshow-producer-9-1-3773-activator-serial-key/",
        "https://seo-focus.com/gp-pro-ex-software-free-work-download/",
        "https://www.readbutneverred.com/wp-content/uploads/2022/11/Cnckad_V10_Crack_basso_condivisi_part.pdf",
        "https://www.readbutneverred.com/wp-content/uploads/2022/11/Cnckad_V10_Crack_basso_condivisi_part.pdf",
        "https://torbayexperts.com/wp-content/uploads/2022/11/Material_Science_By_Op_Khanna_Pdf_Free_High_Quality_Download.pdf",
        "https://torbayexperts.com/wp-content/uploads/2022/11/Material_Science_By_Op_Khanna_Pdf_Free_High_Quality_Download.pdf",
        "https://parsiangroup.ca/2022/11/setup-4-bin-call-of-duty-black-ops/",
        "https://pzn.by/uncategorized/pack-de-titulos-animados-para-pinnacle-studio-exclusive/",
        "https://shoplidaire.fr/wp-content/uploads/2022/11/Adobe_Premiere_Rush_CC_2019_ACC_20181015_Multilingual_PreAct.pdf",
        "https://shoplidaire.fr/wp-content/uploads/2022/11/Adobe_Premiere_Rush_CC_2019_ACC_20181015_Multilingual_PreAct.pdf",
        "https://xtc-hair.com/adorage-magic-swipes-collection-2012-31/",
        "http://www.tcpdf.org"
    ],
    "regex_uris": [
        "http://bestentrypoint.com/agreeing/ZG93bmxvYWR8VlA4YkhCa04zeDhNVFkyT0RnM05qazNOWHg4TWpVNU1IeDhLRTBwSUZkdmNtUndjbVZ6Y3lCYldFMU1VbEJESUZZeUlGQkVSbDA/clorox?UmVhc29uIFJlZmlsbCBVbnBhY2tlciBWaWV3ZXIUmV=contributes&overproduce.funnels=retinal",
        "https://countymonthly.com/advert/ufs-explorer-professional-recovery-v5-6-keymaker-only-core-utorrent-link/",
        "https://countymonthly.com/advert/ufs-explorer-professional-recovery-v5-6-keymaker-only-core-utorrent-link/",
        "https://serkit.ru/wp-content/uploads/2022/11/Terjemahankitabbalaghahpdffree_HOT-1.pdf",
        "https://superstitionsar.org/doctrinas-biblicas-pc-nelson-pdf-11-link/",
        "https://www.camptalk.org/wp-content/uploads/2022/11/Far_Cry_Primal_WORK_Download_Crackedl.pdf",
        "https://www.camptalk.org/wp-content/uploads/2022/11/Far_Cry_Primal_WORK_Download_Crackedl.pdf",
        "https://duolife.academy/dil-juunglee-3-movie-download-kickass-720p-torrent-top/",
        "https://worldweathercenter.org/metin2-fishing-bot-serial-keyl/",
        "https://sttropezrestaurant.com/kasey-october-11-10-yo-gymnastics-dvd-hq-mpg-tested/",
        "https://www.mycatchyphrases.com/utorrent-shaun-t-insanity-workout-hit/",
        "https://www.skiplace.it/wp-content/uploads/2022/11/musicsoft_downloader_ver561_for_windows__added_by_users.pdf",
        "https://www.skiplace.it/wp-content/uploads/2022/11/musicsoft_downloader_ver561_for_windows__added_by_users.pdf",
        "http://3.16.76.74/advert/alberto-angela-impero-pdf-download-link/",
        "https://aglgamelab.com/wp-content/uploads/2022/11/vaslbet.pdf",
        "https://www.matera2029.it/wp-content/uploads/2022/11/Product_Key_To_Activate_Window_8.pdf",
        "https://amnar.ro/photodex-proshow-producer-9-1-3773-activator-serial-key/",
        "https://seo-focus.com/gp-pro-ex-software-free-work-download/",
        "https://www.readbutneverred.com/wp-content/uploads/2022/11/Cnckad_V10_Crack_basso_condivisi_part.pdf",
        "https://www.readbutneverred.com/wp-content/uploads/2022/11/Cnckad_V10_Crack_basso_condivisi_part.pdf",
        "https://torbayexperts.com/wp-content/uploads/2022/11/Material_Science_By_Op_Khanna_Pdf_Free_High_Quality_Download.pdf",
        "https://torbayexperts.com/wp-content/uploads/2022/11/Material_Science_By_Op_Khanna_Pdf_Free_High_Quality_Download.pdf",
        "https://parsiangroup.ca/2022/11/setup-4-bin-call-of-duty-black-ops/",
        "https://pzn.by/uncategorized/pack-de-titulos-animados-para-pinnacle-studio-exclusive/",
        "https://shoplidaire.fr/wp-content/uploads/2022/11/Adobe_Premiere_Rush_CC_2019_ACC_20181015_Multilingual_PreAct.pdf",
        "https://shoplidaire.fr/wp-content/uploads/2022/11/Adobe_Premiere_Rush_CC_2019_ACC_20181015_Multilingual_PreAct.pdf",
        "https://xtc-hair.com/adorage-magic-swipes-collection-2012-31/",
        "http://www.tcpdf.org"
    ],
    "regex_urls": [
        "http://bestentrypoint.com/agreeing/ZG93bmxvYWR8VlA4YkhCa04zeDhNVFkyT0RnM05qazNOWHg4TWpVNU1IeDhLRTBwSUZkdmNtUndjbVZ6Y3lCYldFMU1VbEJESUZZeUlGQkVSbDA/clorox?UmVhc29uIFJlZmlsbCBVbnBhY2tlciBWaWV3ZXIUmV=contributes",
        "https",
        "https",
        "https",
        "https",
        "https",
        "www.camptalk.org/wp-content/uploads/2022/11/Far_Cry_Primal_WORK_Download_Crackedl.pdf",
        "https",
        "www.camptalk.org/wp-content/uploads/2022/11/Far_Cry_Primal_WORK_Download_Crackedl.pdf",
        "https",
        "https",
        "https",
        "https",
        "www.mycatchyphrases.com/utorrent-shaun-t-insanity-workout-hit/",
        "https",
        "www.skiplace.it/wp-content/uploads/2022/11/musicsoft_downloader_ver561_for_windows__added_by_users.pdf",
        "https",
        "www.skiplace.it/wp-content/uploads/2022/11/musicsoft_downloader_ver561_for_windows__added_by_users.pdf",
        "http://3.16.76.74/advert/alberto-angela-impero-pdf-download-link/",
        "https",
        "https",
        "www.matera2029.it/wp-content/uploads/2022/11/Product_Key_To_Activate_Window_8.pdf",
        "https",
        "https",
        "https",
        "www.readbutneverred.com/wp-content/uploads/2022/11/Cnckad_V10_Crack_basso_condivisi_part.pdf",
        "https",
        "www.readbutneverred.com/wp-content/uploads/2022/11/Cnckad_V10_Crack_basso_condivisi_part.pdf",
        "https",
        "https",
        "https",
        "https",
        "https",
        "https",
        "https",
        "http://www.tcpdf.org",
        "http://www.w3.org/1999/02/22-rdf-syntax-ns#",
        "http://purl.org/dc/elements/1.1/",
        "http://ns.adobe.com/xap/1.0/",
        "http://ns.adobe.com/pdf/1.3/",
        "http://ns.adobe.com/xap/1.0/mm/",
        "http://www.aiim.org/pdfa/ns/extension/",
        "http://www.aiim.org/pdfa/ns/schema#",
        "http://www.aiim.org/pdfa/ns/property#",
        "http://ns.adobe.com/pdf/1.3/",
        "http://ns.adobe.com/xap/1.0/mm/",
        "http://www.aiim.org/pdfa/ns/id/"
    ],
    "scripts": {
        "iframe": [],
        "urls": []
    },
    "static_properties": {
        "JBIG2Decode": "0",
        "XML_forms": "0",
        "acro_form": "0",
        "auto_action": "0",
        "colors": "0",
        "cross_reference_table": "1",
        "embedded_files": "0",
        "file_size": "119",
        "java_script": "0",
        "js": "0",
        "launch_action": "0",
        "object_end": "52",
        "object_start": "52",
        "object_streams": "0",
        "open_action": "1",
        "page_count": "2",
        "rich_media": "0",
        "start_cross_reference_table": "1",
        "stream_end": "10",
        "stream_start": "10",
        "trailer_dictionary": "1"
    },
    "yara_signatures": [
        "without_attachments",
        "without_images",
        "with_urls",
        "contentis_base64",
        "Big_Numbers1"
    ]
}