{
    "exif_signatures": {},
    "file_size": 36860,
    "pdfid_signatures": {},
    "pypdf_uris": [
        "https://netcdn.xyz/app/479516143/free-24-7-minecraft-server-game-hack",
        "https://netcdn.xyz/app/479516143/free-24-7-minecraft-server-game-hack",
        "https://www.imagevideo.info/images/get-free-spins-from-coin-master_GM406889139.pdf",
        "https://www.imagevideo.info/images/robux-game-com_GM431946152.pdf",
        "https://www.imagevideo.info/images/coin-master-free-spins-today-daily-links_GM406889139.pdf",
        "https://www.imagevideo.info/images/coin-master-hack-without-verification-ios_GM406889139.pdf",
        "https://www.imagevideo.info/images/appsmob-info-coin-master-hack_GM406889139.pdf"
    ],
    "regex_uris": [
        "https://netcdn.xyz/app/479516143/free-24-7-minecraft-server-game-hack",
        "https://netcdn.xyz/app/479516143/free-24-7-minecraft-server-game-hack",
        "https://www.imagevideo.info/images/get-free-spins-from-coin-master_GM406889139.pdf",
        "https://www.imagevideo.info/images/robux-game-com_GM431946152.pdf",
        "https://www.imagevideo.info/images/coin-master-free-spins-today-daily-links_GM406889139.pdf",
        "https://www.imagevideo.info/images/coin-master-hack-without-verification-ios_GM406889139.pdf",
        "https://www.imagevideo.info/images/appsmob-info-coin-master-hack_GM406889139.pdf"
    ],
    "regex_urls": [
        "https",
        "https",
        "https",
        "www.imagevideo.info/images/get-free-spins-from-coin-master_GM406889139.pdf",
        "https",
        "www.imagevideo.info/images/robux-game-com_GM431946152.pdf",
        "https",
        "www.imagevideo.info/images/coin-master-free-spins-today-daily-links_GM406889139.pdf",
        "https",
        "www.imagevideo.info/images/coin-master-hack-without-verification-ios_GM406889139.pdf",
        "https",
        "www.imagevideo.info/images/appsmob-info-coin-master-hack_GM406889139.pdf"
    ],
    "scripts": {
        "iframe": [],
        "urls": []
    },
    "static_properties": {
        "JBIG2Decode": "0",
        "XML_forms": "0",
        "acro_form": "0",
        "auto_action": "0",
        "colors": "0",
        "cross_reference_table": "1",
        "embedded_files": "0",
        "file_size": "37",
        "java_script": "0",
        "js": "0",
        "launch_action": "0",
        "object_end": "40",
        "object_start": "40",
        "object_streams": "0",
        "open_action": "0",
        "page_count": "2",
        "rich_media": "0",
        "start_cross_reference_table": "1",
        "stream_end": "6",
        "stream_start": "6",
        "trailer_dictionary": "1"
    },
    "yara_signatures": [
        "without_attachments",
        "without_images",
        "with_urls",
        "invalid_trailer_structure",
        "contentis_base64"
    ]
}