{
    "exif_signatures": {},
    "file_size": 35182,
    "pdfid_signatures": {},
    "pypdf_uris": [
        "https://traffking.ru/123?keyword=bloons+td+5+hacked+free",
        "https://uploads.strikinglycdn.com/files/e287fb78-7429-4396-b589-04ca3abf031e/75252026429.pdf",
        "https://cdn-cms.f-static.net/uploads/4392661/normal_5f9c7a3050126.pdf",
        "https://s3.amazonaws.com/vatosolikijike/jarezaporojomuja.pdf",
        "https://s3.amazonaws.com/wonoti/aptitude_test_questions_and_answers_for_engineering.pdf",
        "https://cdn-cms.f-static.net/uploads/4420432/normal_5f9b31da53c8f.pdf",
        "https://cdn-cms.f-static.net/uploads/4408704/normal_5f9c2bc922722.pdf",
        "https://s3.amazonaws.com/mejados/86304240951.pdf",
        "https://s3.amazonaws.com/vavabi/zunalodapirokazaz.pdf",
        "https://tiposowa.weebly.com/uploads/1/3/1/1/131164246/9933.pdf",
        "https://cdn-cms.f-static.net/uploads/4387933/normal_5f93c4932ce74.pdf",
        "https://cdn-cms.f-static.net/uploads/4413735/normal_5fa47fa8c465e.pdf",
        "https://cdn-cms.f-static.net/uploads/4384468/normal_5f8e2be996d17.pdf",
        "https://uploads.strikinglycdn.com/files/51fe4676-d3a0-494f-8af3-e8443cf89637/96474806565.pdf"
    ],
    "regex_uris": [
        "https://traffking.ru/123?keyword=bloons+td+5+hacked+free",
        "https://uploads.strikinglycdn.com/files/e287fb78-7429-4396-b589-04ca3abf031e/75252026429.pdf",
        "https://cdn-cms.f-static.net/uploads/4392661/normal_5f9c7a3050126.pdf",
        "https://s3.amazonaws.com/vatosolikijike/jarezaporojomuja.pdf",
        "https://s3.amazonaws.com/wonoti/aptitude_test_questions_and_answers_for_engineering.pdf",
        "https://cdn-cms.f-static.net/uploads/4420432/normal_5f9b31da53c8f.pdf",
        "https://cdn-cms.f-static.net/uploads/4408704/normal_5f9c2bc922722.pdf",
        "https://s3.amazonaws.com/mejados/86304240951.pdf",
        "https://s3.amazonaws.com/vavabi/zunalodapirokazaz.pdf",
        "https://tiposowa.weebly.com/uploads/1/3/1/1/131164246/9933.pdf",
        "https://cdn-cms.f-static.net/uploads/4387933/normal_5f93c4932ce74.pdf",
        "https://cdn-cms.f-static.net/uploads/4413735/normal_5fa47fa8c465e.pdf",
        "https://cdn-cms.f-static.net/uploads/4384468/normal_5f8e2be996d17.pdf",
        "https://uploads.strikinglycdn.com/files/51fe4676-d3a0-494f-8af3-e8443cf89637/96474806565.pdf"
    ],
    "regex_urls": [
        "https",
        "https",
        "https",
        "https",
        "https",
        "https",
        "https",
        "https",
        "https",
        "https",
        "https",
        "https",
        "https",
        "https",
        "http://www.w3.org/1999/02/22-rdf-syntax-ns#",
        "http://purl.org/dc/elements/1.1/",
        "http://ns.adobe.com/pdf/1.3/",
        "http://ns.adobe.com/xap/1.0/",
        "http://ns.adobe.com/xap/1.0/mm/",
        "http://ns.adobe.com/xap/1.0/rights/"
    ],
    "scripts": {
        "iframe": [],
        "urls": []
    },
    "static_properties": {
        "JBIG2Decode": "0",
        "XML_forms": "0",
        "acro_form": "0",
        "auto_action": "0",
        "colors": "0",
        "cross_reference_table": "2",
        "embedded_files": "0",
        "file_size": "35",
        "java_script": "0",
        "js": "0",
        "launch_action": "0",
        "object_end": "50",
        "object_start": "50",
        "object_streams": "0",
        "open_action": "0",
        "page_count": "2",
        "rich_media": "0",
        "start_cross_reference_table": "2",
        "stream_end": "8",
        "stream_start": "8",
        "trailer_dictionary": "2"
    },
    "yara_signatures": [
        "without_attachments",
        "without_images",
        "with_urls",
        "invalid_trailer_structure",
        "multiple_versions",
        "contentis_base64"
    ]
}