{
    "exif_signatures": {},
    "file_size": 71703,
    "pdfid_signatures": {},
    "pypdf_uris": [
        "https://gimoguvi.ru/strik?utm_term=ugly%2527s+electrical+references+pdf",
        "https://6525eaf8-9a42-4119-9fb4-c3d475b3b78e.filesusr.com/ugd/80bfa9_fc0326377dd641bab2ff56a6d77fbbc2.pdf?index=true",
        "https://bivibubumi.weebly.com/uploads/1/3/1/6/131637176/xuwobitete_paxumimekukon.pdf",
        "https://lebidupevi.weebly.com/uploads/1/3/4/3/134319251/ditimeka_bomufavubesero.pdf",
        "https://uploads.strikinglycdn.com/files/3495af79-70c9-4a08-a5de-8a502927e577/31405362809.pdf",
        "https://s3.amazonaws.com/mubemutolewe/27395905040.pdf",
        "https://cdn.sqhk.co/kiwapipu/ghf0qFv/birthday_background_songs_free.pdf",
        "https://tevoletefe.weebly.com/uploads/1/3/1/6/131606261/b626c6c1139d.pdf",
        "https://uploads.strikinglycdn.com/files/db14b577-5986-4151-b0ee-ad400ae687ac/mugim.pdf",
        "https://s3.amazonaws.com/loranoduzuja/3rd_grade_cursive_writing_worksheets.pdf",
        "https://952d9f4b-853a-4e85-af28-23c4d489d487.filesusr.com/ugd/8db125_50e83a19676f454497e9409cc602125f.pdf?index=true",
        "https://kujopupij.weebly.com/uploads/1/3/0/7/130740053/rixaluvewuniku-kazadez.pdf",
        "https://bozuwosumexoxal.weebly.com/uploads/1/3/2/6/132682772/midudewa.pdf",
        "https://6a9ecc2b-05c3-4056-8705-773ae6be8cdd.filesusr.com/ugd/7a359d_e75273db2aae4591ad0e613065548e80.pdf?index=true",
        "https://21dbc830-6d60-48ad-8ab0-00d2b3cb69e0.filesusr.com/ugd/18d949_c28e3f10f2104ee490fd60f97661fbca.pdf?index=true",
        "https://b54663a3-ff9d-4122-b75c-69b71428c9b0.filesusr.com/ugd/cfa91a_f2925d24b3e24726a0d6d5a20789d1c7.pdf?index=true",
        "https://uploads.strikinglycdn.com/files/fdb6e105-c735-4424-9740-d379784e9bb4/how_to_make_a_rainbow_simple_science_experiments.pdf",
        "https://d4180a97-8dd0-4bf1-9e2f-d1b128d1a64d.filesusr.com/ugd/ae059d_7be1fa1716824bdd95fdde532de1b170.pdf?index=true",
        "https://cdn.sqhk.co/xasakeza/UiaihA7/82969095379.pdf",
        "https://a35aa970-3e4e-4c20-be1f-53d10001bce9.filesusr.com/ugd/af4e73_019858cf9f4b43eeb01445265570b9ed.pdf?index=true"
    ],
    "regex_uris": [
        "https://gimoguvi.ru/strik?utm_term=ugly%2527s+electrical+references+pdf",
        "https://6525eaf8-9a42-4119-9fb4-c3d475b3b78e.filesusr.com/ugd/80bfa9_fc0326377dd641bab2ff56a6d77fbbc2.pdf?index=true",
        "https://bivibubumi.weebly.com/uploads/1/3/1/6/131637176/xuwobitete_paxumimekukon.pdf",
        "https://lebidupevi.weebly.com/uploads/1/3/4/3/134319251/ditimeka_bomufavubesero.pdf",
        "https://uploads.strikinglycdn.com/files/3495af79-70c9-4a08-a5de-8a502927e577/31405362809.pdf",
        "https://s3.amazonaws.com/mubemutolewe/27395905040.pdf",
        "https://cdn.sqhk.co/kiwapipu/ghf0qFv/birthday_background_songs_free.pdf",
        "https://tevoletefe.weebly.com/uploads/1/3/1/6/131606261/b626c6c1139d.pdf",
        "https://uploads.strikinglycdn.com/files/db14b577-5986-4151-b0ee-ad400ae687ac/mugim.pdf",
        "https://s3.amazonaws.com/loranoduzuja/3rd_grade_cursive_writing_worksheets.pdf",
        "https://952d9f4b-853a-4e85-af28-23c4d489d487.filesusr.com/ugd/8db125_50e83a19676f454497e9409cc602125f.pdf?index=true",
        "https://kujopupij.weebly.com/uploads/1/3/0/7/130740053/rixaluvewuniku-kazadez.pdf",
        "https://bozuwosumexoxal.weebly.com/uploads/1/3/2/6/132682772/midudewa.pdf",
        "https://6a9ecc2b-05c3-4056-8705-773ae6be8cdd.filesusr.com/ugd/7a359d_e75273db2aae4591ad0e613065548e80.pdf?index=true",
        "https://21dbc830-6d60-48ad-8ab0-00d2b3cb69e0.filesusr.com/ugd/18d949_c28e3f10f2104ee490fd60f97661fbca.pdf?index=true",
        "https://b54663a3-ff9d-4122-b75c-69b71428c9b0.filesusr.com/ugd/cfa91a_f2925d24b3e24726a0d6d5a20789d1c7.pdf?index=true",
        "https://uploads.strikinglycdn.com/files/fdb6e105-c735-4424-9740-d379784e9bb4/how_to_make_a_rainbow_simple_science_experiments.pdf",
        "https://d4180a97-8dd0-4bf1-9e2f-d1b128d1a64d.filesusr.com/ugd/ae059d_7be1fa1716824bdd95fdde532de1b170.pdf?index=true",
        "https://cdn.sqhk.co/xasakeza/UiaihA7/82969095379.pdf",
        "https://a35aa970-3e4e-4c20-be1f-53d10001bce9.filesusr.com/ugd/af4e73_019858cf9f4b43eeb01445265570b9ed.pdf?index=true"
    ],
    "regex_urls": [
        "https",
        "https",
        "https",
        "https",
        "https",
        "https",
        "https",
        "https",
        "https",
        "https",
        "https",
        "https",
        "https",
        "https",
        "https",
        "https",
        "https",
        "https",
        "https",
        "https",
        "http://www.w3.org/1999/02/22-rdf-syntax-ns#",
        "http://purl.org/dc/elements/1.1/",
        "http://ns.adobe.com/pdf/1.3/",
        "http://ns.adobe.com/xap/1.0/",
        "http://ns.adobe.com/xap/1.0/mm/",
        "http://ns.adobe.com/xap/1.0/rights/"
    ],
    "scripts": {
        "iframe": [],
        "urls": []
    },
    "static_properties": {
        "JBIG2Decode": "0",
        "XML_forms": "0",
        "acro_form": "0",
        "auto_action": "0",
        "colors": "0",
        "cross_reference_table": "2",
        "embedded_files": "0",
        "file_size": "72",
        "java_script": "0",
        "js": "0",
        "launch_action": "0",
        "object_end": "61",
        "object_start": "61",
        "object_streams": "0",
        "open_action": "0",
        "page_count": "3",
        "rich_media": "0",
        "start_cross_reference_table": "2",
        "stream_end": "9",
        "stream_start": "9",
        "trailer_dictionary": "2"
    },
    "yara_signatures": [
        "without_attachments",
        "without_images",
        "with_urls",
        "invalid_trailer_structure",
        "multiple_versions",
        "contentis_base64",
        "Big_Numbers1"
    ]
}