{
    "exif_signatures": {},
    "file_size": 226027,
    "pdfid_signatures": {},
    "pypdf_uris": [
        "https://podar.co.za/XSRYdR1H?utm_term=b.+ed+k+full+form",
        "http://gesundheit-im-blog.de/userfiles/file/fepuxapamigusedo.pdf",
        "http://kwong-cheong.com/userfiles/zemaxoligime.pdf",
        "http://festivaldeliteraturadepereira.com/wp-content/plugins/formcraft/file-upload/server/content/files/161725aa36dabc---2853165541.pdf",
        "http://tprcindia.com/ckeditor/ckfinder/userfiles/files/misuxogonan.pdf",
        "https://metroguards.com.au/wp-content/plugins/formcraft/file-upload/server/content/files/16141387d78f84---55307191047.pdf",
        "https://jfd.news/app/webroot/uploads/files/likologe.pdf",
        "https://ncfouting.com/wp-content/plugins/formcraft/file-upload/server/content/files/16150af8cb10e5---89622989820.pdf",
        "http://sntaviator.ru/ckfinder/userfiles/files/90996282153.pdf",
        "http://cgpreceptor.com/ckfinder/userfiles/files/32985816332.pdf",
        "https://www.espymetcalf.com/wp-content/plugins/formcraft/file-upload/server/content/files/16194e858350b7---83370285404.pdf",
        "https://gyogytorna-vac.hu/admin/kcfinder/upload/files/pesigoxufunupiforenibimik.pdf",
        "http://ruben.pl/ckfinder/userfiles/files/liwupatow.pdf",
        "https://www.vibrationmonitoring.asia/wp-content/plugins/formcraft/file-upload/server/content/files/1619cbcb5de130---ziwufesijemomejabu.pdf",
        "https://maidintown.co.uk/wp-content/plugins/super-forms/uploads/php/files/1f25aa091a2b4d1e3e1bc1efb7f0ffe1/laveluvepolineb.pdf",
        "http://www.argentum.com/wp-content/plugins/super-forms/uploads/php/files/1b31dl1ajqbbkb1qi054cdpqsd/vamuvewumejowotiseraso.pdf",
        "http://minuspk.ru/minuspk.ru/userfiles/file/56048558059.pdf",
        "https://1877painters.com/FCKeditor/file/88388007371.pdf",
        "http://birons.net/wp-content/plugins/super-forms/uploads/php/files/a72e62be9de5ab4ff941449664b9df6b/nifopadeduvaneta.pdf",
        "https://foodsafebox.com/ckfinder/userfiles/files/titaxutitidiziva.pdf",
        "https://beruanglucu.com/contents//files/95796030899.pdf",
        "http://matrix-work.com/uploads/files/73066148624.pdf",
        "https://jackyrouxmethode.com/userfiles/file/zevegivupo.pdf",
        "http://iweldbot.com/ckfinder/pho/files/98460538815.pdf",
        "http://didopack.com/files/59142063159.pdf",
        "http://www.hj-bouwt.be/wp-content/plugins/formcraft/file-upload/server/content/files/160f6d57e9f8a2---pokazepufejojepokil.pdf",
        "http://gartenmessebau.de/uploads/files/nokojibutisimizokokaxexi.pdf"
    ],
    "regex_uris": [
        "https://podar.co.za/XSRYdR1H?utm_term=b.+ed+k+full+form",
        "http://gesundheit-im-blog.de/userfiles/file/fepuxapamigusedo.pdf",
        "http://kwong-cheong.com/userfiles/zemaxoligime.pdf",
        "http://festivaldeliteraturadepereira.com/wp-content/plugins/formcraft/file-upload/server/content/files/161725aa36dabc---2853165541.pdf",
        "http://tprcindia.com/ckeditor/ckfinder/userfiles/files/misuxogonan.pdf",
        "https://metroguards.com.au/wp-content/plugins/formcraft/file-upload/server/content/files/16141387d78f84---55307191047.pdf",
        "https://jfd.news/app/webroot/uploads/files/likologe.pdf",
        "https://ncfouting.com/wp-content/plugins/formcraft/file-upload/server/content/files/16150af8cb10e5---89622989820.pdf",
        "http://sntaviator.ru/ckfinder/userfiles/files/90996282153.pdf",
        "http://cgpreceptor.com/ckfinder/userfiles/files/32985816332.pdf",
        "https://www.espymetcalf.com/wp-content/plugins/formcraft/file-upload/server/content/files/16194e858350b7---83370285404.pdf",
        "https://gyogytorna-vac.hu/admin/kcfinder/upload/files/pesigoxufunupiforenibimik.pdf",
        "http://ruben.pl/ckfinder/userfiles/files/liwupatow.pdf",
        "https://www.vibrationmonitoring.asia/wp-content/plugins/formcraft/file-upload/server/content/files/1619cbcb5de130---ziwufesijemomejabu.pdf",
        "https://maidintown.co.uk/wp-content/plugins/super-forms/uploads/php/files/1f25aa091a2b4d1e3e1bc1efb7f0ffe1/laveluvepolineb.pdf",
        "http://www.argentum.com/wp-content/plugins/super-forms/uploads/php/files/1b31dl1ajqbbkb1qi054cdpqsd/vamuvewumejowotiseraso.pdf",
        "http://minuspk.ru/minuspk.ru/userfiles/file/56048558059.pdf",
        "https://1877painters.com/FCKeditor/file/88388007371.pdf",
        "http://birons.net/wp-content/plugins/super-forms/uploads/php/files/a72e62be9de5ab4ff941449664b9df6b/nifopadeduvaneta.pdf",
        "https://foodsafebox.com/ckfinder/userfiles/files/titaxutitidiziva.pdf",
        "https://beruanglucu.com/contents//files/95796030899.pdf",
        "http://matrix-work.com/uploads/files/73066148624.pdf",
        "https://jackyrouxmethode.com/userfiles/file/zevegivupo.pdf",
        "http://iweldbot.com/ckfinder/pho/files/98460538815.pdf",
        "http://didopack.com/files/59142063159.pdf",
        "http://www.hj-bouwt.be/wp-content/plugins/formcraft/file-upload/server/content/files/160f6d57e9f8a2---pokazepufejojepokil.pdf",
        "http://gartenmessebau.de/uploads/files/nokojibutisimizokokaxexi.pdf"
    ],
    "regex_urls": [
        "https",
        "http://gesundheit-im-blog.de/userfiles/file/fepuxapamigusedo.pdf",
        "http://kwong-cheong.com/userfiles/zemaxoligime.pdf",
        "http://festivaldeliteraturadepereira.com/wp-content/plugins/formcraft/file-upload/server/content/files/161725aa36dabc---2853165541.pdf",
        "http://tprcindia.com/ckeditor/ckfinder/userfiles/files/misuxogonan.pdf",
        "https",
        "https",
        "https",
        "http://sntaviator.ru/ckfinder/userfiles/files/90996282153.pdf",
        "http://cgpreceptor.com/ckfinder/userfiles/files/32985816332.pdf",
        "https",
        "www.espymetcalf.com/wp-content/plugins/formcraft/file-upload/server/content/files/16194e858350b7---83370285404.pdf",
        "https",
        "http://ruben.pl/ckfinder/userfiles/files/liwupatow.pdf",
        "https",
        "www.vibrationmonitoring.asia/wp-content/plugins/formcraft/file-upload/server/content/files/1619cbcb5de130---ziwufesijemomejabu.pdf",
        "https",
        "http://www.argentum.com/wp-content/plugins/super-forms/uploads/php/files/1b31dl1ajqbbkb1qi054cdpqsd/vamuvewumejowotiseraso.pdf",
        "http://minuspk.ru/minuspk.ru/userfiles/file/56048558059.pdf",
        "https",
        "http://birons.net/wp-content/plugins/super-forms/uploads/php/files/a72e62be9de5ab4ff941449664b9df6b/nifopadeduvaneta.pdf",
        "https",
        "https",
        "http://matrix-work.com/uploads/files/73066148624.pdf",
        "https",
        "http://iweldbot.com/ckfinder/pho/files/98460538815.pdf",
        "http://didopack.com/files/59142063159.pdf",
        "http://www.hj-bouwt.be/wp-content/plugins/formcraft/file-upload/server/content/files/160f6d57e9f8a2---pokazepufejojepokil.pdf",
        "http://gartenmessebau.de/uploads/files/nokojibutisimizokokaxexi.pdf",
        "http://www.w3.org/1999/02/22-rdf-syntax-ns#",
        "http://purl.org/dc/elements/1.1/",
        "http://ns.adobe.com/pdf/1.3/",
        "http://ns.adobe.com/xap/1.0/",
        "http://ns.adobe.com/xap/1.0/mm/",
        "http://ns.adobe.com/xap/1.0/rights/"
    ],
    "scripts": {
        "iframe": [],
        "urls": []
    },
    "static_properties": {
        "JBIG2Decode": "0",
        "XML_forms": "0",
        "acro_form": "0",
        "auto_action": "0",
        "colors": "0",
        "cross_reference_table": "2",
        "embedded_files": "0",
        "file_size": "226",
        "java_script": "0",
        "js": "0",
        "launch_action": "0",
        "object_end": "88",
        "object_start": "88",
        "object_streams": "0",
        "open_action": "0",
        "page_count": "4",
        "rich_media": "0",
        "start_cross_reference_table": "2",
        "stream_end": "20",
        "stream_start": "20",
        "trailer_dictionary": "2"
    },
    "yara_signatures": [
        "without_attachments",
        "without_images",
        "with_urls",
        "invalid_trailer_structure",
        "multiple_versions",
        "contentis_base64",
        "Big_Numbers1"
    ]
}