{
    "exif_signatures": {},
    "file_size": 89174,
    "pdfid_signatures": {},
    "pypdf_uris": [
        "http://getpdf.pw/book?res=123&isbn=9780826333995&kwd=AfterBurn%20:%20Reflections%20on%20Burning%20Man",
        "http://getpdf.pw/book?res=123&isbn=9780826333995&kwd=AfterBurn%20:%20Reflections%20on%20Burning%20Man",
        "https://static.s123-cdn.com/uploads/4659358/normal_61adcfc75a456.pdf",
        "https://files8.webydo.com/9588829/UploadedFiles/783812BD-FC71-2786-FF07-9D21C1DA45E6.pdf"
    ],
    "regex_uris": [
        "http://getpdf.pw/book?res=123&isbn=9780826333995&kwd=AfterBurn%20:%20Reflections%20on%20Burning%20Man",
        "http://getpdf.pw/book?res=123&isbn=9780826333995&kwd=AfterBurn%20:%20Reflections%20on%20Burning%20Man",
        "https://static.s123-cdn.com/uploads/4659358/normal_61adcfc75a456.pdf",
        "https://files8.webydo.com/9588829/UploadedFiles/783812BD-FC71-2786-FF07-9D21C1DA45E6.pdf"
    ],
    "regex_urls": [
        "http://getpdf.pw/book?res=123",
        "http://getpdf.pw/book?res=123",
        "https",
        "https"
    ],
    "scripts": {
        "iframe": [],
        "urls": []
    },
    "static_properties": {
        "JBIG2Decode": "0",
        "XML_forms": "0",
        "acro_form": "0",
        "auto_action": "0",
        "colors": "0",
        "cross_reference_table": "1",
        "embedded_files": "0",
        "file_size": "89",
        "java_script": "0",
        "js": "0",
        "launch_action": "0",
        "object_end": "59",
        "object_start": "59",
        "object_streams": "0",
        "open_action": "0",
        "page_count": "4",
        "rich_media": "0",
        "start_cross_reference_table": "1",
        "stream_end": "11",
        "stream_start": "11",
        "trailer_dictionary": "1"
    },
    "yara_signatures": [
        "without_attachments",
        "without_images",
        "with_urls",
        "invalid_trailer_structure",
        "contentis_base64"
    ]
}