{
    "exif_signatures": {},
    "file_size": 35399,
    "pdfid_signatures": {},
    "pypdf_uris": [
        "http://netcdn.tw/app/431946152/roblox-pizza-place-money-hack-game-hack",
        "http://netcdn.tw/app/431946152/roblox-pizza-place-money-hack-game-hack",
        "http://sttlets.education/senayan/repository/roblox-got-talent-hack-piano_GM431946152.pdf",
        "http://sttlets.education/senayan//repository/coin-master-hack-to-get-free-spins_GM406889139.pdf",
        "http://sttlets.education/senayan//repository/coin-master-free-coins-and-spins-app_GM406889139.pdf",
        "http://sttlets.education/senayan/repository/roblox-present-free-object_GM431946152.pdf",
        "http://sttlets.education/senayan//repository/coin-master-free-spins-link-2021-today_GM406889139.pdf",
        "http://sttlets.education/senayan/repository/tiktok-free-liker_GM835599320.pdf",
        "http://sttlets.education/senayan/repository/coin-master-hacks_GM406889139.pdf",
        "http://sttlets.education/senayan/repository/hack-piano-roblox-mobile-download_GM431946152.pdf",
        "http://sttlets.education/senayan/repository/code-free-robux_GM431946152.pdf",
        "http://sttlets.education/senayan/repository/coin-master-spin-hack-no-verification_GM406889139.pdf",
        "http://sttlets.education/senayan//repository/how-to-get-more-free-coins-on-coin-master_GM406889139.pdf",
        "http://sttlets.education/senayan//repository/hack-coin-master-2021_GM406889139.pdf",
        "http://sttlets.education/senayan/repository/how-do-you-get-robux-for-free-hack_GM431946152.pdf",
        "http://sttlets.education/senayan//repository/krnl-roblox_GM431946152.pdf",
        "http://sttlets.education/senayan//repository/coin-master-rare-cards-hack_GM406889139.pdf",
        "http://sttlets.education/senayan/repository/free-robux-offers_GM431946152.pdf",
        "http://sttlets.education/senayan/repository/free-coins-for-coin-master-blogger_GM406889139.pdf",
        "http://sttlets.education/senayan//repository/how-to-hack-roblox-to-get-free-robux_GM431946152.pdf",
        "http://sttlets.education/senayan//repository/roblox-bux-free_GM431946152.pdf",
        "http://sttlets.education/senayan/repository/how-to-get-robux-fast_GM431946152.pdf"
    ],
    "regex_uris": [
        "http://netcdn.tw/app/431946152/roblox-pizza-place-money-hack-game-hack",
        "http://netcdn.tw/app/431946152/roblox-pizza-place-money-hack-game-hack",
        "http://sttlets.education/senayan/repository/roblox-got-talent-hack-piano_GM431946152.pdf",
        "http://sttlets.education/senayan//repository/coin-master-hack-to-get-free-spins_GM406889139.pdf",
        "http://sttlets.education/senayan//repository/coin-master-free-coins-and-spins-app_GM406889139.pdf",
        "http://sttlets.education/senayan/repository/roblox-present-free-object_GM431946152.pdf",
        "http://sttlets.education/senayan//repository/coin-master-free-spins-link-2021-today_GM406889139.pdf",
        "http://sttlets.education/senayan/repository/tiktok-free-liker_GM835599320.pdf",
        "http://sttlets.education/senayan/repository/coin-master-hacks_GM406889139.pdf",
        "http://sttlets.education/senayan/repository/hack-piano-roblox-mobile-download_GM431946152.pdf",
        "http://sttlets.education/senayan/repository/code-free-robux_GM431946152.pdf",
        "http://sttlets.education/senayan/repository/coin-master-spin-hack-no-verification_GM406889139.pdf",
        "http://sttlets.education/senayan//repository/how-to-get-more-free-coins-on-coin-master_GM406889139.pdf",
        "http://sttlets.education/senayan//repository/hack-coin-master-2021_GM406889139.pdf",
        "http://sttlets.education/senayan/repository/how-do-you-get-robux-for-free-hack_GM431946152.pdf",
        "http://sttlets.education/senayan//repository/krnl-roblox_GM431946152.pdf",
        "http://sttlets.education/senayan//repository/coin-master-rare-cards-hack_GM406889139.pdf",
        "http://sttlets.education/senayan/repository/free-robux-offers_GM431946152.pdf",
        "http://sttlets.education/senayan/repository/free-coins-for-coin-master-blogger_GM406889139.pdf",
        "http://sttlets.education/senayan//repository/how-to-hack-roblox-to-get-free-robux_GM431946152.pdf",
        "http://sttlets.education/senayan//repository/roblox-bux-free_GM431946152.pdf",
        "http://sttlets.education/senayan/repository/how-to-get-robux-fast_GM431946152.pdf"
    ],
    "regex_urls": [
        "http://netcdn.tw/app/431946152/roblox-pizza-place-money-hack-game-hack",
        "http://netcdn.tw/app/431946152/roblox-pizza-place-money-hack-game-hack",
        "http://sttlets.education/senayan/repository/roblox-got-talent-hack-piano_GM431946152.pdf",
        "http://sttlets.education/senayan//repository/coin-master-hack-to-get-free-spins_GM406889139.pdf",
        "http://sttlets.education/senayan//repository/coin-master-free-coins-and-spins-app_GM406889139.pdf",
        "http://sttlets.education/senayan/repository/roblox-present-free-object_GM431946152.pdf",
        "http://sttlets.education/senayan//repository/coin-master-free-spins-link-2021-today_GM406889139.pdf",
        "http://sttlets.education/senayan/repository/tiktok-free-liker_GM835599320.pdf",
        "http://sttlets.education/senayan/repository/coin-master-hacks_GM406889139.pdf",
        "http://sttlets.education/senayan/repository/hack-piano-roblox-mobile-download_GM431946152.pdf",
        "http://sttlets.education/senayan/repository/code-free-robux_GM431946152.pdf",
        "http://sttlets.education/senayan/repository/coin-master-spin-hack-no-verification_GM406889139.pdf",
        "http://sttlets.education/senayan//repository/how-to-get-more-free-coins-on-coin-master_GM406889139.pdf",
        "http://sttlets.education/senayan//repository/hack-coin-master-2021_GM406889139.pdf",
        "http://sttlets.education/senayan/repository/how-do-you-get-robux-for-free-hack_GM431946152.pdf",
        "http://sttlets.education/senayan//repository/krnl-roblox_GM431946152.pdf",
        "http://sttlets.education/senayan//repository/coin-master-rare-cards-hack_GM406889139.pdf",
        "http://sttlets.education/senayan/repository/free-robux-offers_GM431946152.pdf",
        "http://sttlets.education/senayan/repository/free-coins-for-coin-master-blogger_GM406889139.pdf",
        "http://sttlets.education/senayan//repository/how-to-hack-roblox-to-get-free-robux_GM431946152.pdf",
        "http://sttlets.education/senayan//repository/roblox-bux-free_GM431946152.pdf",
        "http://sttlets.education/senayan/repository/how-to-get-robux-fast_GM431946152.pdf"
    ],
    "scripts": {
        "iframe": [],
        "urls": []
    },
    "static_properties": {
        "JBIG2Decode": "0",
        "XML_forms": "0",
        "acro_form": "0",
        "auto_action": "0",
        "colors": "0",
        "cross_reference_table": "1",
        "embedded_files": "0",
        "file_size": "35",
        "java_script": "0",
        "js": "0",
        "launch_action": "0",
        "object_end": "55",
        "object_start": "55",
        "object_streams": "0",
        "open_action": "0",
        "page_count": "2",
        "rich_media": "0",
        "start_cross_reference_table": "1",
        "stream_end": "6",
        "stream_start": "6",
        "trailer_dictionary": "1"
    },
    "yara_signatures": [
        "without_attachments",
        "without_images",
        "with_urls",
        "invalid_trailer_structure",
        "contentis_base64"
    ]
}