{
    "exif_signatures": {},
    "file_size": 35869,
    "pdfid_signatures": {},
    "pypdf_uris": [
        "http://netcdn.co/app/431946152/roblox-on-switch-is-it-free-game-hack",
        "http://netcdn.co/app/431946152/roblox-on-switch-is-it-free-game-hack",
        "https://www.wearmyspex.com/uploaded_files/userfiles/files/daily-free-spin-and-coin_GM406889139.pdf",
        "https://www.wearmyspex.com/uploaded_files/userfiles/files/coin-master-hack-spins-android_GM406889139.pdf",
        "https://www.wearmyspex.com/uploaded_files/userfiles/files/my-roblox-account-was-hacked_GM431946152.pdf",
        "https://www.wearmyspex.com/uploaded_files/userfiles/files/how-to-get-robux-for-free-really-works-2021_GM431946152.pdf",
        "https://www.wearmyspex.com/uploaded_files/userfiles/files/como-hackear-coin-master-espaol_GM406889139.pdf",
        "https://www.wearmyspex.com/uploaded_files/userfiles/files/get-your-free-tvs-roblox_GM431946152.pdf",
        "https://www.wearmyspex.com/uploaded_files/userfiles/files/free-daily-spins-coin-master-2021_GM406889139.pdf",
        "https://www.wearmyspex.com/uploaded_files/userfiles/files/games-on-roblox-that-give-you-free-robux_GM431946152.pdf",
        "https://www.wearmyspex.com/uploaded_files/userfiles/files/roblox-hack_GM431946152.pdf",
        "https://www.wearmyspex.com/uploaded_files/userfiles/files/free-robux-com-roblox_GM431946152.pdf",
        "https://www.wearmyspex.com/uploaded_files/userfiles/files/rbxoffers-earn-free-robux_GM431946152.pdf",
        "https://www.wearmyspex.com/uploaded_files/userfiles/files/free-robux-exe_GM431946152.pdf",
        "https://www.wearmyspex.com/uploaded_files/userfiles/files/star-codes-free-robux_GM431946152.pdf",
        "https://www.wearmyspex.com/uploaded_files/userfiles/files/can-you-get-minecraft-windows-10-for-free_GM479516143.pdf",
        "https://www.wearmyspex.com/uploaded_files/userfiles/files/coin-master-free-500-spins-link_GM406889139.pdf",
        "https://www.wearmyspex.com/uploaded_files/userfiles/files/coin-master-hack-mod-apk-free-download_GM406889139.pdf",
        "https://www.wearmyspex.com/uploaded_files/userfiles/files/is-there-a-way-to-get-minecraft-for-free_GM479516143.pdf",
        "https://www.wearmyspex.com/uploaded_files/userfiles/files/roblox-jailbreak-hack_GM431946152.pdf",
        "https://www.wearmyspex.com/uploaded_files/userfiles/files/roblox-free-bundles_GM431946152.pdf",
        "https://www.wearmyspex.com/uploaded_files/userfiles/files/minecraft-pocket-edition-free-ios_GM479516143.pdf"
    ],
    "regex_uris": [
        "http://netcdn.co/app/431946152/roblox-on-switch-is-it-free-game-hack",
        "http://netcdn.co/app/431946152/roblox-on-switch-is-it-free-game-hack",
        "https://www.wearmyspex.com/uploaded_files/userfiles/files/daily-free-spin-and-coin_GM406889139.pdf",
        "https://www.wearmyspex.com/uploaded_files/userfiles/files/coin-master-hack-spins-android_GM406889139.pdf",
        "https://www.wearmyspex.com/uploaded_files/userfiles/files/my-roblox-account-was-hacked_GM431946152.pdf",
        "https://www.wearmyspex.com/uploaded_files/userfiles/files/how-to-get-robux-for-free-really-works-2021_GM431946152.pdf",
        "https://www.wearmyspex.com/uploaded_files/userfiles/files/como-hackear-coin-master-espaol_GM406889139.pdf",
        "https://www.wearmyspex.com/uploaded_files/userfiles/files/get-your-free-tvs-roblox_GM431946152.pdf",
        "https://www.wearmyspex.com/uploaded_files/userfiles/files/free-daily-spins-coin-master-2021_GM406889139.pdf",
        "https://www.wearmyspex.com/uploaded_files/userfiles/files/games-on-roblox-that-give-you-free-robux_GM431946152.pdf",
        "https://www.wearmyspex.com/uploaded_files/userfiles/files/roblox-hack_GM431946152.pdf",
        "https://www.wearmyspex.com/uploaded_files/userfiles/files/free-robux-com-roblox_GM431946152.pdf",
        "https://www.wearmyspex.com/uploaded_files/userfiles/files/rbxoffers-earn-free-robux_GM431946152.pdf",
        "https://www.wearmyspex.com/uploaded_files/userfiles/files/free-robux-exe_GM431946152.pdf",
        "https://www.wearmyspex.com/uploaded_files/userfiles/files/star-codes-free-robux_GM431946152.pdf",
        "https://www.wearmyspex.com/uploaded_files/userfiles/files/can-you-get-minecraft-windows-10-for-free_GM479516143.pdf",
        "https://www.wearmyspex.com/uploaded_files/userfiles/files/coin-master-free-500-spins-link_GM406889139.pdf",
        "https://www.wearmyspex.com/uploaded_files/userfiles/files/coin-master-hack-mod-apk-free-download_GM406889139.pdf",
        "https://www.wearmyspex.com/uploaded_files/userfiles/files/is-there-a-way-to-get-minecraft-for-free_GM479516143.pdf",
        "https://www.wearmyspex.com/uploaded_files/userfiles/files/roblox-jailbreak-hack_GM431946152.pdf",
        "https://www.wearmyspex.com/uploaded_files/userfiles/files/roblox-free-bundles_GM431946152.pdf",
        "https://www.wearmyspex.com/uploaded_files/userfiles/files/minecraft-pocket-edition-free-ios_GM479516143.pdf"
    ],
    "regex_urls": [
        "http://netcdn.co/app/431946152/roblox-on-switch-is-it-free-game-hack",
        "http://netcdn.co/app/431946152/roblox-on-switch-is-it-free-game-hack",
        "https",
        "www.wearmyspex.com/uploaded_files/userfiles/files/daily-free-spin-and-coin_GM406889139.pdf",
        "https",
        "www.wearmyspex.com/uploaded_files/userfiles/files/coin-master-hack-spins-android_GM406889139.pdf",
        "https",
        "www.wearmyspex.com/uploaded_files/userfiles/files/my-roblox-account-was-hacked_GM431946152.pdf",
        "https",
        "www.wearmyspex.com/uploaded_files/userfiles/files/how-to-get-robux-for-free-really-works-2021_GM431946152.pdf",
        "https",
        "www.wearmyspex.com/uploaded_files/userfiles/files/como-hackear-coin-master-espaol_GM406889139.pdf",
        "https",
        "www.wearmyspex.com/uploaded_files/userfiles/files/get-your-free-tvs-roblox_GM431946152.pdf",
        "https",
        "www.wearmyspex.com/uploaded_files/userfiles/files/free-daily-spins-coin-master-2021_GM406889139.pdf",
        "https",
        "www.wearmyspex.com/uploaded_files/userfiles/files/games-on-roblox-that-give-you-free-robux_GM431946152.pdf",
        "https",
        "www.wearmyspex.com/uploaded_files/userfiles/files/roblox-hack_GM431946152.pdf",
        "https",
        "www.wearmyspex.com/uploaded_files/userfiles/files/free-robux-com-roblox_GM431946152.pdf",
        "https",
        "www.wearmyspex.com/uploaded_files/userfiles/files/rbxoffers-earn-free-robux_GM431946152.pdf",
        "https",
        "www.wearmyspex.com/uploaded_files/userfiles/files/free-robux-exe_GM431946152.pdf",
        "https",
        "www.wearmyspex.com/uploaded_files/userfiles/files/star-codes-free-robux_GM431946152.pdf",
        "https",
        "www.wearmyspex.com/uploaded_files/userfiles/files/can-you-get-minecraft-windows-10-for-free_GM479516143.pdf",
        "https",
        "www.wearmyspex.com/uploaded_files/userfiles/files/coin-master-free-500-spins-link_GM406889139.pdf",
        "https",
        "www.wearmyspex.com/uploaded_files/userfiles/files/coin-master-hack-mod-apk-free-download_GM406889139.pdf",
        "https",
        "www.wearmyspex.com/uploaded_files/userfiles/files/is-there-a-way-to-get-minecraft-for-free_GM479516143.pdf",
        "https",
        "www.wearmyspex.com/uploaded_files/userfiles/files/roblox-jailbreak-hack_GM431946152.pdf",
        "https",
        "www.wearmyspex.com/uploaded_files/userfiles/files/roblox-free-bundles_GM431946152.pdf",
        "https",
        "www.wearmyspex.com/uploaded_files/userfiles/files/minecraft-pocket-edition-free-ios_GM479516143.pdf"
    ],
    "scripts": {
        "iframe": [],
        "urls": []
    },
    "static_properties": {
        "JBIG2Decode": "0",
        "XML_forms": "0",
        "acro_form": "0",
        "auto_action": "0",
        "colors": "0",
        "cross_reference_table": "1",
        "embedded_files": "0",
        "file_size": "36",
        "java_script": "0",
        "js": "0",
        "launch_action": "0",
        "object_end": "55",
        "object_start": "55",
        "object_streams": "0",
        "open_action": "0",
        "page_count": "2",
        "rich_media": "0",
        "start_cross_reference_table": "1",
        "stream_end": "6",
        "stream_start": "6",
        "trailer_dictionary": "1"
    },
    "yara_signatures": [
        "without_attachments",
        "without_images",
        "with_urls",
        "invalid_trailer_structure",
        "contentis_base64"
    ]
}