{
    "exif_signatures": {},
    "file_size": 43797,
    "pdfid_signatures": {},
    "pypdf_uris": [
        "https://netcdn.xyz/app/406889139/how-to-hack-coin-master-with-lucky-patcher-game-hack",
        "https://netcdn.xyz/app/406889139/how-to-hack-coin-master-with-lucky-patcher-game-hack",
        "https://wandpiraten.de/images/robux-free-robux_GM431946152.pdf",
        "https://wandpiraten.de/images/earn-free-robux-today_GM431946152.pdf",
        "https://wandpiraten.de/images/free-clothing-on-roblox_GM431946152.pdf",
        "https://wandpiraten.de/images/hack-card-collection-coin-master_GM406889139.pdf",
        "https://wandpiraten.de/images/minecraft-bedrock-hacks_GM479516143.pdf",
        "https://wandpiraten.de/images/free-spins-and-coins-for-coin-master-game_GM406889139.pdf",
        "https://wandpiraten.de/images/roblox-hacked-com-2021_GM431946152.pdf",
        "https://wandpiraten.de/images/60-free-spins-coin-master_GM406889139.pdf",
        "https://wandpiraten.de/images/free-minecraft-maps_GM479516143.pdf",
        "https://wandpiraten.de/images/what-is-a-robux_GM431946152.pdf",
        "https://wandpiraten.de/images/minecraft-pe-free-download-ios_GM479516143.pdf",
        "https://wandpiraten.de/images/how-to-get-free-robux-gift-cards_GM431946152.pdf",
        "https://wandpiraten.de/images/coin-master-game-hack-kaise-kare_GM406889139.pdf",
        "https://wandpiraten.de/images/minecraft-windows-10-mod-menu_GM479516143.pdf",
        "https://wandpiraten.de/images/free-online-generator-for-coin-master_GM406889139.pdf",
        "https://wandpiraten.de/images/hack-coin-master-free_GM406889139.pdf",
        "https://wandpiraten.de/images/free-links-coin-master_GM406889139.pdf",
        "https://wandpiraten.de/images/how-to-get-free-robux-on-ipad_GM431946152.pdf",
        "https://wandpiraten.de/images/free-coins_GM406889139.pdf",
        "https://wandpiraten.de/images/roblox-group-free-robux_GM431946152.pdf"
    ],
    "regex_uris": [
        "https://netcdn.xyz/app/406889139/how-to-hack-coin-master-with-lucky-patcher-game-hack",
        "https://netcdn.xyz/app/406889139/how-to-hack-coin-master-with-lucky-patcher-game-hack",
        "https://wandpiraten.de/images/robux-free-robux_GM431946152.pdf",
        "https://wandpiraten.de/images/earn-free-robux-today_GM431946152.pdf",
        "https://wandpiraten.de/images/free-clothing-on-roblox_GM431946152.pdf",
        "https://wandpiraten.de/images/hack-card-collection-coin-master_GM406889139.pdf",
        "https://wandpiraten.de/images/minecraft-bedrock-hacks_GM479516143.pdf",
        "https://wandpiraten.de/images/free-spins-and-coins-for-coin-master-game_GM406889139.pdf",
        "https://wandpiraten.de/images/roblox-hacked-com-2021_GM431946152.pdf",
        "https://wandpiraten.de/images/60-free-spins-coin-master_GM406889139.pdf",
        "https://wandpiraten.de/images/free-minecraft-maps_GM479516143.pdf",
        "https://wandpiraten.de/images/what-is-a-robux_GM431946152.pdf",
        "https://wandpiraten.de/images/minecraft-pe-free-download-ios_GM479516143.pdf",
        "https://wandpiraten.de/images/how-to-get-free-robux-gift-cards_GM431946152.pdf",
        "https://wandpiraten.de/images/coin-master-game-hack-kaise-kare_GM406889139.pdf",
        "https://wandpiraten.de/images/minecraft-windows-10-mod-menu_GM479516143.pdf",
        "https://wandpiraten.de/images/free-online-generator-for-coin-master_GM406889139.pdf",
        "https://wandpiraten.de/images/hack-coin-master-free_GM406889139.pdf",
        "https://wandpiraten.de/images/free-links-coin-master_GM406889139.pdf",
        "https://wandpiraten.de/images/how-to-get-free-robux-on-ipad_GM431946152.pdf",
        "https://wandpiraten.de/images/free-coins_GM406889139.pdf",
        "https://wandpiraten.de/images/roblox-group-free-robux_GM431946152.pdf"
    ],
    "regex_urls": [
        "https",
        "https",
        "https",
        "https",
        "https",
        "https",
        "https",
        "https",
        "https",
        "https",
        "https",
        "https",
        "https",
        "https",
        "https",
        "https",
        "https",
        "https",
        "https",
        "https",
        "https",
        "https"
    ],
    "scripts": {
        "iframe": [],
        "urls": []
    },
    "static_properties": {
        "JBIG2Decode": "0",
        "XML_forms": "0",
        "acro_form": "0",
        "auto_action": "0",
        "colors": "0",
        "cross_reference_table": "1",
        "embedded_files": "0",
        "file_size": "44",
        "java_script": "0",
        "js": "0",
        "launch_action": "0",
        "object_end": "60",
        "object_start": "60",
        "object_streams": "0",
        "open_action": "0",
        "page_count": "3",
        "rich_media": "0",
        "start_cross_reference_table": "1",
        "stream_end": "7",
        "stream_start": "7",
        "trailer_dictionary": "1"
    },
    "yara_signatures": [
        "without_attachments",
        "without_images",
        "with_urls",
        "invalid_trailer_structure",
        "contentis_base64"
    ]
}