{
    "exif_signatures": {},
    "file_size": 36054,
    "pdfid_signatures": {},
    "pypdf_uris": [
        "http://netcdn.tw/app/431946152/free-robux-roblox-promo-codes-game-hack",
        "http://netcdn.tw/app/431946152/free-robux-roblox-promo-codes-game-hack",
        "https://elearning.manicp.sch.id/__statics/gudangsoal/files/free-robux-without-doing-anything_GM431946152.pdf",
        "https://elearning.manicp.sch.id/__statics/gudangsoal/files/youtube-how-to-get-free-robux-without-human-verification_GM431946152.pdf",
        "https://elearning.manicp.sch.id/__statics/gudangsoal/files/roblox-hack-hackerbot_GM431946152.pdf",
        "https://elearning.manicp.sch.id/__statics/gudangsoal/files/free-roblox-hack-us_GM431946152.pdf",
        "https://elearning.manicp.sch.id/__statics/gudangsoal/files/roblox-bloxburg-hack_GM431946152.pdf",
        "https://elearning.manicp.sch.id/__statics/gudangsoal/files/hack-roblox-rage_GM431946152.pdf",
        "https://elearning.manicp.sch.id/__statics/gudangsoal/files/how-to-get-stuff-that-cost-coins-free-mpe-master_GM406889139.pdf",
        "https://elearning.manicp.sch.id/__statics/gudangsoal/files/more-robux_GM431946152.pdf",
        "https://elearning.manicp.sch.id/__statics/gudangsoal/files/free-coin-master-spins-link-download_GM406889139.pdf",
        "https://elearning.manicp.sch.id/__statics/gudangsoal/files/apk-hack-coin-master_GM406889139.pdf",
        "https://elearning.manicp.sch.id/__statics/gudangsoal/files/free-spins-for-coin-master-app_GM406889139.pdf",
        "https://elearning.manicp.sch.id/__statics/gudangsoal/files/robux-generator-com_GM431946152.pdf",
        "https://elearning.manicp.sch.id/__statics/gudangsoal/files/http-bitly-coin-master-free-2021-spins_GM406889139.pdf",
        "https://elearning.manicp.sch.id/__statics/gudangsoal/files/free-robux-codes-deutsch_GM431946152.pdf",
        "https://elearning.manicp.sch.id/__statics/gudangsoal/files/minecraft-hack-client-download_GM479516143.pdf",
        "https://elearning.manicp.sch.id/__statics/gudangsoal/files/how-to-get-free-money-in-farm-world-roblox_GM431946152.pdf",
        "https://elearning.manicp.sch.id/__statics/gudangsoal/files/coin-master-free-spins-link-2021_GM406889139.pdf",
        "https://elearning.manicp.sch.id/__statics/gudangsoal/files/roblox-scp-079-free-model_GM431946152.pdf",
        "https://elearning.manicp.sch.id/__statics/gudangsoal/files/kazok-free-robux-hack_GM431946152.pdf",
        "https://elearning.manicp.sch.id/__statics/gudangsoal/files/coin-master-free-spins-today-new_GM406889139.pdf"
    ],
    "regex_uris": [
        "http://netcdn.tw/app/431946152/free-robux-roblox-promo-codes-game-hack",
        "http://netcdn.tw/app/431946152/free-robux-roblox-promo-codes-game-hack",
        "https://elearning.manicp.sch.id/__statics/gudangsoal/files/free-robux-without-doing-anything_GM431946152.pdf",
        "https://elearning.manicp.sch.id/__statics/gudangsoal/files/youtube-how-to-get-free-robux-without-human-verification_GM431946152.pdf",
        "https://elearning.manicp.sch.id/__statics/gudangsoal/files/roblox-hack-hackerbot_GM431946152.pdf",
        "https://elearning.manicp.sch.id/__statics/gudangsoal/files/free-roblox-hack-us_GM431946152.pdf",
        "https://elearning.manicp.sch.id/__statics/gudangsoal/files/roblox-bloxburg-hack_GM431946152.pdf",
        "https://elearning.manicp.sch.id/__statics/gudangsoal/files/hack-roblox-rage_GM431946152.pdf",
        "https://elearning.manicp.sch.id/__statics/gudangsoal/files/how-to-get-stuff-that-cost-coins-free-mpe-master_GM406889139.pdf",
        "https://elearning.manicp.sch.id/__statics/gudangsoal/files/more-robux_GM431946152.pdf",
        "https://elearning.manicp.sch.id/__statics/gudangsoal/files/free-coin-master-spins-link-download_GM406889139.pdf",
        "https://elearning.manicp.sch.id/__statics/gudangsoal/files/apk-hack-coin-master_GM406889139.pdf",
        "https://elearning.manicp.sch.id/__statics/gudangsoal/files/free-spins-for-coin-master-app_GM406889139.pdf",
        "https://elearning.manicp.sch.id/__statics/gudangsoal/files/robux-generator-com_GM431946152.pdf",
        "https://elearning.manicp.sch.id/__statics/gudangsoal/files/http-bitly-coin-master-free-2021-spins_GM406889139.pdf",
        "https://elearning.manicp.sch.id/__statics/gudangsoal/files/free-robux-codes-deutsch_GM431946152.pdf",
        "https://elearning.manicp.sch.id/__statics/gudangsoal/files/minecraft-hack-client-download_GM479516143.pdf",
        "https://elearning.manicp.sch.id/__statics/gudangsoal/files/how-to-get-free-money-in-farm-world-roblox_GM431946152.pdf",
        "https://elearning.manicp.sch.id/__statics/gudangsoal/files/coin-master-free-spins-link-2021_GM406889139.pdf",
        "https://elearning.manicp.sch.id/__statics/gudangsoal/files/roblox-scp-079-free-model_GM431946152.pdf",
        "https://elearning.manicp.sch.id/__statics/gudangsoal/files/kazok-free-robux-hack_GM431946152.pdf",
        "https://elearning.manicp.sch.id/__statics/gudangsoal/files/coin-master-free-spins-today-new_GM406889139.pdf"
    ],
    "regex_urls": [
        "http://netcdn.tw/app/431946152/free-robux-roblox-promo-codes-game-hack",
        "http://netcdn.tw/app/431946152/free-robux-roblox-promo-codes-game-hack",
        "https",
        "https",
        "https",
        "https",
        "https",
        "https",
        "https",
        "https",
        "https",
        "https",
        "https",
        "https",
        "https",
        "https",
        "https",
        "https",
        "https",
        "https",
        "https",
        "https"
    ],
    "scripts": {
        "iframe": [],
        "urls": []
    },
    "static_properties": {
        "JBIG2Decode": "0",
        "XML_forms": "0",
        "acro_form": "0",
        "auto_action": "0",
        "colors": "0",
        "cross_reference_table": "1",
        "embedded_files": "0",
        "file_size": "36",
        "java_script": "0",
        "js": "0",
        "launch_action": "0",
        "object_end": "55",
        "object_start": "55",
        "object_streams": "0",
        "open_action": "0",
        "page_count": "2",
        "rich_media": "0",
        "start_cross_reference_table": "1",
        "stream_end": "6",
        "stream_start": "6",
        "trailer_dictionary": "1"
    },
    "yara_signatures": [
        "without_attachments",
        "without_images",
        "with_urls",
        "invalid_trailer_structure",
        "contentis_base64"
    ]
}