{
    "exif_signatures": {},
    "file_size": 455871,
    "pdfid_signatures": {},
    "pypdf_uris": [
        "http://eelruxe.com/c3?utm_term=peanuts+theme+song+sheet+music+clarinet+piano+pdf",
        "https://static1.squarespace.com/static/604aebe5436e397a99d53e8a/t/62c1bdc21ab36024c853bed7/1656864195118/attribution_points_biathlon.pdf",
        "https://static1.squarespace.com/static/604aec14af289a5f7a539cf5/t/62b85da2cef79d14484b35a4/1656249762748/manasa_nuvvunde_chote_cheppamma_song_download.pdf",
        "https://static1.squarespace.com/static/604aeb86718479732845b7b4/t/62b9451494e2396356eb847a/1656309013302/lower_back_exercises_for_slipped_disc.pdf",
        "https://static1.squarespace.com/static/60aaf27c8bac0413e6f804fa/t/62bb8bfa442843648f9c0755/1656458234873/download_pokemon_emerald_gba_emulato.pdf",
        "https://static1.squarespace.com/static/604aec14af289a5f7a539cf5/t/62c32632bf9aba464dab7a73/1656956466900/panasonic_gh3_manual_focus_assist.pdf",
        "https://static1.squarespace.com/static/604aeb86718479732845b7b4/t/62c7a9af48a50d630be4a5f4/1657252271971/30365566692.pdf",
        "https://static1.squarespace.com/static/604aeb86718479732845b7b4/t/62be97888a0a523d698143ba/1656657800594/computer_networking_a_top-down_approach_7th_kurose_ross.pdf",
        "https://static1.squarespace.com/static/60aaf27c8bac0413e6f804fa/t/62c063ed16c95a6b62b3d978/1656775661834/futuros_en_ingles_ejercicios_resueltos.pdf",
        "https://static1.squarespace.com/static/60aaf27c8bac0413e6f804fa/t/62bd41773eba8917ffd43bb0/1656570231963/.pdf",
        "https://static1.squarespace.com/static/604aeb86718479732845b7b4/t/62c1ac8162158217bbe8e659/1656859777886/bedava_roman_havas_indir.pdf",
        "https://static1.squarespace.com/static/604aec14af289a5f7a539cf5/t/62b7664450fdc73da693dfbe/1656186436846/elements_of_econometrics_kmenta.pdf",
        "https://static1.squarespace.com/static/60aaf27c8bac0413e6f804fa/t/62b48d7bd411cb2289c69dbf/1655999868473/world_war_2_worksheets.pdf",
        "https://static1.squarespace.com/static/604aeb86718479732845b7b4/t/62b7b74899558054947c9af8/1656207176632/gaxiwum.pdf",
        "https://static1.squarespace.com/static/604aea6a97201213e037dc4e/t/62bb83265409c952e2cf80f2/1656455974951/46195975607.pdf",
        "https://static1.squarespace.com/static/604aeb86718479732845b7b4/t/62bf89df1f3b203c263b7fb6/1656719839730/zuripileteli.pdf",
        "https://static1.squarespace.com/static/604aea6a97201213e037dc4e/t/62b86e4646da6a39b8ebf4f5/1656254022557/haul_master_32F4_ton_chain_hoist.pdf",
        "https://static1.squarespace.com/static/60aaf25e42d7b60106dc17aa/t/62c5656dfcfc5824079f9f95/1657103726348/a_man_by_nina_cassian.pdf",
        "https://static1.squarespace.com/static/604aec14af289a5f7a539cf5/t/62c4314dcf740c2a5f88e4ca/1657024845493/41034894110.pdf",
        "https://static1.squarespace.com/static/604aea6a97201213e037dc4e/t/62c659a8a1f4ee59f574f523/1657166248724/nebuzu.pdf",
        "https://static1.squarespace.com/static/604aeb86718479732845b7b4/t/62bc5c896deb5c1aacd85d12/1656511626126/baxozika.pdf",
        "https://static1.squarespace.com/static/604aebe5436e397a99d53e8a/t/62c0adf11d1c7b7298f48107/1656794609377/semetejozuxinufexus.pdf",
        "https://static1.squarespace.com/static/604aea6a97201213e037dc4e/t/62bfdb0e87c4381417422116/1656740622556/51329807598.pdf",
        "https://static1.squarespace.com/static/60aaf27c8bac0413e6f804fa/t/62bb058fd1f8a01cd190654b/1656423823463/49063227019.pdf",
        "https://static1.squarespace.com/static/60aaf25e42d7b60106dc17aa/t/62b56cc28f4e563a3c053c5c/1656057027344/21958641426.pdf",
        "https://static1.squarespace.com/static/60aaf27c8bac0413e6f804fa/t/62c77ee027853b3f905f6cb5/1657241313226/nier_automata_material_farming_guide.pdf",
        "https://static1.squarespace.com/static/604aea6a97201213e037dc4e/t/62b6512e94825801fe543236/1656115503246/89471065342.pdf",
        "https://static1.squarespace.com/static/604aeb86718479732845b7b4/t/62c672bb6375e03ada14e9ed/1657172667757/pace_pr150bnm_manual.pdf",
        "https://static1.squarespace.com/static/60aaf27c8bac0413e6f804fa/t/62b4a630dfce7b397d70249c/1656006193466/kalazesekegefobafonuma.pdf",
        "https://static1.squarespace.com/static/604aeb86718479732845b7b4/t/62bafdbffff910633ec5a25b/1656421823460/82422973695.pdf",
        "https://static1.squarespace.com/static/60aaf27c8bac0413e6f804fa/t/62c55bb8c70ac54875667757/1657101240915/bofokuzetedesipaz.pdf",
        "https://static1.squarespace.com/static/60aaf25e42d7b60106dc17aa/t/62bb8279a212b955475b79ca/1656455801503/gulabi_aankhen_atif_aslam_mp3_downlo.pdf",
        "https://static1.squarespace.com/static/60aaf27c8bac0413e6f804fa/t/62c6623ea69a53694618cb8a/1657168446549/69544781610.pdf",
        "https://static1.squarespace.com/static/604aea6a97201213e037dc4e/t/62b860245e541e2575c9a7d2/1656250404838/ina_mays_guide_to_childbirth_free_download.pdf",
        "https://static1.squarespace.com/static/60aaf27c8bac0413e6f804fa/t/62b2ecfc7f6f1335732fefa2/1655893244484/10286502717.pdf",
        "https://static1.squarespace.com/static/604aebe5436e397a99d53e8a/t/62c5b9cb928e046b1ae51205/1657125324436/rijimoj.pdf",
        "https://static1.squarespace.com/static/60aaf25e42d7b60106dc17aa/t/62b2eea3db52107359382d32/1655893668089/xujofuruduw.pdf",
        "https://static1.squarespace.com/static/60aaf27c8bac0413e6f804fa/t/62c74c396b676748f056c68c/1657228345939/80421608633.pdf",
        "https://static1.squarespace.com/static/60aaf25e42d7b60106dc17aa/t/62c42f871f3b203c269ca489/1657024392288/tidavixekik.pdf",
        "https://static1.squarespace.com/static/60aaf25e42d7b60106dc17aa/t/62bc3a4f3409390bec8a7088/1656502863784/wusomaxoxajalofosowex.pdf",
        "https://static1.squarespace.com/static/60aaf25e42d7b60106dc17aa/t/62b56fc8b88a572e6e6292f9/1656057801329/39038460454.pdf"
    ],
    "regex_uris": [
        "http://eelruxe.com/c3?utm_term=peanuts+theme+song+sheet+music+clarinet+piano+pdf",
        "https://static1.squarespace.com/static/604aebe5436e397a99d53e8a/t/62c1bdc21ab36024c853bed7/1656864195118/attribution_points_biathlon.pdf",
        "https://static1.squarespace.com/static/604aec14af289a5f7a539cf5/t/62b85da2cef79d14484b35a4/1656249762748/manasa_nuvvunde_chote_cheppamma_song_download.pdf",
        "https://static1.squarespace.com/static/604aeb86718479732845b7b4/t/62b9451494e2396356eb847a/1656309013302/lower_back_exercises_for_slipped_disc.pdf",
        "https://static1.squarespace.com/static/60aaf27c8bac0413e6f804fa/t/62bb8bfa442843648f9c0755/1656458234873/download_pokemon_emerald_gba_emulato.pdf",
        "https://static1.squarespace.com/static/604aec14af289a5f7a539cf5/t/62c32632bf9aba464dab7a73/1656956466900/panasonic_gh3_manual_focus_assist.pdf",
        "https://static1.squarespace.com/static/604aeb86718479732845b7b4/t/62c7a9af48a50d630be4a5f4/1657252271971/30365566692.pdf",
        "https://static1.squarespace.com/static/604aeb86718479732845b7b4/t/62be97888a0a523d698143ba/1656657800594/computer_networking_a_top-down_approach_7th_kurose_ross.pdf",
        "https://static1.squarespace.com/static/60aaf27c8bac0413e6f804fa/t/62c063ed16c95a6b62b3d978/1656775661834/futuros_en_ingles_ejercicios_resueltos.pdf",
        "https://static1.squarespace.com/static/60aaf27c8bac0413e6f804fa/t/62bd41773eba8917ffd43bb0/1656570231963/.pdf",
        "https://static1.squarespace.com/static/604aeb86718479732845b7b4/t/62c1ac8162158217bbe8e659/1656859777886/bedava_roman_havas_indir.pdf",
        "https://static1.squarespace.com/static/604aec14af289a5f7a539cf5/t/62b7664450fdc73da693dfbe/1656186436846/elements_of_econometrics_kmenta.pdf",
        "https://static1.squarespace.com/static/60aaf27c8bac0413e6f804fa/t/62b48d7bd411cb2289c69dbf/1655999868473/world_war_2_worksheets.pdf",
        "https://static1.squarespace.com/static/604aeb86718479732845b7b4/t/62b7b74899558054947c9af8/1656207176632/gaxiwum.pdf",
        "https://static1.squarespace.com/static/604aea6a97201213e037dc4e/t/62bb83265409c952e2cf80f2/1656455974951/46195975607.pdf",
        "https://static1.squarespace.com/static/604aeb86718479732845b7b4/t/62bf89df1f3b203c263b7fb6/1656719839730/zuripileteli.pdf",
        "https://static1.squarespace.com/static/604aea6a97201213e037dc4e/t/62b86e4646da6a39b8ebf4f5/1656254022557/haul_master_32F4_ton_chain_hoist.pdf",
        "https://static1.squarespace.com/static/60aaf25e42d7b60106dc17aa/t/62c5656dfcfc5824079f9f95/1657103726348/a_man_by_nina_cassian.pdf",
        "https://static1.squarespace.com/static/604aec14af289a5f7a539cf5/t/62c4314dcf740c2a5f88e4ca/1657024845493/41034894110.pdf",
        "https://static1.squarespace.com/static/604aea6a97201213e037dc4e/t/62c659a8a1f4ee59f574f523/1657166248724/nebuzu.pdf",
        "https://static1.squarespace.com/static/604aeb86718479732845b7b4/t/62bc5c896deb5c1aacd85d12/1656511626126/baxozika.pdf",
        "https://static1.squarespace.com/static/604aebe5436e397a99d53e8a/t/62c0adf11d1c7b7298f48107/1656794609377/semetejozuxinufexus.pdf",
        "https://static1.squarespace.com/static/604aea6a97201213e037dc4e/t/62bfdb0e87c4381417422116/1656740622556/51329807598.pdf",
        "https://static1.squarespace.com/static/60aaf27c8bac0413e6f804fa/t/62bb058fd1f8a01cd190654b/1656423823463/49063227019.pdf",
        "https://static1.squarespace.com/static/60aaf25e42d7b60106dc17aa/t/62b56cc28f4e563a3c053c5c/1656057027344/21958641426.pdf",
        "https://static1.squarespace.com/static/60aaf27c8bac0413e6f804fa/t/62c77ee027853b3f905f6cb5/1657241313226/nier_automata_material_farming_guide.pdf",
        "https://static1.squarespace.com/static/604aea6a97201213e037dc4e/t/62b6512e94825801fe543236/1656115503246/89471065342.pdf",
        "https://static1.squarespace.com/static/604aeb86718479732845b7b4/t/62c672bb6375e03ada14e9ed/1657172667757/pace_pr150bnm_manual.pdf",
        "https://static1.squarespace.com/static/60aaf27c8bac0413e6f804fa/t/62b4a630dfce7b397d70249c/1656006193466/kalazesekegefobafonuma.pdf",
        "https://static1.squarespace.com/static/604aeb86718479732845b7b4/t/62bafdbffff910633ec5a25b/1656421823460/82422973695.pdf",
        "https://static1.squarespace.com/static/60aaf27c8bac0413e6f804fa/t/62c55bb8c70ac54875667757/1657101240915/bofokuzetedesipaz.pdf",
        "https://static1.squarespace.com/static/60aaf25e42d7b60106dc17aa/t/62bb8279a212b955475b79ca/1656455801503/gulabi_aankhen_atif_aslam_mp3_downlo.pdf",
        "https://static1.squarespace.com/static/60aaf27c8bac0413e6f804fa/t/62c6623ea69a53694618cb8a/1657168446549/69544781610.pdf",
        "https://static1.squarespace.com/static/604aea6a97201213e037dc4e/t/62b860245e541e2575c9a7d2/1656250404838/ina_mays_guide_to_childbirth_free_download.pdf",
        "https://static1.squarespace.com/static/60aaf27c8bac0413e6f804fa/t/62b2ecfc7f6f1335732fefa2/1655893244484/10286502717.pdf",
        "https://static1.squarespace.com/static/604aebe5436e397a99d53e8a/t/62c5b9cb928e046b1ae51205/1657125324436/rijimoj.pdf",
        "https://static1.squarespace.com/static/60aaf25e42d7b60106dc17aa/t/62b2eea3db52107359382d32/1655893668089/xujofuruduw.pdf",
        "https://static1.squarespace.com/static/60aaf27c8bac0413e6f804fa/t/62c74c396b676748f056c68c/1657228345939/80421608633.pdf",
        "https://static1.squarespace.com/static/60aaf25e42d7b60106dc17aa/t/62c42f871f3b203c269ca489/1657024392288/tidavixekik.pdf",
        "https://static1.squarespace.com/static/60aaf25e42d7b60106dc17aa/t/62bc3a4f3409390bec8a7088/1656502863784/wusomaxoxajalofosowex.pdf",
        "https://static1.squarespace.com/static/60aaf25e42d7b60106dc17aa/t/62b56fc8b88a572e6e6292f9/1656057801329/39038460454.pdf"
    ],
    "regex_urls": [
        "http://eelruxe.com/c3?utm_term=peanuts+theme+song+sheet+music+clarinet+piano+pdf",
        "https",
        "https",
        "https",
        "https",
        "https",
        "https",
        "https",
        "https",
        "https",
        "https",
        "https",
        "https",
        "https",
        "https",
        "https",
        "https",
        "https",
        "https",
        "https",
        "https",
        "https",
        "https",
        "https",
        "https",
        "https",
        "https",
        "https",
        "https",
        "https",
        "https",
        "https",
        "https",
        "https",
        "https",
        "https",
        "https",
        "https",
        "https",
        "https",
        "https",
        "http://www.w3.org/1999/02/22-rdf-syntax-ns#",
        "http://purl.org/dc/elements/1.1/",
        "http://ns.adobe.com/pdf/1.3/",
        "http://ns.adobe.com/xap/1.0/",
        "http://ns.adobe.com/xap/1.0/mm/",
        "http://ns.adobe.com/xap/1.0/rights/"
    ],
    "scripts": {
        "iframe": [],
        "urls": []
    },
    "static_properties": {
        "JBIG2Decode": "0",
        "XML_forms": "0",
        "acro_form": "0",
        "auto_action": "0",
        "colors": "0",
        "cross_reference_table": "2",
        "embedded_files": "0",
        "file_size": "456",
        "java_script": "0",
        "js": "0",
        "launch_action": "0",
        "object_end": "124",
        "object_start": "124",
        "object_streams": "0",
        "open_action": "0",
        "page_count": "7",
        "rich_media": "0",
        "start_cross_reference_table": "2",
        "stream_end": "26",
        "stream_start": "26",
        "trailer_dictionary": "2"
    },
    "yara_signatures": [
        "without_attachments",
        "without_images",
        "with_urls",
        "invalid_trailer_structure",
        "multiple_versions",
        "contentis_base64"
    ]
}