{
    "exif_signatures": {},
    "file_size": 390360,
    "pdfid_signatures": {},
    "pypdf_uris": [
        "http://joopsoa.com/c3?utm_term=tales+of+the+peculiar+pdf+free+printable+worksheets+free",
        "http://lamekatus.com/uploads/ckeditor/files/26867045322.pdf",
        "https://static1.squarespace.com/static/604aebe5436e397a99d53e8a/t/62b78ddddbbbed2b72a2aedc/1656196573930/livro_transformando_suor_em_ouro.pdf",
        "https://static1.squarespace.com/static/60aaf27c8bac0413e6f804fa/t/62b2ed71de529c420aa1f6a6/1655893361744/altivar_61_service_manual.pdf",
        "http://bioaec.com/userfiles/files/42123514484.pdf",
        "http://codefon2.solar-napkollektor.hu/js/ckfinder/userfiles/files/likemumetolage.pdf",
        "https://static1.squarespace.com/static/60aaf25e42d7b60106dc17aa/t/62b8963f6bc8b546ca1b8173/1656264255513/bloons_td_defense_5_hacked.pdf",
        "https://www.veskom-slovakia.sk/gfx/administration/js/ckeditor/kcfinder/upload/files/4083519134.pdf",
        "https://static1.squarespace.com/static/604aeb86718479732845b7b4/t/62be7ae3dc203867c5e822da/1656650468144/jabakivanifewomemal.pdf",
        "https://static1.squarespace.com/static/60aaf27c8bac0413e6f804fa/t/62c431e4487959762c339e5f/1657024997385/smithsonian_earth_the_definitive_visual_guide.pdf",
        "https://static1.squarespace.com/static/604aebe5436e397a99d53e8a/t/62b89993620f2d7ada2b943e/1656265108136/47532671588.pdf",
        "https://static1.squarespace.com/static/604aea6a97201213e037dc4e/t/62b8c8dd697843480b476ff1/1656277213699/maquina_de_coser_portatil_segunda_mano.pdf",
        "https://static1.squarespace.com/static/604aebe5436e397a99d53e8a/t/62bd389cd8965e1e8ed9669e/1656567964881/code_battle_seraph_guide_2017.pdf",
        "https://static1.squarespace.com/static/60aaf25e42d7b60106dc17aa/t/62b8d2532563205d91b01b5e/1656279635953/jonny_quest_cartoon_torrent_download.pdf",
        "https://static1.squarespace.com/static/604aec14af289a5f7a539cf5/t/62b8b65a46da6a39b8f2a6a5/1656272475319/30683452921.pdf",
        "https://static1.squarespace.com/static/604aeb86718479732845b7b4/t/62b8d17499558054948f1496/1656279412888/mawefaduxif.pdf",
        "https://static1.squarespace.com/static/604aeb86718479732845b7b4/t/62c15646c8ab407c12e58363/1656837702518/gdo_karakedi_indir.pdf",
        "https://static1.squarespace.com/static/604aec14af289a5f7a539cf5/t/62c492caa7a898586766da8a/1657049802884/kickass_torents_com_music.pdf",
        "https://static1.squarespace.com/static/60aaf27c8bac0413e6f804fa/t/62b9c822739d6850d04fd53d/1656342562737/sundown_audio_sa_10_specs.pdf",
        "https://static1.squarespace.com/static/604aec14af289a5f7a539cf5/t/62b6cd9721062d09d9af395c/1656147351782/43636604752.pdf",
        "https://static1.squarespace.com/static/604aec14af289a5f7a539cf5/t/62b61ee90a88d86e94fb14ad/1656102634012/watch_main_hoon_na_online.pdf",
        "http://hoclaixebinhthuan.com/upload/contentFile/file/raxekezowijujewogiz.pdf",
        "https://static1.squarespace.com/static/604aec14af289a5f7a539cf5/t/62bd632f75aa611f123cbc71/1656578863993/53678402216.pdf",
        "https://voctestbursa.org/editconsole/kcfinder/upload/files/rafugetixuponupixegovuw.pdf",
        "https://static1.squarespace.com/static/60aaf25e42d7b60106dc17aa/t/62c4af0c2fade128f0dd4ebd/1657057036993/16952617458.pdf",
        "http://daindnc.com/fckeditor/userfiles/file/difamowak.pdf"
    ],
    "regex_uris": [
        "http://joopsoa.com/c3?utm_term=tales+of+the+peculiar+pdf+free+printable+worksheets+free",
        "http://lamekatus.com/uploads/ckeditor/files/26867045322.pdf",
        "https://static1.squarespace.com/static/604aebe5436e397a99d53e8a/t/62b78ddddbbbed2b72a2aedc/1656196573930/livro_transformando_suor_em_ouro.pdf",
        "https://static1.squarespace.com/static/60aaf27c8bac0413e6f804fa/t/62b2ed71de529c420aa1f6a6/1655893361744/altivar_61_service_manual.pdf",
        "http://bioaec.com/userfiles/files/42123514484.pdf",
        "http://codefon2.solar-napkollektor.hu/js/ckfinder/userfiles/files/likemumetolage.pdf",
        "https://static1.squarespace.com/static/60aaf25e42d7b60106dc17aa/t/62b8963f6bc8b546ca1b8173/1656264255513/bloons_td_defense_5_hacked.pdf",
        "https://www.veskom-slovakia.sk/gfx/administration/js/ckeditor/kcfinder/upload/files/4083519134.pdf",
        "https://static1.squarespace.com/static/604aeb86718479732845b7b4/t/62be7ae3dc203867c5e822da/1656650468144/jabakivanifewomemal.pdf",
        "https://static1.squarespace.com/static/60aaf27c8bac0413e6f804fa/t/62c431e4487959762c339e5f/1657024997385/smithsonian_earth_the_definitive_visual_guide.pdf",
        "https://static1.squarespace.com/static/604aebe5436e397a99d53e8a/t/62b89993620f2d7ada2b943e/1656265108136/47532671588.pdf",
        "https://static1.squarespace.com/static/604aea6a97201213e037dc4e/t/62b8c8dd697843480b476ff1/1656277213699/maquina_de_coser_portatil_segunda_mano.pdf",
        "https://static1.squarespace.com/static/604aebe5436e397a99d53e8a/t/62bd389cd8965e1e8ed9669e/1656567964881/code_battle_seraph_guide_2017.pdf",
        "https://static1.squarespace.com/static/60aaf25e42d7b60106dc17aa/t/62b8d2532563205d91b01b5e/1656279635953/jonny_quest_cartoon_torrent_download.pdf",
        "https://static1.squarespace.com/static/604aec14af289a5f7a539cf5/t/62b8b65a46da6a39b8f2a6a5/1656272475319/30683452921.pdf",
        "https://static1.squarespace.com/static/604aeb86718479732845b7b4/t/62b8d17499558054948f1496/1656279412888/mawefaduxif.pdf",
        "https://static1.squarespace.com/static/604aeb86718479732845b7b4/t/62c15646c8ab407c12e58363/1656837702518/gdo_karakedi_indir.pdf",
        "https://static1.squarespace.com/static/604aec14af289a5f7a539cf5/t/62c492caa7a898586766da8a/1657049802884/kickass_torents_com_music.pdf",
        "https://static1.squarespace.com/static/60aaf27c8bac0413e6f804fa/t/62b9c822739d6850d04fd53d/1656342562737/sundown_audio_sa_10_specs.pdf",
        "https://static1.squarespace.com/static/604aec14af289a5f7a539cf5/t/62b6cd9721062d09d9af395c/1656147351782/43636604752.pdf",
        "https://static1.squarespace.com/static/604aec14af289a5f7a539cf5/t/62b61ee90a88d86e94fb14ad/1656102634012/watch_main_hoon_na_online.pdf",
        "http://hoclaixebinhthuan.com/upload/contentFile/file/raxekezowijujewogiz.pdf",
        "https://static1.squarespace.com/static/604aec14af289a5f7a539cf5/t/62bd632f75aa611f123cbc71/1656578863993/53678402216.pdf",
        "https://voctestbursa.org/editconsole/kcfinder/upload/files/rafugetixuponupixegovuw.pdf",
        "https://static1.squarespace.com/static/60aaf25e42d7b60106dc17aa/t/62c4af0c2fade128f0dd4ebd/1657057036993/16952617458.pdf",
        "http://daindnc.com/fckeditor/userfiles/file/difamowak.pdf"
    ],
    "regex_urls": [
        "http://joopsoa.com/c3?utm_term=tales+of+the+peculiar+pdf+free+printable+worksheets+free",
        "http://lamekatus.com/uploads/ckeditor/files/26867045322.pdf",
        "https",
        "https",
        "http://bioaec.com/userfiles/files/42123514484.pdf",
        "http://codefon2.solar-napkollektor.hu/js/ckfinder/userfiles/files/likemumetolage.pdf",
        "https",
        "https",
        "www.veskom-slovakia.sk/gfx/administration/js/ckeditor/kcfinder/upload/files/4083519134.pdf",
        "https",
        "https",
        "https",
        "https",
        "https",
        "https",
        "https",
        "https",
        "https",
        "https",
        "https",
        "https",
        "https",
        "http://hoclaixebinhthuan.com/upload/contentFile/file/raxekezowijujewogiz.pdf",
        "https",
        "https",
        "https",
        "http://daindnc.com/fckeditor/userfiles/file/difamowak.pdf",
        "http://www.w3.org/1999/02/22-rdf-syntax-ns#",
        "http://purl.org/dc/elements/1.1/",
        "http://ns.adobe.com/pdf/1.3/",
        "http://ns.adobe.com/xap/1.0/",
        "http://ns.adobe.com/xap/1.0/mm/",
        "http://ns.adobe.com/xap/1.0/rights/"
    ],
    "scripts": {
        "iframe": [],
        "urls": []
    },
    "static_properties": {
        "JBIG2Decode": "0",
        "XML_forms": "0",
        "acro_form": "0",
        "auto_action": "0",
        "colors": "0",
        "cross_reference_table": "2",
        "embedded_files": "0",
        "file_size": "390",
        "java_script": "0",
        "js": "0",
        "launch_action": "0",
        "object_end": "85",
        "object_start": "85",
        "object_streams": "0",
        "open_action": "0",
        "page_count": "5",
        "rich_media": "0",
        "start_cross_reference_table": "2",
        "stream_end": "18",
        "stream_start": "18",
        "trailer_dictionary": "2"
    },
    "yara_signatures": [
        "without_attachments",
        "without_images",
        "with_urls",
        "invalid_trailer_structure",
        "multiple_versions",
        "contentis_base64"
    ]
}