{
    "exif_signatures": {},
    "file_size": 80123,
    "pdfid_signatures": {},
    "pypdf_uris": [
        "http://getpdf.pw/book?res=123&isbn=9781773022154&kwd=The%20Gift%20of%20Motherhood%20:%20Adult%20Coloring%20Book%20for%20New%20Moms%20&%20Expecting%20Mothers%20...%20Helps%20with%20Stress%20Relief%20&%20Relaxation%20Through%20Art%20Therapy%20...%20Unique%20Baby%20and%20Toddler%20Illustrations%20to%20Remind%20Mom%20the%20Beauty%20and%20Joy%20of%20Motherhood",
        "http://getpdf.pw/book?res=123&isbn=9781773022154&kwd=The%20Gift%20of%20Motherhood%20:%20Adult%20Coloring%20Book%20for%20New%20Moms%20&%20Expecting%20Mothers%20...%20Helps%20with%20Stress%20Relief%20&%20Relaxation%20Through%20Art%20Therapy%20...%20Unique%20Baby%20and%20Toddler%20Illustrations%20to%20Remind%20Mom%20the%20Beauty%20and%20Joy%20of%20Motherhood",
        "https://files8.webydo.com/9588997/UploadedFiles/AE6AAF7C-4802-5F22-6616-C7B3BAA99F4A.pdf",
        "https://static.s123-cdn-static.com/uploads/4659731/normal_61ad3ab4669f3.pdf"
    ],
    "regex_uris": [
        "http://getpdf.pw/book?res=123&isbn=9781773022154&kwd=The%20Gift%20of%20Motherhood%20:%20Adult%20Coloring%20Book%20for%20New%20Moms%20&%20Expecting%20Mothers%20...%20Helps%20with%20Stress%20Relief%20&%20Relaxation%20Through%20Art%20Therapy%20...%20Unique%20Baby%20and%20Toddler%20Illustrations%20to%20Remind%20Mom%20the%20Beauty%20and%20Joy%20of%20Motherhood",
        "http://getpdf.pw/book?res=123&isbn=9781773022154&kwd=The%20Gift%20of%20Motherhood%20:%20Adult%20Coloring%20Book%20for%20New%20Moms%20&%20Expecting%20Mothers%20...%20Helps%20with%20Stress%20Relief%20&%20Relaxation%20Through%20Art%20Therapy%20...%20Unique%20Baby%20and%20Toddler%20Illustrations%20to%20Remind%20Mom%20the%20Beauty%20and%20Joy%20of%20Motherhood",
        "https://files8.webydo.com/9588997/UploadedFiles/AE6AAF7C-4802-5F22-6616-C7B3BAA99F4A.pdf",
        "https://static.s123-cdn-static.com/uploads/4659731/normal_61ad3ab4669f3.pdf"
    ],
    "regex_urls": [
        "http://getpdf.pw/book?res=123",
        "http://getpdf.pw/book?res=123",
        "https",
        "https"
    ],
    "scripts": {
        "iframe": [],
        "urls": []
    },
    "static_properties": {
        "JBIG2Decode": "0",
        "XML_forms": "0",
        "acro_form": "0",
        "auto_action": "0",
        "colors": "0",
        "cross_reference_table": "1",
        "embedded_files": "0",
        "file_size": "80",
        "java_script": "0",
        "js": "0",
        "launch_action": "0",
        "object_end": "46",
        "object_start": "46",
        "object_streams": "0",
        "open_action": "0",
        "page_count": "3",
        "rich_media": "0",
        "start_cross_reference_table": "1",
        "stream_end": "10",
        "stream_start": "10",
        "trailer_dictionary": "1"
    },
    "yara_signatures": [
        "without_attachments",
        "without_images",
        "with_urls",
        "invalid_trailer_structure",
        "contentis_base64"
    ]
}