{
    "exif_signatures": {},
    "file_size": 46296,
    "pdfid_signatures": {},
    "pypdf_uris": [
        "https://netcdn.xyz/app/431946152/robux-only-game-hack",
        "https://netcdn.xyz/app/431946152/robux-only-game-hack",
        "https://www.elevage-chiot.fr/images/easypoints-gg-roblox_GM431946152.pdf",
        "https://www.elevage-chiot.fr/images/free-coins-coin-master-link-2021_GM406889139.pdf",
        "https://www.elevage-chiot.fr/images/coin-master-hack-pc-cheat-engine_GM406889139.pdf",
        "https://www.elevage-chiot.fr/images/hack-para-coin-master-singapore_GM406889139.pdf",
        "https://www.elevage-chiot.fr/images/earn-free-robux-for-roblox_GM431946152.pdf",
        "https://www.elevage-chiot.fr/images/free-printable-roblox-coloring-pages_GM431946152.pdf",
        "https://www.elevage-chiot.fr/images/free-robux-mobile_GM431946152.pdf",
        "https://www.elevage-chiot.fr/images/hack-coin-master-nyc_GM406889139.pdf",
        "https://www.elevage-chiot.fr/images/games-that-give-you-free-robux_GM431946152.pdf",
        "https://www.elevage-chiot.fr/images/how-to-o-get-free-coin-master-spins_GM406889139.pdf",
        "https://www.elevage-chiot.fr/images/free-robux-today_GM431946152.pdf",
        "https://www.elevage-chiot.fr/images/free-rare-cards-for-coin-master_GM406889139.pdf",
        "https://www.elevage-chiot.fr/images/free-account-roblox-with-robux_GM431946152.pdf",
        "https://www.elevage-chiot.fr/images/how-to-get-free-spins-on-coin-master-2021_GM406889139.pdf",
        "https://www.elevage-chiot.fr/images/collect-free-spins-for-coin-master_GM406889139.pdf",
        "https://www.elevage-chiot.fr/images/minecraft-launcher-download-free_GM479516143.pdf",
        "https://www.elevage-chiot.fr/images/minecraft-windows-10-hacks_GM479516143.pdf",
        "https://www.elevage-chiot.fr/images/minecraft-bedrock-edition-free-with-java_GM479516143.pdf",
        "https://www.elevage-chiot.fr/images/coin-master-game-hack-app_GM406889139.pdf",
        "https://www.elevage-chiot.fr/images/free-robux-2021_GM431946152.pdf"
    ],
    "regex_uris": [
        "https://netcdn.xyz/app/431946152/robux-only-game-hack",
        "https://netcdn.xyz/app/431946152/robux-only-game-hack",
        "https://www.elevage-chiot.fr/images/easypoints-gg-roblox_GM431946152.pdf",
        "https://www.elevage-chiot.fr/images/free-coins-coin-master-link-2021_GM406889139.pdf",
        "https://www.elevage-chiot.fr/images/coin-master-hack-pc-cheat-engine_GM406889139.pdf",
        "https://www.elevage-chiot.fr/images/hack-para-coin-master-singapore_GM406889139.pdf",
        "https://www.elevage-chiot.fr/images/earn-free-robux-for-roblox_GM431946152.pdf",
        "https://www.elevage-chiot.fr/images/free-printable-roblox-coloring-pages_GM431946152.pdf",
        "https://www.elevage-chiot.fr/images/free-robux-mobile_GM431946152.pdf",
        "https://www.elevage-chiot.fr/images/hack-coin-master-nyc_GM406889139.pdf",
        "https://www.elevage-chiot.fr/images/games-that-give-you-free-robux_GM431946152.pdf",
        "https://www.elevage-chiot.fr/images/how-to-o-get-free-coin-master-spins_GM406889139.pdf",
        "https://www.elevage-chiot.fr/images/free-robux-today_GM431946152.pdf",
        "https://www.elevage-chiot.fr/images/free-rare-cards-for-coin-master_GM406889139.pdf",
        "https://www.elevage-chiot.fr/images/free-account-roblox-with-robux_GM431946152.pdf",
        "https://www.elevage-chiot.fr/images/how-to-get-free-spins-on-coin-master-2021_GM406889139.pdf",
        "https://www.elevage-chiot.fr/images/collect-free-spins-for-coin-master_GM406889139.pdf",
        "https://www.elevage-chiot.fr/images/minecraft-launcher-download-free_GM479516143.pdf",
        "https://www.elevage-chiot.fr/images/minecraft-windows-10-hacks_GM479516143.pdf",
        "https://www.elevage-chiot.fr/images/minecraft-bedrock-edition-free-with-java_GM479516143.pdf",
        "https://www.elevage-chiot.fr/images/coin-master-game-hack-app_GM406889139.pdf",
        "https://www.elevage-chiot.fr/images/free-robux-2021_GM431946152.pdf"
    ],
    "regex_urls": [
        "https",
        "https",
        "https",
        "www.elevage-chiot.fr/images/easypoints-gg-roblox_GM431946152.pdf",
        "https",
        "www.elevage-chiot.fr/images/free-coins-coin-master-link-2021_GM406889139.pdf",
        "https",
        "www.elevage-chiot.fr/images/coin-master-hack-pc-cheat-engine_GM406889139.pdf",
        "https",
        "www.elevage-chiot.fr/images/hack-para-coin-master-singapore_GM406889139.pdf",
        "https",
        "www.elevage-chiot.fr/images/earn-free-robux-for-roblox_GM431946152.pdf",
        "https",
        "www.elevage-chiot.fr/images/free-printable-roblox-coloring-pages_GM431946152.pdf",
        "https",
        "www.elevage-chiot.fr/images/free-robux-mobile_GM431946152.pdf",
        "https",
        "www.elevage-chiot.fr/images/hack-coin-master-nyc_GM406889139.pdf",
        "https",
        "www.elevage-chiot.fr/images/games-that-give-you-free-robux_GM431946152.pdf",
        "https",
        "www.elevage-chiot.fr/images/how-to-o-get-free-coin-master-spins_GM406889139.pdf",
        "https",
        "www.elevage-chiot.fr/images/free-robux-today_GM431946152.pdf",
        "https",
        "www.elevage-chiot.fr/images/free-rare-cards-for-coin-master_GM406889139.pdf",
        "https",
        "www.elevage-chiot.fr/images/free-account-roblox-with-robux_GM431946152.pdf",
        "https",
        "www.elevage-chiot.fr/images/how-to-get-free-spins-on-coin-master-2021_GM406889139.pdf",
        "https",
        "www.elevage-chiot.fr/images/collect-free-spins-for-coin-master_GM406889139.pdf",
        "https",
        "www.elevage-chiot.fr/images/minecraft-launcher-download-free_GM479516143.pdf",
        "https",
        "www.elevage-chiot.fr/images/minecraft-windows-10-hacks_GM479516143.pdf",
        "https",
        "www.elevage-chiot.fr/images/minecraft-bedrock-edition-free-with-java_GM479516143.pdf",
        "https",
        "www.elevage-chiot.fr/images/coin-master-game-hack-app_GM406889139.pdf",
        "https",
        "www.elevage-chiot.fr/images/free-robux-2021_GM431946152.pdf"
    ],
    "scripts": {
        "iframe": [],
        "urls": []
    },
    "static_properties": {
        "JBIG2Decode": "0",
        "XML_forms": "0",
        "acro_form": "0",
        "auto_action": "0",
        "colors": "0",
        "cross_reference_table": "1",
        "embedded_files": "0",
        "file_size": "46",
        "java_script": "0",
        "js": "0",
        "launch_action": "0",
        "object_end": "66",
        "object_start": "66",
        "object_streams": "0",
        "open_action": "0",
        "page_count": "3",
        "rich_media": "0",
        "start_cross_reference_table": "1",
        "stream_end": "9",
        "stream_start": "9",
        "trailer_dictionary": "1"
    },
    "yara_signatures": [
        "without_attachments",
        "without_images",
        "with_urls",
        "invalid_trailer_structure",
        "contentis_base64"
    ]
}