{
    "exif_signatures": {},
    "file_size": 232615,
    "pdfid_signatures": {},
    "pypdf_uris": [
        "https://bltlly.com/2l4j9w",
        "http://sagepit.yolasite.com/resources/Pirates-Of-Caribbean-In-Hindi-Torrent.pdf",
        "http://horetti.yolasite.com/resources/Sniper-Elite-V2-Activation-Code-portable-Edition.pdf",
        "http://menmcilme.yolasite.com/resources/Pentru-invatatorii--Probleme-de-Fizica--Primb-I--PDF.pdf",
        "http://terfumbmold.yolasite.com/resources/udacity-smartdraw-2013-enterprise-edition-keygen-yornet.pdf",
        "http://ratabca.yolasite.com/resources/Gta-4-Dfadll-TOP-Download.pdf",
        "http://www.tcpdf.org"
    ],
    "regex_uris": [
        "https://bltlly.com/2l4j9w",
        "http://sagepit.yolasite.com/resources/Pirates-Of-Caribbean-In-Hindi-Torrent.pdf",
        "http://horetti.yolasite.com/resources/Sniper-Elite-V2-Activation-Code-portable-Edition.pdf",
        "http://menmcilme.yolasite.com/resources/Pentru-invatatorii--Probleme-de-Fizica--Primb-I--PDF.pdf",
        "http://terfumbmold.yolasite.com/resources/udacity-smartdraw-2013-enterprise-edition-keygen-yornet.pdf",
        "http://ratabca.yolasite.com/resources/Gta-4-Dfadll-TOP-Download.pdf",
        "http://www.tcpdf.org"
    ],
    "regex_urls": [
        "http://ns.adobe.com/xap/1.0/",
        "http://www.w3.org/1999/02/22-rdf-syntax-ns#",
        "http://ns.adobe.com/xap/1.0/mm/",
        "http://ns.adobe.com/xap/1.0/sType/ResourceEvent#",
        "http://purl.org/dc/elements/1.1/",
        "http://ns.adobe.com/photoshop/1.0/",
        "http://ns.adobe.com/xap/1.0/",
        "https",
        "http://sagepit.yolasite.com/resources/Pirates-Of-Caribbean-In-Hindi-Torrent.pdf",
        "http://horetti.yolasite.com/resources/Sniper-Elite-V2-Activation-Code-portable-Edition.pdf",
        "http://menmcilme.yolasite.com/resources/Pentru-invatatorii--Probleme-de-Fizica--Primb-I--PDF.pdf",
        "http://terfumbmold.yolasite.com/resources/udacity-smartdraw-2013-enterprise-edition-keygen-yornet.pdf",
        "http://ratabca.yolasite.com/resources/Gta-4-Dfadll-TOP-Download.pdf",
        "http://www.tcpdf.org",
        "http://www.w3.org/1999/02/22-rdf-syntax-ns#",
        "http://purl.org/dc/elements/1.1/",
        "http://ns.adobe.com/xap/1.0/",
        "http://ns.adobe.com/pdf/1.3/",
        "http://ns.adobe.com/xap/1.0/mm/",
        "http://www.aiim.org/pdfa/ns/extension/",
        "http://www.aiim.org/pdfa/ns/schema#",
        "http://www.aiim.org/pdfa/ns/property#",
        "http://ns.adobe.com/pdf/1.3/",
        "http://ns.adobe.com/xap/1.0/mm/",
        "http://www.aiim.org/pdfa/ns/id/"
    ],
    "scripts": {
        "iframe": [],
        "urls": []
    },
    "static_properties": {
        "JBIG2Decode": "0",
        "XML_forms": "0",
        "acro_form": "0",
        "auto_action": "0",
        "colors": "0",
        "cross_reference_table": "1",
        "embedded_files": "0",
        "file_size": "233",
        "java_script": "0",
        "js": "0",
        "launch_action": "0",
        "object_end": "32",
        "object_start": "32",
        "object_streams": "0",
        "open_action": "1",
        "page_count": "2",
        "rich_media": "0",
        "start_cross_reference_table": "1",
        "stream_end": "11",
        "stream_start": "11",
        "trailer_dictionary": "1"
    },
    "yara_signatures": [
        "without_attachments",
        "without_images",
        "with_urls",
        "contentis_base64",
        "Big_Numbers1"
    ]
}