{
    "exif_signatures": {},
    "file_size": 37654,
    "pdfid_signatures": {},
    "pypdf_uris": [
        "http://netcdn.co/app/431946152/free-roblox-card-generator-no-download-game-hack",
        "http://netcdn.co/app/431946152/free-roblox-card-generator-no-download-game-hack",
        "https://www.wearmyspex.com/uploaded_files/userfiles/files/take-anyones-robux-hack-created-by-robuxian_GM431946152.pdf",
        "https://www.wearmyspex.com/uploaded_files/userfiles/files/free-roblox-audio-sounds-songs-chill-bill_GM431946152.pdf",
        "https://www.wearmyspex.com/uploaded_files/userfiles/files/nonsense-diamond-cheat-roblox_GM431946152.pdf",
        "https://www.wearmyspex.com/uploaded_files/userfiles/files/free-level-7-executor-roblox_GM431946152.pdf",
        "https://www.wearmyspex.com/uploaded_files/userfiles/files/minecraft-free-exe_GM479516143.pdf",
        "https://www.wearmyspex.com/uploaded_files/userfiles/files/freerobux-hack-us_GM431946152.pdf",
        "https://www.wearmyspex.com/uploaded_files/userfiles/files/how-to-hack-someones-roblox-account-2021_GM431946152.pdf",
        "https://www.wearmyspex.com/uploaded_files/userfiles/files/roblox-hack-generator_GM431946152.pdf",
        "https://www.wearmyspex.com/uploaded_files/userfiles/files/how-to-get-free-roblox-items-using-coding_GM431946152.pdf",
        "https://www.wearmyspex.com/uploaded_files/userfiles/files/can-you-play-minecraft-for-free_GM479516143.pdf",
        "https://www.wearmyspex.com/uploaded_files/userfiles/files/coin-master-hack-no-verification-2021_GM406889139.pdf",
        "https://www.wearmyspex.com/uploaded_files/userfiles/files/pokemon-go-free-0-iv_GM1094591345.pdf",
        "https://www.wearmyspex.com/uploaded_files/userfiles/files/coin-master-free-online_GM406889139.pdf",
        "https://www.wearmyspex.com/uploaded_files/userfiles/files/coin-master-twitter-free-spins_GM406889139.pdf",
        "https://www.wearmyspex.com/uploaded_files/userfiles/files/coin-master-free-spins-link-march-2021_GM406889139.pdf",
        "https://www.wearmyspex.com/uploaded_files/userfiles/files/robuxy-com-generator_GM431946152.pdf",
        "https://www.wearmyspex.com/uploaded_files/userfiles/files/roblox-play-for-free-sign-in_GM431946152.pdf",
        "https://www.wearmyspex.com/uploaded_files/userfiles/files/coin-master-free-cards-link-2021_GM406889139.pdf",
        "https://www.wearmyspex.com/uploaded_files/userfiles/files/roblox-free-roblox_GM431946152.pdf",
        "https://www.wearmyspex.com/uploaded_files/userfiles/files/minecraft-mod-updater_GM479516143.pdf"
    ],
    "regex_uris": [
        "http://netcdn.co/app/431946152/free-roblox-card-generator-no-download-game-hack",
        "http://netcdn.co/app/431946152/free-roblox-card-generator-no-download-game-hack",
        "https://www.wearmyspex.com/uploaded_files/userfiles/files/take-anyones-robux-hack-created-by-robuxian_GM431946152.pdf",
        "https://www.wearmyspex.com/uploaded_files/userfiles/files/free-roblox-audio-sounds-songs-chill-bill_GM431946152.pdf",
        "https://www.wearmyspex.com/uploaded_files/userfiles/files/nonsense-diamond-cheat-roblox_GM431946152.pdf",
        "https://www.wearmyspex.com/uploaded_files/userfiles/files/free-level-7-executor-roblox_GM431946152.pdf",
        "https://www.wearmyspex.com/uploaded_files/userfiles/files/minecraft-free-exe_GM479516143.pdf",
        "https://www.wearmyspex.com/uploaded_files/userfiles/files/freerobux-hack-us_GM431946152.pdf",
        "https://www.wearmyspex.com/uploaded_files/userfiles/files/how-to-hack-someones-roblox-account-2021_GM431946152.pdf",
        "https://www.wearmyspex.com/uploaded_files/userfiles/files/roblox-hack-generator_GM431946152.pdf",
        "https://www.wearmyspex.com/uploaded_files/userfiles/files/how-to-get-free-roblox-items-using-coding_GM431946152.pdf",
        "https://www.wearmyspex.com/uploaded_files/userfiles/files/can-you-play-minecraft-for-free_GM479516143.pdf",
        "https://www.wearmyspex.com/uploaded_files/userfiles/files/coin-master-hack-no-verification-2021_GM406889139.pdf",
        "https://www.wearmyspex.com/uploaded_files/userfiles/files/pokemon-go-free-0-iv_GM1094591345.pdf",
        "https://www.wearmyspex.com/uploaded_files/userfiles/files/coin-master-free-online_GM406889139.pdf",
        "https://www.wearmyspex.com/uploaded_files/userfiles/files/coin-master-twitter-free-spins_GM406889139.pdf",
        "https://www.wearmyspex.com/uploaded_files/userfiles/files/coin-master-free-spins-link-march-2021_GM406889139.pdf",
        "https://www.wearmyspex.com/uploaded_files/userfiles/files/robuxy-com-generator_GM431946152.pdf",
        "https://www.wearmyspex.com/uploaded_files/userfiles/files/roblox-play-for-free-sign-in_GM431946152.pdf",
        "https://www.wearmyspex.com/uploaded_files/userfiles/files/coin-master-free-cards-link-2021_GM406889139.pdf",
        "https://www.wearmyspex.com/uploaded_files/userfiles/files/roblox-free-roblox_GM431946152.pdf",
        "https://www.wearmyspex.com/uploaded_files/userfiles/files/minecraft-mod-updater_GM479516143.pdf"
    ],
    "regex_urls": [
        "http://netcdn.co/app/431946152/free-roblox-card-generator-no-download-game-hack",
        "http://netcdn.co/app/431946152/free-roblox-card-generator-no-download-game-hack",
        "https",
        "www.wearmyspex.com/uploaded_files/userfiles/files/take-anyones-robux-hack-created-by-robuxian_GM431946152.pdf",
        "https",
        "www.wearmyspex.com/uploaded_files/userfiles/files/free-roblox-audio-sounds-songs-chill-bill_GM431946152.pdf",
        "https",
        "www.wearmyspex.com/uploaded_files/userfiles/files/nonsense-diamond-cheat-roblox_GM431946152.pdf",
        "https",
        "www.wearmyspex.com/uploaded_files/userfiles/files/free-level-7-executor-roblox_GM431946152.pdf",
        "https",
        "www.wearmyspex.com/uploaded_files/userfiles/files/minecraft-free-exe_GM479516143.pdf",
        "https",
        "www.wearmyspex.com/uploaded_files/userfiles/files/freerobux-hack-us_GM431946152.pdf",
        "https",
        "www.wearmyspex.com/uploaded_files/userfiles/files/how-to-hack-someones-roblox-account-2021_GM431946152.pdf",
        "https",
        "www.wearmyspex.com/uploaded_files/userfiles/files/roblox-hack-generator_GM431946152.pdf",
        "https",
        "www.wearmyspex.com/uploaded_files/userfiles/files/how-to-get-free-roblox-items-using-coding_GM431946152.pdf",
        "https",
        "www.wearmyspex.com/uploaded_files/userfiles/files/can-you-play-minecraft-for-free_GM479516143.pdf",
        "https",
        "www.wearmyspex.com/uploaded_files/userfiles/files/coin-master-hack-no-verification-2021_GM406889139.pdf",
        "https",
        "www.wearmyspex.com/uploaded_files/userfiles/files/pokemon-go-free-0-iv_GM1094591345.pdf",
        "https",
        "www.wearmyspex.com/uploaded_files/userfiles/files/coin-master-free-online_GM406889139.pdf",
        "https",
        "www.wearmyspex.com/uploaded_files/userfiles/files/coin-master-twitter-free-spins_GM406889139.pdf",
        "https",
        "www.wearmyspex.com/uploaded_files/userfiles/files/coin-master-free-spins-link-march-2021_GM406889139.pdf",
        "https",
        "www.wearmyspex.com/uploaded_files/userfiles/files/robuxy-com-generator_GM431946152.pdf",
        "https",
        "www.wearmyspex.com/uploaded_files/userfiles/files/roblox-play-for-free-sign-in_GM431946152.pdf",
        "https",
        "www.wearmyspex.com/uploaded_files/userfiles/files/coin-master-free-cards-link-2021_GM406889139.pdf",
        "https",
        "www.wearmyspex.com/uploaded_files/userfiles/files/roblox-free-roblox_GM431946152.pdf",
        "https",
        "www.wearmyspex.com/uploaded_files/userfiles/files/minecraft-mod-updater_GM479516143.pdf"
    ],
    "scripts": {
        "iframe": [],
        "urls": []
    },
    "static_properties": {
        "JBIG2Decode": "0",
        "XML_forms": "0",
        "acro_form": "0",
        "auto_action": "0",
        "colors": "0",
        "cross_reference_table": "1",
        "embedded_files": "0",
        "file_size": "38",
        "java_script": "0",
        "js": "0",
        "launch_action": "0",
        "object_end": "55",
        "object_start": "55",
        "object_streams": "0",
        "open_action": "0",
        "page_count": "2",
        "rich_media": "0",
        "start_cross_reference_table": "1",
        "stream_end": "6",
        "stream_start": "6",
        "trailer_dictionary": "1"
    },
    "yara_signatures": [
        "without_attachments",
        "without_images",
        "with_urls",
        "invalid_trailer_structure",
        "contentis_base64"
    ]
}