{
    "exif_signatures": {},
    "file_size": 79437,
    "pdfid_signatures": {},
    "pypdf_uris": [
        "https://yafferge.ru/wix?keyword=god+laughs+while+we+make+plans",
        "https://zikowajemaje.weebly.com/uploads/1/3/1/6/131607239/68caeceb4684f.pdf",
        "https://cdn.sqhk.co/dupeguwova/c1ihuge/patriots_gunner_olszewski_college.pdf",
        "http://matteset-spon.space/electron_js_template_enginen8dgd.pdf",
        "https://cdn.sqhk.co/gebitasixa/idS5r55/47462655936.pdf",
        "https://cdn.sqhk.co/wovovoteg/aha3jc1/gatoparurifuzujidesigusav.pdf",
        "https://cdn.sqhk.co/widafopaj/37jikcr/10573520458.pdf",
        "http://matcobzor.ru/clasificacion_de_los_seres_vivos_santillanaebqx1.pdf",
        "https://cdn.sqhk.co/jesupesiparu/mz3OWjh/kufulivisema.pdf",
        "https://cdn-cms.f-static.net/uploads/4427783/normal_60521b91e1e8c.pdf",
        "https://cdn-cms.f-static.net/uploads/4463825/normal_5fd64b156dd35.pdf",
        "https://cdn.sqhk.co/nenafodud/inJU8jN/satya_bhojpuri_video_song_tinyjuke.pdf",
        "https://kitenogoxaginup.weebly.com/uploads/1/3/5/2/135298643/kumekelolejuvelulojo.pdf",
        "http://2022god.com/how_to_train_your_dragon_4_full_movie_in_english_2019cy2op.pdf",
        "https://cdn.sqhk.co/kawiwitifa/X7Hhhic/49175100534.pdf",
        "https://cdn.sqhk.co/wavefekus/hharzid/38468569307.pdf",
        "https://cdn.sqhk.co/seworani/sigHhaf/wedding_cakes_philippines_prices.pdf",
        "https://mazerobuwi.weebly.com/uploads/1/3/1/3/131398334/9869111.pdf",
        "https://cdn.sqhk.co/xevowuto/ijekmgd/lightroom_presets_app_store.pdf",
        "https://cdn-cms.f-static.net/uploads/4454180/normal_6022c21cc98b7.pdf",
        "https://movobukibajub.weebly.com/uploads/1/3/4/5/134597216/cfdd2.pdf",
        "http://repair-planshetov.ru/monthly_spending_tracker_spreadsheet62smr.pdf",
        "https://cdn.sqhk.co/mowasikuso/hjiduhg/fast_notepad_app_download.pdf",
        "https://static.s123-cdn-static.com/uploads/4501634/normal_5fe1327b00055.pdf",
        "https://cdn-cms.f-static.net/uploads/4366381/normal_60215c84d3daf.pdf",
        "https://dunilugifesa.weebly.com/uploads/1/3/4/4/134471262/9077b5d724.pdf"
    ],
    "regex_uris": [
        "https://yafferge.ru/wix?keyword=god+laughs+while+we+make+plans",
        "https://zikowajemaje.weebly.com/uploads/1/3/1/6/131607239/68caeceb4684f.pdf",
        "https://cdn.sqhk.co/dupeguwova/c1ihuge/patriots_gunner_olszewski_college.pdf",
        "http://matteset-spon.space/electron_js_template_enginen8dgd.pdf",
        "https://cdn.sqhk.co/gebitasixa/idS5r55/47462655936.pdf",
        "https://cdn.sqhk.co/wovovoteg/aha3jc1/gatoparurifuzujidesigusav.pdf",
        "https://cdn.sqhk.co/widafopaj/37jikcr/10573520458.pdf",
        "http://matcobzor.ru/clasificacion_de_los_seres_vivos_santillanaebqx1.pdf",
        "https://cdn.sqhk.co/jesupesiparu/mz3OWjh/kufulivisema.pdf",
        "https://cdn-cms.f-static.net/uploads/4427783/normal_60521b91e1e8c.pdf",
        "https://cdn-cms.f-static.net/uploads/4463825/normal_5fd64b156dd35.pdf",
        "https://cdn.sqhk.co/nenafodud/inJU8jN/satya_bhojpuri_video_song_tinyjuke.pdf",
        "https://kitenogoxaginup.weebly.com/uploads/1/3/5/2/135298643/kumekelolejuvelulojo.pdf",
        "http://2022god.com/how_to_train_your_dragon_4_full_movie_in_english_2019cy2op.pdf",
        "https://cdn.sqhk.co/kawiwitifa/X7Hhhic/49175100534.pdf",
        "https://cdn.sqhk.co/wavefekus/hharzid/38468569307.pdf",
        "https://cdn.sqhk.co/seworani/sigHhaf/wedding_cakes_philippines_prices.pdf",
        "https://mazerobuwi.weebly.com/uploads/1/3/1/3/131398334/9869111.pdf",
        "https://cdn.sqhk.co/xevowuto/ijekmgd/lightroom_presets_app_store.pdf",
        "https://cdn-cms.f-static.net/uploads/4454180/normal_6022c21cc98b7.pdf",
        "https://movobukibajub.weebly.com/uploads/1/3/4/5/134597216/cfdd2.pdf",
        "http://repair-planshetov.ru/monthly_spending_tracker_spreadsheet62smr.pdf",
        "https://cdn.sqhk.co/mowasikuso/hjiduhg/fast_notepad_app_download.pdf",
        "https://static.s123-cdn-static.com/uploads/4501634/normal_5fe1327b00055.pdf",
        "https://cdn-cms.f-static.net/uploads/4366381/normal_60215c84d3daf.pdf",
        "https://dunilugifesa.weebly.com/uploads/1/3/4/4/134471262/9077b5d724.pdf"
    ],
    "regex_urls": [
        "https",
        "https",
        "https",
        "http://matteset-spon.space/electron_js_template_enginen8dgd.pdf",
        "https",
        "https",
        "https",
        "http://matcobzor.ru/clasificacion_de_los_seres_vivos_santillanaebqx1.pdf",
        "https",
        "https",
        "https",
        "https",
        "https",
        "http://2022god.com/how_to_train_your_dragon_4_full_movie_in_english_2019cy2op.pdf",
        "https",
        "https",
        "https",
        "https",
        "https",
        "https",
        "https",
        "http://repair-planshetov.ru/monthly_spending_tracker_spreadsheet62smr.pdf",
        "https",
        "https",
        "https",
        "https",
        "http://www.w3.org/1999/02/22-rdf-syntax-ns#",
        "http://purl.org/dc/elements/1.1/",
        "http://ns.adobe.com/pdf/1.3/",
        "http://ns.adobe.com/xap/1.0/",
        "http://ns.adobe.com/xap/1.0/mm/",
        "http://ns.adobe.com/xap/1.0/rights/"
    ],
    "scripts": {
        "iframe": [],
        "urls": []
    },
    "static_properties": {
        "JBIG2Decode": "0",
        "XML_forms": "0",
        "acro_form": "0",
        "auto_action": "1",
        "colors": "0",
        "cross_reference_table": "2",
        "embedded_files": "0",
        "file_size": "79",
        "java_script": "0",
        "js": "0",
        "launch_action": "0",
        "object_end": "67",
        "object_start": "67",
        "object_streams": "0",
        "open_action": "0",
        "page_count": "3",
        "rich_media": "0",
        "start_cross_reference_table": "2",
        "stream_end": "9",
        "stream_start": "9",
        "trailer_dictionary": "2"
    },
    "yara_signatures": [
        "without_attachments",
        "without_images",
        "with_urls",
        "invalid_trailer_structure",
        "multiple_versions",
        "contentis_base64"
    ]
}