{
    "exif_signatures": {},
    "file_size": 45296,
    "pdfid_signatures": {},
    "pypdf_uris": [
        "https://netcdn.tw/app/431946152/sky-x-roblox-hack-game-hack",
        "https://netcdn.tw/app/431946152/sky-x-roblox-hack-game-hack",
        "https://wandpiraten.de/images/free-robux-no-apps_GM431946152.pdf",
        "https://wandpiraten.de/images/cpbildco-robux_GM431946152.pdf",
        "https://wandpiraten.de/images/coin-master-free-cards-link-2021-today_GM406889139.pdf",
        "https://wandpiraten.de/images/coin-master-official-website_GM406889139.pdf",
        "https://wandpiraten.de/images/mobihack-roblox-hack_GM431946152.pdf",
        "https://wandpiraten.de/images/coin-master-rewards-2021_GM406889139.pdf",
        "https://wandpiraten.de/images/how-to-hack-robux_GM431946152.pdf",
        "https://wandpiraten.de/images/how-to-get-a-free-minecraft-server_GM479516143.pdf",
        "https://wandpiraten.de/images/free-robux-no-verification-2021-ios_GM431946152.pdf",
        "https://wandpiraten.de/images/how-to-hack-roblox-accounts-abandon_GM431946152.pdf",
        "https://wandpiraten.de/images/robux-premium_GM431946152.pdf",
        "https://wandpiraten.de/images/install-coin-master_GM406889139.pdf",
        "https://wandpiraten.de/images/free-mod-apk-coin-master_GM406889139.pdf",
        "https://wandpiraten.de/images/free-minecraft-realms-to-join_GM479516143.pdf",
        "https://wandpiraten.de/images/free-roblox-adopt-me-pets_GM431946152.pdf",
        "https://wandpiraten.de/images/apps-to-get-free-robux_GM431946152.pdf",
        "https://wandpiraten.de/images/free-downloads-for-coin-master-daily-rewards_GM406889139.pdf",
        "https://wandpiraten.de/images/mobihack-net-roblox-hack_GM431946152.pdf",
        "https://wandpiraten.de/images/how-do-you-get-free-robux-on-roblox-2021_GM431946152.pdf",
        "https://wandpiraten.de/images/minecraft-linux-free_GM479516143.pdf"
    ],
    "regex_uris": [
        "https://netcdn.tw/app/431946152/sky-x-roblox-hack-game-hack",
        "https://netcdn.tw/app/431946152/sky-x-roblox-hack-game-hack",
        "https://wandpiraten.de/images/free-robux-no-apps_GM431946152.pdf",
        "https://wandpiraten.de/images/cpbildco-robux_GM431946152.pdf",
        "https://wandpiraten.de/images/coin-master-free-cards-link-2021-today_GM406889139.pdf",
        "https://wandpiraten.de/images/coin-master-official-website_GM406889139.pdf",
        "https://wandpiraten.de/images/mobihack-roblox-hack_GM431946152.pdf",
        "https://wandpiraten.de/images/coin-master-rewards-2021_GM406889139.pdf",
        "https://wandpiraten.de/images/how-to-hack-robux_GM431946152.pdf",
        "https://wandpiraten.de/images/how-to-get-a-free-minecraft-server_GM479516143.pdf",
        "https://wandpiraten.de/images/free-robux-no-verification-2021-ios_GM431946152.pdf",
        "https://wandpiraten.de/images/how-to-hack-roblox-accounts-abandon_GM431946152.pdf",
        "https://wandpiraten.de/images/robux-premium_GM431946152.pdf",
        "https://wandpiraten.de/images/install-coin-master_GM406889139.pdf",
        "https://wandpiraten.de/images/free-mod-apk-coin-master_GM406889139.pdf",
        "https://wandpiraten.de/images/free-minecraft-realms-to-join_GM479516143.pdf",
        "https://wandpiraten.de/images/free-roblox-adopt-me-pets_GM431946152.pdf",
        "https://wandpiraten.de/images/apps-to-get-free-robux_GM431946152.pdf",
        "https://wandpiraten.de/images/free-downloads-for-coin-master-daily-rewards_GM406889139.pdf",
        "https://wandpiraten.de/images/mobihack-net-roblox-hack_GM431946152.pdf",
        "https://wandpiraten.de/images/how-do-you-get-free-robux-on-roblox-2021_GM431946152.pdf",
        "https://wandpiraten.de/images/minecraft-linux-free_GM479516143.pdf"
    ],
    "regex_urls": [
        "https",
        "https",
        "https",
        "https",
        "https",
        "https",
        "https",
        "https",
        "https",
        "https",
        "https",
        "https",
        "https",
        "https",
        "https",
        "https",
        "https",
        "https",
        "https",
        "https",
        "https",
        "https"
    ],
    "scripts": {
        "iframe": [],
        "urls": []
    },
    "static_properties": {
        "JBIG2Decode": "0",
        "XML_forms": "0",
        "acro_form": "0",
        "auto_action": "0",
        "colors": "0",
        "cross_reference_table": "1",
        "embedded_files": "0",
        "file_size": "45",
        "java_script": "0",
        "js": "0",
        "launch_action": "0",
        "object_end": "65",
        "object_start": "65",
        "object_streams": "0",
        "open_action": "0",
        "page_count": "4",
        "rich_media": "0",
        "start_cross_reference_table": "1",
        "stream_end": "8",
        "stream_start": "8",
        "trailer_dictionary": "1"
    },
    "yara_signatures": [
        "without_attachments",
        "without_images",
        "with_urls",
        "invalid_trailer_structure",
        "contentis_base64"
    ]
}