{
    "exif_signatures": {},
    "file_size": 46357,
    "pdfid_signatures": {},
    "pypdf_uris": [
        "https://netcdn.xyz/app/479516143/are-minecraft-realms-free-game-hack",
        "https://netcdn.xyz/app/479516143/are-minecraft-realms-free-game-hack",
        "http://opac.salatigakota.go.id/slims7//repository/how-to-hack-any-roblox-account_GM431946152.pdf",
        "http://opac.salatigakota.go.id/slims7//repository/how-to-get-free-robux-on-pc_GM431946152.pdf",
        "http://opac.salatigakota.go.id/slims7//repository/free-robux-generator-no-human-verification-or-survey-2021_GM431946152.pdf",
        "http://opac.salatigakota.go.id/slims7//repository/2021-coin-master-hack_GM406889139.pdf",
        "http://opac.salatigakota.go.id/slims7//repository/coin-master-claim-free-spins_GM406889139.pdf",
        "http://opac.salatigakota.go.id/slims7//repository/rbxcity-free-robux_GM431946152.pdf",
        "http://opac.salatigakota.go.id/slims7//repository/how-to-hack-minecraft_GM479516143.pdf",
        "http://opac.salatigakota.go.id/slims7//repository/free-coin-master-account_GM406889139.pdf",
        "http://opac.salatigakota.go.id/slims7//repository/app-for-free-spins-on-coin-master_GM406889139.pdf",
        "http://opac.salatigakota.go.id/slims7//repository/public-enemy-sun-prairie-coin-master-free-spins_GM406889139.pdf",
        "http://opac.salatigakota.go.id/slims7//repository/monttechscom-coin-master-free-spins_GM406889139.pdf",
        "http://opac.salatigakota.go.id/slims7//repository/free-spins-and-coins-on-coin-master_GM406889139.pdf",
        "http://opac.salatigakota.go.id/slims7//repository/how-to-win-robux_GM431946152.pdf",
        "http://opac.salatigakota.go.id/slims7//repository/roblox-games-with-free-boombox_GM431946152.pdf",
        "http://opac.salatigakota.go.id/slims7//repository/hacks-to-get-free-robux_GM431946152.pdf",
        "http://opac.salatigakota.go.id/slims7//repository/free-robux-real-2021_GM431946152.pdf",
        "http://opac.salatigakota.go.id/slims7//repository/rape-simulator_GM431946152.pdf",
        "http://opac.salatigakota.go.id/slims7//repository/minecraft-free-play-now_GM479516143.pdf",
        "http://opac.salatigakota.go.id/slims7//repository/claim-free-spins-coin-master_GM406889139.pdf",
        "http://opac.salatigakota.go.id/slims7//repository/coin-master-100-spin_GM406889139.pdf"
    ],
    "regex_uris": [
        "https://netcdn.xyz/app/479516143/are-minecraft-realms-free-game-hack",
        "https://netcdn.xyz/app/479516143/are-minecraft-realms-free-game-hack",
        "http://opac.salatigakota.go.id/slims7//repository/how-to-hack-any-roblox-account_GM431946152.pdf",
        "http://opac.salatigakota.go.id/slims7//repository/how-to-get-free-robux-on-pc_GM431946152.pdf",
        "http://opac.salatigakota.go.id/slims7//repository/free-robux-generator-no-human-verification-or-survey-2021_GM431946152.pdf",
        "http://opac.salatigakota.go.id/slims7//repository/2021-coin-master-hack_GM406889139.pdf",
        "http://opac.salatigakota.go.id/slims7//repository/coin-master-claim-free-spins_GM406889139.pdf",
        "http://opac.salatigakota.go.id/slims7//repository/rbxcity-free-robux_GM431946152.pdf",
        "http://opac.salatigakota.go.id/slims7//repository/how-to-hack-minecraft_GM479516143.pdf",
        "http://opac.salatigakota.go.id/slims7//repository/free-coin-master-account_GM406889139.pdf",
        "http://opac.salatigakota.go.id/slims7//repository/app-for-free-spins-on-coin-master_GM406889139.pdf",
        "http://opac.salatigakota.go.id/slims7//repository/public-enemy-sun-prairie-coin-master-free-spins_GM406889139.pdf",
        "http://opac.salatigakota.go.id/slims7//repository/monttechscom-coin-master-free-spins_GM406889139.pdf",
        "http://opac.salatigakota.go.id/slims7//repository/free-spins-and-coins-on-coin-master_GM406889139.pdf",
        "http://opac.salatigakota.go.id/slims7//repository/how-to-win-robux_GM431946152.pdf",
        "http://opac.salatigakota.go.id/slims7//repository/roblox-games-with-free-boombox_GM431946152.pdf",
        "http://opac.salatigakota.go.id/slims7//repository/hacks-to-get-free-robux_GM431946152.pdf",
        "http://opac.salatigakota.go.id/slims7//repository/free-robux-real-2021_GM431946152.pdf",
        "http://opac.salatigakota.go.id/slims7//repository/rape-simulator_GM431946152.pdf",
        "http://opac.salatigakota.go.id/slims7//repository/minecraft-free-play-now_GM479516143.pdf",
        "http://opac.salatigakota.go.id/slims7//repository/claim-free-spins-coin-master_GM406889139.pdf",
        "http://opac.salatigakota.go.id/slims7//repository/coin-master-100-spin_GM406889139.pdf"
    ],
    "regex_urls": [
        "https",
        "https",
        "http://opac.salatigakota.go.id/slims7//repository/how-to-hack-any-roblox-account_GM431946152.pdf",
        "http://opac.salatigakota.go.id/slims7//repository/how-to-get-free-robux-on-pc_GM431946152.pdf",
        "http://opac.salatigakota.go.id/slims7//repository/free-robux-generator-no-human-verification-or-survey-2021_GM431946152.pdf",
        "http://opac.salatigakota.go.id/slims7//repository/2021-coin-master-hack_GM406889139.pdf",
        "http://opac.salatigakota.go.id/slims7//repository/coin-master-claim-free-spins_GM406889139.pdf",
        "http://opac.salatigakota.go.id/slims7//repository/rbxcity-free-robux_GM431946152.pdf",
        "http://opac.salatigakota.go.id/slims7//repository/how-to-hack-minecraft_GM479516143.pdf",
        "http://opac.salatigakota.go.id/slims7//repository/free-coin-master-account_GM406889139.pdf",
        "http://opac.salatigakota.go.id/slims7//repository/app-for-free-spins-on-coin-master_GM406889139.pdf",
        "http://opac.salatigakota.go.id/slims7//repository/public-enemy-sun-prairie-coin-master-free-spins_GM406889139.pdf",
        "http://opac.salatigakota.go.id/slims7//repository/monttechscom-coin-master-free-spins_GM406889139.pdf",
        "http://opac.salatigakota.go.id/slims7//repository/free-spins-and-coins-on-coin-master_GM406889139.pdf",
        "http://opac.salatigakota.go.id/slims7//repository/how-to-win-robux_GM431946152.pdf",
        "http://opac.salatigakota.go.id/slims7//repository/roblox-games-with-free-boombox_GM431946152.pdf",
        "http://opac.salatigakota.go.id/slims7//repository/hacks-to-get-free-robux_GM431946152.pdf",
        "http://opac.salatigakota.go.id/slims7//repository/free-robux-real-2021_GM431946152.pdf",
        "http://opac.salatigakota.go.id/slims7//repository/rape-simulator_GM431946152.pdf",
        "http://opac.salatigakota.go.id/slims7//repository/minecraft-free-play-now_GM479516143.pdf",
        "http://opac.salatigakota.go.id/slims7//repository/claim-free-spins-coin-master_GM406889139.pdf",
        "http://opac.salatigakota.go.id/slims7//repository/coin-master-100-spin_GM406889139.pdf"
    ],
    "scripts": {
        "iframe": [],
        "urls": []
    },
    "static_properties": {
        "JBIG2Decode": "0",
        "XML_forms": "0",
        "acro_form": "0",
        "auto_action": "0",
        "colors": "0",
        "cross_reference_table": "1",
        "embedded_files": "0",
        "file_size": "46",
        "java_script": "0",
        "js": "0",
        "launch_action": "0",
        "object_end": "66",
        "object_start": "66",
        "object_streams": "0",
        "open_action": "0",
        "page_count": "3",
        "rich_media": "0",
        "start_cross_reference_table": "1",
        "stream_end": "9",
        "stream_start": "9",
        "trailer_dictionary": "1"
    },
    "yara_signatures": [
        "without_attachments",
        "without_images",
        "with_urls",
        "invalid_trailer_structure",
        "contentis_base64"
    ]
}