{
    "exif_signatures": {},
    "file_size": 50013,
    "pdfid_signatures": {},
    "pypdf_uris": [
        "https://netcdn.tw/app/431946152/how-to-hack-sword-art-online-roblox-game-hack",
        "https://netcdn.tw/app/431946152/how-to-hack-sword-art-online-roblox-game-hack",
        "https://library.fdk.ac.id/repository/free-robux-generator-without-human-verification_GM431946152.pdf",
        "https://library.fdk.ac.id/repository/can-you-download-minecraft-for-free_GM479516143.pdf",
        "https://library.fdk.ac.id/repository/robux-script-hack-2021-suffi-de-s-abonner-plus-script_GM431946152.pdf",
        "https://library.fdk.ac.id/repository/coin-master-free-spins-coins_GM406889139.pdf",
        "https://library.fdk.ac.id/repository/free-minecraft-website_GM479516143.pdf",
        "https://library.fdk.ac.id/repository/games-to-get-free-robux_GM431946152.pdf",
        "https://library.fdk.ac.id/repository/minecraft-windows-free_GM479516143.pdf",
        "https://library.fdk.ac.id/repository/coin-master-link_GM406889139.pdf",
        "https://library.fdk.ac.id/repository/minecraft-noob-vs-pro-vs-hacker-vs-god_GM479516143.pdf",
        "https://library.fdk.ac.id/repository/how-use-cheat-on-roblox_GM431946152.pdf",
        "https://library.fdk.ac.id/repository/minecraft-115-2-hacks_GM479516143.pdf",
        "https://library.fdk.ac.id/repository/robux-hack-2021-real-no-human-verification_GM431946152.pdf",
        "https://library.fdk.ac.id/repository/robux-hack-free-no-survey-or-verification_GM431946152.pdf",
        "https://library.fdk.ac.id/repository/free-hair-roblox-boy_GM431946152.pdf",
        "https://library.fdk.ac.id/repository/free-spin-coin-master-link-2021_GM406889139.pdf",
        "https://library.fdk.ac.id/repository/minecraft-windows-10-hack-client-2021_GM479516143.pdf",
        "https://library.fdk.ac.id/repository/how-to-hack-roblox-robux-with-cheat-engine_GM431946152.pdf",
        "https://library.fdk.ac.id/repository/minecraft-for-free-games_GM479516143.pdf",
        "https://library.fdk.ac.id/repository/coin-master-free-spins-link_GM406889139.pdf",
        "https://library.fdk.ac.id/repository/how-do-you-earn-robux-on-roblox_GM431946152.pdf"
    ],
    "regex_uris": [
        "https://netcdn.tw/app/431946152/how-to-hack-sword-art-online-roblox-game-hack",
        "https://netcdn.tw/app/431946152/how-to-hack-sword-art-online-roblox-game-hack",
        "https://library.fdk.ac.id/repository/free-robux-generator-without-human-verification_GM431946152.pdf",
        "https://library.fdk.ac.id/repository/can-you-download-minecraft-for-free_GM479516143.pdf",
        "https://library.fdk.ac.id/repository/robux-script-hack-2021-suffi-de-s-abonner-plus-script_GM431946152.pdf",
        "https://library.fdk.ac.id/repository/coin-master-free-spins-coins_GM406889139.pdf",
        "https://library.fdk.ac.id/repository/free-minecraft-website_GM479516143.pdf",
        "https://library.fdk.ac.id/repository/games-to-get-free-robux_GM431946152.pdf",
        "https://library.fdk.ac.id/repository/minecraft-windows-free_GM479516143.pdf",
        "https://library.fdk.ac.id/repository/coin-master-link_GM406889139.pdf",
        "https://library.fdk.ac.id/repository/minecraft-noob-vs-pro-vs-hacker-vs-god_GM479516143.pdf",
        "https://library.fdk.ac.id/repository/how-use-cheat-on-roblox_GM431946152.pdf",
        "https://library.fdk.ac.id/repository/minecraft-115-2-hacks_GM479516143.pdf",
        "https://library.fdk.ac.id/repository/robux-hack-2021-real-no-human-verification_GM431946152.pdf",
        "https://library.fdk.ac.id/repository/robux-hack-free-no-survey-or-verification_GM431946152.pdf",
        "https://library.fdk.ac.id/repository/free-hair-roblox-boy_GM431946152.pdf",
        "https://library.fdk.ac.id/repository/free-spin-coin-master-link-2021_GM406889139.pdf",
        "https://library.fdk.ac.id/repository/minecraft-windows-10-hack-client-2021_GM479516143.pdf",
        "https://library.fdk.ac.id/repository/how-to-hack-roblox-robux-with-cheat-engine_GM431946152.pdf",
        "https://library.fdk.ac.id/repository/minecraft-for-free-games_GM479516143.pdf",
        "https://library.fdk.ac.id/repository/coin-master-free-spins-link_GM406889139.pdf",
        "https://library.fdk.ac.id/repository/how-do-you-earn-robux-on-roblox_GM431946152.pdf"
    ],
    "regex_urls": [
        "https",
        "https",
        "https",
        "https",
        "https",
        "https",
        "https",
        "https",
        "https",
        "https",
        "https",
        "https",
        "https",
        "https",
        "https",
        "https",
        "https",
        "https",
        "https",
        "https",
        "https",
        "https"
    ],
    "scripts": {
        "iframe": [],
        "urls": []
    },
    "static_properties": {
        "JBIG2Decode": "0",
        "XML_forms": "0",
        "acro_form": "0",
        "auto_action": "0",
        "colors": "0",
        "cross_reference_table": "1",
        "embedded_files": "0",
        "file_size": "50",
        "java_script": "0",
        "js": "0",
        "launch_action": "0",
        "object_end": "71",
        "object_start": "71",
        "object_streams": "0",
        "open_action": "0",
        "page_count": "4",
        "rich_media": "0",
        "start_cross_reference_table": "1",
        "stream_end": "10",
        "stream_start": "10",
        "trailer_dictionary": "1"
    },
    "yara_signatures": [
        "without_attachments",
        "without_images",
        "with_urls",
        "invalid_trailer_structure",
        "contentis_base64"
    ]
}