{
    "exif_signatures": {},
    "file_size": 297069,
    "pdfid_signatures": {},
    "pypdf_uris": [
        "https://colod.co.za/XSRYdR1H?utm_term=wordle+wise+book+8+test+pdf+free+printable+forms",
        "http://china-hold.com/UploadFile/file/20220209205306370.pdf",
        "https://sincomerciariospv.com.br/kcfinder/upload/files/63926481629.pdf",
        "https://pmeds.us/userfiles/file/39953072608.pdf",
        "http://www.peritaonline.es/ckfinder/userfiles/files/dowiwet.pdf",
        "https://hhwholesaleclub.com/admin/kcfinder/upload/files/noximiteketifuw.pdf",
        "http://aan.kz/ckfinder/userfiles/files/32775070575.pdf",
        "http://cortemadera.com/wysiwygfiles/file/finukoluwal.pdf",
        "https://holcom-wd.holcom.vn/webroot/img/files/kigukomezoberej.pdf",
        "http://teusz.pl/UserFiles/file/21613657757.pdf",
        "https://dipabuxirakilat.weebly.com/uploads/1/3/1/0/131071076/ninevex.pdf",
        "http://songchanraccomposite.com/upload/files/16493588231.pdf",
        "https://ruxamaref.weebly.com/uploads/1/3/4/7/134749336/povifipubedububazude.pdf",
        "http://argra.rs/wp-content/plugins/formcraft/file-upload/server/content/files/162ac835922fd9---99303338022.pdf",
        "https://mcap.cz/images/uploadedimages/file/fokunamevenatesut.pdf",
        "http://nbc.com.vn/ckfinder/userfiles/files/vasupuvun.pdf",
        "http://dtmaso.com/public_html/Imagens/file/44786810167.pdf",
        "http://online-editor.menu-card-maker.com/uploads/files/danifabu.pdf",
        "http://artdealer.vn/upload/fckimagesfile/795f91e8ca40610b0c62a0fc1d5624b2.pdf",
        "https://lcd96.ru/wp-content/plugins/super-forms/uploads/php/files/f716caaad2d467e960209cb8213023f9/lovofawixo.pdf",
        "http://climtech.com/files/files/tawimiforibena.pdf",
        "http://stylowa-pss.pl/userfiles/file/99749197177.pdf",
        "http://biosite.ru/images/news/file/2045737493.pdf",
        "http://design-klasse.de/ckfinder/userfiles/files/levowow.pdf",
        "http://navigator-nsk.ru/userfiles/file/26904843692.pdf",
        "http://newbusan.net/FileData/ckfinder/files/20220403_33708622CAC4DBC1.pdf",
        "https://actorconseil.com/files/file/14702662675.pdf",
        "http://malopolskiszlakwinny.pl/upload/File/42465712759.pdf",
        "https://csam-villepinte.org/uploads/images/file/fapem.pdf"
    ],
    "regex_uris": [
        "https://colod.co.za/XSRYdR1H?utm_term=wordle+wise+book+8+test+pdf+free+printable+forms",
        "http://china-hold.com/UploadFile/file/20220209205306370.pdf",
        "https://sincomerciariospv.com.br/kcfinder/upload/files/63926481629.pdf",
        "https://pmeds.us/userfiles/file/39953072608.pdf",
        "http://www.peritaonline.es/ckfinder/userfiles/files/dowiwet.pdf",
        "https://hhwholesaleclub.com/admin/kcfinder/upload/files/noximiteketifuw.pdf",
        "http://aan.kz/ckfinder/userfiles/files/32775070575.pdf",
        "http://cortemadera.com/wysiwygfiles/file/finukoluwal.pdf",
        "https://holcom-wd.holcom.vn/webroot/img/files/kigukomezoberej.pdf",
        "http://teusz.pl/UserFiles/file/21613657757.pdf",
        "https://dipabuxirakilat.weebly.com/uploads/1/3/1/0/131071076/ninevex.pdf",
        "http://songchanraccomposite.com/upload/files/16493588231.pdf",
        "https://ruxamaref.weebly.com/uploads/1/3/4/7/134749336/povifipubedububazude.pdf",
        "http://argra.rs/wp-content/plugins/formcraft/file-upload/server/content/files/162ac835922fd9---99303338022.pdf",
        "https://mcap.cz/images/uploadedimages/file/fokunamevenatesut.pdf",
        "http://nbc.com.vn/ckfinder/userfiles/files/vasupuvun.pdf",
        "http://dtmaso.com/public_html/Imagens/file/44786810167.pdf",
        "http://online-editor.menu-card-maker.com/uploads/files/danifabu.pdf",
        "http://artdealer.vn/upload/fckimagesfile/795f91e8ca40610b0c62a0fc1d5624b2.pdf",
        "https://lcd96.ru/wp-content/plugins/super-forms/uploads/php/files/f716caaad2d467e960209cb8213023f9/lovofawixo.pdf",
        "http://climtech.com/files/files/tawimiforibena.pdf",
        "http://stylowa-pss.pl/userfiles/file/99749197177.pdf",
        "http://biosite.ru/images/news/file/2045737493.pdf",
        "http://design-klasse.de/ckfinder/userfiles/files/levowow.pdf",
        "http://navigator-nsk.ru/userfiles/file/26904843692.pdf",
        "http://newbusan.net/FileData/ckfinder/files/20220403_33708622CAC4DBC1.pdf",
        "https://actorconseil.com/files/file/14702662675.pdf",
        "http://malopolskiszlakwinny.pl/upload/File/42465712759.pdf",
        "https://csam-villepinte.org/uploads/images/file/fapem.pdf"
    ],
    "regex_urls": [
        "https",
        "http://china-hold.com/UploadFile/file/20220209205306370.pdf",
        "https",
        "https",
        "http://www.peritaonline.es/ckfinder/userfiles/files/dowiwet.pdf",
        "https",
        "http://aan.kz/ckfinder/userfiles/files/32775070575.pdf",
        "http://cortemadera.com/wysiwygfiles/file/finukoluwal.pdf",
        "https",
        "http://teusz.pl/UserFiles/file/21613657757.pdf",
        "https",
        "http://songchanraccomposite.com/upload/files/16493588231.pdf",
        "https",
        "http://argra.rs/wp-content/plugins/formcraft/file-upload/server/content/files/162ac835922fd9---99303338022.pdf",
        "https",
        "http://nbc.com.vn/ckfinder/userfiles/files/vasupuvun.pdf",
        "http://dtmaso.com/public_html/Imagens/file/44786810167.pdf",
        "http://online-editor.menu-card-maker.com/uploads/files/danifabu.pdf",
        "http://artdealer.vn/upload/fckimagesfile/795f91e8ca40610b0c62a0fc1d5624b2.pdf",
        "https",
        "http://climtech.com/files/files/tawimiforibena.pdf",
        "http://stylowa-pss.pl/userfiles/file/99749197177.pdf",
        "http://biosite.ru/images/news/file/2045737493.pdf",
        "http://design-klasse.de/ckfinder/userfiles/files/levowow.pdf",
        "http://navigator-nsk.ru/userfiles/file/26904843692.pdf",
        "http://newbusan.net/FileData/ckfinder/files/20220403_33708622CAC4DBC1.pdf",
        "https",
        "http://malopolskiszlakwinny.pl/upload/File/42465712759.pdf",
        "https",
        "http://www.w3.org/1999/02/22-rdf-syntax-ns#",
        "http://purl.org/dc/elements/1.1/",
        "http://ns.adobe.com/pdf/1.3/",
        "http://ns.adobe.com/xap/1.0/",
        "http://ns.adobe.com/xap/1.0/mm/",
        "http://ns.adobe.com/xap/1.0/rights/"
    ],
    "scripts": {
        "iframe": [],
        "urls": []
    },
    "static_properties": {
        "JBIG2Decode": "0",
        "XML_forms": "0",
        "acro_form": "0",
        "auto_action": "0",
        "colors": "0",
        "cross_reference_table": "2",
        "embedded_files": "0",
        "file_size": "297",
        "java_script": "0",
        "js": "0",
        "launch_action": "0",
        "object_end": "88",
        "object_start": "88",
        "object_streams": "0",
        "open_action": "0",
        "page_count": "4",
        "rich_media": "0",
        "start_cross_reference_table": "2",
        "stream_end": "19",
        "stream_start": "19",
        "trailer_dictionary": "2"
    },
    "yara_signatures": [
        "suspicious_packer_section",
        "without_attachments",
        "without_images",
        "with_urls",
        "invalid_trailer_structure",
        "multiple_versions",
        "contentis_base64",
        "Big_Numbers1"
    ]
}