{
    "exif_signatures": {},
    "file_size": 699547,
    "pdfid_signatures": {},
    "pypdf_uris": [
        "http://xeltuve.com/c3?utm_term=antarctica+map+printable+pdf+2017+printable+pdf",
        "https://gavizule.weebly.com/uploads/1/3/4/6/134659779/b0b5887ca.pdf",
        "https://dolevomebebozap.weebly.com/uploads/1/3/1/6/131636651/mabez.pdf",
        "https://static1.squarespace.com/static/60aaf25e42d7b60106dc17aa/t/62c6189be4a2895e8ece8e14/1657149596101/divinity_original_sin_guide_enhanced_edition.pdf",
        "https://static1.squarespace.com/static/604aec14af289a5f7a539cf5/t/62ca233856ed60706596d145/1657414456622/the_sixty_six_laws_of_the_illuminati.pdf",
        "https://static1.squarespace.com/static/604aeb86718479732845b7b4/t/62c3de43ed3f530d5d659a21/1657003588237/85117404768.pdf",
        "https://vazipetola.weebly.com/uploads/1/3/4/4/134493341/lewotuv.pdf",
        "https://static1.squarespace.com/static/60aaf25e42d7b60106dc17aa/t/62bb7e0267b9fa4d2970bd7f/1656454659138/woxekuvom.pdf",
        "https://static1.squarespace.com/static/60aaf27c8bac0413e6f804fa/t/62b6d741dc7c895918d7ff7c/1656149826149/zevunabadef.pdf",
        "https://wovufimi.weebly.com/uploads/1/3/5/3/135327312/gebofuwexoxub_nepeneleze_belilobaxofukor_xewupo.pdf",
        "https://static1.squarespace.com/static/60aaf25e42d7b60106dc17aa/t/62c4ed8673c483043c0a2443/1657073030935/wot_blitz_crew_skills_guide.pdf",
        "https://static1.squarespace.com/static/604aec14af289a5f7a539cf5/t/62c8526ead59517d0243a265/1657295471240/invictus_poem_theme.pdf",
        "https://kefavobora.weebly.com/uploads/1/3/6/0/136010588/3429404.pdf",
        "https://static1.squarespace.com/static/60aaf25e42d7b60106dc17aa/t/62c968d5f7874824ba51dfb4/1657366742948/9338039063.pdf",
        "https://static1.squarespace.com/static/60aaf27c8bac0413e6f804fa/t/62c46898ba63d74c32d5edad/1657039001203/17551147479.pdf",
        "https://static1.squarespace.com/static/60aaf27c8bac0413e6f804fa/t/62c4d7c25d6aa569d196a122/1657067458445/fly_to_your_heart_lyric.pdf",
        "https://static1.squarespace.com/static/60aaf27c8bac0413e6f804fa/t/62ba3f88f0eaa15af6536a46/1656373129091/rayado_diario_ejemplos_resueltos.pdf",
        "https://rugilebeme.weebly.com/uploads/1/3/1/3/131380811/wajelo.pdf",
        "https://ponusowugam.weebly.com/uploads/1/3/4/4/134438000/nemimimora_nipewin_bofutuwese.pdf",
        "https://static1.squarespace.com/static/604aec14af289a5f7a539cf5/t/62c39a8862158217bb1870c5/1656986248494/jvc_kd-avx44_price.pdf",
        "https://kewoloxonesafuf.weebly.com/uploads/1/3/1/6/131606745/wulisapajiwoketamuz.pdf",
        "https://static1.squarespace.com/static/604aebe5436e397a99d53e8a/t/62be549945f98f2c6b5a0f8e/1656640666038/4978221905.pdf",
        "https://static1.squarespace.com/static/60aaf25e42d7b60106dc17aa/t/62bcda178b892e2b34ba2c07/1656543768108/download_chaikin_money_flow_indicato.pdf",
        "https://tubixipuvod.weebly.com/uploads/1/4/1/5/141596584/c0b7bc503ffc315.pdf",
        "https://gadikidaju.weebly.com/uploads/1/3/1/3/131379663/287818.pdf",
        "https://static1.squarespace.com/static/604aea6a97201213e037dc4e/t/62c5ec7acd7b145213097385/1657138299395/76579651005.pdf",
        "https://static1.squarespace.com/static/60aaf27c8bac0413e6f804fa/t/62bd5a446925ba0351d4bd65/1656576581256/ejercicios_simplificar_fracciones_algebraicas.pdf",
        "https://static1.squarespace.com/static/60aaf27c8bac0413e6f804fa/t/62b2ec8104201c7bb6c4c60c/1655893122189/video_brand_guidelines_examples.pdf",
        "https://static1.squarespace.com/static/60aaf27c8bac0413e6f804fa/t/62b46b41d6231e65f21ff1e6/1655991106192/bodyguard_movie_all_video_song.pdf",
        "https://static1.squarespace.com/static/60aaf27c8bac0413e6f804fa/t/62bfa4552cd25e279ea6e909/1656726614033/rogewixuwo.pdf",
        "https://static1.squarespace.com/static/60aaf25e42d7b60106dc17aa/t/62b6675e43866303cb30260b/1656121183591/95234865363.pdf",
        "https://vekimazuj.weebly.com/uploads/1/4/1/4/141471044/girukosa.pdf",
        "https://wevofuru.weebly.com/uploads/1/3/4/6/134670173/lizenepudepuw.pdf",
        "https://static1.squarespace.com/static/604aeb86718479732845b7b4/t/62c472ac667d1d4fdb8652bc/1657041580432/hp_pd500a_driver_download.pdf",
        "https://lalosasugakufu.weebly.com/uploads/1/4/1/5/141565699/3540255.pdf",
        "https://static1.squarespace.com/static/604aea6a97201213e037dc4e/t/62c05cff271ade6cd60f032c/1656773888558/rajinevas.pdf",
        "https://jawejozadibe.weebly.com/uploads/1/4/1/5/141513513/bujeku_tajerixovobuk.pdf",
        "https://static1.squarespace.com/static/60aaf27c8bac0413e6f804fa/t/62b4cda2d408bc0a567d2567/1656016291002/tunogetutas.pdf",
        "https://kosofisipituje.weebly.com/uploads/1/3/5/3/135329454/615d10283e44.pdf",
        "https://xadaxiwunitari.weebly.com/uploads/1/3/0/8/130814235/dozidemoluwodogul.pdf",
        "https://static1.squarespace.com/static/60aaf27c8bac0413e6f804fa/t/62b4d03c1eb74508fb0e3b05/1656016957059/o_candomble_da_bahia.pdf",
        "https://latiratigu.weebly.com/uploads/1/3/1/1/131164156/6299061.pdf",
        "https://static1.squarespace.com/static/604aea6a97201213e037dc4e/t/62c3f7d2487959762c2e83f4/1657010130732/1305958533.pdf",
        "https://xodumusekow.weebly.com/uploads/1/3/4/7/134708755/b1019abba.pdf",
        "https://gosasaweju.weebly.com/uploads/1/3/1/3/131384289/9294082.pdf"
    ],
    "regex_uris": [
        "http://xeltuve.com/c3?utm_term=antarctica+map+printable+pdf+2017+printable+pdf",
        "https://gavizule.weebly.com/uploads/1/3/4/6/134659779/b0b5887ca.pdf",
        "https://dolevomebebozap.weebly.com/uploads/1/3/1/6/131636651/mabez.pdf",
        "https://static1.squarespace.com/static/60aaf25e42d7b60106dc17aa/t/62c6189be4a2895e8ece8e14/1657149596101/divinity_original_sin_guide_enhanced_edition.pdf",
        "https://static1.squarespace.com/static/604aec14af289a5f7a539cf5/t/62ca233856ed60706596d145/1657414456622/the_sixty_six_laws_of_the_illuminati.pdf",
        "https://static1.squarespace.com/static/604aeb86718479732845b7b4/t/62c3de43ed3f530d5d659a21/1657003588237/85117404768.pdf",
        "https://vazipetola.weebly.com/uploads/1/3/4/4/134493341/lewotuv.pdf",
        "https://static1.squarespace.com/static/60aaf25e42d7b60106dc17aa/t/62bb7e0267b9fa4d2970bd7f/1656454659138/woxekuvom.pdf",
        "https://static1.squarespace.com/static/60aaf27c8bac0413e6f804fa/t/62b6d741dc7c895918d7ff7c/1656149826149/zevunabadef.pdf",
        "https://wovufimi.weebly.com/uploads/1/3/5/3/135327312/gebofuwexoxub_nepeneleze_belilobaxofukor_xewupo.pdf",
        "https://static1.squarespace.com/static/60aaf25e42d7b60106dc17aa/t/62c4ed8673c483043c0a2443/1657073030935/wot_blitz_crew_skills_guide.pdf",
        "https://static1.squarespace.com/static/604aec14af289a5f7a539cf5/t/62c8526ead59517d0243a265/1657295471240/invictus_poem_theme.pdf",
        "https://kefavobora.weebly.com/uploads/1/3/6/0/136010588/3429404.pdf",
        "https://static1.squarespace.com/static/60aaf25e42d7b60106dc17aa/t/62c968d5f7874824ba51dfb4/1657366742948/9338039063.pdf",
        "https://static1.squarespace.com/static/60aaf27c8bac0413e6f804fa/t/62c46898ba63d74c32d5edad/1657039001203/17551147479.pdf",
        "https://static1.squarespace.com/static/60aaf27c8bac0413e6f804fa/t/62c4d7c25d6aa569d196a122/1657067458445/fly_to_your_heart_lyric.pdf",
        "https://static1.squarespace.com/static/60aaf27c8bac0413e6f804fa/t/62ba3f88f0eaa15af6536a46/1656373129091/rayado_diario_ejemplos_resueltos.pdf",
        "https://rugilebeme.weebly.com/uploads/1/3/1/3/131380811/wajelo.pdf",
        "https://ponusowugam.weebly.com/uploads/1/3/4/4/134438000/nemimimora_nipewin_bofutuwese.pdf",
        "https://static1.squarespace.com/static/604aec14af289a5f7a539cf5/t/62c39a8862158217bb1870c5/1656986248494/jvc_kd-avx44_price.pdf",
        "https://kewoloxonesafuf.weebly.com/uploads/1/3/1/6/131606745/wulisapajiwoketamuz.pdf",
        "https://static1.squarespace.com/static/604aebe5436e397a99d53e8a/t/62be549945f98f2c6b5a0f8e/1656640666038/4978221905.pdf",
        "https://static1.squarespace.com/static/60aaf25e42d7b60106dc17aa/t/62bcda178b892e2b34ba2c07/1656543768108/download_chaikin_money_flow_indicato.pdf",
        "https://tubixipuvod.weebly.com/uploads/1/4/1/5/141596584/c0b7bc503ffc315.pdf",
        "https://gadikidaju.weebly.com/uploads/1/3/1/3/131379663/287818.pdf",
        "https://static1.squarespace.com/static/604aea6a97201213e037dc4e/t/62c5ec7acd7b145213097385/1657138299395/76579651005.pdf",
        "https://static1.squarespace.com/static/60aaf27c8bac0413e6f804fa/t/62bd5a446925ba0351d4bd65/1656576581256/ejercicios_simplificar_fracciones_algebraicas.pdf",
        "https://static1.squarespace.com/static/60aaf27c8bac0413e6f804fa/t/62b2ec8104201c7bb6c4c60c/1655893122189/video_brand_guidelines_examples.pdf",
        "https://static1.squarespace.com/static/60aaf27c8bac0413e6f804fa/t/62b46b41d6231e65f21ff1e6/1655991106192/bodyguard_movie_all_video_song.pdf",
        "https://static1.squarespace.com/static/60aaf27c8bac0413e6f804fa/t/62bfa4552cd25e279ea6e909/1656726614033/rogewixuwo.pdf",
        "https://static1.squarespace.com/static/60aaf25e42d7b60106dc17aa/t/62b6675e43866303cb30260b/1656121183591/95234865363.pdf",
        "https://vekimazuj.weebly.com/uploads/1/4/1/4/141471044/girukosa.pdf",
        "https://wevofuru.weebly.com/uploads/1/3/4/6/134670173/lizenepudepuw.pdf",
        "https://static1.squarespace.com/static/604aeb86718479732845b7b4/t/62c472ac667d1d4fdb8652bc/1657041580432/hp_pd500a_driver_download.pdf",
        "https://lalosasugakufu.weebly.com/uploads/1/4/1/5/141565699/3540255.pdf",
        "https://static1.squarespace.com/static/604aea6a97201213e037dc4e/t/62c05cff271ade6cd60f032c/1656773888558/rajinevas.pdf",
        "https://jawejozadibe.weebly.com/uploads/1/4/1/5/141513513/bujeku_tajerixovobuk.pdf",
        "https://static1.squarespace.com/static/60aaf27c8bac0413e6f804fa/t/62b4cda2d408bc0a567d2567/1656016291002/tunogetutas.pdf",
        "https://kosofisipituje.weebly.com/uploads/1/3/5/3/135329454/615d10283e44.pdf",
        "https://xadaxiwunitari.weebly.com/uploads/1/3/0/8/130814235/dozidemoluwodogul.pdf",
        "https://static1.squarespace.com/static/60aaf27c8bac0413e6f804fa/t/62b4d03c1eb74508fb0e3b05/1656016957059/o_candomble_da_bahia.pdf",
        "https://latiratigu.weebly.com/uploads/1/3/1/1/131164156/6299061.pdf",
        "https://static1.squarespace.com/static/604aea6a97201213e037dc4e/t/62c3f7d2487959762c2e83f4/1657010130732/1305958533.pdf",
        "https://xodumusekow.weebly.com/uploads/1/3/4/7/134708755/b1019abba.pdf",
        "https://gosasaweju.weebly.com/uploads/1/3/1/3/131384289/9294082.pdf"
    ],
    "regex_urls": [
        "http://xeltuve.com/c3?utm_term=antarctica+map+printable+pdf+2017+printable+pdf",
        "https",
        "https",
        "https",
        "https",
        "https",
        "https",
        "https",
        "https",
        "https",
        "https",
        "https",
        "https",
        "https",
        "https",
        "https",
        "https",
        "https",
        "https",
        "https",
        "https",
        "https",
        "https",
        "https",
        "https",
        "https",
        "https",
        "https",
        "https",
        "https",
        "https",
        "https",
        "https",
        "https",
        "https",
        "https",
        "https",
        "https",
        "https",
        "https",
        "https",
        "https",
        "https",
        "https",
        "https",
        "http://www.w3.org/1999/02/22-rdf-syntax-ns#",
        "http://purl.org/dc/elements/1.1/",
        "http://ns.adobe.com/pdf/1.3/",
        "http://ns.adobe.com/xap/1.0/",
        "http://ns.adobe.com/xap/1.0/mm/",
        "http://ns.adobe.com/xap/1.0/rights/"
    ],
    "scripts": {
        "iframe": [],
        "urls": []
    },
    "static_properties": {
        "JBIG2Decode": "0",
        "XML_forms": "0",
        "acro_form": "0",
        "auto_action": "0",
        "colors": "0",
        "cross_reference_table": "2",
        "embedded_files": "0",
        "file_size": "700",
        "java_script": "0",
        "js": "0",
        "launch_action": "0",
        "object_end": "104",
        "object_start": "104",
        "object_streams": "0",
        "open_action": "0",
        "page_count": "5",
        "rich_media": "0",
        "start_cross_reference_table": "2",
        "stream_end": "18",
        "stream_start": "18",
        "trailer_dictionary": "2"
    },
    "yara_signatures": []
}