{
    "exif_signatures": {},
    "file_size": 282549,
    "pdfid_signatures": {},
    "pypdf_uris": [
        "https://fancli.com/2sk1x8",
        "https://firmateated.com/2022/07/04/browserbob-4-developer-edition-crack-download/",
        "https://missionmieuxetre.com/2022/07/04/jguiframework-crack/",
        "https://fatroiberica.es/wp-content/uploads/2022/07/vandhane.pdf",
        "http://barrillos.es/wp-content/uploads/2022/07/Super_Av__Crack__Torrent_Activation_Code_2022.pdf",
        "https://marbsoverlalawicom.wixsite.com/comfsifo/post/product-key-viewer-crack-free-april-2022",
        "https://youtubemap.net/wp-content/uploads/2022/07/jaemdarl.pdf",
        "https://immense-peak-05094.herokuapp.com/Bingo_Card_Printer.pdf",
        "https://remcdbcrb.org/wp-content/uploads/2022/07/TNT_Launcher_Icon.pdf",
        "https://kendamahouse.com/vip-task-manager-professional-crack-keygen-full-version/",
        "https://recreovirales.com/parallel-crack-free-license-key-download-march-2022/",
        "http://haylingbillyheritage.org/wp-content/uploads/2022/07/NeverLost.pdf",
        "https://umtsohor.com/2022/07/04/knote-crack-keygen-free-mac-win/",
        "https://citizenrelocations.com/2022/07/symbols-crack-incl-product-key.html",
        "https://www.cityofnewburyport.com/sites/g/files/vyhlif7106/f/uploads/snow_removal_information_jan_2018.pdf",
        "https://www.cityofnewburyport.com/sites/g/files/vyhlif7106/f/uploads/snow_removal_information_jan_2018.pdf",
        "https://airbrushinformation.net/2022/07/03/minis-license-code-keygen-mac-win/",
        "https://www.rueami.com/2022/07/03/ladybug-on-desktop-latest-2022/",
        "https://www.pickupevent.com/file-hider-unhider-plus-1-4-1-crack-free-download/",
        "https://vietnamnuoctoi.com/upload/files/2022/07/Wi4SwbhPsm9mwbX84lnp_04_c61976f0d276d3b4200bea2c1516cb77_file.pdf",
        "https://vietnamnuoctoi.com/upload/files/2022/07/Wi4SwbhPsm9mwbX84lnp_04_c61976f0d276d3b4200bea2c1516cb77_file.pdf",
        "https://rwix.ru/audiofan-mp3-to-wave-converter-crack-macwin-april-2022.html",
        "https://young-eyrie-79521.herokuapp.com/valeri.pdf",
        "http://www.tcpdf.org"
    ],
    "regex_uris": [
        "https://fancli.com/2sk1x8",
        "https://firmateated.com/2022/07/04/browserbob-4-developer-edition-crack-download/",
        "https://missionmieuxetre.com/2022/07/04/jguiframework-crack/",
        "https://fatroiberica.es/wp-content/uploads/2022/07/vandhane.pdf",
        "http://barrillos.es/wp-content/uploads/2022/07/Super_Av__Crack__Torrent_Activation_Code_2022.pdf",
        "https://marbsoverlalawicom.wixsite.com/comfsifo/post/product-key-viewer-crack-free-april-2022",
        "https://youtubemap.net/wp-content/uploads/2022/07/jaemdarl.pdf",
        "https://immense-peak-05094.herokuapp.com/Bingo_Card_Printer.pdf",
        "https://remcdbcrb.org/wp-content/uploads/2022/07/TNT_Launcher_Icon.pdf",
        "https://kendamahouse.com/vip-task-manager-professional-crack-keygen-full-version/",
        "https://recreovirales.com/parallel-crack-free-license-key-download-march-2022/",
        "http://haylingbillyheritage.org/wp-content/uploads/2022/07/NeverLost.pdf",
        "https://umtsohor.com/2022/07/04/knote-crack-keygen-free-mac-win/",
        "https://citizenrelocations.com/2022/07/symbols-crack-incl-product-key.html",
        "https://www.cityofnewburyport.com/sites/g/files/vyhlif7106/f/uploads/snow_removal_information_jan_2018.pdf",
        "https://www.cityofnewburyport.com/sites/g/files/vyhlif7106/f/uploads/snow_removal_information_jan_2018.pdf",
        "https://airbrushinformation.net/2022/07/03/minis-license-code-keygen-mac-win/",
        "https://www.rueami.com/2022/07/03/ladybug-on-desktop-latest-2022/",
        "https://www.pickupevent.com/file-hider-unhider-plus-1-4-1-crack-free-download/",
        "https://vietnamnuoctoi.com/upload/files/2022/07/Wi4SwbhPsm9mwbX84lnp_04_c61976f0d276d3b4200bea2c1516cb77_file.pdf",
        "https://vietnamnuoctoi.com/upload/files/2022/07/Wi4SwbhPsm9mwbX84lnp_04_c61976f0d276d3b4200bea2c1516cb77_file.pdf",
        "https://rwix.ru/audiofan-mp3-to-wave-converter-crack-macwin-april-2022.html",
        "https://young-eyrie-79521.herokuapp.com/valeri.pdf",
        "http://www.tcpdf.org"
    ],
    "regex_urls": [
        "https",
        "https",
        "https",
        "https",
        "http://barrillos.es/wp-content/uploads/2022/07/Super_Av__Crack__Torrent_Activation_Code_2022.pdf",
        "https",
        "https",
        "https",
        "https",
        "https",
        "https",
        "http://haylingbillyheritage.org/wp-content/uploads/2022/07/NeverLost.pdf",
        "https",
        "https",
        "https",
        "www.cityofnewburyport.com/sites/g/files/vyhlif7106/f/uploads/snow_removal_information_jan_2018.pdf",
        "https",
        "www.cityofnewburyport.com/sites/g/files/vyhlif7106/f/uploads/snow_removal_information_jan_2018.pdf",
        "https",
        "https",
        "www.rueami.com/2022/07/03/ladybug-on-desktop-latest-2022/",
        "https",
        "www.pickupevent.com/file-hider-unhider-plus-1-4-1-crack-free-download/",
        "https",
        "https",
        "https",
        "https",
        "http://www.tcpdf.org",
        "http://www.w3.org/1999/02/22-rdf-syntax-ns#",
        "http://purl.org/dc/elements/1.1/",
        "http://ns.adobe.com/xap/1.0/",
        "http://ns.adobe.com/pdf/1.3/",
        "http://ns.adobe.com/xap/1.0/mm/",
        "http://www.aiim.org/pdfa/ns/extension/",
        "http://www.aiim.org/pdfa/ns/schema#",
        "http://www.aiim.org/pdfa/ns/property#",
        "http://ns.adobe.com/pdf/1.3/",
        "http://ns.adobe.com/xap/1.0/mm/",
        "http://www.aiim.org/pdfa/ns/id/"
    ],
    "scripts": {
        "iframe": [],
        "urls": []
    },
    "static_properties": {
        "JBIG2Decode": "0",
        "XML_forms": "0",
        "acro_form": "0",
        "auto_action": "0",
        "colors": "0",
        "cross_reference_table": "1",
        "embedded_files": "0",
        "file_size": "283",
        "java_script": "0",
        "js": "0",
        "launch_action": "0",
        "object_end": "106",
        "object_start": "106",
        "object_streams": "0",
        "open_action": "1",
        "page_count": "30",
        "rich_media": "0",
        "start_cross_reference_table": "1",
        "stream_end": "40",
        "stream_start": "40",
        "trailer_dictionary": "1"
    },
    "yara_signatures": [
        "vmdetect",
        "without_attachments",
        "without_images",
        "with_urls",
        "contentis_base64",
        "Big_Numbers1"
    ]
}