{
    "exif_signatures": {},
    "file_size": 59564,
    "pdfid_signatures": {},
    "pypdf_uris": [
        "https://hotgrls1673.page.link/x3vC"
    ],
    "regex_uris": [
        "https://hotgrls1673.page.link/x3vC"
    ],
    "regex_urls": [
        "https",
        "http://www.w3.org/1999/02/22-rdf-syntax-ns#",
        "http://purl.org/dc/elements/1.1/",
        "http://ns.adobe.com/xap/1.0/",
        "http://ns.adobe.com/pdf/1.3/"
    ],
    "scripts": {
        "iframe": [],
        "urls": []
    },
    "static_properties": {
        "JBIG2Decode": "0",
        "XML_forms": "0",
        "acro_form": "0",
        "auto_action": "0",
        "colors": "0",
        "cross_reference_table": "1",
        "embedded_files": "0",
        "file_size": "60",
        "java_script": "0",
        "js": "0",
        "launch_action": "0",
        "object_end": "42",
        "object_start": "42",
        "object_streams": "0",
        "open_action": "0",
        "page_count": "11",
        "rich_media": "0",
        "start_cross_reference_table": "1",
        "stream_end": "15",
        "stream_start": "15",
        "trailer_dictionary": "1"
    },
    "yara_signatures": [
        "without_attachments",
        "without_images",
        "with_urls",
        "invalid_trailer_structure",
        "contentis_base64"
    ]
}