{
    "exif_signatures": {},
    "file_size": 150414,
    "pdfid_signatures": {},
    "pypdf_uris": [
        "http://getpdf.pw/book?res=123&isbn=9780292756786&kwd=The%20Fictional%20Christopher%20Nolan",
        "http://getpdf.pw/book?res=123&isbn=9780292756786&kwd=The%20Fictional%20Christopher%20Nolan",
        "https://static.s123-cdn.com/uploads/4659796/normal_61ae2f4ce8906.pdf"
    ],
    "regex_uris": [
        "http://getpdf.pw/book?res=123&isbn=9780292756786&kwd=The%20Fictional%20Christopher%20Nolan",
        "http://getpdf.pw/book?res=123&isbn=9780292756786&kwd=The%20Fictional%20Christopher%20Nolan",
        "https://static.s123-cdn.com/uploads/4659796/normal_61ae2f4ce8906.pdf"
    ],
    "regex_urls": [
        "http://getpdf.pw/book?res=123",
        "http://getpdf.pw/book?res=123",
        "https"
    ],
    "scripts": {
        "iframe": [],
        "urls": []
    },
    "static_properties": {
        "JBIG2Decode": "0",
        "XML_forms": "0",
        "acro_form": "0",
        "auto_action": "0",
        "colors": "0",
        "cross_reference_table": "1",
        "embedded_files": "0",
        "file_size": "150",
        "java_script": "0",
        "js": "0",
        "launch_action": "0",
        "object_end": "103",
        "object_start": "103",
        "object_streams": "0",
        "open_action": "0",
        "page_count": "13",
        "rich_media": "0",
        "start_cross_reference_table": "1",
        "stream_end": "20",
        "stream_start": "20",
        "trailer_dictionary": "1"
    },
    "yara_signatures": [
        "without_attachments",
        "without_images",
        "with_urls",
        "invalid_trailer_structure",
        "contentis_base64"
    ]
}