{
    "exif_signatures": {},
    "file_size": 44004,
    "pdfid_signatures": {},
    "pypdf_uris": [
        "https://netcdn.xyz/app/431946152/get-robux-com-game-hack",
        "https://netcdn.xyz/app/431946152/get-robux-com-game-hack",
        "https://eastwood.co.ke/uploaded_files/userfiles/files/games-that-give-you-free-robux_GM431946152.pdf",
        "https://eastwood.co.ke/uploaded_files/userfiles/files/free-minecraft-com_GM479516143.pdf",
        "https://eastwood.co.ke/uploaded_files/userfiles/files/haktuts-coin-master-free-spins-2021_GM406889139.pdf",
        "https://eastwood.co.ke/uploaded_files/userfiles/files/free-robux-codes-generator_GM431946152.pdf",
        "https://eastwood.co.ke/uploaded_files/userfiles/files/free-robux-that-actually-works_GM431946152.pdf",
        "https://eastwood.co.ke/uploaded_files/userfiles/files/100-free-coin-master-spins_GM406889139.pdf",
        "https://eastwood.co.ke/uploaded_files/userfiles/files/coin-master-gold-cards-free_GM406889139.pdf",
        "https://eastwood.co.ke/uploaded_files/userfiles/files/coin-master-free-spins-today-daily-links_GM406889139.pdf",
        "https://eastwood.co.ke/uploaded_files/userfiles/files/no-scam-free-robux_GM431946152.pdf",
        "https://eastwood.co.ke/uploaded_files/userfiles/files/free-coins-coin-master-blog_GM406889139.pdf",
        "https://eastwood.co.ke/uploaded_files/userfiles/files/free-roblox-clothes-codes_GM431946152.pdf",
        "https://eastwood.co.ke/uploaded_files/userfiles/files/minecraft-world-free-download_GM479516143.pdf",
        "https://eastwood.co.ke/uploaded_files/userfiles/files/how-to-get-java-minecraft-for-free_GM479516143.pdf",
        "https://eastwood.co.ke/uploaded_files/userfiles/files/how-to-hack-roblox-accounts-2021-easy_GM431946152.pdf",
        "https://eastwood.co.ke/uploaded_files/userfiles/files/hack-coin-master-using-cheat-engine_GM406889139.pdf",
        "https://eastwood.co.ke/uploaded_files/userfiles/files/open-coin-master_GM406889139.pdf",
        "https://eastwood.co.ke/uploaded_files/userfiles/files/easy-roblox-today_GM431946152.pdf",
        "https://eastwood.co.ke/uploaded_files/userfiles/files/minecraft-client-download_GM479516143.pdf",
        "https://eastwood.co.ke/uploaded_files/userfiles/files/toolbox-for-minecraft-windows-10_GM479516143.pdf",
        "https://eastwood.co.ke/uploaded_files/userfiles/files/how-to-download-minecraft-for-free-on-iphone_GM479516143.pdf"
    ],
    "regex_uris": [
        "https://netcdn.xyz/app/431946152/get-robux-com-game-hack",
        "https://netcdn.xyz/app/431946152/get-robux-com-game-hack",
        "https://eastwood.co.ke/uploaded_files/userfiles/files/games-that-give-you-free-robux_GM431946152.pdf",
        "https://eastwood.co.ke/uploaded_files/userfiles/files/free-minecraft-com_GM479516143.pdf",
        "https://eastwood.co.ke/uploaded_files/userfiles/files/haktuts-coin-master-free-spins-2021_GM406889139.pdf",
        "https://eastwood.co.ke/uploaded_files/userfiles/files/free-robux-codes-generator_GM431946152.pdf",
        "https://eastwood.co.ke/uploaded_files/userfiles/files/free-robux-that-actually-works_GM431946152.pdf",
        "https://eastwood.co.ke/uploaded_files/userfiles/files/100-free-coin-master-spins_GM406889139.pdf",
        "https://eastwood.co.ke/uploaded_files/userfiles/files/coin-master-gold-cards-free_GM406889139.pdf",
        "https://eastwood.co.ke/uploaded_files/userfiles/files/coin-master-free-spins-today-daily-links_GM406889139.pdf",
        "https://eastwood.co.ke/uploaded_files/userfiles/files/no-scam-free-robux_GM431946152.pdf",
        "https://eastwood.co.ke/uploaded_files/userfiles/files/free-coins-coin-master-blog_GM406889139.pdf",
        "https://eastwood.co.ke/uploaded_files/userfiles/files/free-roblox-clothes-codes_GM431946152.pdf",
        "https://eastwood.co.ke/uploaded_files/userfiles/files/minecraft-world-free-download_GM479516143.pdf",
        "https://eastwood.co.ke/uploaded_files/userfiles/files/how-to-get-java-minecraft-for-free_GM479516143.pdf",
        "https://eastwood.co.ke/uploaded_files/userfiles/files/how-to-hack-roblox-accounts-2021-easy_GM431946152.pdf",
        "https://eastwood.co.ke/uploaded_files/userfiles/files/hack-coin-master-using-cheat-engine_GM406889139.pdf",
        "https://eastwood.co.ke/uploaded_files/userfiles/files/open-coin-master_GM406889139.pdf",
        "https://eastwood.co.ke/uploaded_files/userfiles/files/easy-roblox-today_GM431946152.pdf",
        "https://eastwood.co.ke/uploaded_files/userfiles/files/minecraft-client-download_GM479516143.pdf",
        "https://eastwood.co.ke/uploaded_files/userfiles/files/toolbox-for-minecraft-windows-10_GM479516143.pdf",
        "https://eastwood.co.ke/uploaded_files/userfiles/files/how-to-download-minecraft-for-free-on-iphone_GM479516143.pdf"
    ],
    "regex_urls": [
        "https",
        "https",
        "https",
        "https",
        "https",
        "https",
        "https",
        "https",
        "https",
        "https",
        "https",
        "https",
        "https",
        "https",
        "https",
        "https",
        "https",
        "https",
        "https",
        "https",
        "https",
        "https"
    ],
    "scripts": {
        "iframe": [],
        "urls": []
    },
    "static_properties": {
        "JBIG2Decode": "0",
        "XML_forms": "0",
        "acro_form": "0",
        "auto_action": "0",
        "colors": "0",
        "cross_reference_table": "1",
        "embedded_files": "0",
        "file_size": "44",
        "java_script": "0",
        "js": "0",
        "launch_action": "0",
        "object_end": "60",
        "object_start": "60",
        "object_streams": "0",
        "open_action": "0",
        "page_count": "3",
        "rich_media": "0",
        "start_cross_reference_table": "1",
        "stream_end": "7",
        "stream_start": "7",
        "trailer_dictionary": "1"
    },
    "yara_signatures": [
        "vmdetect",
        "without_attachments",
        "without_images",
        "with_urls",
        "invalid_trailer_structure",
        "contentis_base64"
    ]
}