{
    "exif_signatures": {},
    "file_size": 49587,
    "pdfid_signatures": {},
    "pypdf_uris": [
        "https://netcdn.tw/app/431946152/this-game-has-shut-down-roblox-cheat-engine-game-hack",
        "https://netcdn.tw/app/431946152/this-game-has-shut-down-roblox-cheat-engine-game-hack",
        "https://elearning.man1tuban.sch.id/__statics/gudangsoal/files/best-free-minecraft-servers_GM479516143.pdf",
        "https://elearning.man1tuban.sch.id/__statics/gudangsoal/files/roblox-money-script-hack_GM431946152.pdf",
        "https://elearning.man1tuban.sch.id/__statics/gudangsoal/files/how-to-get-free-robux-without-verification-or-surveys_GM431946152.pdf",
        "https://elearning.man1tuban.sch.id/__statics/gudangsoal/files/free-robux-promo-codes_GM431946152.pdf",
        "https://elearning.man1tuban.sch.id/__statics/gudangsoal/files/coin-master-free-spins-and-coins_GM406889139.pdf",
        "https://elearning.man1tuban.sch.id/__statics/gudangsoal/files/free-robux-without-human-verification-real_GM431946152.pdf",
        "https://elearning.man1tuban.sch.id/__statics/gudangsoal/files/how-to-get-free-robux-legallz_GM431946152.pdf",
        "https://elearning.man1tuban.sch.id/__statics/gudangsoal/files/how-to-get-free-spins-for-coin-master_GM406889139.pdf",
        "https://elearning.man1tuban.sch.id/__statics/gudangsoal/files/how-to-get-free-robux-without-verifying-2021_GM431946152.pdf",
        "https://elearning.man1tuban.sch.id/__statics/gudangsoal/files/ways-to-get-free-robux_GM431946152.pdf",
        "https://elearning.man1tuban.sch.id/__statics/gudangsoal/files/how-to-get-minecoins-in-minecraft-for-free_GM479516143.pdf",
        "https://elearning.man1tuban.sch.id/__statics/gudangsoal/files/free-robux-survey_GM431946152.pdf",
        "https://elearning.man1tuban.sch.id/__statics/gudangsoal/files/minecraft-bedrock-free-with-java_GM479516143.pdf",
        "https://elearning.man1tuban.sch.id/__statics/gudangsoal/files/coin-master-free-gifts_GM406889139.pdf",
        "https://elearning.man1tuban.sch.id/__statics/gudangsoal/files/how-to-get-free-robux-2021_GM431946152.pdf",
        "https://elearning.man1tuban.sch.id/__statics/gudangsoal/files/coin-master-free-soins_GM406889139.pdf",
        "https://elearning.man1tuban.sch.id/__statics/gudangsoal/files/minecraft-pe-free-download_GM479516143.pdf",
        "https://elearning.man1tuban.sch.id/__statics/gudangsoal/files/minecraft-online-free-download_GM479516143.pdf",
        "https://elearning.man1tuban.sch.id/__statics/gudangsoal/files/free-robux-com-no-verification_GM431946152.pdf",
        "https://elearning.man1tuban.sch.id/__statics/gudangsoal/files/free-robux-hack_GM431946152.pdf"
    ],
    "regex_uris": [
        "https://netcdn.tw/app/431946152/this-game-has-shut-down-roblox-cheat-engine-game-hack",
        "https://netcdn.tw/app/431946152/this-game-has-shut-down-roblox-cheat-engine-game-hack",
        "https://elearning.man1tuban.sch.id/__statics/gudangsoal/files/best-free-minecraft-servers_GM479516143.pdf",
        "https://elearning.man1tuban.sch.id/__statics/gudangsoal/files/roblox-money-script-hack_GM431946152.pdf",
        "https://elearning.man1tuban.sch.id/__statics/gudangsoal/files/how-to-get-free-robux-without-verification-or-surveys_GM431946152.pdf",
        "https://elearning.man1tuban.sch.id/__statics/gudangsoal/files/free-robux-promo-codes_GM431946152.pdf",
        "https://elearning.man1tuban.sch.id/__statics/gudangsoal/files/coin-master-free-spins-and-coins_GM406889139.pdf",
        "https://elearning.man1tuban.sch.id/__statics/gudangsoal/files/free-robux-without-human-verification-real_GM431946152.pdf",
        "https://elearning.man1tuban.sch.id/__statics/gudangsoal/files/how-to-get-free-robux-legallz_GM431946152.pdf",
        "https://elearning.man1tuban.sch.id/__statics/gudangsoal/files/how-to-get-free-spins-for-coin-master_GM406889139.pdf",
        "https://elearning.man1tuban.sch.id/__statics/gudangsoal/files/how-to-get-free-robux-without-verifying-2021_GM431946152.pdf",
        "https://elearning.man1tuban.sch.id/__statics/gudangsoal/files/ways-to-get-free-robux_GM431946152.pdf",
        "https://elearning.man1tuban.sch.id/__statics/gudangsoal/files/how-to-get-minecoins-in-minecraft-for-free_GM479516143.pdf",
        "https://elearning.man1tuban.sch.id/__statics/gudangsoal/files/free-robux-survey_GM431946152.pdf",
        "https://elearning.man1tuban.sch.id/__statics/gudangsoal/files/minecraft-bedrock-free-with-java_GM479516143.pdf",
        "https://elearning.man1tuban.sch.id/__statics/gudangsoal/files/coin-master-free-gifts_GM406889139.pdf",
        "https://elearning.man1tuban.sch.id/__statics/gudangsoal/files/how-to-get-free-robux-2021_GM431946152.pdf",
        "https://elearning.man1tuban.sch.id/__statics/gudangsoal/files/coin-master-free-soins_GM406889139.pdf",
        "https://elearning.man1tuban.sch.id/__statics/gudangsoal/files/minecraft-pe-free-download_GM479516143.pdf",
        "https://elearning.man1tuban.sch.id/__statics/gudangsoal/files/minecraft-online-free-download_GM479516143.pdf",
        "https://elearning.man1tuban.sch.id/__statics/gudangsoal/files/free-robux-com-no-verification_GM431946152.pdf",
        "https://elearning.man1tuban.sch.id/__statics/gudangsoal/files/free-robux-hack_GM431946152.pdf"
    ],
    "regex_urls": [
        "https",
        "https",
        "https",
        "https",
        "https",
        "https",
        "https",
        "https",
        "https",
        "https",
        "https",
        "https",
        "https",
        "https",
        "https",
        "https",
        "https",
        "https",
        "https",
        "https",
        "https",
        "https"
    ],
    "scripts": {
        "iframe": [],
        "urls": []
    },
    "static_properties": {
        "JBIG2Decode": "0",
        "XML_forms": "0",
        "acro_form": "0",
        "auto_action": "0",
        "colors": "0",
        "cross_reference_table": "1",
        "embedded_files": "0",
        "file_size": "50",
        "java_script": "0",
        "js": "0",
        "launch_action": "0",
        "object_end": "65",
        "object_start": "65",
        "object_streams": "0",
        "open_action": "0",
        "page_count": "4",
        "rich_media": "0",
        "start_cross_reference_table": "1",
        "stream_end": "8",
        "stream_start": "8",
        "trailer_dictionary": "1"
    },
    "yara_signatures": [
        "without_attachments",
        "without_images",
        "with_urls",
        "invalid_trailer_structure",
        "contentis_base64"
    ]
}