{
    "exif_signatures": {},
    "file_size": 309959,
    "pdfid_signatures": {},
    "pypdf_uris": [
        "https://yoyep.co.za/XSRYdR1H?utm_term=android+os+names+history",
        "https://fujepibipaxider.weebly.com/uploads/1/3/1/0/131070521/wanafolip.pdf",
        "https://sopunarexij.weebly.com/uploads/1/3/1/8/131857112/wevotaf.pdf",
        "http://rowerowaszkola.pl/imgturysta/files/gubekirupiwinowe.pdf",
        "https://ramowofotaro.weebly.com/uploads/1/3/1/6/131607053/jiled-tisirupinedut-gakekamego-lizupuguf.pdf",
        "http://www.bombillasconled.com/archivos/files/nojumabupepuzijiladiribiv.pdf",
        "https://kifedipe.weebly.com/uploads/1/4/1/5/141530160/bupurejaravo.pdf",
        "http://gemeinschaftshaus-grossmuss.de/demo/admin/editor/kcfinder/upload/files/pelezodovonurojimugizewok.pdf",
        "https://giguwixozobaba.weebly.com/uploads/1/4/1/4/141466047/818599.pdf",
        "https://gimepokik.weebly.com/uploads/1/3/1/6/131636980/5170399.pdf",
        "https://locoffice.ru/userfiles/file/33880877332.pdf",
        "https://zofijakifixanow.weebly.com/uploads/1/3/4/6/134677560/969a1033ba.pdf",
        "https://xoxasilomuxap.weebly.com/uploads/1/4/1/4/141431800/wegemaxurero.pdf",
        "https://zixulelivu.weebly.com/uploads/1/3/4/5/134507035/nejibufex_nufulivimidalib.pdf",
        "https://jinikegubu.weebly.com/uploads/1/3/4/8/134873825/9324359.pdf",
        "https://laxoweveludek.weebly.com/uploads/1/3/0/9/130970009/lonij.pdf",
        "http://cancunday.com/travela/img/files/13354290150.pdf",
        "https://dabaratubimute.weebly.com/uploads/1/4/1/4/141429438/354ac0b4901ba1.pdf",
        "https://wuxikiro.weebly.com/uploads/1/4/1/5/141552330/lamijuzov.pdf",
        "http://www.fishandcosolicitors.com/uploads/files/jazekeremakixukiwirur.pdf",
        "https://dajexuxeguse.weebly.com/uploads/1/3/4/8/134859846/fobikenaziv_xajafexo.pdf",
        "https://bivogovaxi.weebly.com/uploads/1/3/4/3/134320375/musadamono_vedikumiju.pdf",
        "http://infinity-pro.ru/userfiles/file/93803937777.pdf",
        "https://lizatupapej.weebly.com/uploads/1/3/4/4/134401074/048e8.pdf",
        "http://www.majbrno.cz/uploads/files/23906827214.pdf",
        "https://durapafived.weebly.com/uploads/1/3/1/4/131438767/datezolelarijakowas.pdf",
        "https://toxazuna.weebly.com/uploads/1/3/0/9/130969920/4710390.pdf"
    ],
    "regex_uris": [
        "https://yoyep.co.za/XSRYdR1H?utm_term=android+os+names+history",
        "https://fujepibipaxider.weebly.com/uploads/1/3/1/0/131070521/wanafolip.pdf",
        "https://sopunarexij.weebly.com/uploads/1/3/1/8/131857112/wevotaf.pdf",
        "http://rowerowaszkola.pl/imgturysta/files/gubekirupiwinowe.pdf",
        "https://ramowofotaro.weebly.com/uploads/1/3/1/6/131607053/jiled-tisirupinedut-gakekamego-lizupuguf.pdf",
        "http://www.bombillasconled.com/archivos/files/nojumabupepuzijiladiribiv.pdf",
        "https://kifedipe.weebly.com/uploads/1/4/1/5/141530160/bupurejaravo.pdf",
        "http://gemeinschaftshaus-grossmuss.de/demo/admin/editor/kcfinder/upload/files/pelezodovonurojimugizewok.pdf",
        "https://giguwixozobaba.weebly.com/uploads/1/4/1/4/141466047/818599.pdf",
        "https://gimepokik.weebly.com/uploads/1/3/1/6/131636980/5170399.pdf",
        "https://locoffice.ru/userfiles/file/33880877332.pdf",
        "https://zofijakifixanow.weebly.com/uploads/1/3/4/6/134677560/969a1033ba.pdf",
        "https://xoxasilomuxap.weebly.com/uploads/1/4/1/4/141431800/wegemaxurero.pdf",
        "https://zixulelivu.weebly.com/uploads/1/3/4/5/134507035/nejibufex_nufulivimidalib.pdf",
        "https://jinikegubu.weebly.com/uploads/1/3/4/8/134873825/9324359.pdf",
        "https://laxoweveludek.weebly.com/uploads/1/3/0/9/130970009/lonij.pdf",
        "http://cancunday.com/travela/img/files/13354290150.pdf",
        "https://dabaratubimute.weebly.com/uploads/1/4/1/4/141429438/354ac0b4901ba1.pdf",
        "https://wuxikiro.weebly.com/uploads/1/4/1/5/141552330/lamijuzov.pdf",
        "http://www.fishandcosolicitors.com/uploads/files/jazekeremakixukiwirur.pdf",
        "https://dajexuxeguse.weebly.com/uploads/1/3/4/8/134859846/fobikenaziv_xajafexo.pdf",
        "https://bivogovaxi.weebly.com/uploads/1/3/4/3/134320375/musadamono_vedikumiju.pdf",
        "http://infinity-pro.ru/userfiles/file/93803937777.pdf",
        "https://lizatupapej.weebly.com/uploads/1/3/4/4/134401074/048e8.pdf",
        "http://www.majbrno.cz/uploads/files/23906827214.pdf",
        "https://durapafived.weebly.com/uploads/1/3/1/4/131438767/datezolelarijakowas.pdf",
        "https://toxazuna.weebly.com/uploads/1/3/0/9/130969920/4710390.pdf"
    ],
    "regex_urls": [
        "https",
        "https",
        "https",
        "http://rowerowaszkola.pl/imgturysta/files/gubekirupiwinowe.pdf",
        "https",
        "http://www.bombillasconled.com/archivos/files/nojumabupepuzijiladiribiv.pdf",
        "https",
        "http://gemeinschaftshaus-grossmuss.de/demo/admin/editor/kcfinder/upload/files/pelezodovonurojimugizewok.pdf",
        "https",
        "https",
        "https",
        "https",
        "https",
        "https",
        "https",
        "https",
        "http://cancunday.com/travela/img/files/13354290150.pdf",
        "https",
        "https",
        "http://www.fishandcosolicitors.com/uploads/files/jazekeremakixukiwirur.pdf",
        "https",
        "https",
        "http://infinity-pro.ru/userfiles/file/93803937777.pdf",
        "https",
        "http://www.majbrno.cz/uploads/files/23906827214.pdf",
        "https",
        "https",
        "http://www.w3.org/1999/02/22-rdf-syntax-ns#",
        "http://purl.org/dc/elements/1.1/",
        "http://ns.adobe.com/pdf/1.3/",
        "http://ns.adobe.com/xap/1.0/",
        "http://ns.adobe.com/xap/1.0/mm/",
        "http://ns.adobe.com/xap/1.0/rights/"
    ],
    "scripts": {
        "iframe": [],
        "urls": []
    },
    "static_properties": {
        "JBIG2Decode": "0",
        "XML_forms": "0",
        "acro_form": "0",
        "auto_action": "0",
        "colors": "0",
        "cross_reference_table": "2",
        "embedded_files": "0",
        "file_size": "310",
        "java_script": "0",
        "js": "0",
        "launch_action": "0",
        "object_end": "88",
        "object_start": "88",
        "object_streams": "0",
        "open_action": "0",
        "page_count": "4",
        "rich_media": "0",
        "start_cross_reference_table": "2",
        "stream_end": "20",
        "stream_start": "20",
        "trailer_dictionary": "2"
    },
    "yara_signatures": [
        "without_attachments",
        "without_images",
        "with_urls",
        "invalid_trailer_structure",
        "multiple_versions",
        "contentis_base64"
    ]
}