{
    "exif_signatures": {},
    "file_size": 118029,
    "pdfid_signatures": {},
    "pypdf_uris": [
        "http://esecuritys.com/videoselect&amphitheatres/bromadiolone/?barbarian=ZG93bmxvYWR8N0tiYm1WbU0zeDhNVFkyT0RnM05qazNOWHg4TWpVNU1IeDhLRTBwSUZkdmNtUndjbVZ6Y3lCYldFMU1VbEJESUZZeUlGQkVSbDA&SU1vbml0b3IgRUFNIFByb2Zlc3Npb25hbCBWNS4zIEtleWdlbi5lcHViSU1=chives",
        "https://grxgloves.com/muhammadaljibalybookspdf32-exclusive/",
        "https://notallheroeswearcapes.org/wp-content/uploads/daekay.pdf",
        "https://www.alltagsunterstuetzung.at/advert/yamaha-cs80-profesyonel-org-programi-indir-2/",
        "https://rerummea.com/wp-content/uploads/2022/11/Sky_Go_Login_Crack_VERIFIED-1.pdf",
        "https://imarsorgula.com/wp-content/uploads/2022/11/emalras.pdf",
        "https://www.tresors-perse.com/wp-content/uploads/2022/11/Powergeezamharic2010free_VERIFIEDdownlod.pdf",
        "https://www.tresors-perse.com/wp-content/uploads/2022/11/Powergeezamharic2010free_VERIFIEDdownlod.pdf",
        "https://ibipti.com/counter-strike-1-6-v43-free/",
        "https://menamlanxang.com/khiladi-kolkata-bangla-full-movie-download-portable/",
        "http://wanoengineeringsystems.com/?p=170692",
        "https://eqsport.biz/hd-online-player-clave-de-registro-para-ultra-iso-cra/",
        "https://turbulentelevenvansissi.nl/wp-content/uploads/2022/11/HD_Online_Player_Hindi_Dubbed_After_Earth_Movie_Downl.pdf",
        "https://turbulentelevenvansissi.nl/wp-content/uploads/2022/11/HD_Online_Player_Hindi_Dubbed_After_Earth_Movie_Downl.pdf",
        "https://ameppa.org/2022/11/21/x-lite-3-0-crack-toped/",
        "https://handelsweb.be/wp-content/uploads/2022/11/rupvyg-1.pdf",
        "https://shalamonduke.com/mighty-raju-rio-calling-2-upd-full-movie-in-tamil-free-download/",
        "https://www.yflyer.org/advert/living-cookbook-crack-new/",
        "https://topgiftsforgirls.com/gemvision-matrix-7-download-hot/",
        "https://balancingthecrazy.com/2022/11/21/shahid-5-full-movie-in-hindi-free-download-hd-720p-work-2/",
        "https://balancingthecrazy.com/2022/11/21/shahid-5-full-movie-in-hindi-free-download-hd-720p-work-2/",
        "https://collincounty247.com/wp-content/uploads/2022/11/non_conventional_energy_resources_book_by_hasan_saeed_free_4.pdf",
        "https://collincounty247.com/wp-content/uploads/2022/11/non_conventional_energy_resources_book_by_hasan_saeed_free_4.pdf",
        "https://brandyallen.com/2022/11/21/platago-super-platform-game-maker-free-download-fixed/",
        "https://ebs.co.zw/advert/quimicageneraldearmendariz/",
        "http://www.tcpdf.org"
    ],
    "regex_uris": [
        "http://esecuritys.com/videoselect&amphitheatres/bromadiolone/?barbarian=ZG93bmxvYWR8N0tiYm1WbU0zeDhNVFkyT0RnM05qazNOWHg4TWpVNU1IeDhLRTBwSUZkdmNtUndjbVZ6Y3lCYldFMU1VbEJESUZZeUlGQkVSbDA&SU1vbml0b3IgRUFNIFByb2Zlc3Npb25hbCBWNS4zIEtleWdlbi5lcHViSU1=chives",
        "https://grxgloves.com/muhammadaljibalybookspdf32-exclusive/",
        "https://notallheroeswearcapes.org/wp-content/uploads/daekay.pdf",
        "https://www.alltagsunterstuetzung.at/advert/yamaha-cs80-profesyonel-org-programi-indir-2/",
        "https://rerummea.com/wp-content/uploads/2022/11/Sky_Go_Login_Crack_VERIFIED-1.pdf",
        "https://imarsorgula.com/wp-content/uploads/2022/11/emalras.pdf",
        "https://www.tresors-perse.com/wp-content/uploads/2022/11/Powergeezamharic2010free_VERIFIEDdownlod.pdf",
        "https://www.tresors-perse.com/wp-content/uploads/2022/11/Powergeezamharic2010free_VERIFIEDdownlod.pdf",
        "https://ibipti.com/counter-strike-1-6-v43-free/",
        "https://menamlanxang.com/khiladi-kolkata-bangla-full-movie-download-portable/",
        "http://wanoengineeringsystems.com/?p=170692",
        "https://eqsport.biz/hd-online-player-clave-de-registro-para-ultra-iso-cra/",
        "https://turbulentelevenvansissi.nl/wp-content/uploads/2022/11/HD_Online_Player_Hindi_Dubbed_After_Earth_Movie_Downl.pdf",
        "https://turbulentelevenvansissi.nl/wp-content/uploads/2022/11/HD_Online_Player_Hindi_Dubbed_After_Earth_Movie_Downl.pdf",
        "https://ameppa.org/2022/11/21/x-lite-3-0-crack-toped/",
        "https://handelsweb.be/wp-content/uploads/2022/11/rupvyg-1.pdf",
        "https://shalamonduke.com/mighty-raju-rio-calling-2-upd-full-movie-in-tamil-free-download/",
        "https://www.yflyer.org/advert/living-cookbook-crack-new/",
        "https://topgiftsforgirls.com/gemvision-matrix-7-download-hot/",
        "https://balancingthecrazy.com/2022/11/21/shahid-5-full-movie-in-hindi-free-download-hd-720p-work-2/",
        "https://balancingthecrazy.com/2022/11/21/shahid-5-full-movie-in-hindi-free-download-hd-720p-work-2/",
        "https://collincounty247.com/wp-content/uploads/2022/11/non_conventional_energy_resources_book_by_hasan_saeed_free_4.pdf",
        "https://collincounty247.com/wp-content/uploads/2022/11/non_conventional_energy_resources_book_by_hasan_saeed_free_4.pdf",
        "https://brandyallen.com/2022/11/21/platago-super-platform-game-maker-free-download-fixed/",
        "https://ebs.co.zw/advert/quimicageneraldearmendariz/",
        "http://www.tcpdf.org"
    ],
    "regex_urls": [
        "http://esecuritys.com/videoselect",
        "https",
        "https",
        "https",
        "www.alltagsunterstuetzung.at/advert/yamaha-cs80-profesyonel-org-programi-indir-2/",
        "https",
        "https",
        "https",
        "www.tresors-perse.com/wp-content/uploads/2022/11/Powergeezamharic2010free_VERIFIEDdownlod.pdf",
        "https",
        "www.tresors-perse.com/wp-content/uploads/2022/11/Powergeezamharic2010free_VERIFIEDdownlod.pdf",
        "https",
        "https",
        "http://wanoengineeringsystems.com/?p=170692",
        "https",
        "https",
        "https",
        "https",
        "https",
        "https",
        "https",
        "www.yflyer.org/advert/living-cookbook-crack-new/",
        "https",
        "https",
        "https",
        "https",
        "https",
        "https",
        "https",
        "http://www.tcpdf.org",
        "http://www.w3.org/1999/02/22-rdf-syntax-ns#",
        "http://purl.org/dc/elements/1.1/",
        "http://ns.adobe.com/xap/1.0/",
        "http://ns.adobe.com/pdf/1.3/",
        "http://ns.adobe.com/xap/1.0/mm/",
        "http://www.aiim.org/pdfa/ns/extension/",
        "http://www.aiim.org/pdfa/ns/schema#",
        "http://www.aiim.org/pdfa/ns/property#",
        "http://ns.adobe.com/pdf/1.3/",
        "http://ns.adobe.com/xap/1.0/mm/",
        "http://www.aiim.org/pdfa/ns/id/"
    ],
    "scripts": {
        "iframe": [],
        "urls": []
    },
    "static_properties": {
        "JBIG2Decode": "0",
        "XML_forms": "0",
        "acro_form": "0",
        "auto_action": "0",
        "colors": "0",
        "cross_reference_table": "1",
        "embedded_files": "0",
        "file_size": "118",
        "java_script": "0",
        "js": "0",
        "launch_action": "0",
        "object_end": "50",
        "object_start": "50",
        "object_streams": "0",
        "open_action": "1",
        "page_count": "2",
        "rich_media": "0",
        "start_cross_reference_table": "1",
        "stream_end": "10",
        "stream_start": "10",
        "trailer_dictionary": "1"
    },
    "yara_signatures": [
        "without_attachments",
        "without_images",
        "with_urls",
        "contentis_base64",
        "Big_Numbers1"
    ]
}