{
    "exif_signatures": {},
    "file_size": 43920,
    "pdfid_signatures": {},
    "pypdf_uris": [
        "http://netcdn.co/app/431946152/free-roblox-shirt-design-game-hack",
        "http://netcdn.co/app/431946152/free-roblox-shirt-design-game-hack",
        "https://elearning.mtsn1lahat.sch.id/__statics/gudangsoal/files/minecraft-free-education_GM479516143.pdf",
        "https://elearning.mtsn1lahat.sch.id/__statics/gudangsoal/files/coin-master-free-spins-link_GM406889139.pdf",
        "https://elearning.mtsn1lahat.sch.id/__statics/gudangsoal/files/can-you-actually-get-free-robux_GM431946152.pdf",
        "https://elearning.mtsn1lahat.sch.id/__statics/gudangsoal/files/roblox-hack-unlimited-robux_GM431946152.pdf",
        "https://elearning.mtsn1lahat.sch.id/__statics/gudangsoal/files/how-to-free-robux_GM431946152.pdf",
        "https://elearning.mtsn1lahat.sch.id/__statics/gudangsoal/files/pokemon-go-free-spoofing-ios_GM1094591345.pdf",
        "https://elearning.mtsn1lahat.sch.id/__statics/gudangsoal/files/free-tiktok-followers-instantly_GM835599320.pdf",
        "https://elearning.mtsn1lahat.sch.id/__statics/gudangsoal/files/como-hackear-roblox-para-tener-robux-infinitos_GM431946152.pdf",
        "https://elearning.mtsn1lahat.sch.id/__statics/gudangsoal/files/roblox-hack-scripts-pastebin_GM431946152.pdf",
        "https://elearning.mtsn1lahat.sch.id/__statics/gudangsoal/files/roblox-online-roblox-hack_GM431946152.pdf",
        "https://elearning.mtsn1lahat.sch.id/__statics/gudangsoal/files/coin-master-hack-ios-2021_GM406889139.pdf",
        "https://elearning.mtsn1lahat.sch.id/__statics/gudangsoal/files/bluebird-free-roblox-youtube_GM431946152.pdf",
        "https://elearning.mtsn1lahat.sch.id/__statics/gudangsoal/files/free-robux-no-generator_GM431946152.pdf",
        "https://elearning.mtsn1lahat.sch.id/__statics/gudangsoal/files/coin-master-hack-here_GM406889139.pdf",
        "https://elearning.mtsn1lahat.sch.id/__statics/gudangsoal/files/minecraft-windows-10-hacks_GM479516143.pdf",
        "https://elearning.mtsn1lahat.sch.id/__statics/gudangsoal/files/coin-master-working-hack_GM406889139.pdf",
        "https://elearning.mtsn1lahat.sch.id/__statics/gudangsoal/files/coin-master-hack-apk-facebook-login_GM406889139.pdf",
        "https://elearning.mtsn1lahat.sch.id/__statics/gudangsoal/files/how-to-get-free-robux-video-no-hacking_GM431946152.pdf",
        "https://elearning.mtsn1lahat.sch.id/__statics/gudangsoal/files/haktuts-coin-master-free-spins-2021_GM406889139.pdf",
        "https://elearning.mtsn1lahat.sch.id/__statics/gudangsoal/files/this-robux-hack-nearly-got-me-arrested_GM431946152.pdf"
    ],
    "regex_uris": [
        "http://netcdn.co/app/431946152/free-roblox-shirt-design-game-hack",
        "http://netcdn.co/app/431946152/free-roblox-shirt-design-game-hack",
        "https://elearning.mtsn1lahat.sch.id/__statics/gudangsoal/files/minecraft-free-education_GM479516143.pdf",
        "https://elearning.mtsn1lahat.sch.id/__statics/gudangsoal/files/coin-master-free-spins-link_GM406889139.pdf",
        "https://elearning.mtsn1lahat.sch.id/__statics/gudangsoal/files/can-you-actually-get-free-robux_GM431946152.pdf",
        "https://elearning.mtsn1lahat.sch.id/__statics/gudangsoal/files/roblox-hack-unlimited-robux_GM431946152.pdf",
        "https://elearning.mtsn1lahat.sch.id/__statics/gudangsoal/files/how-to-free-robux_GM431946152.pdf",
        "https://elearning.mtsn1lahat.sch.id/__statics/gudangsoal/files/pokemon-go-free-spoofing-ios_GM1094591345.pdf",
        "https://elearning.mtsn1lahat.sch.id/__statics/gudangsoal/files/free-tiktok-followers-instantly_GM835599320.pdf",
        "https://elearning.mtsn1lahat.sch.id/__statics/gudangsoal/files/como-hackear-roblox-para-tener-robux-infinitos_GM431946152.pdf",
        "https://elearning.mtsn1lahat.sch.id/__statics/gudangsoal/files/roblox-hack-scripts-pastebin_GM431946152.pdf",
        "https://elearning.mtsn1lahat.sch.id/__statics/gudangsoal/files/roblox-online-roblox-hack_GM431946152.pdf",
        "https://elearning.mtsn1lahat.sch.id/__statics/gudangsoal/files/coin-master-hack-ios-2021_GM406889139.pdf",
        "https://elearning.mtsn1lahat.sch.id/__statics/gudangsoal/files/bluebird-free-roblox-youtube_GM431946152.pdf",
        "https://elearning.mtsn1lahat.sch.id/__statics/gudangsoal/files/free-robux-no-generator_GM431946152.pdf",
        "https://elearning.mtsn1lahat.sch.id/__statics/gudangsoal/files/coin-master-hack-here_GM406889139.pdf",
        "https://elearning.mtsn1lahat.sch.id/__statics/gudangsoal/files/minecraft-windows-10-hacks_GM479516143.pdf",
        "https://elearning.mtsn1lahat.sch.id/__statics/gudangsoal/files/coin-master-working-hack_GM406889139.pdf",
        "https://elearning.mtsn1lahat.sch.id/__statics/gudangsoal/files/coin-master-hack-apk-facebook-login_GM406889139.pdf",
        "https://elearning.mtsn1lahat.sch.id/__statics/gudangsoal/files/how-to-get-free-robux-video-no-hacking_GM431946152.pdf",
        "https://elearning.mtsn1lahat.sch.id/__statics/gudangsoal/files/haktuts-coin-master-free-spins-2021_GM406889139.pdf",
        "https://elearning.mtsn1lahat.sch.id/__statics/gudangsoal/files/this-robux-hack-nearly-got-me-arrested_GM431946152.pdf"
    ],
    "regex_urls": [
        "http://netcdn.co/app/431946152/free-roblox-shirt-design-game-hack",
        "http://netcdn.co/app/431946152/free-roblox-shirt-design-game-hack",
        "https",
        "https",
        "https",
        "https",
        "https",
        "https",
        "https",
        "https",
        "https",
        "https",
        "https",
        "https",
        "https",
        "https",
        "https",
        "https",
        "https",
        "https",
        "https",
        "https"
    ],
    "scripts": {
        "iframe": [],
        "urls": []
    },
    "static_properties": {
        "JBIG2Decode": "0",
        "XML_forms": "0",
        "acro_form": "0",
        "auto_action": "0",
        "colors": "0",
        "cross_reference_table": "1",
        "embedded_files": "0",
        "file_size": "44",
        "java_script": "0",
        "js": "0",
        "launch_action": "0",
        "object_end": "60",
        "object_start": "60",
        "object_streams": "0",
        "open_action": "0",
        "page_count": "3",
        "rich_media": "0",
        "start_cross_reference_table": "1",
        "stream_end": "7",
        "stream_start": "7",
        "trailer_dictionary": "1"
    },
    "yara_signatures": [
        "without_attachments",
        "without_images",
        "with_urls",
        "invalid_trailer_structure",
        "contentis_base64"
    ]
}