{
    "exif_signatures": {},
    "file_size": 45314,
    "pdfid_signatures": {},
    "pypdf_uris": [
        "https://netcdn.xyz/app/406889139/coin-master-hack-without-human-verification-2021-game-hack",
        "https://netcdn.xyz/app/406889139/coin-master-hack-without-human-verification-2021-game-hack",
        "https://www.taline.hr/files/can-you-get-free-robux-on-roblox_GM431946152.pdf",
        "https://www.taline.hr/files/rbxcity-free-robux_GM431946152.pdf",
        "https://www.taline.hr/files/reddit-coin-master-hack_GM406889139.pdf",
        "https://www.taline.hr/files/minecraft-games-free-download_GM479516143.pdf",
        "https://www.taline.hr/files/how-to-hack-roblox-games_GM431946152.pdf",
        "https://www.taline.hr/files/how-to-get-minecraft-for-free-on-chromebook_GM479516143.pdf",
        "https://www.taline.hr/files/wurst-hacked-client-112-2_GM479516143.pdf",
        "https://www.taline.hr/files/hack-spin-coin-master-2021_GM406889139.pdf",
        "https://www.taline.hr/files/getrobux-info_GM431946152.pdf",
        "https://www.taline.hr/files/100-free-spins-coin-master-2021_GM406889139.pdf",
        "https://www.taline.hr/files/claim-roblox_GM431946152.pdf",
        "https://www.taline.hr/files/roblox-studio-free-robux_GM431946152.pdf",
        "https://www.taline.hr/files/free-promo-codes-roblox_GM431946152.pdf",
        "https://www.taline.hr/files/who-to-get-free-robux_GM431946152.pdf",
        "https://www.taline.hr/files/how-to-install-minecraft-for-free-on-ios_GM479516143.pdf",
        "https://www.taline.hr/files/coin-master-daily-free-spins-link-2021_GM406889139.pdf",
        "https://www.taline.hr/files/roblox-font-free_GM431946152.pdf",
        "https://www.taline.hr/files/coin-master-real-hack_GM406889139.pdf",
        "https://www.taline.hr/files/coin-master-daily-free-spins-link-today-blogspot_GM406889139.pdf",
        "https://www.taline.hr/files/minecraft-xbox-one-code-free_GM479516143.pdf"
    ],
    "regex_uris": [
        "https://netcdn.xyz/app/406889139/coin-master-hack-without-human-verification-2021-game-hack",
        "https://netcdn.xyz/app/406889139/coin-master-hack-without-human-verification-2021-game-hack",
        "https://www.taline.hr/files/can-you-get-free-robux-on-roblox_GM431946152.pdf",
        "https://www.taline.hr/files/rbxcity-free-robux_GM431946152.pdf",
        "https://www.taline.hr/files/reddit-coin-master-hack_GM406889139.pdf",
        "https://www.taline.hr/files/minecraft-games-free-download_GM479516143.pdf",
        "https://www.taline.hr/files/how-to-hack-roblox-games_GM431946152.pdf",
        "https://www.taline.hr/files/how-to-get-minecraft-for-free-on-chromebook_GM479516143.pdf",
        "https://www.taline.hr/files/wurst-hacked-client-112-2_GM479516143.pdf",
        "https://www.taline.hr/files/hack-spin-coin-master-2021_GM406889139.pdf",
        "https://www.taline.hr/files/getrobux-info_GM431946152.pdf",
        "https://www.taline.hr/files/100-free-spins-coin-master-2021_GM406889139.pdf",
        "https://www.taline.hr/files/claim-roblox_GM431946152.pdf",
        "https://www.taline.hr/files/roblox-studio-free-robux_GM431946152.pdf",
        "https://www.taline.hr/files/free-promo-codes-roblox_GM431946152.pdf",
        "https://www.taline.hr/files/who-to-get-free-robux_GM431946152.pdf",
        "https://www.taline.hr/files/how-to-install-minecraft-for-free-on-ios_GM479516143.pdf",
        "https://www.taline.hr/files/coin-master-daily-free-spins-link-2021_GM406889139.pdf",
        "https://www.taline.hr/files/roblox-font-free_GM431946152.pdf",
        "https://www.taline.hr/files/coin-master-real-hack_GM406889139.pdf",
        "https://www.taline.hr/files/coin-master-daily-free-spins-link-today-blogspot_GM406889139.pdf",
        "https://www.taline.hr/files/minecraft-xbox-one-code-free_GM479516143.pdf"
    ],
    "regex_urls": [
        "https",
        "https",
        "https",
        "www.taline.hr/files/can-you-get-free-robux-on-roblox_GM431946152.pdf",
        "https",
        "www.taline.hr/files/rbxcity-free-robux_GM431946152.pdf",
        "https",
        "www.taline.hr/files/reddit-coin-master-hack_GM406889139.pdf",
        "https",
        "www.taline.hr/files/minecraft-games-free-download_GM479516143.pdf",
        "https",
        "www.taline.hr/files/how-to-hack-roblox-games_GM431946152.pdf",
        "https",
        "www.taline.hr/files/how-to-get-minecraft-for-free-on-chromebook_GM479516143.pdf",
        "https",
        "www.taline.hr/files/wurst-hacked-client-112-2_GM479516143.pdf",
        "https",
        "www.taline.hr/files/hack-spin-coin-master-2021_GM406889139.pdf",
        "https",
        "www.taline.hr/files/getrobux-info_GM431946152.pdf",
        "https",
        "www.taline.hr/files/100-free-spins-coin-master-2021_GM406889139.pdf",
        "https",
        "www.taline.hr/files/claim-roblox_GM431946152.pdf",
        "https",
        "www.taline.hr/files/roblox-studio-free-robux_GM431946152.pdf",
        "https",
        "www.taline.hr/files/free-promo-codes-roblox_GM431946152.pdf",
        "https",
        "www.taline.hr/files/who-to-get-free-robux_GM431946152.pdf",
        "https",
        "www.taline.hr/files/how-to-install-minecraft-for-free-on-ios_GM479516143.pdf",
        "https",
        "www.taline.hr/files/coin-master-daily-free-spins-link-2021_GM406889139.pdf",
        "https",
        "www.taline.hr/files/roblox-font-free_GM431946152.pdf",
        "https",
        "www.taline.hr/files/coin-master-real-hack_GM406889139.pdf",
        "https",
        "www.taline.hr/files/coin-master-daily-free-spins-link-today-blogspot_GM406889139.pdf",
        "https",
        "www.taline.hr/files/minecraft-xbox-one-code-free_GM479516143.pdf"
    ],
    "scripts": {
        "iframe": [],
        "urls": []
    },
    "static_properties": {
        "JBIG2Decode": "0",
        "XML_forms": "0",
        "acro_form": "0",
        "auto_action": "0",
        "colors": "0",
        "cross_reference_table": "1",
        "embedded_files": "0",
        "file_size": "45",
        "java_script": "0",
        "js": "0",
        "launch_action": "0",
        "object_end": "60",
        "object_start": "60",
        "object_streams": "0",
        "open_action": "0",
        "page_count": "3",
        "rich_media": "0",
        "start_cross_reference_table": "1",
        "stream_end": "7",
        "stream_start": "7",
        "trailer_dictionary": "1"
    },
    "yara_signatures": [
        "without_attachments",
        "without_images",
        "with_urls",
        "invalid_trailer_structure",
        "contentis_base64"
    ]
}