{
    "exif_signatures": {},
    "file_size": 244647,
    "pdfid_signatures": {},
    "pypdf_uris": [
        "http://tds.advtraff2014.ru/wp1?keyword=%D0%B7%D0%B0%D0%B4%D0%B0%D1%87%D0%BD%D0%B8%D0%BA+%D1%80%D0%B5%D1%88%D0%B0%D1%82%D1%8C+%D0%BF%D1%80%D0%B8%D0%BC%D0%B5%D1%80%D1%8B",
        "https://img0.liveinternet.ru/images/attach/d/0//5912/5912936_jewagdzpookruzhaiushchemumiru4klassskachatbesplatnoxex.pdf",
        "https://sonstopbstagex1975.files.wordpress.com/2018/04/xitopazigozati-konstantin-simonov-poet-frontovik-biografiia-kepaduned.pdf",
        "https://digimvaze1975.files.wordpress.com/2018/04/nixez-geometriia-reshebnik-8-klass-atanasian-butuzov-kadomtsev-pozniak-iudina-sexis.pdf",
        "https://img1.liveinternet.ru/images/attach/d/0//5909/5909895_pimireshebnikskanavidliapostupaiushchikhvvuzytotu.pdf",
        "https://zdajicparvio1983.files.wordpress.com/2018/04/bunilotan-zaiavlenie-na-zamenu-kassovogo-zhurnala-obrazets-kukatasibofepox.pdf",
        "https://img0.liveinternet.ru/images/attach/d/0//5906/5906327_gowsbornikzadachpometodikeotsenkiradiatsionnoikib.pdf",
        "https://sonstopbstagex1975.files.wordpress.com/2018/04/bofuja-pirog-s-gretskimi-orekhami-i-sgushchenkoi-retsept-s-foto-wivesibar.pdf",
        "https://incomlailing1985.files.wordpress.com/2018/04/pejag-obnovit-opera-do-poslednei-versii-dlia-windows-10-pokulimevafavi.pdf",
        "https://manryleramb1975.files.wordpress.com/2018/04/pofasow-radio-pleer-mini-skachat-na-russkom-mujuzaganikuz.pdf",
        "https://chrysgouseklund1980.files.wordpress.com/2018/04/wufumatas-skachat-referat-na-temu-filosofiia-iskusstva-bugipu.pdf",
        "https://damdispgenja1970.files.wordpress.com/2018/04/tevix-demokrit-biografiia-referat-jexanigegos.pdf",
        "https://img0.liveinternet.ru/images/attach/d/0//5914/5914196_darujirusskiiiazykege2016seninaotvety9klasssanifa.pdf",
        "https://thibarpobe1983.files.wordpress.com/2018/04/gawubo-analiz-uroka-matematiki-8-klasse-biwojud.pdf",
        "https://img1.liveinternet.ru/images/attach/d/0//5909/5909930_bozerezultatyegerusskiiiazyksurgutxiva.pdf",
        "https://img1.liveinternet.ru/images/attach/d/0//5915/5915235_zelagdzpogeometrii8klassatanasian593zipexig.pdf"
    ],
    "regex_uris": [
        "http://tds.advtraff2014.ru/wp1?keyword=%D0%B7%D0%B0%D0%B4%D0%B0%D1%87%D0%BD%D0%B8%D0%BA+%D1%80%D0%B5%D1%88%D0%B0%D1%82%D1%8C+%D0%BF%D1%80%D0%B8%D0%BC%D0%B5%D1%80%D1%8B",
        "https://img0.liveinternet.ru/images/attach/d/0//5912/5912936_jewagdzpookruzhaiushchemumiru4klassskachatbesplatnoxex.pdf",
        "https://sonstopbstagex1975.files.wordpress.com/2018/04/xitopazigozati-konstantin-simonov-poet-frontovik-biografiia-kepaduned.pdf",
        "https://digimvaze1975.files.wordpress.com/2018/04/nixez-geometriia-reshebnik-8-klass-atanasian-butuzov-kadomtsev-pozniak-iudina-sexis.pdf",
        "https://img1.liveinternet.ru/images/attach/d/0//5909/5909895_pimireshebnikskanavidliapostupaiushchikhvvuzytotu.pdf",
        "https://zdajicparvio1983.files.wordpress.com/2018/04/bunilotan-zaiavlenie-na-zamenu-kassovogo-zhurnala-obrazets-kukatasibofepox.pdf",
        "https://img0.liveinternet.ru/images/attach/d/0//5906/5906327_gowsbornikzadachpometodikeotsenkiradiatsionnoikib.pdf",
        "https://sonstopbstagex1975.files.wordpress.com/2018/04/bofuja-pirog-s-gretskimi-orekhami-i-sgushchenkoi-retsept-s-foto-wivesibar.pdf",
        "https://incomlailing1985.files.wordpress.com/2018/04/pejag-obnovit-opera-do-poslednei-versii-dlia-windows-10-pokulimevafavi.pdf",
        "https://manryleramb1975.files.wordpress.com/2018/04/pofasow-radio-pleer-mini-skachat-na-russkom-mujuzaganikuz.pdf",
        "https://chrysgouseklund1980.files.wordpress.com/2018/04/wufumatas-skachat-referat-na-temu-filosofiia-iskusstva-bugipu.pdf",
        "https://damdispgenja1970.files.wordpress.com/2018/04/tevix-demokrit-biografiia-referat-jexanigegos.pdf",
        "https://img0.liveinternet.ru/images/attach/d/0//5914/5914196_darujirusskiiiazykege2016seninaotvety9klasssanifa.pdf",
        "https://thibarpobe1983.files.wordpress.com/2018/04/gawubo-analiz-uroka-matematiki-8-klasse-biwojud.pdf",
        "https://img1.liveinternet.ru/images/attach/d/0//5909/5909930_bozerezultatyegerusskiiiazyksurgutxiva.pdf",
        "https://img1.liveinternet.ru/images/attach/d/0//5915/5915235_zelagdzpogeometrii8klassatanasian593zipexig.pdf"
    ],
    "regex_urls": [
        "http://tds.advtraff2014.ru/wp1?keyword=%D0%B7%D0%B0%D0%B4%D0%B0%D1%87%D0%BD%D0%B8%D0%BA+%D1%80%D0%B5%D1%88%D0%B0%D1%82%D1%8C+%D0%BF%D1%80%D0%B8%D0%BC%D0%B5%D1%80%D1%8B",
        "https",
        "https",
        "https",
        "https",
        "https",
        "https",
        "https",
        "https",
        "https",
        "https",
        "https",
        "https",
        "https",
        "https",
        "https"
    ],
    "scripts": {
        "iframe": [],
        "urls": []
    },
    "static_properties": {
        "JBIG2Decode": "0",
        "XML_forms": "0",
        "acro_form": "0",
        "auto_action": "0",
        "colors": "0",
        "cross_reference_table": "1",
        "embedded_files": "0",
        "file_size": "245",
        "java_script": "0",
        "js": "0",
        "launch_action": "0",
        "object_end": "78",
        "object_start": "78",
        "object_streams": "0",
        "open_action": "0",
        "page_count": "7",
        "rich_media": "0",
        "start_cross_reference_table": "1",
        "stream_end": "14",
        "stream_start": "14",
        "trailer_dictionary": "1"
    },
    "yara_signatures": [
        "without_attachments",
        "without_images",
        "with_urls",
        "invalid_trailer_structure",
        "contentis_base64"
    ]
}