{
    "exif_signatures": {},
    "file_size": 48514,
    "pdfid_signatures": {},
    "pypdf_uris": [
        "https://netcdn.xyz/app/431946152/how-to-get-free-robux-without-downloading-apps-game-hack",
        "https://netcdn.xyz/app/431946152/how-to-get-free-robux-without-downloading-apps-game-hack",
        "https://elearning.manicp.sch.id/__statics/gudangsoal/files/haktutsin-2021-09-coinmaster50freespinandcoinlinkhtml-m-1_GM406889139.pdf",
        "https://elearning.manicp.sch.id/__statics/gudangsoal/files/minecraft-bedrock-server-hosting-free_GM479516143.pdf",
        "https://elearning.manicp.sch.id/__statics/gudangsoal/files/free-games-like-roblox_GM431946152.pdf",
        "https://elearning.manicp.sch.id/__statics/gudangsoal/files/coin-master-free_GM406889139.pdf",
        "https://elearning.manicp.sch.id/__statics/gudangsoal/files/coin-master-cards_GM406889139.pdf",
        "https://elearning.manicp.sch.id/__statics/gudangsoal/files/minecraft-hacks-18-9_GM479516143.pdf",
        "https://elearning.manicp.sch.id/__statics/gudangsoal/files/coin-master-free-daily-spins-link_GM406889139.pdf",
        "https://elearning.manicp.sch.id/__statics/gudangsoal/files/robux-free-2021_GM431946152.pdf",
        "https://elearning.manicp.sch.id/__statics/gudangsoal/files/free-coin-and-spin-for-coin-master_GM406889139.pdf",
        "https://elearning.manicp.sch.id/__statics/gudangsoal/files/free-robux-hack-us_GM431946152.pdf",
        "https://elearning.manicp.sch.id/__statics/gudangsoal/files/how-to-get-java-minecraft-for-free_GM479516143.pdf",
        "https://elearning.manicp.sch.id/__statics/gudangsoal/files/get-free-spins-coin-master-october-2021_GM406889139.pdf",
        "https://elearning.manicp.sch.id/__statics/gudangsoal/files/coin-master-mod-version-free-download-34-4_GM406889139.pdf",
        "https://elearning.manicp.sch.id/__statics/gudangsoal/files/free-spins-coin-master-links-blogspot_GM406889139.pdf",
        "https://elearning.manicp.sch.id/__statics/gudangsoal/files/how-to-get-free-snacks-in-coin-master_GM406889139.pdf",
        "https://elearning.manicp.sch.id/__statics/gudangsoal/files/coin-master-free-cards_GM406889139.pdf",
        "https://elearning.manicp.sch.id/__statics/gudangsoal/files/minecraft-free-download-android-apk_GM479516143.pdf",
        "https://elearning.manicp.sch.id/__statics/gudangsoal/files/how-to-get-free-spins-on-coin-master_GM406889139.pdf",
        "https://elearning.manicp.sch.id/__statics/gudangsoal/files/free-robux-hack-generator_GM431946152.pdf",
        "https://elearning.manicp.sch.id/__statics/gudangsoal/files/coin-master-hack-version-2021-download_GM406889139.pdf"
    ],
    "regex_uris": [
        "https://netcdn.xyz/app/431946152/how-to-get-free-robux-without-downloading-apps-game-hack",
        "https://netcdn.xyz/app/431946152/how-to-get-free-robux-without-downloading-apps-game-hack",
        "https://elearning.manicp.sch.id/__statics/gudangsoal/files/haktutsin-2021-09-coinmaster50freespinandcoinlinkhtml-m-1_GM406889139.pdf",
        "https://elearning.manicp.sch.id/__statics/gudangsoal/files/minecraft-bedrock-server-hosting-free_GM479516143.pdf",
        "https://elearning.manicp.sch.id/__statics/gudangsoal/files/free-games-like-roblox_GM431946152.pdf",
        "https://elearning.manicp.sch.id/__statics/gudangsoal/files/coin-master-free_GM406889139.pdf",
        "https://elearning.manicp.sch.id/__statics/gudangsoal/files/coin-master-cards_GM406889139.pdf",
        "https://elearning.manicp.sch.id/__statics/gudangsoal/files/minecraft-hacks-18-9_GM479516143.pdf",
        "https://elearning.manicp.sch.id/__statics/gudangsoal/files/coin-master-free-daily-spins-link_GM406889139.pdf",
        "https://elearning.manicp.sch.id/__statics/gudangsoal/files/robux-free-2021_GM431946152.pdf",
        "https://elearning.manicp.sch.id/__statics/gudangsoal/files/free-coin-and-spin-for-coin-master_GM406889139.pdf",
        "https://elearning.manicp.sch.id/__statics/gudangsoal/files/free-robux-hack-us_GM431946152.pdf",
        "https://elearning.manicp.sch.id/__statics/gudangsoal/files/how-to-get-java-minecraft-for-free_GM479516143.pdf",
        "https://elearning.manicp.sch.id/__statics/gudangsoal/files/get-free-spins-coin-master-october-2021_GM406889139.pdf",
        "https://elearning.manicp.sch.id/__statics/gudangsoal/files/coin-master-mod-version-free-download-34-4_GM406889139.pdf",
        "https://elearning.manicp.sch.id/__statics/gudangsoal/files/free-spins-coin-master-links-blogspot_GM406889139.pdf",
        "https://elearning.manicp.sch.id/__statics/gudangsoal/files/how-to-get-free-snacks-in-coin-master_GM406889139.pdf",
        "https://elearning.manicp.sch.id/__statics/gudangsoal/files/coin-master-free-cards_GM406889139.pdf",
        "https://elearning.manicp.sch.id/__statics/gudangsoal/files/minecraft-free-download-android-apk_GM479516143.pdf",
        "https://elearning.manicp.sch.id/__statics/gudangsoal/files/how-to-get-free-spins-on-coin-master_GM406889139.pdf",
        "https://elearning.manicp.sch.id/__statics/gudangsoal/files/free-robux-hack-generator_GM431946152.pdf",
        "https://elearning.manicp.sch.id/__statics/gudangsoal/files/coin-master-hack-version-2021-download_GM406889139.pdf"
    ],
    "regex_urls": [
        "https",
        "https",
        "https",
        "https",
        "https",
        "https",
        "https",
        "https",
        "https",
        "https",
        "https",
        "https",
        "https",
        "https",
        "https",
        "https",
        "https",
        "https",
        "https",
        "https",
        "https",
        "https"
    ],
    "scripts": {
        "iframe": [],
        "urls": []
    },
    "static_properties": {
        "JBIG2Decode": "0",
        "XML_forms": "0",
        "acro_form": "0",
        "auto_action": "0",
        "colors": "0",
        "cross_reference_table": "1",
        "embedded_files": "0",
        "file_size": "49",
        "java_script": "0",
        "js": "0",
        "launch_action": "0",
        "object_end": "66",
        "object_start": "66",
        "object_streams": "0",
        "open_action": "0",
        "page_count": "3",
        "rich_media": "0",
        "start_cross_reference_table": "1",
        "stream_end": "9",
        "stream_start": "9",
        "trailer_dictionary": "1"
    },
    "yara_signatures": [
        "without_attachments",
        "without_images",
        "with_urls",
        "invalid_trailer_structure",
        "contentis_base64"
    ]
}