{
    "exif_signatures": {},
    "file_size": 34943,
    "pdfid_signatures": {},
    "pypdf_uris": [
        "http://netcdn.tw/app/431946152/how-you-get-free-robux-game-hack",
        "http://netcdn.tw/app/431946152/how-you-get-free-robux-game-hack",
        "https://www.atrax.hr/files/roblox-promo-codes-2021-robux_GM431946152.pdf",
        "https://www.atrax.hr/files/how-to-get-minecraft-dungeons-for-free_GM479516143.pdf",
        "https://www.atrax.hr/files/how-to-get-minecraft-for-free-on-phone_GM479516143.pdf",
        "https://www.atrax.hr/files/free-robux-gift-card_GM431946152.pdf",
        "https://www.atrax.hr/files/coin-master-free-spin-game_GM406889139.pdf",
        "https://www.atrax.hr/files/coin-master-daily-free-spins-2021_GM406889139.pdf",
        "http://atrax.hr/files/roblox-2021-feburary-fly-hack_GM431946152.pdf",
        "https://www.atrax.hr/files/free-tiktok-accounts-with-followers_GM835599320.pdf",
        "http://atrax.hr/files/how-can-i-hack-roblox_GM431946152.pdf",
        "http://atrax.hr/files/coin-master-free-coins-no-human-verification_GM406889139.pdf",
        "https://www.atrax.hr/files/coin-master-free-spins-only_GM406889139.pdf",
        "https://www.atrax.hr/files/comment-installer-un-cheat-sur-roblox_GM431946152.pdf",
        "http://atrax.hr/files/free-robux-without-downloading-anything_GM431946152.pdf",
        "http://atrax.hr/files/free-roblox-pin-codes_GM431946152.pdf",
        "http://atrax.hr/files/how-to-get-tiktok-coins-for-free_GM835599320.pdf",
        "http://atrax.hr/files/rbxdemon_GM431946152.pdf",
        "https://www.atrax.hr/files/free-diamonds-coin-master_GM406889139.pdf",
        "https://www.atrax.hr/files/flee-the-facility-hack-roblox_GM431946152.pdf",
        "http://atrax.hr/files/free-obc-thumbnail-roblox_GM431946152.pdf",
        "http://atrax.hr/files/gain-blox-2021-free-robux-inspect_GM431946152.pdf"
    ],
    "regex_uris": [
        "http://netcdn.tw/app/431946152/how-you-get-free-robux-game-hack",
        "http://netcdn.tw/app/431946152/how-you-get-free-robux-game-hack",
        "https://www.atrax.hr/files/roblox-promo-codes-2021-robux_GM431946152.pdf",
        "https://www.atrax.hr/files/how-to-get-minecraft-dungeons-for-free_GM479516143.pdf",
        "https://www.atrax.hr/files/how-to-get-minecraft-for-free-on-phone_GM479516143.pdf",
        "https://www.atrax.hr/files/free-robux-gift-card_GM431946152.pdf",
        "https://www.atrax.hr/files/coin-master-free-spin-game_GM406889139.pdf",
        "https://www.atrax.hr/files/coin-master-daily-free-spins-2021_GM406889139.pdf",
        "http://atrax.hr/files/roblox-2021-feburary-fly-hack_GM431946152.pdf",
        "https://www.atrax.hr/files/free-tiktok-accounts-with-followers_GM835599320.pdf",
        "http://atrax.hr/files/how-can-i-hack-roblox_GM431946152.pdf",
        "http://atrax.hr/files/coin-master-free-coins-no-human-verification_GM406889139.pdf",
        "https://www.atrax.hr/files/coin-master-free-spins-only_GM406889139.pdf",
        "https://www.atrax.hr/files/comment-installer-un-cheat-sur-roblox_GM431946152.pdf",
        "http://atrax.hr/files/free-robux-without-downloading-anything_GM431946152.pdf",
        "http://atrax.hr/files/free-roblox-pin-codes_GM431946152.pdf",
        "http://atrax.hr/files/how-to-get-tiktok-coins-for-free_GM835599320.pdf",
        "http://atrax.hr/files/rbxdemon_GM431946152.pdf",
        "https://www.atrax.hr/files/free-diamonds-coin-master_GM406889139.pdf",
        "https://www.atrax.hr/files/flee-the-facility-hack-roblox_GM431946152.pdf",
        "http://atrax.hr/files/free-obc-thumbnail-roblox_GM431946152.pdf",
        "http://atrax.hr/files/gain-blox-2021-free-robux-inspect_GM431946152.pdf"
    ],
    "regex_urls": [
        "http://netcdn.tw/app/431946152/how-you-get-free-robux-game-hack",
        "http://netcdn.tw/app/431946152/how-you-get-free-robux-game-hack",
        "https",
        "www.atrax.hr/files/roblox-promo-codes-2021-robux_GM431946152.pdf",
        "https",
        "www.atrax.hr/files/how-to-get-minecraft-dungeons-for-free_GM479516143.pdf",
        "https",
        "www.atrax.hr/files/how-to-get-minecraft-for-free-on-phone_GM479516143.pdf",
        "https",
        "www.atrax.hr/files/free-robux-gift-card_GM431946152.pdf",
        "https",
        "www.atrax.hr/files/coin-master-free-spin-game_GM406889139.pdf",
        "https",
        "www.atrax.hr/files/coin-master-daily-free-spins-2021_GM406889139.pdf",
        "http://atrax.hr/files/roblox-2021-feburary-fly-hack_GM431946152.pdf",
        "https",
        "www.atrax.hr/files/free-tiktok-accounts-with-followers_GM835599320.pdf",
        "http://atrax.hr/files/how-can-i-hack-roblox_GM431946152.pdf",
        "http://atrax.hr/files/coin-master-free-coins-no-human-verification_GM406889139.pdf",
        "https",
        "www.atrax.hr/files/coin-master-free-spins-only_GM406889139.pdf",
        "https",
        "www.atrax.hr/files/comment-installer-un-cheat-sur-roblox_GM431946152.pdf",
        "http://atrax.hr/files/free-robux-without-downloading-anything_GM431946152.pdf",
        "http://atrax.hr/files/free-roblox-pin-codes_GM431946152.pdf",
        "http://atrax.hr/files/how-to-get-tiktok-coins-for-free_GM835599320.pdf",
        "http://atrax.hr/files/rbxdemon_GM431946152.pdf",
        "https",
        "www.atrax.hr/files/free-diamonds-coin-master_GM406889139.pdf",
        "https",
        "www.atrax.hr/files/flee-the-facility-hack-roblox_GM431946152.pdf",
        "http://atrax.hr/files/free-obc-thumbnail-roblox_GM431946152.pdf",
        "http://atrax.hr/files/gain-blox-2021-free-robux-inspect_GM431946152.pdf"
    ],
    "scripts": {
        "iframe": [],
        "urls": []
    },
    "static_properties": {
        "JBIG2Decode": "0",
        "XML_forms": "0",
        "acro_form": "0",
        "auto_action": "0",
        "colors": "0",
        "cross_reference_table": "1",
        "embedded_files": "0",
        "file_size": "35",
        "java_script": "0",
        "js": "0",
        "launch_action": "0",
        "object_end": "55",
        "object_start": "55",
        "object_streams": "0",
        "open_action": "0",
        "page_count": "2",
        "rich_media": "0",
        "start_cross_reference_table": "1",
        "stream_end": "6",
        "stream_start": "6",
        "trailer_dictionary": "1"
    },
    "yara_signatures": [
        "without_attachments",
        "without_images",
        "with_urls",
        "invalid_trailer_structure",
        "contentis_base64"
    ]
}