{
    "exif_signatures": {},
    "file_size": 46117,
    "pdfid_signatures": {},
    "pypdf_uris": [
        "https://netcdn.tw/app/431946152/free-robux-glitch-codes-game-hack",
        "https://netcdn.tw/app/431946152/free-robux-glitch-codes-game-hack",
        "https://c2o-library.net/catalog/repository/coin-master-attack-hack_GM406889139.pdf",
        "https://c2o-library.net/catalog/repository/minecraft-bedrock-edition-free_GM479516143.pdf",
        "https://c2o-library.net/catalog/repository/free-coin-master-s_GM406889139.pdf",
        "https://c2o-library.net/catalog/repository/free-spins-coin-master-facebook_GM406889139.pdf",
        "https://c2o-library.net/catalog/repository/what-roblox-games-has-no-cheating_GM431946152.pdf",
        "https://c2o-library.net/catalog/repository/fly-hack-download-roblox-2021-gameguardian_GM431946152.pdf",
        "https://c2o-library.net/catalog/repository/free-robux-codes-september-2021_GM431946152.pdf",
        "https://c2o-library.net/catalog/repository/how-to-get-free-knives-in-assassin-roblox-2021_GM431946152.pdf",
        "https://c2o-library.net/catalog/repository/roblox-april-fools-hack_GM431946152.pdf",
        "https://c2o-library.net/catalog/repository/robux-free-gift-card-org-hack_GM431946152.pdf",
        "https://c2o-library.net/catalog/repository/hack-tener-muchos-diamantes-en-royale-high-roblox_GM431946152.pdf",
        "https://c2o-library.net/catalog/repository/roblox-hack-me_GM431946152.pdf",
        "https://c2o-library.net/catalog/repository/hack-roblox-autofarm_GM431946152.pdf",
        "https://c2o-library.net/catalog/repository/sites-that-give-free-robux_GM431946152.pdf",
        "https://c2o-library.net/catalog/repository/roblox-mining-sim-hack-pastebni-december-2021_GM431946152.pdf",
        "https://c2o-library.net/catalog/repository/coin-master-free-2021-spin-link_GM406889139.pdf",
        "https://c2o-library.net/catalog/repository/coin-master-pc-hack-download_GM406889139.pdf",
        "https://c2o-library.net/catalog/repository/free-robux-copy-and-paste-2021_GM431946152.pdf",
        "https://c2o-library.net/catalog/repository/free-clothing-on-roblox_GM431946152.pdf",
        "https://c2o-library.net/catalog/repository/coin-master-hack-apk-free-download_GM406889139.pdf"
    ],
    "regex_uris": [
        "https://netcdn.tw/app/431946152/free-robux-glitch-codes-game-hack",
        "https://netcdn.tw/app/431946152/free-robux-glitch-codes-game-hack",
        "https://c2o-library.net/catalog/repository/coin-master-attack-hack_GM406889139.pdf",
        "https://c2o-library.net/catalog/repository/minecraft-bedrock-edition-free_GM479516143.pdf",
        "https://c2o-library.net/catalog/repository/free-coin-master-s_GM406889139.pdf",
        "https://c2o-library.net/catalog/repository/free-spins-coin-master-facebook_GM406889139.pdf",
        "https://c2o-library.net/catalog/repository/what-roblox-games-has-no-cheating_GM431946152.pdf",
        "https://c2o-library.net/catalog/repository/fly-hack-download-roblox-2021-gameguardian_GM431946152.pdf",
        "https://c2o-library.net/catalog/repository/free-robux-codes-september-2021_GM431946152.pdf",
        "https://c2o-library.net/catalog/repository/how-to-get-free-knives-in-assassin-roblox-2021_GM431946152.pdf",
        "https://c2o-library.net/catalog/repository/roblox-april-fools-hack_GM431946152.pdf",
        "https://c2o-library.net/catalog/repository/robux-free-gift-card-org-hack_GM431946152.pdf",
        "https://c2o-library.net/catalog/repository/hack-tener-muchos-diamantes-en-royale-high-roblox_GM431946152.pdf",
        "https://c2o-library.net/catalog/repository/roblox-hack-me_GM431946152.pdf",
        "https://c2o-library.net/catalog/repository/hack-roblox-autofarm_GM431946152.pdf",
        "https://c2o-library.net/catalog/repository/sites-that-give-free-robux_GM431946152.pdf",
        "https://c2o-library.net/catalog/repository/roblox-mining-sim-hack-pastebni-december-2021_GM431946152.pdf",
        "https://c2o-library.net/catalog/repository/coin-master-free-2021-spin-link_GM406889139.pdf",
        "https://c2o-library.net/catalog/repository/coin-master-pc-hack-download_GM406889139.pdf",
        "https://c2o-library.net/catalog/repository/free-robux-copy-and-paste-2021_GM431946152.pdf",
        "https://c2o-library.net/catalog/repository/free-clothing-on-roblox_GM431946152.pdf",
        "https://c2o-library.net/catalog/repository/coin-master-hack-apk-free-download_GM406889139.pdf"
    ],
    "regex_urls": [
        "https",
        "https",
        "https",
        "https",
        "https",
        "https",
        "https",
        "https",
        "https",
        "https",
        "https",
        "https",
        "https",
        "https",
        "https",
        "https",
        "https",
        "https",
        "https",
        "https",
        "https",
        "https"
    ],
    "scripts": {
        "iframe": [],
        "urls": []
    },
    "static_properties": {
        "JBIG2Decode": "0",
        "XML_forms": "0",
        "acro_form": "0",
        "auto_action": "0",
        "colors": "0",
        "cross_reference_table": "1",
        "embedded_files": "0",
        "file_size": "46",
        "java_script": "0",
        "js": "0",
        "launch_action": "0",
        "object_end": "65",
        "object_start": "65",
        "object_streams": "0",
        "open_action": "0",
        "page_count": "4",
        "rich_media": "0",
        "start_cross_reference_table": "1",
        "stream_end": "8",
        "stream_start": "8",
        "trailer_dictionary": "1"
    },
    "yara_signatures": [
        "without_attachments",
        "without_images",
        "with_urls",
        "invalid_trailer_structure",
        "contentis_base64"
    ]
}