{
    "exif_signatures": {},
    "file_size": 35945,
    "pdfid_signatures": {},
    "pypdf_uris": [
        "http://netcdn.tw/app/406889139/free-spins-on-coin-master-link-game-hack",
        "http://netcdn.tw/app/406889139/free-spins-on-coin-master-link-game-hack",
        "https://belajar.mtsn4malang.sch.id/__statics/gudangsoal/files/how-to-get-robux-fast_GM431946152.pdf",
        "https://belajar.mtsn4malang.sch.id/__statics/gudangsoal/files/free-links-coin-master_GM406889139.pdf",
        "https://belajar.mtsn4malang.sch.id/__statics/gudangsoal/files/robux-hack-tools_GM431946152.pdf",
        "https://belajar.mtsn4malang.sch.id/__statics/gudangsoal/files/roblox-games-that-give-you-free-robux_GM431946152.pdf",
        "https://belajar.mtsn4malang.sch.id/__statics/gudangsoal/files/minecraft-building-hacks_GM479516143.pdf",
        "https://belajar.mtsn4malang.sch.id/__statics/gudangsoal/files/free-robux-generator-2021-no-survey_GM431946152.pdf",
        "https://belajar.mtsn4malang.sch.id/__statics/gudangsoal/files/lots-of-robux_GM431946152.pdf",
        "https://belajar.mtsn4malang.sch.id/__statics/gudangsoal/files/coin-master-tips_GM406889139.pdf",
        "https://belajar.mtsn4malang.sch.id/__statics/gudangsoal/files/minecraft-hacks-xbox_GM479516143.pdf",
        "https://belajar.mtsn4malang.sch.id/__statics/gudangsoal/files/get-free-robux-com_GM431946152.pdf",
        "https://belajar.mtsn4malang.sch.id/__statics/gudangsoal/files/free-robux-games_GM431946152.pdf",
        "https://belajar.mtsn4malang.sch.id/__statics/gudangsoal/files/roblox-hack-tool-download-2021_GM431946152.pdf",
        "https://belajar.mtsn4malang.sch.id/__statics/gudangsoal/files/how-to-get-free-robux-without-human-verification_GM431946152.pdf",
        "https://belajar.mtsn4malang.sch.id/__statics/gudangsoal/files/classic-minecraft-net-hacks_GM479516143.pdf",
        "https://belajar.mtsn4malang.sch.id/__statics/gudangsoal/files/free-robux-just-enter-username-and-password_GM431946152.pdf",
        "https://belajar.mtsn4malang.sch.id/__statics/gudangsoal/files/how-to-get-free-robux-without-verifying_GM431946152.pdf",
        "https://belajar.mtsn4malang.sch.id/__statics/gudangsoal/files/coin-master-hack-2021_GM406889139.pdf",
        "https://belajar.mtsn4malang.sch.id/__statics/gudangsoal/files/free-spin-coin-master-ios_GM406889139.pdf",
        "https://belajar.mtsn4malang.sch.id/__statics/gudangsoal/files/how-to-hack-survoivr-in-roblox-pc_GM431946152.pdf",
        "https://belajar.mtsn4malang.sch.id/__statics/gudangsoal/files/coin-master-golden-card-hack_GM406889139.pdf"
    ],
    "regex_uris": [
        "http://netcdn.tw/app/406889139/free-spins-on-coin-master-link-game-hack",
        "http://netcdn.tw/app/406889139/free-spins-on-coin-master-link-game-hack",
        "https://belajar.mtsn4malang.sch.id/__statics/gudangsoal/files/how-to-get-robux-fast_GM431946152.pdf",
        "https://belajar.mtsn4malang.sch.id/__statics/gudangsoal/files/free-links-coin-master_GM406889139.pdf",
        "https://belajar.mtsn4malang.sch.id/__statics/gudangsoal/files/robux-hack-tools_GM431946152.pdf",
        "https://belajar.mtsn4malang.sch.id/__statics/gudangsoal/files/roblox-games-that-give-you-free-robux_GM431946152.pdf",
        "https://belajar.mtsn4malang.sch.id/__statics/gudangsoal/files/minecraft-building-hacks_GM479516143.pdf",
        "https://belajar.mtsn4malang.sch.id/__statics/gudangsoal/files/free-robux-generator-2021-no-survey_GM431946152.pdf",
        "https://belajar.mtsn4malang.sch.id/__statics/gudangsoal/files/lots-of-robux_GM431946152.pdf",
        "https://belajar.mtsn4malang.sch.id/__statics/gudangsoal/files/coin-master-tips_GM406889139.pdf",
        "https://belajar.mtsn4malang.sch.id/__statics/gudangsoal/files/minecraft-hacks-xbox_GM479516143.pdf",
        "https://belajar.mtsn4malang.sch.id/__statics/gudangsoal/files/get-free-robux-com_GM431946152.pdf",
        "https://belajar.mtsn4malang.sch.id/__statics/gudangsoal/files/free-robux-games_GM431946152.pdf",
        "https://belajar.mtsn4malang.sch.id/__statics/gudangsoal/files/roblox-hack-tool-download-2021_GM431946152.pdf",
        "https://belajar.mtsn4malang.sch.id/__statics/gudangsoal/files/how-to-get-free-robux-without-human-verification_GM431946152.pdf",
        "https://belajar.mtsn4malang.sch.id/__statics/gudangsoal/files/classic-minecraft-net-hacks_GM479516143.pdf",
        "https://belajar.mtsn4malang.sch.id/__statics/gudangsoal/files/free-robux-just-enter-username-and-password_GM431946152.pdf",
        "https://belajar.mtsn4malang.sch.id/__statics/gudangsoal/files/how-to-get-free-robux-without-verifying_GM431946152.pdf",
        "https://belajar.mtsn4malang.sch.id/__statics/gudangsoal/files/coin-master-hack-2021_GM406889139.pdf",
        "https://belajar.mtsn4malang.sch.id/__statics/gudangsoal/files/free-spin-coin-master-ios_GM406889139.pdf",
        "https://belajar.mtsn4malang.sch.id/__statics/gudangsoal/files/how-to-hack-survoivr-in-roblox-pc_GM431946152.pdf",
        "https://belajar.mtsn4malang.sch.id/__statics/gudangsoal/files/coin-master-golden-card-hack_GM406889139.pdf"
    ],
    "regex_urls": [
        "http://netcdn.tw/app/406889139/free-spins-on-coin-master-link-game-hack",
        "http://netcdn.tw/app/406889139/free-spins-on-coin-master-link-game-hack",
        "https",
        "https",
        "https",
        "https",
        "https",
        "https",
        "https",
        "https",
        "https",
        "https",
        "https",
        "https",
        "https",
        "https",
        "https",
        "https",
        "https",
        "https",
        "https",
        "https"
    ],
    "scripts": {
        "iframe": [],
        "urls": []
    },
    "static_properties": {
        "JBIG2Decode": "0",
        "XML_forms": "0",
        "acro_form": "0",
        "auto_action": "0",
        "colors": "0",
        "cross_reference_table": "1",
        "embedded_files": "0",
        "file_size": "36",
        "java_script": "0",
        "js": "0",
        "launch_action": "0",
        "object_end": "55",
        "object_start": "55",
        "object_streams": "0",
        "open_action": "0",
        "page_count": "2",
        "rich_media": "0",
        "start_cross_reference_table": "1",
        "stream_end": "6",
        "stream_start": "6",
        "trailer_dictionary": "1"
    },
    "yara_signatures": [
        "without_attachments",
        "without_images",
        "with_urls",
        "invalid_trailer_structure",
        "contentis_base64"
    ]
}