{
    "exif_signatures": {},
    "file_size": 35134,
    "pdfid_signatures": {},
    "pypdf_uris": [
        "http://netcdn.tw/app/406889139/free-coin-master-generator-game-hack",
        "http://netcdn.tw/app/406889139/free-coin-master-generator-game-hack",
        "https://elearning.manposo.sch.id/__statics/gudangsoal/files/httpswwwurcouponsdealcom202103coinmasterfreespinandcoinlinkshtml_GM406889139.pdf",
        "https://elearning.manposo.sch.id/__statics/gudangsoal/files/coin-master-hack-2021_GM406889139.pdf",
        "https://elearning.manposo.sch.id/__statics/gudangsoal/files/free-minecraft-mods_GM479516143.pdf",
        "https://elearning.manposo.sch.id/__statics/gudangsoal/files/coin-master-game-hunters-club_GM406889139.pdf",
        "https://elearning.manposo.sch.id/__statics/gudangsoal/files/how-to-get-free-hats-on-roblox-2021_GM431946152.pdf",
        "https://elearning.manposo.sch.id/__statics/gudangsoal/files/free-robux-site_GM431946152.pdf",
        "https://elearning.manposo.sch.id/__statics/gudangsoal/files/roblox-hack-com_GM431946152.pdf",
        "https://elearning.manposo.sch.id/__statics/gudangsoal/files/is-it-possible-to-get-free-robux_GM431946152.pdf",
        "https://elearning.manposo.sch.id/__statics/gudangsoal/files/how-often-pubg-uc-advance_GM1330123889.pdf",
        "https://elearning.manposo.sch.id/__statics/gudangsoal/files/minecraft-dungeons-free_GM479516143.pdf",
        "https://elearning.manposo.sch.id/__statics/gudangsoal/files/minecraft-free-school_GM479516143.pdf",
        "https://elearning.manposo.sch.id/__statics/gudangsoal/files/free-spins-and-coins-blogspot-coin-master_GM406889139.pdf",
        "https://elearning.manposo.sch.id/__statics/gudangsoal/files/minecraft-xbox-one-free_GM479516143.pdf",
        "https://elearning.manposo.sch.id/__statics/gudangsoal/files/roblox-com-games-referrer-roblox-player_GM431946152.pdf",
        "https://elearning.manposo.sch.id/__statics/gudangsoal/files/free-robux-without-any-verification_GM431946152.pdf",
        "https://elearning.manposo.sch.id/__statics/gudangsoal/files/free-spins-coin-master-2021-hack_GM406889139.pdf",
        "https://elearning.manposo.sch.id/__statics/gudangsoal/files/www-coin-master_GM406889139.pdf",
        "https://elearning.manposo.sch.id/__statics/gudangsoal/files/coin-master-hacks-free-spins_GM406889139.pdf",
        "https://elearning.manposo.sch.id/__statics/gudangsoal/files/roblox-robux_GM431946152.pdf",
        "https://elearning.manposo.sch.id/__statics/gudangsoal/files/free-followers-on-tiktok_GM835599320.pdf"
    ],
    "regex_uris": [
        "http://netcdn.tw/app/406889139/free-coin-master-generator-game-hack",
        "http://netcdn.tw/app/406889139/free-coin-master-generator-game-hack",
        "https://elearning.manposo.sch.id/__statics/gudangsoal/files/httpswwwurcouponsdealcom202103coinmasterfreespinandcoinlinkshtml_GM406889139.pdf",
        "https://elearning.manposo.sch.id/__statics/gudangsoal/files/coin-master-hack-2021_GM406889139.pdf",
        "https://elearning.manposo.sch.id/__statics/gudangsoal/files/free-minecraft-mods_GM479516143.pdf",
        "https://elearning.manposo.sch.id/__statics/gudangsoal/files/coin-master-game-hunters-club_GM406889139.pdf",
        "https://elearning.manposo.sch.id/__statics/gudangsoal/files/how-to-get-free-hats-on-roblox-2021_GM431946152.pdf",
        "https://elearning.manposo.sch.id/__statics/gudangsoal/files/free-robux-site_GM431946152.pdf",
        "https://elearning.manposo.sch.id/__statics/gudangsoal/files/roblox-hack-com_GM431946152.pdf",
        "https://elearning.manposo.sch.id/__statics/gudangsoal/files/is-it-possible-to-get-free-robux_GM431946152.pdf",
        "https://elearning.manposo.sch.id/__statics/gudangsoal/files/how-often-pubg-uc-advance_GM1330123889.pdf",
        "https://elearning.manposo.sch.id/__statics/gudangsoal/files/minecraft-dungeons-free_GM479516143.pdf",
        "https://elearning.manposo.sch.id/__statics/gudangsoal/files/minecraft-free-school_GM479516143.pdf",
        "https://elearning.manposo.sch.id/__statics/gudangsoal/files/free-spins-and-coins-blogspot-coin-master_GM406889139.pdf",
        "https://elearning.manposo.sch.id/__statics/gudangsoal/files/minecraft-xbox-one-free_GM479516143.pdf",
        "https://elearning.manposo.sch.id/__statics/gudangsoal/files/roblox-com-games-referrer-roblox-player_GM431946152.pdf",
        "https://elearning.manposo.sch.id/__statics/gudangsoal/files/free-robux-without-any-verification_GM431946152.pdf",
        "https://elearning.manposo.sch.id/__statics/gudangsoal/files/free-spins-coin-master-2021-hack_GM406889139.pdf",
        "https://elearning.manposo.sch.id/__statics/gudangsoal/files/www-coin-master_GM406889139.pdf",
        "https://elearning.manposo.sch.id/__statics/gudangsoal/files/coin-master-hacks-free-spins_GM406889139.pdf",
        "https://elearning.manposo.sch.id/__statics/gudangsoal/files/roblox-robux_GM431946152.pdf",
        "https://elearning.manposo.sch.id/__statics/gudangsoal/files/free-followers-on-tiktok_GM835599320.pdf"
    ],
    "regex_urls": [
        "http://netcdn.tw/app/406889139/free-coin-master-generator-game-hack",
        "http://netcdn.tw/app/406889139/free-coin-master-generator-game-hack",
        "https",
        "https",
        "https",
        "https",
        "https",
        "https",
        "https",
        "https",
        "https",
        "https",
        "https",
        "https",
        "https",
        "https",
        "https",
        "https",
        "https",
        "https",
        "https",
        "https",
        "https"
    ],
    "scripts": {
        "iframe": [],
        "urls": []
    },
    "static_properties": {
        "JBIG2Decode": "0",
        "XML_forms": "0",
        "acro_form": "0",
        "auto_action": "0",
        "colors": "0",
        "cross_reference_table": "1",
        "embedded_files": "0",
        "file_size": "35",
        "java_script": "0",
        "js": "0",
        "launch_action": "0",
        "object_end": "55",
        "object_start": "55",
        "object_streams": "0",
        "open_action": "0",
        "page_count": "2",
        "rich_media": "0",
        "start_cross_reference_table": "1",
        "stream_end": "6",
        "stream_start": "6",
        "trailer_dictionary": "1"
    },
    "yara_signatures": [
        "suspicious_packer_section",
        "without_attachments",
        "without_images",
        "with_urls",
        "invalid_trailer_structure",
        "contentis_base64"
    ]
}