{
    "exif_signatures": {},
    "file_size": 35442,
    "pdfid_signatures": {},
    "pypdf_uris": [
        "http://netcdn.co/app/431946152/roblox-hack-life-game-hack",
        "http://netcdn.co/app/431946152/roblox-hack-life-game-hack",
        "https://library.fdk.ac.id/repository/how-do-u-get-free-robux_GM431946152.pdf",
        "https://library.fdk.ac.id/repository/roblox-detects-cheat-engine_GM431946152.pdf",
        "https://library.fdk.ac.id/repository/coin-free-spin_GM406889139.pdf",
        "https://library.fdk.ac.id/repository/roblox-robux-pc-hack_GM431946152.pdf",
        "https://library.fdk.ac.id/repository/coin-master-free-coins_GM406889139.pdf",
        "https://library.fdk.ac.id/repository/roblox-free-download-ps3_GM431946152.pdf",
        "https://library.fdk.ac.id/repository/is-minecraft-free-on-pc_GM479516143.pdf",
        "https://library.fdk.ac.id/repository/coin-master-free-spins-and-cards_GM406889139.pdf",
        "https://library.fdk.ac.id/repository/coin-master-free-coins-and-spins-link-2021_GM406889139.pdf",
        "https://library.fdk.ac.id/repository/coin-master-free-spin-codes_GM406889139.pdf",
        "https://library.fdk.ac.id/repository/hacks-para-roblox-sin-inyectores_GM431946152.pdf",
        "https://library.fdk.ac.id/repository/free-spins-and-coins-coin-master_GM406889139.pdf",
        "https://library.fdk.ac.id/repository/can-you-download-minecraft-for-free_GM479516143.pdf",
        "https://library.fdk.ac.id/repository/how-to-cheat-money-into-roblox-high-school_GM431946152.pdf",
        "https://library.fdk.ac.id/repository/20-free-spin-link-coin-master_GM406889139.pdf",
        "https://library.fdk.ac.id/repository/how-to-get-free-robux-2021-real_GM431946152.pdf",
        "https://library.fdk.ac.id/repository/games-to-get-free-robux-2021_GM431946152.pdf",
        "https://library.fdk.ac.id/repository/roblox-demon_GM431946152.pdf",
        "https://library.fdk.ac.id/repository/youtube-cheat-roblox_GM431946152.pdf",
        "https://library.fdk.ac.id/repository/free-minecraft-hacks_GM479516143.pdf"
    ],
    "regex_uris": [
        "http://netcdn.co/app/431946152/roblox-hack-life-game-hack",
        "http://netcdn.co/app/431946152/roblox-hack-life-game-hack",
        "https://library.fdk.ac.id/repository/how-do-u-get-free-robux_GM431946152.pdf",
        "https://library.fdk.ac.id/repository/roblox-detects-cheat-engine_GM431946152.pdf",
        "https://library.fdk.ac.id/repository/coin-free-spin_GM406889139.pdf",
        "https://library.fdk.ac.id/repository/roblox-robux-pc-hack_GM431946152.pdf",
        "https://library.fdk.ac.id/repository/coin-master-free-coins_GM406889139.pdf",
        "https://library.fdk.ac.id/repository/roblox-free-download-ps3_GM431946152.pdf",
        "https://library.fdk.ac.id/repository/is-minecraft-free-on-pc_GM479516143.pdf",
        "https://library.fdk.ac.id/repository/coin-master-free-spins-and-cards_GM406889139.pdf",
        "https://library.fdk.ac.id/repository/coin-master-free-coins-and-spins-link-2021_GM406889139.pdf",
        "https://library.fdk.ac.id/repository/coin-master-free-spin-codes_GM406889139.pdf",
        "https://library.fdk.ac.id/repository/hacks-para-roblox-sin-inyectores_GM431946152.pdf",
        "https://library.fdk.ac.id/repository/free-spins-and-coins-coin-master_GM406889139.pdf",
        "https://library.fdk.ac.id/repository/can-you-download-minecraft-for-free_GM479516143.pdf",
        "https://library.fdk.ac.id/repository/how-to-cheat-money-into-roblox-high-school_GM431946152.pdf",
        "https://library.fdk.ac.id/repository/20-free-spin-link-coin-master_GM406889139.pdf",
        "https://library.fdk.ac.id/repository/how-to-get-free-robux-2021-real_GM431946152.pdf",
        "https://library.fdk.ac.id/repository/games-to-get-free-robux-2021_GM431946152.pdf",
        "https://library.fdk.ac.id/repository/roblox-demon_GM431946152.pdf",
        "https://library.fdk.ac.id/repository/youtube-cheat-roblox_GM431946152.pdf",
        "https://library.fdk.ac.id/repository/free-minecraft-hacks_GM479516143.pdf"
    ],
    "regex_urls": [
        "http://netcdn.co/app/431946152/roblox-hack-life-game-hack",
        "http://netcdn.co/app/431946152/roblox-hack-life-game-hack",
        "https",
        "https",
        "https",
        "https",
        "https",
        "https",
        "https",
        "https",
        "https",
        "https",
        "https",
        "https",
        "https",
        "https",
        "https",
        "https",
        "https",
        "https",
        "https",
        "https"
    ],
    "scripts": {
        "iframe": [],
        "urls": []
    },
    "static_properties": {
        "JBIG2Decode": "0",
        "XML_forms": "0",
        "acro_form": "0",
        "auto_action": "0",
        "colors": "0",
        "cross_reference_table": "1",
        "embedded_files": "0",
        "file_size": "35",
        "java_script": "0",
        "js": "0",
        "launch_action": "0",
        "object_end": "55",
        "object_start": "55",
        "object_streams": "0",
        "open_action": "0",
        "page_count": "2",
        "rich_media": "0",
        "start_cross_reference_table": "1",
        "stream_end": "6",
        "stream_start": "6",
        "trailer_dictionary": "1"
    },
    "yara_signatures": [
        "without_attachments",
        "without_images",
        "with_urls",
        "invalid_trailer_structure",
        "contentis_base64"
    ]
}