{
    "exif_signatures": {},
    "file_size": 382184,
    "pdfid_signatures": {},
    "pypdf_uris": [
        "https://colod.co.za/XSRYdR1H?utm_term=toyota+camry+2007+xle+manual",
        "https://houstoncoinshow.org/FCKeditor/file/96965983908.pdf",
        "http://pumarecovery.com/userfiles/files/fixegazorebiweniji.pdf",
        "http://ankamet.com/userfiles/file/92332935993.pdf",
        "http://www.frank-diagn.hu/userfiles/files/madaxasasi.pdf",
        "https://theptaynam.vn/upload/files/zevatotetedimumevasureruw.pdf",
        "http://bortran.com/upload/image/file/20211212024756.pdf",
        "http://farmina.ru/uploads/files/55764296240.pdf",
        "http://forglass.sk/userfiles/file/8245833697.pdf",
        "https://thuanxuongmonmb.com/admin/webroot/upload/image/files/josupo.pdf",
        "https://terrebleue.org/userfiles/file/sedujeneponivube.pdf",
        "https://digireg.lu/upload/nezinasuzikebi.pdf",
        "https://ailani.org/wp-content/plugins/super-forms/uploads/php/files/0587659c9a52df0a62bc9ced217d89bd/raroterevomudowexejakoxif.pdf",
        "http://www.1000ena.com/wp-content/plugins/formcraft/file-upload/server/content/files/1618cf22821782---weloxumumefaketegi.pdf",
        "http://www.realisthotel.com/wp-content/plugins/formcraft/file-upload/server/content/files/1614e1c1fcefc7---89402236882.pdf",
        "http://gzpropellers.com/uploadfile/files/didibolubo.pdf",
        "http://umrllc.com/userfiles/files/mifex.pdf",
        "http://kanoonkaraj.ir/dbmanager/filebank/htmlgallery/file///69450918036.pdf",
        "https://ostrichtours.com/ckfinder/userfiles/files/49940779187.pdf",
        "https://musicalfamilytree.com/files/90379575289.pdf",
        "https://hitourkorea.com/FileData/ckfinder/files/20210925_206DB84E05DB02A6.pdf",
        "http://darstin.com/userfiles/files/vorifurexepebeguj.pdf",
        "https://e-ssuances.com/ckfinder/userfiles/files/53353223420.pdf",
        "https://hongdung.vn/ckeditor/images/files/fomun.pdf",
        "http://daehnfeldt.com/userfiles/file/xeligeferiwowudokulev.pdf",
        "https://hacunamatata.ru/wp-content/plugins/super-forms/uploads/php/files/781ab863cef40c8a905f6363919640f6/mefizubikoxozudelaba.pdf",
        "http://robertfeinberglaw.com/images/edit_images/file/55574411343.pdf",
        "https://luckyfood.itweald.com/uploads/files/613ff1dd4faca.pdf",
        "https://costarica4d.com/contents/files/juxotakikej.pdf",
        "https://aucordechasse.fr/vosImages/rimobewebogobaninev.pdf",
        "http://esoftland.com/userfiles/file/6435885658.pdf",
        "http://parmalab.it/userfiles/files/97522055246.pdf",
        "http://nakajima-ya.com/user_data/image/file/sepijepudurijekafobemewip.pdf",
        "http://atthaya.com/file_media/file_image/file/59243439537.pdf",
        "https://bimore.vn/webroot/img/files/zosuwivebusut.pdf",
        "https://kalatranslation.co.uk/wp-content/plugins/super-forms/uploads/php/files/u597eper68h3qs9n2sgv3uiu06/jiwodu.pdf"
    ],
    "regex_uris": [
        "https://colod.co.za/XSRYdR1H?utm_term=toyota+camry+2007+xle+manual",
        "https://houstoncoinshow.org/FCKeditor/file/96965983908.pdf",
        "http://pumarecovery.com/userfiles/files/fixegazorebiweniji.pdf",
        "http://ankamet.com/userfiles/file/92332935993.pdf",
        "http://www.frank-diagn.hu/userfiles/files/madaxasasi.pdf",
        "https://theptaynam.vn/upload/files/zevatotetedimumevasureruw.pdf",
        "http://bortran.com/upload/image/file/20211212024756.pdf",
        "http://farmina.ru/uploads/files/55764296240.pdf",
        "http://forglass.sk/userfiles/file/8245833697.pdf",
        "https://thuanxuongmonmb.com/admin/webroot/upload/image/files/josupo.pdf",
        "https://terrebleue.org/userfiles/file/sedujeneponivube.pdf",
        "https://digireg.lu/upload/nezinasuzikebi.pdf",
        "https://ailani.org/wp-content/plugins/super-forms/uploads/php/files/0587659c9a52df0a62bc9ced217d89bd/raroterevomudowexejakoxif.pdf",
        "http://www.1000ena.com/wp-content/plugins/formcraft/file-upload/server/content/files/1618cf22821782---weloxumumefaketegi.pdf",
        "http://www.realisthotel.com/wp-content/plugins/formcraft/file-upload/server/content/files/1614e1c1fcefc7---89402236882.pdf",
        "http://gzpropellers.com/uploadfile/files/didibolubo.pdf",
        "http://umrllc.com/userfiles/files/mifex.pdf",
        "http://kanoonkaraj.ir/dbmanager/filebank/htmlgallery/file///69450918036.pdf",
        "https://ostrichtours.com/ckfinder/userfiles/files/49940779187.pdf",
        "https://musicalfamilytree.com/files/90379575289.pdf",
        "https://hitourkorea.com/FileData/ckfinder/files/20210925_206DB84E05DB02A6.pdf",
        "http://darstin.com/userfiles/files/vorifurexepebeguj.pdf",
        "https://e-ssuances.com/ckfinder/userfiles/files/53353223420.pdf",
        "https://hongdung.vn/ckeditor/images/files/fomun.pdf",
        "http://daehnfeldt.com/userfiles/file/xeligeferiwowudokulev.pdf",
        "https://hacunamatata.ru/wp-content/plugins/super-forms/uploads/php/files/781ab863cef40c8a905f6363919640f6/mefizubikoxozudelaba.pdf",
        "http://robertfeinberglaw.com/images/edit_images/file/55574411343.pdf",
        "https://luckyfood.itweald.com/uploads/files/613ff1dd4faca.pdf",
        "https://costarica4d.com/contents/files/juxotakikej.pdf",
        "https://aucordechasse.fr/vosImages/rimobewebogobaninev.pdf",
        "http://esoftland.com/userfiles/file/6435885658.pdf",
        "http://parmalab.it/userfiles/files/97522055246.pdf",
        "http://nakajima-ya.com/user_data/image/file/sepijepudurijekafobemewip.pdf",
        "http://atthaya.com/file_media/file_image/file/59243439537.pdf",
        "https://bimore.vn/webroot/img/files/zosuwivebusut.pdf",
        "https://kalatranslation.co.uk/wp-content/plugins/super-forms/uploads/php/files/u597eper68h3qs9n2sgv3uiu06/jiwodu.pdf"
    ],
    "regex_urls": [
        "https",
        "https",
        "http://pumarecovery.com/userfiles/files/fixegazorebiweniji.pdf",
        "http://ankamet.com/userfiles/file/92332935993.pdf",
        "http://www.frank-diagn.hu/userfiles/files/madaxasasi.pdf",
        "https",
        "http://bortran.com/upload/image/file/20211212024756.pdf",
        "http://farmina.ru/uploads/files/55764296240.pdf",
        "http://forglass.sk/userfiles/file/8245833697.pdf",
        "https",
        "https",
        "https",
        "https",
        "http://www.1000ena.com/wp-content/plugins/formcraft/file-upload/server/content/files/1618cf22821782---weloxumumefaketegi.pdf",
        "http://www.realisthotel.com/wp-content/plugins/formcraft/file-upload/server/content/files/1614e1c1fcefc7---89402236882.pdf",
        "http://gzpropellers.com/uploadfile/files/didibolubo.pdf",
        "http://umrllc.com/userfiles/files/mifex.pdf",
        "http://kanoonkaraj.ir/dbmanager/filebank/htmlgallery/file///69450918036.pdf",
        "https",
        "https",
        "https",
        "http://darstin.com/userfiles/files/vorifurexepebeguj.pdf",
        "https",
        "https",
        "http://daehnfeldt.com/userfiles/file/xeligeferiwowudokulev.pdf",
        "https",
        "http://robertfeinberglaw.com/images/edit_images/file/55574411343.pdf",
        "https",
        "https",
        "https",
        "http://esoftland.com/userfiles/file/6435885658.pdf",
        "http://parmalab.it/userfiles/files/97522055246.pdf",
        "http://nakajima-ya.com/user_data/image/file/sepijepudurijekafobemewip.pdf",
        "http://atthaya.com/file_media/file_image/file/59243439537.pdf",
        "https",
        "https",
        "http://www.w3.org/1999/02/22-rdf-syntax-ns#",
        "http://purl.org/dc/elements/1.1/",
        "http://ns.adobe.com/pdf/1.3/",
        "http://ns.adobe.com/xap/1.0/",
        "http://ns.adobe.com/xap/1.0/mm/",
        "http://ns.adobe.com/xap/1.0/rights/"
    ],
    "scripts": {
        "iframe": [],
        "urls": []
    },
    "static_properties": {
        "JBIG2Decode": "0",
        "XML_forms": "0",
        "acro_form": "0",
        "auto_action": "0",
        "colors": "0",
        "cross_reference_table": "2",
        "embedded_files": "0",
        "file_size": "382",
        "java_script": "0",
        "js": "0",
        "launch_action": "0",
        "object_end": "92",
        "object_start": "92",
        "object_streams": "0",
        "open_action": "0",
        "page_count": "3",
        "rich_media": "0",
        "start_cross_reference_table": "2",
        "stream_end": "19",
        "stream_start": "19",
        "trailer_dictionary": "2"
    },
    "yara_signatures": [
        "without_attachments",
        "without_images",
        "with_urls",
        "suspicious_creator",
        "invalid_trailer_structure",
        "multiple_versions",
        "contentis_base64",
        "Big_Numbers1"
    ]
}