{
    "exif_signatures": {},
    "file_size": 241166,
    "pdfid_signatures": {},
    "pypdf_uris": [
        "https://urllio.com/2l01ct",
        "http://facebook.jkard.com/upload/files/2022/05/8jxyb7UC1aokVMZienHK_19_373d2d8b37851fe4aeb0222c738f7e12_file.pdf",
        "http://traumliebe24.de/upload/files/2022/05/eYsJvLIQVDBezsgwwxFg_19_373d2d8b37851fe4aeb0222c738f7e12_file.pdf",
        "https://moorish-american.com/upload/files/2022/05/MoAh2L8Zh6hTwamgM7qo_19_373d2d8b37851fe4aeb0222c738f7e12_file.pdf",
        "https://frustratedgamers.com/upload/files/2022/05/1dmEmTKQZ9KchBBBcWHX_19_424ab0685f771c536164ffb16cb95926_file.pdf",
        "https://www.sdssocial.world/upload/files/2022/05/l2DGIA3eNa15aGEUdOIZ_19_c11cc60fc719a7bd16c2ca99137b156b_file.pdf",
        "https://cosplaygoals.com/upload/files/2022/05/LlDFcpiCK8TYusTOhYAv_19_83b76f54a6922f935b3d969b68c09f46_file.pdf",
        "https://blissgrin.com/upload/files/2022/05/MEKUJh2Xb8KJLfMYEVyD_19_424ab0685f771c536164ffb16cb95926_file.pdf",
        "https://www.vsv7.com/upload/files/2022/05/OTmGD2hXbhY5RURgkwaf_19_83b76f54a6922f935b3d969b68c09f46_file.pdf",
        "https://sissycrush.com/upload/files/2022/05/DfC4QhYFH2HnBEHSYPiv_19_ad1c85c25193869ac1a6eb508357d1d3_file.pdf",
        "https://www.dejavekita.com/upload/files/2022/05/rwQXjLsFOygxVNxR9uFG_19_c11cc60fc719a7bd16c2ca99137b156b_file.pdf",
        "http://www.tcpdf.org"
    ],
    "regex_uris": [
        "https://urllio.com/2l01ct",
        "http://facebook.jkard.com/upload/files/2022/05/8jxyb7UC1aokVMZienHK_19_373d2d8b37851fe4aeb0222c738f7e12_file.pdf",
        "http://traumliebe24.de/upload/files/2022/05/eYsJvLIQVDBezsgwwxFg_19_373d2d8b37851fe4aeb0222c738f7e12_file.pdf",
        "https://moorish-american.com/upload/files/2022/05/MoAh2L8Zh6hTwamgM7qo_19_373d2d8b37851fe4aeb0222c738f7e12_file.pdf",
        "https://frustratedgamers.com/upload/files/2022/05/1dmEmTKQZ9KchBBBcWHX_19_424ab0685f771c536164ffb16cb95926_file.pdf",
        "https://www.sdssocial.world/upload/files/2022/05/l2DGIA3eNa15aGEUdOIZ_19_c11cc60fc719a7bd16c2ca99137b156b_file.pdf",
        "https://cosplaygoals.com/upload/files/2022/05/LlDFcpiCK8TYusTOhYAv_19_83b76f54a6922f935b3d969b68c09f46_file.pdf",
        "https://blissgrin.com/upload/files/2022/05/MEKUJh2Xb8KJLfMYEVyD_19_424ab0685f771c536164ffb16cb95926_file.pdf",
        "https://www.vsv7.com/upload/files/2022/05/OTmGD2hXbhY5RURgkwaf_19_83b76f54a6922f935b3d969b68c09f46_file.pdf",
        "https://sissycrush.com/upload/files/2022/05/DfC4QhYFH2HnBEHSYPiv_19_ad1c85c25193869ac1a6eb508357d1d3_file.pdf",
        "https://www.dejavekita.com/upload/files/2022/05/rwQXjLsFOygxVNxR9uFG_19_c11cc60fc719a7bd16c2ca99137b156b_file.pdf",
        "http://www.tcpdf.org"
    ],
    "regex_urls": [
        "http://ns.adobe.com/xap/1.0/",
        "http://www.w3.org/1999/02/22-rdf-syntax-ns#",
        "http://ns.adobe.com/xap/1.0/mm/",
        "http://ns.adobe.com/xap/1.0/sType/ResourceEvent#",
        "http://purl.org/dc/elements/1.1/",
        "http://ns.adobe.com/photoshop/1.0/",
        "http://ns.adobe.com/xap/1.0/",
        "https",
        "http://facebook.jkard.com/upload/files/2022/05/8jxyb7UC1aokVMZienHK_19_373d2d8b37851fe4aeb0222c738f7e12_file.pdf",
        "http://traumliebe24.de/upload/files/2022/05/eYsJvLIQVDBezsgwwxFg_19_373d2d8b37851fe4aeb0222c738f7e12_file.pdf",
        "https",
        "https",
        "https",
        "www.sdssocial.world/upload/files/2022/05/l2DGIA3eNa15aGEUdOIZ_19_c11cc60fc719a7bd16c2ca99137b156b_file.pdf",
        "https",
        "https",
        "https",
        "www.vsv7.com/upload/files/2022/05/OTmGD2hXbhY5RURgkwaf_19_83b76f54a6922f935b3d969b68c09f46_file.pdf",
        "https",
        "https",
        "www.dejavekita.com/upload/files/2022/05/rwQXjLsFOygxVNxR9uFG_19_c11cc60fc719a7bd16c2ca99137b156b_file.pdf",
        "http://www.tcpdf.org",
        "http://www.w3.org/1999/02/22-rdf-syntax-ns#",
        "http://purl.org/dc/elements/1.1/",
        "http://ns.adobe.com/xap/1.0/",
        "http://ns.adobe.com/pdf/1.3/",
        "http://ns.adobe.com/xap/1.0/mm/",
        "http://www.aiim.org/pdfa/ns/extension/",
        "http://www.aiim.org/pdfa/ns/schema#",
        "http://www.aiim.org/pdfa/ns/property#",
        "http://ns.adobe.com/pdf/1.3/",
        "http://ns.adobe.com/xap/1.0/mm/",
        "http://www.aiim.org/pdfa/ns/id/"
    ],
    "scripts": {
        "iframe": [],
        "urls": []
    },
    "static_properties": {
        "JBIG2Decode": "0",
        "XML_forms": "0",
        "acro_form": "0",
        "auto_action": "0",
        "colors": "0",
        "cross_reference_table": "1",
        "embedded_files": "0",
        "file_size": "241",
        "java_script": "0",
        "js": "0",
        "launch_action": "0",
        "object_end": "45",
        "object_start": "45",
        "object_streams": "0",
        "open_action": "1",
        "page_count": "6",
        "rich_media": "0",
        "start_cross_reference_table": "1",
        "stream_end": "15",
        "stream_start": "15",
        "trailer_dictionary": "1"
    },
    "yara_signatures": [
        "without_attachments",
        "without_images",
        "with_urls",
        "contentis_base64",
        "Big_Numbers1"
    ]
}