{
    "exif_signatures": {},
    "file_size": 34715,
    "pdfid_signatures": {
        "Page_Count": {
            "description": "This PDF has only one page",
            "families": [],
            "marks": [],
            "name": "Page_Count",
            "references": [],
            "severity": 1
        }
    },
    "pypdf_uris": [
        "http://netcdn.co/app/431946152/how-to-hack-roblox-accounts-using-cmd-game-hack",
        "http://netcdn.co/app/431946152/how-to-hack-roblox-accounts-using-cmd-game-hack",
        "https://elearning.manicp.sch.id/__statics/gudangsoal/files/roblox-executor-free_GM431946152.pdf",
        "https://elearning.manicp.sch.id/__statics/gudangsoal/files/coin-master-daily-gift-free-spins-and-coins-link_GM406889139.pdf",
        "https://elearning.manicp.sch.id/__statics/gudangsoal/files/coins-master-hacks_GM406889139.pdf",
        "https://elearning.manicp.sch.id/__statics/gudangsoal/files/free-robux-generator-2021_GM431946152.pdf",
        "https://elearning.manicp.sch.id/__statics/gudangsoal/files/free-robux-com-roblox_GM431946152.pdf",
        "https://elearning.manicp.sch.id/__statics/gudangsoal/files/tiktok-free-view-30-detik_GM835599320.pdf",
        "https://elearning.manicp.sch.id/__statics/gudangsoal/files/free-coins-and-spins-coin-master_GM406889139.pdf",
        "https://elearning.manicp.sch.id/__statics/gudangsoal/files/how-to-hack-roblox-to-get-free-robux_GM431946152.pdf",
        "https://elearning.manicp.sch.id/__statics/gudangsoal/files/dragon-keeper-roblox-cheats_GM431946152.pdf",
        "https://elearning.manicp.sch.id/__statics/gudangsoal/files/coin-master-gold-cards-free_GM406889139.pdf",
        "https://elearning.manicp.sch.id/__statics/gudangsoal/files/roblox-hacks-for-mac_GM431946152.pdf",
        "https://elearning.manicp.sch.id/__statics/gudangsoal/files/how-to-get-free-robux-easy-hack_GM431946152.pdf",
        "https://elearning.manicp.sch.id/__statics/gudangsoal/files/free-spin-coin-master-online_GM406889139.pdf",
        "https://elearning.manicp.sch.id/__statics/gudangsoal/files/coin-master-daily-free-spins-link-today_GM406889139.pdf",
        "https://elearning.manicp.sch.id/__statics/gudangsoal/files/free-robux-only-username-no-human-verification_GM431946152.pdf",
        "https://elearning.manicp.sch.id/__statics/gudangsoal/files/roblox-hack-game_GM431946152.pdf",
        "https://elearning.manicp.sch.id/__statics/gudangsoal/files/free-robux-codes-2021-not-used_GM431946152.pdf",
        "https://elearning.manicp.sch.id/__statics/gudangsoal/files/coin-master-hack-2021-apk_GM406889139.pdf",
        "https://elearning.manicp.sch.id/__statics/gudangsoal/files/today-coin-master-free-coins-link_GM406889139.pdf",
        "https://elearning.manicp.sch.id/__statics/gudangsoal/files/free-roblox-money_GM431946152.pdf"
    ],
    "regex_uris": [
        "http://netcdn.co/app/431946152/how-to-hack-roblox-accounts-using-cmd-game-hack",
        "http://netcdn.co/app/431946152/how-to-hack-roblox-accounts-using-cmd-game-hack",
        "https://elearning.manicp.sch.id/__statics/gudangsoal/files/roblox-executor-free_GM431946152.pdf",
        "https://elearning.manicp.sch.id/__statics/gudangsoal/files/coin-master-daily-gift-free-spins-and-coins-link_GM406889139.pdf",
        "https://elearning.manicp.sch.id/__statics/gudangsoal/files/coins-master-hacks_GM406889139.pdf",
        "https://elearning.manicp.sch.id/__statics/gudangsoal/files/free-robux-generator-2021_GM431946152.pdf",
        "https://elearning.manicp.sch.id/__statics/gudangsoal/files/free-robux-com-roblox_GM431946152.pdf",
        "https://elearning.manicp.sch.id/__statics/gudangsoal/files/tiktok-free-view-30-detik_GM835599320.pdf",
        "https://elearning.manicp.sch.id/__statics/gudangsoal/files/free-coins-and-spins-coin-master_GM406889139.pdf",
        "https://elearning.manicp.sch.id/__statics/gudangsoal/files/how-to-hack-roblox-to-get-free-robux_GM431946152.pdf",
        "https://elearning.manicp.sch.id/__statics/gudangsoal/files/dragon-keeper-roblox-cheats_GM431946152.pdf",
        "https://elearning.manicp.sch.id/__statics/gudangsoal/files/coin-master-gold-cards-free_GM406889139.pdf",
        "https://elearning.manicp.sch.id/__statics/gudangsoal/files/roblox-hacks-for-mac_GM431946152.pdf",
        "https://elearning.manicp.sch.id/__statics/gudangsoal/files/how-to-get-free-robux-easy-hack_GM431946152.pdf",
        "https://elearning.manicp.sch.id/__statics/gudangsoal/files/free-spin-coin-master-online_GM406889139.pdf",
        "https://elearning.manicp.sch.id/__statics/gudangsoal/files/coin-master-daily-free-spins-link-today_GM406889139.pdf",
        "https://elearning.manicp.sch.id/__statics/gudangsoal/files/free-robux-only-username-no-human-verification_GM431946152.pdf",
        "https://elearning.manicp.sch.id/__statics/gudangsoal/files/roblox-hack-game_GM431946152.pdf",
        "https://elearning.manicp.sch.id/__statics/gudangsoal/files/free-robux-codes-2021-not-used_GM431946152.pdf",
        "https://elearning.manicp.sch.id/__statics/gudangsoal/files/coin-master-hack-2021-apk_GM406889139.pdf",
        "https://elearning.manicp.sch.id/__statics/gudangsoal/files/today-coin-master-free-coins-link_GM406889139.pdf",
        "https://elearning.manicp.sch.id/__statics/gudangsoal/files/free-roblox-money_GM431946152.pdf"
    ],
    "regex_urls": [
        "http://netcdn.co/app/431946152/how-to-hack-roblox-accounts-using-cmd-game-hack",
        "http://netcdn.co/app/431946152/how-to-hack-roblox-accounts-using-cmd-game-hack",
        "https",
        "https",
        "https",
        "https",
        "https",
        "https",
        "https",
        "https",
        "https",
        "https",
        "https",
        "https",
        "https",
        "https",
        "https",
        "https",
        "https",
        "https",
        "https",
        "https"
    ],
    "scripts": {
        "iframe": [],
        "urls": []
    },
    "static_properties": {
        "JBIG2Decode": "0",
        "XML_forms": "0",
        "acro_form": "0",
        "auto_action": "0",
        "colors": "0",
        "cross_reference_table": "1",
        "embedded_files": "0",
        "file_size": "35",
        "java_script": "0",
        "js": "0",
        "launch_action": "0",
        "object_end": "50",
        "object_start": "50",
        "object_streams": "0",
        "open_action": "0",
        "page_count": "1",
        "rich_media": "0",
        "start_cross_reference_table": "1",
        "stream_end": "5",
        "stream_start": "5",
        "trailer_dictionary": "1"
    },
    "yara_signatures": [
        "without_attachments",
        "without_images",
        "with_urls",
        "invalid_trailer_structure",
        "contentis_base64"
    ]
}