{
    "exif_signatures": {},
    "file_size": 114976,
    "pdfid_signatures": {},
    "pypdf_uris": [
        "http://findthisall.com/lawmakers/tuttle.macedonians.meyers.ZG93bmxvYWR8dW42Y0djMmEzeDhNVFkyTWpZNE1ETTVNSHg4TWpVNU1IeDhLRTBwSUZkdmNtUndjbVZ6Y3lCYldFMU1VbEJESUZZeUlGQkVSbDA/kidman/Y3V0bWFzdGVyIDJkIHBybyAxLjMuMy4xIGtleWdlbgY3V/",
        "http://www.studiofratini.com/kenwood-tk2312-programming-software-download-link/",
        "https://www.ibjf.at/wp-content/uploads/2022/09/Wondershare_Dvd_Creator_265_Registration_Code-1.pdf",
        "https://xplico.no/wp-content/uploads/2022/09/neliandr.pdf",
        "http://twinmyclub.com/wp-content/uploads/2022/09/glenmarg.pdf",
        "https://kooperativakosjeric.rs/wp-content/uploads/2022/09/yarmjahm.pdf",
        "https://check-list-demenagement.fr/wp-content/uploads/2022/09/Utorrent_Pro_2020_TOP_Crack_Free_Download-1.pdf",
        "https://www.larpy.cz/files/Remouse_License_Key_Listsl.pdf",
        "https://bestvacuumforcar.com/rita-pmp-book-pdf-link-free-download/",
        "https://www.voyavel.it/autoship-10-autohydro-6-4-autopower-autoyacht-2021/",
        "http://benzswm.com/p3dv4-aerosoft-berlin-tegel-professional-v1-01-download-hot/",
        "https://lacomfortair.com/wapp-bulk-turbo-cracked-ribs-best/",
        "https://uerb.site/wp-content/uploads/2022/09/raphstew.pdf",
        "https://brandyallen.com/2022/09/10/reallifecam-new-password/",
        "http://mein-portfolio.net/wp-content/uploads/2022/09/Effector_Vst_Free_Download_FULL-1.pdf",
        "https://www.cchb.fr/wp-content/uploads/Steam_Wallet_Hack.pdf",
        "http://www.fuertebazar.com/wp-content/uploads/2022/09/BEST_Keygen_Coreldraw_Graphics_Suite_X5.pdf",
        "https://baitjadati.com/wp-content/uploads/2022/09/Descargarcyberadminpro5fullcrack.pdf",
        "https://buycoffeemugs.com/sibelius-7-serial-number-generator-by-evergon-rar-rapidshare-3/",
        "https://studiolight.nl/wp-content/uploads/2022/09/electronics_and_modern_physics_pdf_download.pdf",
        "http://www.2el3byazici.com/?p=59048",
        "http://www.tcpdf.org"
    ],
    "regex_uris": [
        "http://findthisall.com/lawmakers/tuttle.macedonians.meyers.ZG93bmxvYWR8dW42Y0djMmEzeDhNVFkyTWpZNE1ETTVNSHg4TWpVNU1IeDhLRTBwSUZkdmNtUndjbVZ6Y3lCYldFMU1VbEJESUZZeUlGQkVSbDA/kidman/Y3V0bWFzdGVyIDJkIHBybyAxLjMuMy4xIGtleWdlbgY3V/",
        "http://www.studiofratini.com/kenwood-tk2312-programming-software-download-link/",
        "https://www.ibjf.at/wp-content/uploads/2022/09/Wondershare_Dvd_Creator_265_Registration_Code-1.pdf",
        "https://xplico.no/wp-content/uploads/2022/09/neliandr.pdf",
        "http://twinmyclub.com/wp-content/uploads/2022/09/glenmarg.pdf",
        "https://kooperativakosjeric.rs/wp-content/uploads/2022/09/yarmjahm.pdf",
        "https://check-list-demenagement.fr/wp-content/uploads/2022/09/Utorrent_Pro_2020_TOP_Crack_Free_Download-1.pdf",
        "https://www.larpy.cz/files/Remouse_License_Key_Listsl.pdf",
        "https://bestvacuumforcar.com/rita-pmp-book-pdf-link-free-download/",
        "https://www.voyavel.it/autoship-10-autohydro-6-4-autopower-autoyacht-2021/",
        "http://benzswm.com/p3dv4-aerosoft-berlin-tegel-professional-v1-01-download-hot/",
        "https://lacomfortair.com/wapp-bulk-turbo-cracked-ribs-best/",
        "https://uerb.site/wp-content/uploads/2022/09/raphstew.pdf",
        "https://brandyallen.com/2022/09/10/reallifecam-new-password/",
        "http://mein-portfolio.net/wp-content/uploads/2022/09/Effector_Vst_Free_Download_FULL-1.pdf",
        "https://www.cchb.fr/wp-content/uploads/Steam_Wallet_Hack.pdf",
        "http://www.fuertebazar.com/wp-content/uploads/2022/09/BEST_Keygen_Coreldraw_Graphics_Suite_X5.pdf",
        "https://baitjadati.com/wp-content/uploads/2022/09/Descargarcyberadminpro5fullcrack.pdf",
        "https://buycoffeemugs.com/sibelius-7-serial-number-generator-by-evergon-rar-rapidshare-3/",
        "https://studiolight.nl/wp-content/uploads/2022/09/electronics_and_modern_physics_pdf_download.pdf",
        "http://www.2el3byazici.com/?p=59048",
        "http://www.tcpdf.org"
    ],
    "regex_urls": [
        "http://findthisall.com/lawmakers/tuttle.macedonians.meyers.ZG93bmxvYWR8dW42Y0djMmEzeDhNVFkyTWpZNE1ETTVNSHg4TWpVNU1IeDhLRTBwSUZkdmNtUndjbVZ6Y3lCYldFMU1VbEJESUZZeUlGQkVSbDA/kidman/Y3V0bWFzdGVyIDJkIHBybyAxLjMuMy4xIGtleWdlbgY3V/",
        "http://www.studiofratini.com/kenwood-tk2312-programming-software-download-link/",
        "https",
        "www.ibjf.at/wp-content/uploads/2022/09/Wondershare_Dvd_Creator_265_Registration_Code-1.pdf",
        "https",
        "http://twinmyclub.com/wp-content/uploads/2022/09/glenmarg.pdf",
        "https",
        "https",
        "https",
        "www.larpy.cz/files/Remouse_License_Key_Listsl.pdf",
        "https",
        "https",
        "www.voyavel.it/autoship-10-autohydro-6-4-autopower-autoyacht-2021/",
        "http://benzswm.com/p3dv4-aerosoft-berlin-tegel-professional-v1-01-download-hot/",
        "https",
        "https",
        "https",
        "http://mein-portfolio.net/wp-content/uploads/2022/09/Effector_Vst_Free_Download_FULL-1.pdf",
        "https",
        "www.cchb.fr/wp-content/uploads/Steam_Wallet_Hack.pdf",
        "http://www.fuertebazar.com/wp-content/uploads/2022/09/BEST_Keygen_Coreldraw_Graphics_Suite_X5.pdf",
        "https",
        "https",
        "https",
        "http://www.2el3byazici.com/?p=59048",
        "http://www.tcpdf.org",
        "http://www.w3.org/1999/02/22-rdf-syntax-ns#",
        "http://purl.org/dc/elements/1.1/",
        "http://ns.adobe.com/xap/1.0/",
        "http://ns.adobe.com/pdf/1.3/",
        "http://ns.adobe.com/xap/1.0/mm/",
        "http://www.aiim.org/pdfa/ns/extension/",
        "http://www.aiim.org/pdfa/ns/schema#",
        "http://www.aiim.org/pdfa/ns/property#",
        "http://ns.adobe.com/pdf/1.3/",
        "http://ns.adobe.com/xap/1.0/mm/",
        "http://www.aiim.org/pdfa/ns/id/"
    ],
    "scripts": {
        "iframe": [],
        "urls": []
    },
    "static_properties": {
        "JBIG2Decode": "0",
        "XML_forms": "0",
        "acro_form": "0",
        "auto_action": "0",
        "colors": "0",
        "cross_reference_table": "1",
        "embedded_files": "0",
        "file_size": "115",
        "java_script": "0",
        "js": "0",
        "launch_action": "0",
        "object_end": "46",
        "object_start": "46",
        "object_streams": "0",
        "open_action": "1",
        "page_count": "2",
        "rich_media": "0",
        "start_cross_reference_table": "1",
        "stream_end": "10",
        "stream_start": "10",
        "trailer_dictionary": "1"
    },
    "yara_signatures": [
        "without_attachments",
        "without_images",
        "with_urls",
        "contentis_base64",
        "Big_Numbers1"
    ]
}