{
    "exif_signatures": {},
    "file_size": 35589,
    "pdfid_signatures": {},
    "pypdf_uris": [
        "http://netcdn.tw/app/835599320/free-tiktok-fans-and-likes-game-hack",
        "http://netcdn.tw/app/835599320/free-tiktok-fans-and-likes-game-hack",
        "https://elearning.mts-sukaramaiatas.sch.id/__statics/gudangsoal/files/master-coin-free-link_GM406889139.pdf",
        "https://elearning.mts-sukaramaiatas.sch.id/__statics/gudangsoal/files/free-coin-master-androd-cheats-2021_GM406889139.pdf",
        "https://elearning.mts-sukaramaiatas.sch.id/__statics/gudangsoal/files/easy-ways-to-get-free-robux_GM431946152.pdf",
        "https://elearning.mts-sukaramaiatas.sch.id/__statics/gudangsoal/files/how-to-get-1-million-in-jailbreak-roblox-hack_GM431946152.pdf",
        "https://elearning.mts-sukaramaiatas.sch.id/__statics/gudangsoal/files/free-coins-and-spins-coin-master_GM406889139.pdf",
        "https://elearning.mts-sukaramaiatas.sch.id/__statics/gudangsoal/files/300-daily-free-spins-coin-master_GM406889139.pdf",
        "https://elearning.mts-sukaramaiatas.sch.id/__statics/gudangsoal/files/site-17-hack-gui-roblox_GM431946152.pdf",
        "https://elearning.mts-sukaramaiatas.sch.id/__statics/gudangsoal/files/yt-roblox-parkour-you-can-free-runing-the-buy_GM431946152.pdf",
        "https://elearning.mts-sukaramaiatas.sch.id/__statics/gudangsoal/files/how-to-get-free-robux-by-playing-games_GM431946152.pdf",
        "https://elearning.mts-sukaramaiatas.sch.id/__statics/gudangsoal/files/minecraft-116-free-download_GM479516143.pdf",
        "https://elearning.mts-sukaramaiatas.sch.id/__statics/gudangsoal/files/hack-websites-for-roblox_GM431946152.pdf",
        "https://elearning.mts-sukaramaiatas.sch.id/__statics/gudangsoal/files/rbl-gg-free-robux_GM431946152.pdf",
        "https://elearning.mts-sukaramaiatas.sch.id/__statics/gudangsoal/files/arsenal-hacks-roblox_GM431946152.pdf",
        "https://elearning.mts-sukaramaiatas.sch.id/__statics/gudangsoal/files/robux-robuxian-awesome-hack_GM431946152.pdf",
        "https://elearning.mts-sukaramaiatas.sch.id/__statics/gudangsoal/files/real-roblox-hack_GM431946152.pdf",
        "https://elearning.mts-sukaramaiatas.sch.id/__statics/gudangsoal/files/50-000-free-spins-coin-master_GM406889139.pdf",
        "https://elearning.mts-sukaramaiatas.sch.id/__statics/gudangsoal/files/coin-master-hack-using-lucky-patcher_GM406889139.pdf",
        "https://elearning.mts-sukaramaiatas.sch.id/__statics/gudangsoal/files/free-800-robux_GM431946152.pdf",
        "https://elearning.mts-sukaramaiatas.sch.id/__statics/gudangsoal/files/coin-master-free-spins-link-deutsch-ios_GM406889139.pdf",
        "https://elearning.mts-sukaramaiatas.sch.id/__statics/gudangsoal/files/rbx-hut-promo-codes_GM431946152.pdf"
    ],
    "regex_uris": [
        "http://netcdn.tw/app/835599320/free-tiktok-fans-and-likes-game-hack",
        "http://netcdn.tw/app/835599320/free-tiktok-fans-and-likes-game-hack",
        "https://elearning.mts-sukaramaiatas.sch.id/__statics/gudangsoal/files/master-coin-free-link_GM406889139.pdf",
        "https://elearning.mts-sukaramaiatas.sch.id/__statics/gudangsoal/files/free-coin-master-androd-cheats-2021_GM406889139.pdf",
        "https://elearning.mts-sukaramaiatas.sch.id/__statics/gudangsoal/files/easy-ways-to-get-free-robux_GM431946152.pdf",
        "https://elearning.mts-sukaramaiatas.sch.id/__statics/gudangsoal/files/how-to-get-1-million-in-jailbreak-roblox-hack_GM431946152.pdf",
        "https://elearning.mts-sukaramaiatas.sch.id/__statics/gudangsoal/files/free-coins-and-spins-coin-master_GM406889139.pdf",
        "https://elearning.mts-sukaramaiatas.sch.id/__statics/gudangsoal/files/300-daily-free-spins-coin-master_GM406889139.pdf",
        "https://elearning.mts-sukaramaiatas.sch.id/__statics/gudangsoal/files/site-17-hack-gui-roblox_GM431946152.pdf",
        "https://elearning.mts-sukaramaiatas.sch.id/__statics/gudangsoal/files/yt-roblox-parkour-you-can-free-runing-the-buy_GM431946152.pdf",
        "https://elearning.mts-sukaramaiatas.sch.id/__statics/gudangsoal/files/how-to-get-free-robux-by-playing-games_GM431946152.pdf",
        "https://elearning.mts-sukaramaiatas.sch.id/__statics/gudangsoal/files/minecraft-116-free-download_GM479516143.pdf",
        "https://elearning.mts-sukaramaiatas.sch.id/__statics/gudangsoal/files/hack-websites-for-roblox_GM431946152.pdf",
        "https://elearning.mts-sukaramaiatas.sch.id/__statics/gudangsoal/files/rbl-gg-free-robux_GM431946152.pdf",
        "https://elearning.mts-sukaramaiatas.sch.id/__statics/gudangsoal/files/arsenal-hacks-roblox_GM431946152.pdf",
        "https://elearning.mts-sukaramaiatas.sch.id/__statics/gudangsoal/files/robux-robuxian-awesome-hack_GM431946152.pdf",
        "https://elearning.mts-sukaramaiatas.sch.id/__statics/gudangsoal/files/real-roblox-hack_GM431946152.pdf",
        "https://elearning.mts-sukaramaiatas.sch.id/__statics/gudangsoal/files/50-000-free-spins-coin-master_GM406889139.pdf",
        "https://elearning.mts-sukaramaiatas.sch.id/__statics/gudangsoal/files/coin-master-hack-using-lucky-patcher_GM406889139.pdf",
        "https://elearning.mts-sukaramaiatas.sch.id/__statics/gudangsoal/files/free-800-robux_GM431946152.pdf",
        "https://elearning.mts-sukaramaiatas.sch.id/__statics/gudangsoal/files/coin-master-free-spins-link-deutsch-ios_GM406889139.pdf",
        "https://elearning.mts-sukaramaiatas.sch.id/__statics/gudangsoal/files/rbx-hut-promo-codes_GM431946152.pdf"
    ],
    "regex_urls": [
        "http://netcdn.tw/app/835599320/free-tiktok-fans-and-likes-game-hack",
        "http://netcdn.tw/app/835599320/free-tiktok-fans-and-likes-game-hack",
        "https",
        "https",
        "https",
        "https",
        "https",
        "https",
        "https",
        "https",
        "https",
        "https",
        "https",
        "https",
        "https",
        "https",
        "https",
        "https",
        "https",
        "https",
        "https",
        "https"
    ],
    "scripts": {
        "iframe": [],
        "urls": []
    },
    "static_properties": {
        "JBIG2Decode": "0",
        "XML_forms": "0",
        "acro_form": "0",
        "auto_action": "0",
        "colors": "0",
        "cross_reference_table": "1",
        "embedded_files": "0",
        "file_size": "36",
        "java_script": "0",
        "js": "0",
        "launch_action": "0",
        "object_end": "55",
        "object_start": "55",
        "object_streams": "0",
        "open_action": "0",
        "page_count": "2",
        "rich_media": "0",
        "start_cross_reference_table": "1",
        "stream_end": "6",
        "stream_start": "6",
        "trailer_dictionary": "1"
    },
    "yara_signatures": [
        "without_attachments",
        "without_images",
        "with_urls",
        "invalid_trailer_structure",
        "contentis_base64"
    ]
}