{
    "exif_signatures": {},
    "file_size": 87849,
    "pdfid_signatures": {},
    "pypdf_uris": [
        "http://getpdf.pw/book?res=123&isbn=9780521534901&kwd=Great%20Powers%20and%20Outlaw%20States%20:%20Unequal%20Sovereigns%20in%20the%20International%20Legal%20Order",
        "http://getpdf.pw/book?res=123&isbn=9780521534901&kwd=Great%20Powers%20and%20Outlaw%20States%20:%20Unequal%20Sovereigns%20in%20the%20International%20Legal%20Order",
        "https://static.s123-cdn-static.com/uploads/4661218/normal_61afb6534334c.pdf",
        "https://static.s123-cdn.com/uploads/4660843/normal_61afb3ac1bb02.pdf"
    ],
    "regex_uris": [
        "http://getpdf.pw/book?res=123&isbn=9780521534901&kwd=Great%20Powers%20and%20Outlaw%20States%20:%20Unequal%20Sovereigns%20in%20the%20International%20Legal%20Order",
        "http://getpdf.pw/book?res=123&isbn=9780521534901&kwd=Great%20Powers%20and%20Outlaw%20States%20:%20Unequal%20Sovereigns%20in%20the%20International%20Legal%20Order",
        "https://static.s123-cdn-static.com/uploads/4661218/normal_61afb6534334c.pdf",
        "https://static.s123-cdn.com/uploads/4660843/normal_61afb3ac1bb02.pdf"
    ],
    "regex_urls": [
        "http://getpdf.pw/book?res=123",
        "http://getpdf.pw/book?res=123",
        "https",
        "https"
    ],
    "scripts": {
        "iframe": [],
        "urls": []
    },
    "static_properties": {
        "JBIG2Decode": "0",
        "XML_forms": "0",
        "acro_form": "0",
        "auto_action": "0",
        "colors": "0",
        "cross_reference_table": "1",
        "embedded_files": "0",
        "file_size": "88",
        "java_script": "0",
        "js": "0",
        "launch_action": "0",
        "object_end": "59",
        "object_start": "59",
        "object_streams": "0",
        "open_action": "0",
        "page_count": "4",
        "rich_media": "0",
        "start_cross_reference_table": "1",
        "stream_end": "11",
        "stream_start": "11",
        "trailer_dictionary": "1"
    },
    "yara_signatures": [
        "without_attachments",
        "without_images",
        "with_urls",
        "invalid_trailer_structure",
        "contentis_base64"
    ]
}