{
    "exif_signatures": {},
    "file_size": 34183,
    "pdfid_signatures": {},
    "pypdf_uris": [
        "http://netcdn.tw/app/431946152/free-robux-redeem-codes-game-hack",
        "http://netcdn.tw/app/431946152/free-robux-redeem-codes-game-hack",
        "https://www.astrospace.com.tw/upload/files/free-minecraft-games-for-kids_GM479516143.pdf",
        "https://www.astrospace.com.tw/upload/files/how-to-get-free-tiktok-followers-without-downloading-apps_GM835599320.pdf",
        "https://www.astrospace.com.tw/upload/files/master-coin-free-link_GM406889139.pdf",
        "https://www.astrospace.com.tw/upload/files/free-promo-codes-for-coin-master_GM406889139.pdf",
        "https://www.astrospace.com.tw/upload/files/free-robux-without-verification-2021_GM431946152.pdf",
        "https://www.astrospace.com.tw/upload/files/free-robux-redeem-codes-list_GM431946152.pdf",
        "https://www.astrospace.com.tw/upload/files/roblox-cheat-engine-64-money-hack_GM431946152.pdf",
        "https://www.astrospace.com.tw/upload/files/mad-city-roblox-hack-saison-4_GM431946152.pdf",
        "https://www.astrospace.com.tw/upload/files/coin-master-free-cards-link-2021_GM406889139.pdf",
        "https://www.astrospace.com.tw/upload/files/today-free-spin-link-for-coin-master_GM406889139.pdf",
        "https://www.astrospace.com.tw/upload/files/coin-master-free-spins-hack-2021_GM406889139.pdf",
        "https://www.astrospace.com.tw/upload/files/free-robux-no-verify-ios_GM431946152.pdf",
        "https://www.astrospace.com.tw/upload/files/how-to-use-free-models-in-roblox-studio_GM431946152.pdf",
        "https://www.astrospace.com.tw/upload/files/roblox-script-kill-player-hack_GM431946152.pdf",
        "https://www.astrospace.com.tw/upload/files/roblox-free-login_GM431946152.pdf",
        "https://www.astrospace.com.tw/upload/files/wurst-18-9_GM479516143.pdf",
        "https://www.astrospace.com.tw/upload/files/free-spins-for-coin-master_GM406889139.pdf",
        "https://www.astrospace.com.tw/upload/files/roblox-download-pc-free_GM431946152.pdf",
        "https://www.astrospace.com.tw/upload/files/coin-master-free-spin-and-coin_GM406889139.pdf",
        "https://www.astrospace.com.tw/upload/files/lazyblox-com-free-robux_GM431946152.pdf"
    ],
    "regex_uris": [
        "http://netcdn.tw/app/431946152/free-robux-redeem-codes-game-hack",
        "http://netcdn.tw/app/431946152/free-robux-redeem-codes-game-hack",
        "https://www.astrospace.com.tw/upload/files/free-minecraft-games-for-kids_GM479516143.pdf",
        "https://www.astrospace.com.tw/upload/files/how-to-get-free-tiktok-followers-without-downloading-apps_GM835599320.pdf",
        "https://www.astrospace.com.tw/upload/files/master-coin-free-link_GM406889139.pdf",
        "https://www.astrospace.com.tw/upload/files/free-promo-codes-for-coin-master_GM406889139.pdf",
        "https://www.astrospace.com.tw/upload/files/free-robux-without-verification-2021_GM431946152.pdf",
        "https://www.astrospace.com.tw/upload/files/free-robux-redeem-codes-list_GM431946152.pdf",
        "https://www.astrospace.com.tw/upload/files/roblox-cheat-engine-64-money-hack_GM431946152.pdf",
        "https://www.astrospace.com.tw/upload/files/mad-city-roblox-hack-saison-4_GM431946152.pdf",
        "https://www.astrospace.com.tw/upload/files/coin-master-free-cards-link-2021_GM406889139.pdf",
        "https://www.astrospace.com.tw/upload/files/today-free-spin-link-for-coin-master_GM406889139.pdf",
        "https://www.astrospace.com.tw/upload/files/coin-master-free-spins-hack-2021_GM406889139.pdf",
        "https://www.astrospace.com.tw/upload/files/free-robux-no-verify-ios_GM431946152.pdf",
        "https://www.astrospace.com.tw/upload/files/how-to-use-free-models-in-roblox-studio_GM431946152.pdf",
        "https://www.astrospace.com.tw/upload/files/roblox-script-kill-player-hack_GM431946152.pdf",
        "https://www.astrospace.com.tw/upload/files/roblox-free-login_GM431946152.pdf",
        "https://www.astrospace.com.tw/upload/files/wurst-18-9_GM479516143.pdf",
        "https://www.astrospace.com.tw/upload/files/free-spins-for-coin-master_GM406889139.pdf",
        "https://www.astrospace.com.tw/upload/files/roblox-download-pc-free_GM431946152.pdf",
        "https://www.astrospace.com.tw/upload/files/coin-master-free-spin-and-coin_GM406889139.pdf",
        "https://www.astrospace.com.tw/upload/files/lazyblox-com-free-robux_GM431946152.pdf"
    ],
    "regex_urls": [
        "http://netcdn.tw/app/431946152/free-robux-redeem-codes-game-hack",
        "http://netcdn.tw/app/431946152/free-robux-redeem-codes-game-hack",
        "https",
        "www.astrospace.com.tw/upload/files/free-minecraft-games-for-kids_GM479516143.pdf",
        "https",
        "www.astrospace.com.tw/upload/files/how-to-get-free-tiktok-followers-without-downloading-apps_GM835599320.pdf",
        "https",
        "www.astrospace.com.tw/upload/files/master-coin-free-link_GM406889139.pdf",
        "https",
        "www.astrospace.com.tw/upload/files/free-promo-codes-for-coin-master_GM406889139.pdf",
        "https",
        "www.astrospace.com.tw/upload/files/free-robux-without-verification-2021_GM431946152.pdf",
        "https",
        "www.astrospace.com.tw/upload/files/free-robux-redeem-codes-list_GM431946152.pdf",
        "https",
        "www.astrospace.com.tw/upload/files/roblox-cheat-engine-64-money-hack_GM431946152.pdf",
        "https",
        "www.astrospace.com.tw/upload/files/mad-city-roblox-hack-saison-4_GM431946152.pdf",
        "https",
        "www.astrospace.com.tw/upload/files/coin-master-free-cards-link-2021_GM406889139.pdf",
        "https",
        "www.astrospace.com.tw/upload/files/today-free-spin-link-for-coin-master_GM406889139.pdf",
        "https",
        "www.astrospace.com.tw/upload/files/coin-master-free-spins-hack-2021_GM406889139.pdf",
        "https",
        "www.astrospace.com.tw/upload/files/free-robux-no-verify-ios_GM431946152.pdf",
        "https",
        "www.astrospace.com.tw/upload/files/how-to-use-free-models-in-roblox-studio_GM431946152.pdf",
        "https",
        "www.astrospace.com.tw/upload/files/roblox-script-kill-player-hack_GM431946152.pdf",
        "https",
        "www.astrospace.com.tw/upload/files/roblox-free-login_GM431946152.pdf",
        "https",
        "www.astrospace.com.tw/upload/files/wurst-18-9_GM479516143.pdf",
        "https",
        "www.astrospace.com.tw/upload/files/free-spins-for-coin-master_GM406889139.pdf",
        "https",
        "www.astrospace.com.tw/upload/files/roblox-download-pc-free_GM431946152.pdf",
        "https",
        "www.astrospace.com.tw/upload/files/coin-master-free-spin-and-coin_GM406889139.pdf",
        "https",
        "www.astrospace.com.tw/upload/files/lazyblox-com-free-robux_GM431946152.pdf"
    ],
    "scripts": {
        "iframe": [],
        "urls": []
    },
    "static_properties": {
        "JBIG2Decode": "0",
        "XML_forms": "0",
        "acro_form": "0",
        "auto_action": "0",
        "colors": "0",
        "cross_reference_table": "1",
        "embedded_files": "0",
        "file_size": "34",
        "java_script": "0",
        "js": "0",
        "launch_action": "0",
        "object_end": "55",
        "object_start": "55",
        "object_streams": "0",
        "open_action": "0",
        "page_count": "2",
        "rich_media": "0",
        "start_cross_reference_table": "1",
        "stream_end": "6",
        "stream_start": "6",
        "trailer_dictionary": "1"
    },
    "yara_signatures": [
        "without_attachments",
        "without_images",
        "with_urls",
        "invalid_trailer_structure",
        "contentis_base64"
    ]
}