{
    "exif_signatures": {},
    "file_size": 43978,
    "pdfid_signatures": {},
    "pypdf_uris": [
        "https://netcdn.xyz/app/406889139/coin-master-free-spins-link-no-verification-game-hack",
        "https://netcdn.xyz/app/406889139/coin-master-free-spins-link-no-verification-game-hack",
        "https://www.wearmyspex.com/uploaded_files/userfiles/files/coin-master_GM406889139.pdf",
        "https://www.wearmyspex.com/uploaded_files/userfiles/files/bloxpage-free-robux_GM431946152.pdf",
        "https://www.wearmyspex.com/uploaded_files/userfiles/files/coin-master-hack-quora_GM406889139.pdf",
        "https://www.wearmyspex.com/uploaded_files/userfiles/files/coin-master-free-coins_GM406889139.pdf",
        "https://www.wearmyspex.com/uploaded_files/userfiles/files/my-robux_GM431946152.pdf",
        "https://www.wearmyspex.com/uploaded_files/userfiles/files/coin-master-free-2021-spin-link_GM406889139.pdf",
        "https://www.wearmyspex.com/uploaded_files/userfiles/files/how-to-get-free-robux-app_GM431946152.pdf",
        "https://www.wearmyspex.com/uploaded_files/userfiles/files/free-robux-no-verification-2021-ios_GM431946152.pdf",
        "https://www.wearmyspex.com/uploaded_files/userfiles/files/coin-master-coins-free_GM406889139.pdf",
        "https://www.wearmyspex.com/uploaded_files/userfiles/files/minecraft-survival-hacks_GM479516143.pdf",
        "https://www.wearmyspex.com/uploaded_files/userfiles/files/coin-master-free-spin-generator-without-human-verification_GM406889139.pdf",
        "https://www.wearmyspex.com/uploaded_files/userfiles/files/free-daily-spin-coin-master-game_GM406889139.pdf",
        "https://www.wearmyspex.com/uploaded_files/userfiles/files/coin-master-hack-apk-ios-download_GM406889139.pdf",
        "https://www.wearmyspex.com/uploaded_files/userfiles/files/how-to-get-free-robux-without-surveys_GM431946152.pdf",
        "https://www.wearmyspex.com/uploaded_files/userfiles/files/www-robux-com_GM431946152.pdf",
        "https://www.wearmyspex.com/uploaded_files/userfiles/files/free-robux-reddit_GM431946152.pdf",
        "https://www.wearmyspex.com/uploaded_files/userfiles/files/coin-master-hack-2021_GM406889139.pdf",
        "https://www.wearmyspex.com/uploaded_files/userfiles/files/i-robux_GM431946152.pdf",
        "https://www.wearmyspex.com/uploaded_files/userfiles/files/free-robux-accounts-2021_GM431946152.pdf",
        "https://www.wearmyspex.com/uploaded_files/userfiles/files/how-to-get-free-robux-on-phone-2021_GM431946152.pdf"
    ],
    "regex_uris": [
        "https://netcdn.xyz/app/406889139/coin-master-free-spins-link-no-verification-game-hack",
        "https://netcdn.xyz/app/406889139/coin-master-free-spins-link-no-verification-game-hack",
        "https://www.wearmyspex.com/uploaded_files/userfiles/files/coin-master_GM406889139.pdf",
        "https://www.wearmyspex.com/uploaded_files/userfiles/files/bloxpage-free-robux_GM431946152.pdf",
        "https://www.wearmyspex.com/uploaded_files/userfiles/files/coin-master-hack-quora_GM406889139.pdf",
        "https://www.wearmyspex.com/uploaded_files/userfiles/files/coin-master-free-coins_GM406889139.pdf",
        "https://www.wearmyspex.com/uploaded_files/userfiles/files/my-robux_GM431946152.pdf",
        "https://www.wearmyspex.com/uploaded_files/userfiles/files/coin-master-free-2021-spin-link_GM406889139.pdf",
        "https://www.wearmyspex.com/uploaded_files/userfiles/files/how-to-get-free-robux-app_GM431946152.pdf",
        "https://www.wearmyspex.com/uploaded_files/userfiles/files/free-robux-no-verification-2021-ios_GM431946152.pdf",
        "https://www.wearmyspex.com/uploaded_files/userfiles/files/coin-master-coins-free_GM406889139.pdf",
        "https://www.wearmyspex.com/uploaded_files/userfiles/files/minecraft-survival-hacks_GM479516143.pdf",
        "https://www.wearmyspex.com/uploaded_files/userfiles/files/coin-master-free-spin-generator-without-human-verification_GM406889139.pdf",
        "https://www.wearmyspex.com/uploaded_files/userfiles/files/free-daily-spin-coin-master-game_GM406889139.pdf",
        "https://www.wearmyspex.com/uploaded_files/userfiles/files/coin-master-hack-apk-ios-download_GM406889139.pdf",
        "https://www.wearmyspex.com/uploaded_files/userfiles/files/how-to-get-free-robux-without-surveys_GM431946152.pdf",
        "https://www.wearmyspex.com/uploaded_files/userfiles/files/www-robux-com_GM431946152.pdf",
        "https://www.wearmyspex.com/uploaded_files/userfiles/files/free-robux-reddit_GM431946152.pdf",
        "https://www.wearmyspex.com/uploaded_files/userfiles/files/coin-master-hack-2021_GM406889139.pdf",
        "https://www.wearmyspex.com/uploaded_files/userfiles/files/i-robux_GM431946152.pdf",
        "https://www.wearmyspex.com/uploaded_files/userfiles/files/free-robux-accounts-2021_GM431946152.pdf",
        "https://www.wearmyspex.com/uploaded_files/userfiles/files/how-to-get-free-robux-on-phone-2021_GM431946152.pdf"
    ],
    "regex_urls": [
        "https",
        "https",
        "https",
        "www.wearmyspex.com/uploaded_files/userfiles/files/coin-master_GM406889139.pdf",
        "https",
        "www.wearmyspex.com/uploaded_files/userfiles/files/bloxpage-free-robux_GM431946152.pdf",
        "https",
        "www.wearmyspex.com/uploaded_files/userfiles/files/coin-master-hack-quora_GM406889139.pdf",
        "https",
        "www.wearmyspex.com/uploaded_files/userfiles/files/coin-master-free-coins_GM406889139.pdf",
        "https",
        "www.wearmyspex.com/uploaded_files/userfiles/files/my-robux_GM431946152.pdf",
        "https",
        "www.wearmyspex.com/uploaded_files/userfiles/files/coin-master-free-2021-spin-link_GM406889139.pdf",
        "https",
        "www.wearmyspex.com/uploaded_files/userfiles/files/how-to-get-free-robux-app_GM431946152.pdf",
        "https",
        "www.wearmyspex.com/uploaded_files/userfiles/files/free-robux-no-verification-2021-ios_GM431946152.pdf",
        "https",
        "www.wearmyspex.com/uploaded_files/userfiles/files/coin-master-coins-free_GM406889139.pdf",
        "https",
        "www.wearmyspex.com/uploaded_files/userfiles/files/minecraft-survival-hacks_GM479516143.pdf",
        "https",
        "www.wearmyspex.com/uploaded_files/userfiles/files/coin-master-free-spin-generator-without-human-verification_GM406889139.pdf",
        "https",
        "www.wearmyspex.com/uploaded_files/userfiles/files/free-daily-spin-coin-master-game_GM406889139.pdf",
        "https",
        "www.wearmyspex.com/uploaded_files/userfiles/files/coin-master-hack-apk-ios-download_GM406889139.pdf",
        "https",
        "www.wearmyspex.com/uploaded_files/userfiles/files/how-to-get-free-robux-without-surveys_GM431946152.pdf",
        "https",
        "www.wearmyspex.com/uploaded_files/userfiles/files/www-robux-com_GM431946152.pdf",
        "https",
        "www.wearmyspex.com/uploaded_files/userfiles/files/free-robux-reddit_GM431946152.pdf",
        "https",
        "www.wearmyspex.com/uploaded_files/userfiles/files/coin-master-hack-2021_GM406889139.pdf",
        "https",
        "www.wearmyspex.com/uploaded_files/userfiles/files/i-robux_GM431946152.pdf",
        "https",
        "www.wearmyspex.com/uploaded_files/userfiles/files/free-robux-accounts-2021_GM431946152.pdf",
        "https",
        "www.wearmyspex.com/uploaded_files/userfiles/files/how-to-get-free-robux-on-phone-2021_GM431946152.pdf"
    ],
    "scripts": {
        "iframe": [],
        "urls": []
    },
    "static_properties": {
        "JBIG2Decode": "0",
        "XML_forms": "0",
        "acro_form": "0",
        "auto_action": "0",
        "colors": "0",
        "cross_reference_table": "1",
        "embedded_files": "0",
        "file_size": "44",
        "java_script": "0",
        "js": "0",
        "launch_action": "0",
        "object_end": "60",
        "object_start": "60",
        "object_streams": "0",
        "open_action": "0",
        "page_count": "3",
        "rich_media": "0",
        "start_cross_reference_table": "1",
        "stream_end": "7",
        "stream_start": "7",
        "trailer_dictionary": "1"
    },
    "yara_signatures": [
        "without_attachments",
        "without_images",
        "with_urls",
        "invalid_trailer_structure",
        "contentis_base64"
    ]
}