{
    "exif_signatures": {},
    "file_size": 212360,
    "pdfid_signatures": {},
    "pypdf_uris": [
        "http://tds.advtraff2014.ru/wp1?keyword=%D1%80%D1%83%D1%81%D1%81%D0%BA%D0%B8%D0%B9+%D1%8F%D0%B7%D1%8B%D0%BA+%D0%BF%D0%BE%D0%B4%D0%B3%D0%BE%D1%82%D0%BE%D0%B2%D0%BA%D0%B0+%D0%BA+%D0%B5%D0%B3%D1%8D+%D0%BB%D0%B8%D1%82%D0%B5%D1%80%D0%B0%D1%82%D1%83%D1%80%D0%BD%D1%8B%D0%B5+%D0%B0%D1%80%D0%B3%D1%83%D0%BC%D0%B5%D0%BD%D1%82%D1%8B+%D0%BA+%D0%B7%D0%B0%D0%B4%D0%B0%D0%BD%D0%B8%D1%8E+%D1%811",
        "https://img0.liveinternet.ru/images/attach/d/0//5940/5940160_rakaluadobeflashbookfreedownloadandroidtabletsamsungtvxere.pdf",
        "https://vilobequpajigefaguh.files.wordpress.com/2018/04/tolizeviw-skachat-reshebnik-tetrad-za-6-klass-srednie-veka-betemu.pdf",
        "https://nuromefuniputeduxa.files.wordpress.com/2018/04/pidisod-otvety-po-russkomu-ege-11-klass-tsybulko-zisuzama.pdf",
        "https://gowodamo.files.wordpress.com/2018/04/kebowawisonuvo-kogda-budet-gotov-rezultat-ege-po-russkomu-iazyku-2016-dizijeni.pdf",
        "https://fugohudofofuniqecuda.files.wordpress.com/2018/04/xogodejepexusa-reshebnik-po-didakticheskomu-materialu-algebra-7-klass-zvavich-gededarixuxure.pdf",
        "https://vaditorenuw.files.wordpress.com/2018/04/bonugovaketa-v-s-shipachev-zadachnik-po-vysshei-matematike-skachat-fufixowoj.pdf",
        "https://img1.liveinternet.ru/images/attach/d/0//5931/5931170_togbabyiloveyou1stladymp3freedownloadmilu.pdf",
        "https://wefukalalu.files.wordpress.com/2018/04/fenojawepe-gdz-po-matematike-3-klass-moro-video-uroki-dodopedinose.pdf",
        "https://img1.liveinternet.ru/images/attach/d/0//5907/5907933_livvaulinaduliangliiskiiiazyk8klassuchebnikgdzgep.pdf",
        "https://sicaharoge.files.wordpress.com/2018/04/fenojajutopuzek-skachat-gdz-po-frantsuzskomu-iazyku-9-klass-kuligina-kixukawepulawom.pdf",
        "https://jejepiloci.files.wordpress.com/2018/04/xaxakej-logika-informatika-zadachi-ege-sipiwazan.pdf",
        "https://mitagaxucijide.files.wordpress.com/2018/04/sumepejalelonap-gdz-10-klas-angl-mova-plakhotnik-najusujoki.pdf",
        "https://img1.liveinternet.ru/images/attach/d/0//5913/5913110_gunibreshebnikershovalgebra11klasssoxon.pdf",
        "https://xapexiqokegubuhecohi.files.wordpress.com/2018/04/wajaf-onlain-testy-po-istorii-ege-11-klass-2016-god-jugelewur.pdf",
        "https://img1.liveinternet.ru/images/attach/d/0//5933/5933320_vazalakk28kudidavideosongfreedownloaddozif.pdf"
    ],
    "regex_uris": [
        "http://tds.advtraff2014.ru/wp1?keyword=%D1%80%D1%83%D1%81%D1%81%D0%BA%D0%B8%D0%B9+%D1%8F%D0%B7%D1%8B%D0%BA+%D0%BF%D0%BE%D0%B4%D0%B3%D0%BE%D1%82%D0%BE%D0%B2%D0%BA%D0%B0+%D0%BA+%D0%B5%D0%B3%D1%8D+%D0%BB%D0%B8%D1%82%D0%B5%D1%80%D0%B0%D1%82%D1%83%D1%80%D0%BD%D1%8B%D0%B5+%D0%B0%D1%80%D0%B3%D1%83%D0%BC%D0%B5%D0%BD%D1%82%D1%8B+%D0%BA+%D0%B7%D0%B0%D0%B4%D0%B0%D0%BD%D0%B8%D1%8E+%D1%811",
        "https://img0.liveinternet.ru/images/attach/d/0//5940/5940160_rakaluadobeflashbookfreedownloadandroidtabletsamsungtvxere.pdf",
        "https://vilobequpajigefaguh.files.wordpress.com/2018/04/tolizeviw-skachat-reshebnik-tetrad-za-6-klass-srednie-veka-betemu.pdf",
        "https://nuromefuniputeduxa.files.wordpress.com/2018/04/pidisod-otvety-po-russkomu-ege-11-klass-tsybulko-zisuzama.pdf",
        "https://gowodamo.files.wordpress.com/2018/04/kebowawisonuvo-kogda-budet-gotov-rezultat-ege-po-russkomu-iazyku-2016-dizijeni.pdf",
        "https://fugohudofofuniqecuda.files.wordpress.com/2018/04/xogodejepexusa-reshebnik-po-didakticheskomu-materialu-algebra-7-klass-zvavich-gededarixuxure.pdf",
        "https://vaditorenuw.files.wordpress.com/2018/04/bonugovaketa-v-s-shipachev-zadachnik-po-vysshei-matematike-skachat-fufixowoj.pdf",
        "https://img1.liveinternet.ru/images/attach/d/0//5931/5931170_togbabyiloveyou1stladymp3freedownloadmilu.pdf",
        "https://wefukalalu.files.wordpress.com/2018/04/fenojawepe-gdz-po-matematike-3-klass-moro-video-uroki-dodopedinose.pdf",
        "https://img1.liveinternet.ru/images/attach/d/0//5907/5907933_livvaulinaduliangliiskiiiazyk8klassuchebnikgdzgep.pdf",
        "https://sicaharoge.files.wordpress.com/2018/04/fenojajutopuzek-skachat-gdz-po-frantsuzskomu-iazyku-9-klass-kuligina-kixukawepulawom.pdf",
        "https://jejepiloci.files.wordpress.com/2018/04/xaxakej-logika-informatika-zadachi-ege-sipiwazan.pdf",
        "https://mitagaxucijide.files.wordpress.com/2018/04/sumepejalelonap-gdz-10-klas-angl-mova-plakhotnik-najusujoki.pdf",
        "https://img1.liveinternet.ru/images/attach/d/0//5913/5913110_gunibreshebnikershovalgebra11klasssoxon.pdf",
        "https://xapexiqokegubuhecohi.files.wordpress.com/2018/04/wajaf-onlain-testy-po-istorii-ege-11-klass-2016-god-jugelewur.pdf",
        "https://img1.liveinternet.ru/images/attach/d/0//5933/5933320_vazalakk28kudidavideosongfreedownloaddozif.pdf"
    ],
    "regex_urls": [
        "http://tds.advtraff2014.ru/wp1?keyword=%D1%80%D1%83%D1%81%D1%81%D0%BA%D0%B8%D0%B9+%D1%8F%D0%B7%D1%8B%D0%BA+%D0%BF%D0%BE%D0%B4%D0%B3%D0%BE%D1%82%D0%BE%D0%B2%D0%BA%D0%B0+%D0%BA+%D0%B5%D0%B3%D1%8D+%D0%BB%D0%B8%D1%82%D0%B5%D1%80%D0%B0%D1%82%D1%83%D1%80%D0%BD%D1%8B%D0%B5+%D0%B0%D1%80%D0%B3%D1%83%D0%BC%D0%B5%D0%BD%D1%82%D1%8B+%D0%BA+%D0%B7%D0%B0%D0%B4%D0%B0%D0%BD%D0%B8%D1%8E+%D1%811",
        "https",
        "https",
        "https",
        "https",
        "https",
        "https",
        "https",
        "https",
        "https",
        "https",
        "https",
        "https",
        "https",
        "https",
        "https"
    ],
    "scripts": {
        "iframe": [],
        "urls": []
    },
    "static_properties": {
        "JBIG2Decode": "0",
        "XML_forms": "0",
        "acro_form": "0",
        "auto_action": "0",
        "colors": "0",
        "cross_reference_table": "1",
        "embedded_files": "0",
        "file_size": "212",
        "java_script": "0",
        "js": "0",
        "launch_action": "0",
        "object_end": "63",
        "object_start": "63",
        "object_streams": "0",
        "open_action": "0",
        "page_count": "4",
        "rich_media": "0",
        "start_cross_reference_table": "1",
        "stream_end": "11",
        "stream_start": "11",
        "trailer_dictionary": "1"
    },
    "yara_signatures": [
        "without_attachments",
        "without_images",
        "with_urls",
        "invalid_trailer_structure",
        "contentis_base64"
    ]
}