{
    "exif_signatures": {},
    "file_size": 35974,
    "pdfid_signatures": {},
    "pypdf_uris": [
        "http://netcdn.tw/app/431946152/oprewards-com-login-game-hack",
        "http://netcdn.tw/app/431946152/oprewards-com-login-game-hack",
        "https://irecruitersafrica.com/ckfinder/userfiles/files/how-to-play-minecraft-for-free_GM479516143.pdf",
        "https://irecruitersafrica.com/ckfinder/userfiles/files/free-robux-generator-no-human-verification_GM431946152.pdf",
        "https://irecruitersafrica.com/ckfinder/userfiles/files/cheats-coin-master-free_GM406889139.pdf",
        "https://irecruitersafrica.com/ckfinder/userfiles/files/roblox-apoc-hacks_GM431946152.pdf",
        "https://irecruitersafrica.com/ckfinder/userfiles/files/how-to-get-free-spins-on-coin-master-without-verification_GM406889139.pdf",
        "https://irecruitersafrica.com/ckfinder/userfiles/files/google-how-do-you-get-free-robux-on-roblox_GM431946152.pdf",
        "https://irecruitersafrica.com/ckfinder/userfiles/files/free-avatar-roblox_GM431946152.pdf",
        "https://irecruitersafrica.com/ckfinder/userfiles/files/how-to-hack-roblox-money-mac_GM431946152.pdf",
        "https://irecruitersafrica.com/ckfinder/userfiles/files/hack-de-roblox-de-robux_GM431946152.pdf",
        "https://irecruitersafrica.com/ckfinder/userfiles/files/minecraft-ore-finder-mod_GM479516143.pdf",
        "https://irecruitersafrica.com/ckfinder/userfiles/files/collect-free-spins-coin-master_GM406889139.pdf",
        "https://irecruitersafrica.com/ckfinder/userfiles/files/roblox-free-clothes-hack_GM431946152.pdf",
        "https://irecruitersafrica.com/ckfinder/userfiles/files/create-free-roblox-shirts_GM431946152.pdf",
        "https://irecruitersafrica.com/ckfinder/userfiles/files/how-to-get-free-robux-without-human-verification_GM431946152.pdf",
        "https://irecruitersafrica.com/ckfinder/userfiles/files/haktuts-coin-master-free-spin-link_GM406889139.pdf",
        "https://irecruitersafrica.com/ckfinder/userfiles/files/how-to-make-a-roblox-script-hack_GM431946152.pdf",
        "https://irecruitersafrica.com/ckfinder/userfiles/files/www-free-robux_GM431946152.pdf",
        "https://irecruitersafrica.com/ckfinder/userfiles/files/minecraft-xbox-one-code-free_GM479516143.pdf",
        "https://irecruitersafrica.com/ckfinder/userfiles/files/free-account-roblox-real_GM431946152.pdf",
        "https://irecruitersafrica.com/ckfinder/userfiles/files/is-tiktok-free_GM835599320.pdf"
    ],
    "regex_uris": [
        "http://netcdn.tw/app/431946152/oprewards-com-login-game-hack",
        "http://netcdn.tw/app/431946152/oprewards-com-login-game-hack",
        "https://irecruitersafrica.com/ckfinder/userfiles/files/how-to-play-minecraft-for-free_GM479516143.pdf",
        "https://irecruitersafrica.com/ckfinder/userfiles/files/free-robux-generator-no-human-verification_GM431946152.pdf",
        "https://irecruitersafrica.com/ckfinder/userfiles/files/cheats-coin-master-free_GM406889139.pdf",
        "https://irecruitersafrica.com/ckfinder/userfiles/files/roblox-apoc-hacks_GM431946152.pdf",
        "https://irecruitersafrica.com/ckfinder/userfiles/files/how-to-get-free-spins-on-coin-master-without-verification_GM406889139.pdf",
        "https://irecruitersafrica.com/ckfinder/userfiles/files/google-how-do-you-get-free-robux-on-roblox_GM431946152.pdf",
        "https://irecruitersafrica.com/ckfinder/userfiles/files/free-avatar-roblox_GM431946152.pdf",
        "https://irecruitersafrica.com/ckfinder/userfiles/files/how-to-hack-roblox-money-mac_GM431946152.pdf",
        "https://irecruitersafrica.com/ckfinder/userfiles/files/hack-de-roblox-de-robux_GM431946152.pdf",
        "https://irecruitersafrica.com/ckfinder/userfiles/files/minecraft-ore-finder-mod_GM479516143.pdf",
        "https://irecruitersafrica.com/ckfinder/userfiles/files/collect-free-spins-coin-master_GM406889139.pdf",
        "https://irecruitersafrica.com/ckfinder/userfiles/files/roblox-free-clothes-hack_GM431946152.pdf",
        "https://irecruitersafrica.com/ckfinder/userfiles/files/create-free-roblox-shirts_GM431946152.pdf",
        "https://irecruitersafrica.com/ckfinder/userfiles/files/how-to-get-free-robux-without-human-verification_GM431946152.pdf",
        "https://irecruitersafrica.com/ckfinder/userfiles/files/haktuts-coin-master-free-spin-link_GM406889139.pdf",
        "https://irecruitersafrica.com/ckfinder/userfiles/files/how-to-make-a-roblox-script-hack_GM431946152.pdf",
        "https://irecruitersafrica.com/ckfinder/userfiles/files/www-free-robux_GM431946152.pdf",
        "https://irecruitersafrica.com/ckfinder/userfiles/files/minecraft-xbox-one-code-free_GM479516143.pdf",
        "https://irecruitersafrica.com/ckfinder/userfiles/files/free-account-roblox-real_GM431946152.pdf",
        "https://irecruitersafrica.com/ckfinder/userfiles/files/is-tiktok-free_GM835599320.pdf"
    ],
    "regex_urls": [
        "http://netcdn.tw/app/431946152/oprewards-com-login-game-hack",
        "http://netcdn.tw/app/431946152/oprewards-com-login-game-hack",
        "https",
        "https",
        "https",
        "https",
        "https",
        "https",
        "https",
        "https",
        "https",
        "https",
        "https",
        "https",
        "https",
        "https",
        "https",
        "https",
        "https",
        "https",
        "https",
        "https"
    ],
    "scripts": {
        "iframe": [],
        "urls": []
    },
    "static_properties": {
        "JBIG2Decode": "0",
        "XML_forms": "0",
        "acro_form": "0",
        "auto_action": "0",
        "colors": "0",
        "cross_reference_table": "1",
        "embedded_files": "0",
        "file_size": "36",
        "java_script": "0",
        "js": "0",
        "launch_action": "0",
        "object_end": "55",
        "object_start": "55",
        "object_streams": "0",
        "open_action": "0",
        "page_count": "2",
        "rich_media": "0",
        "start_cross_reference_table": "1",
        "stream_end": "6",
        "stream_start": "6",
        "trailer_dictionary": "1"
    },
    "yara_signatures": [
        "without_attachments",
        "without_images",
        "with_urls",
        "invalid_trailer_structure",
        "contentis_base64"
    ]
}