{
    "exif_signatures": {},
    "file_size": 35422,
    "pdfid_signatures": {},
    "pypdf_uris": [
        "http://netcdn.tw/app/406889139/coin-master-hack-2021-game-hack",
        "http://netcdn.tw/app/406889139/coin-master-hack-2021-game-hack",
        "https://e-learning.mtsn1klaten.sch.id/__statics/gudangsoal/files/roblox-game-cheat-codes_GM431946152.pdf",
        "https://e-learning.mtsn1klaten.sch.id/__statics/gudangsoal/files/coin-master-app-free-download_GM406889139.pdf",
        "https://e-learning.mtsn1klaten.sch.id/__statics/gudangsoal/files/free-spin-gratis-coin-master_GM406889139.pdf",
        "https://e-learning.mtsn1klaten.sch.id/__statics/gudangsoal/files/robux-free-2021_GM431946152.pdf",
        "https://e-learning.mtsn1klaten.sch.id/__statics/gudangsoal/files/get-robux-com_GM431946152.pdf",
        "https://e-learning.mtsn1klaten.sch.id/__statics/gudangsoal/files/coin-master-free-pet-snacks_GM406889139.pdf",
        "https://e-learning.mtsn1klaten.sch.id/__statics/gudangsoal/files/how-to-get-free-robux-on-roblox-ipad_GM431946152.pdf",
        "https://e-learning.mtsn1klaten.sch.id/__statics/gudangsoal/files/roblox-free-romdom-acounts_GM431946152.pdf",
        "https://e-learning.mtsn1klaten.sch.id/__statics/gudangsoal/files/how-to-get-a-free-roblox-pants-2021_GM431946152.pdf",
        "https://e-learning.mtsn1klaten.sch.id/__statics/gudangsoal/files/coin-master-hack-with-facebook-login_GM406889139.pdf",
        "https://e-learning.mtsn1klaten.sch.id/__statics/gudangsoal/files/coin-master-card-hack_GM406889139.pdf",
        "https://e-learning.mtsn1klaten.sch.id/__statics/gudangsoal/files/coin-master-hack-using-cheat-engine_GM406889139.pdf",
        "https://e-learning.mtsn1klaten.sch.id/__statics/gudangsoal/files/download-hacked-games-com-coin-master_GM406889139.pdf",
        "https://e-learning.mtsn1klaten.sch.id/__statics/gudangsoal/files/coin-master-unlimited-coins-hack-apk-download_GM406889139.pdf",
        "https://e-learning.mtsn1klaten.sch.id/__statics/gudangsoal/files/haktuts-coin-master-free-spin-link_GM406889139.pdf",
        "https://e-learning.mtsn1klaten.sch.id/__statics/gudangsoal/files/roblox-but_GM431946152.pdf",
        "https://e-learning.mtsn1klaten.sch.id/__statics/gudangsoal/files/how-long-is-the-minecraft-free-trial_GM479516143.pdf",
        "https://e-learning.mtsn1klaten.sch.id/__statics/gudangsoal/files/free-spin-coin-master-iphone_GM406889139.pdf",
        "https://e-learning.mtsn1klaten.sch.id/__statics/gudangsoal/files/coin-master-free-link-app_GM406889139.pdf",
        "https://e-learning.mtsn1klaten.sch.id/__statics/gudangsoal/files/coin-master-free-spins-only_GM406889139.pdf"
    ],
    "regex_uris": [
        "http://netcdn.tw/app/406889139/coin-master-hack-2021-game-hack",
        "http://netcdn.tw/app/406889139/coin-master-hack-2021-game-hack",
        "https://e-learning.mtsn1klaten.sch.id/__statics/gudangsoal/files/roblox-game-cheat-codes_GM431946152.pdf",
        "https://e-learning.mtsn1klaten.sch.id/__statics/gudangsoal/files/coin-master-app-free-download_GM406889139.pdf",
        "https://e-learning.mtsn1klaten.sch.id/__statics/gudangsoal/files/free-spin-gratis-coin-master_GM406889139.pdf",
        "https://e-learning.mtsn1klaten.sch.id/__statics/gudangsoal/files/robux-free-2021_GM431946152.pdf",
        "https://e-learning.mtsn1klaten.sch.id/__statics/gudangsoal/files/get-robux-com_GM431946152.pdf",
        "https://e-learning.mtsn1klaten.sch.id/__statics/gudangsoal/files/coin-master-free-pet-snacks_GM406889139.pdf",
        "https://e-learning.mtsn1klaten.sch.id/__statics/gudangsoal/files/how-to-get-free-robux-on-roblox-ipad_GM431946152.pdf",
        "https://e-learning.mtsn1klaten.sch.id/__statics/gudangsoal/files/roblox-free-romdom-acounts_GM431946152.pdf",
        "https://e-learning.mtsn1klaten.sch.id/__statics/gudangsoal/files/how-to-get-a-free-roblox-pants-2021_GM431946152.pdf",
        "https://e-learning.mtsn1klaten.sch.id/__statics/gudangsoal/files/coin-master-hack-with-facebook-login_GM406889139.pdf",
        "https://e-learning.mtsn1klaten.sch.id/__statics/gudangsoal/files/coin-master-card-hack_GM406889139.pdf",
        "https://e-learning.mtsn1klaten.sch.id/__statics/gudangsoal/files/coin-master-hack-using-cheat-engine_GM406889139.pdf",
        "https://e-learning.mtsn1klaten.sch.id/__statics/gudangsoal/files/download-hacked-games-com-coin-master_GM406889139.pdf",
        "https://e-learning.mtsn1klaten.sch.id/__statics/gudangsoal/files/coin-master-unlimited-coins-hack-apk-download_GM406889139.pdf",
        "https://e-learning.mtsn1klaten.sch.id/__statics/gudangsoal/files/haktuts-coin-master-free-spin-link_GM406889139.pdf",
        "https://e-learning.mtsn1klaten.sch.id/__statics/gudangsoal/files/roblox-but_GM431946152.pdf",
        "https://e-learning.mtsn1klaten.sch.id/__statics/gudangsoal/files/how-long-is-the-minecraft-free-trial_GM479516143.pdf",
        "https://e-learning.mtsn1klaten.sch.id/__statics/gudangsoal/files/free-spin-coin-master-iphone_GM406889139.pdf",
        "https://e-learning.mtsn1klaten.sch.id/__statics/gudangsoal/files/coin-master-free-link-app_GM406889139.pdf",
        "https://e-learning.mtsn1klaten.sch.id/__statics/gudangsoal/files/coin-master-free-spins-only_GM406889139.pdf"
    ],
    "regex_urls": [
        "http://netcdn.tw/app/406889139/coin-master-hack-2021-game-hack",
        "http://netcdn.tw/app/406889139/coin-master-hack-2021-game-hack",
        "https",
        "https",
        "https",
        "https",
        "https",
        "https",
        "https",
        "https",
        "https",
        "https",
        "https",
        "https",
        "https",
        "https",
        "https",
        "https",
        "https",
        "https",
        "https",
        "https"
    ],
    "scripts": {
        "iframe": [],
        "urls": []
    },
    "static_properties": {
        "JBIG2Decode": "0",
        "XML_forms": "0",
        "acro_form": "0",
        "auto_action": "0",
        "colors": "0",
        "cross_reference_table": "1",
        "embedded_files": "0",
        "file_size": "35",
        "java_script": "0",
        "js": "0",
        "launch_action": "0",
        "object_end": "55",
        "object_start": "55",
        "object_streams": "0",
        "open_action": "0",
        "page_count": "2",
        "rich_media": "0",
        "start_cross_reference_table": "1",
        "stream_end": "6",
        "stream_start": "6",
        "trailer_dictionary": "1"
    },
    "yara_signatures": [
        "without_attachments",
        "without_images",
        "with_urls",
        "invalid_trailer_structure",
        "contentis_base64"
    ]
}