{
    "exif_signatures": {},
    "file_size": 129076,
    "pdfid_signatures": {},
    "pypdf_uris": [
        "http://findinform.com/ZG93bmxvYWQgcGhvdG9zaG9wIGNzNCByaW5nYW4ZG9/ZG93bmxvYWR8NnV3WWprMU5ueDhNVFkxTmpZME1EZ3hOM3g4TWpVM05IeDhLRTBwSUhKbFlXUXRZbXh2WnlCYlJtRnpkQ0JIUlU1ZA.dalmations.derail/druids.deconditioned?eriksson=headful",
        "http://www.giffa.ru/communicationsgps/photoshop-for-ios/",
        "https://www.mitrajyothi.org/sites/default/files/webform/download-photoshop-07.pdf",
        "https://www.randolph-ma.gov/sites/g/files/vyhlif4906/f/uploads/2021_curb_side_brochure_070121_-_1_final.pdf",
        "https://sttropezrestaurant.com/flash-photoshop-cc/",
        "https://fotofables.com/wp-content/uploads/2022/07/flehail.pdf",
        "https://nooorasa.ru/2022/07/01/photoshop-download-free-for-pc/",
        "http://www.teploobmenka.ru/advert/teploobmennik-titanovyj/",
        "http://pussyhub.net/how-to-use-a-grid-for-print-design/",
        "https://ayoolahraga.id/lifestyle/download-adobe-photoshop-rs-photoshopraster-2-1/",
        "http://shaeasyaccounting.com/brushes-for-photoshop-graphic-design/",
        "https://www.iltossicoindipendente.it/2022/07/01/photoshop-2016-free-download-price-size/",
        "https://emealjobs.nttdata.com/en/system/files/webform/photoshop-bird-brushes-free-download.pdf",
        "https://crystalshine.eu/wp-content/uploads/2022/07/inoquyn.pdf",
        "http://www.antiquavox.it/free-photoshop-star-brush-free-download/",
        "https://www.careerfirst.lk/system/files/webform/cv/free-portrait-luts-for-photoshop-download.pdf",
        "https://www.rsm.global/switzerland/de/system/files/webform/sky-replacement-photoshop-plugin-free-download.pdf",
        "https://kovaci-company.com/2022/07/01/how-can-i-get-adobe-photoshop-free-free/",
        "https://www.luthierdirectory.co.uk/photoshop-7-0-1-free-download-by-julien-fili/",
        "https://marketmyride.com/adobe-photoshop-cs3-full-version-download-setup/",
        "https://mises.org/system/files/webform/student-id/tapaneil540.pdf",
        "http://www.tcpdf.org"
    ],
    "regex_uris": [
        "http://findinform.com/ZG93bmxvYWQgcGhvdG9zaG9wIGNzNCByaW5nYW4ZG9/ZG93bmxvYWR8NnV3WWprMU5ueDhNVFkxTmpZME1EZ3hOM3g4TWpVM05IeDhLRTBwSUhKbFlXUXRZbXh2WnlCYlJtRnpkQ0JIUlU1ZA.dalmations.derail/druids.deconditioned?eriksson=headful",
        "http://www.giffa.ru/communicationsgps/photoshop-for-ios/",
        "https://www.mitrajyothi.org/sites/default/files/webform/download-photoshop-07.pdf",
        "https://www.randolph-ma.gov/sites/g/files/vyhlif4906/f/uploads/2021_curb_side_brochure_070121_-_1_final.pdf",
        "https://sttropezrestaurant.com/flash-photoshop-cc/",
        "https://fotofables.com/wp-content/uploads/2022/07/flehail.pdf",
        "https://nooorasa.ru/2022/07/01/photoshop-download-free-for-pc/",
        "http://www.teploobmenka.ru/advert/teploobmennik-titanovyj/",
        "http://pussyhub.net/how-to-use-a-grid-for-print-design/",
        "https://ayoolahraga.id/lifestyle/download-adobe-photoshop-rs-photoshopraster-2-1/",
        "http://shaeasyaccounting.com/brushes-for-photoshop-graphic-design/",
        "https://www.iltossicoindipendente.it/2022/07/01/photoshop-2016-free-download-price-size/",
        "https://emealjobs.nttdata.com/en/system/files/webform/photoshop-bird-brushes-free-download.pdf",
        "https://crystalshine.eu/wp-content/uploads/2022/07/inoquyn.pdf",
        "http://www.antiquavox.it/free-photoshop-star-brush-free-download/",
        "https://www.careerfirst.lk/system/files/webform/cv/free-portrait-luts-for-photoshop-download.pdf",
        "https://www.rsm.global/switzerland/de/system/files/webform/sky-replacement-photoshop-plugin-free-download.pdf",
        "https://kovaci-company.com/2022/07/01/how-can-i-get-adobe-photoshop-free-free/",
        "https://www.luthierdirectory.co.uk/photoshop-7-0-1-free-download-by-julien-fili/",
        "https://marketmyride.com/adobe-photoshop-cs3-full-version-download-setup/",
        "https://mises.org/system/files/webform/student-id/tapaneil540.pdf",
        "http://www.tcpdf.org"
    ],
    "regex_urls": [
        "http://findinform.com/ZG93bmxvYWQgcGhvdG9zaG9wIGNzNCByaW5nYW4ZG9/ZG93bmxvYWR8NnV3WWprMU5ueDhNVFkxTmpZME1EZ3hOM3g4TWpVM05IeDhLRTBwSUhKbFlXUXRZbXh2WnlCYlJtRnpkQ0JIUlU1ZA.dalmations.derail/druids.deconditioned?eriksson=headful",
        "http://www.giffa.ru/communicationsgps/photoshop-for-ios/",
        "https",
        "www.mitrajyothi.org/sites/default/files/webform/download-photoshop-07.pdf",
        "https",
        "www.randolph-ma.gov/sites/g/files/vyhlif4906/f/uploads/2021_curb_side_brochure_070121_-_1_final.pdf",
        "https",
        "https",
        "https",
        "http://www.teploobmenka.ru/advert/teploobmennik-titanovyj/",
        "http://pussyhub.net/how-to-use-a-grid-for-print-design/",
        "https",
        "http://shaeasyaccounting.com/brushes-for-photoshop-graphic-design/",
        "https",
        "www.iltossicoindipendente.it/2022/07/01/photoshop-2016-free-download-price-size/",
        "https",
        "https",
        "http://www.antiquavox.it/free-photoshop-star-brush-free-download/",
        "https",
        "www.careerfirst.lk/system/files/webform/cv/free-portrait-luts-for-photoshop-download.pdf",
        "https",
        "www.rsm.global/switzerland/de/system/files/webform/sky-replacement-photoshop-plugin-free-download.pdf",
        "https",
        "https",
        "www.luthierdirectory.co.uk/photoshop-7-0-1-free-download-by-julien-fili/",
        "https",
        "https",
        "http://www.tcpdf.org",
        "http://www.w3.org/1999/02/22-rdf-syntax-ns#",
        "http://purl.org/dc/elements/1.1/",
        "http://ns.adobe.com/xap/1.0/",
        "http://ns.adobe.com/pdf/1.3/",
        "http://ns.adobe.com/xap/1.0/mm/",
        "http://www.aiim.org/pdfa/ns/extension/",
        "http://www.aiim.org/pdfa/ns/schema#",
        "http://www.aiim.org/pdfa/ns/property#",
        "http://ns.adobe.com/pdf/1.3/",
        "http://ns.adobe.com/xap/1.0/mm/",
        "http://www.aiim.org/pdfa/ns/id/"
    ],
    "scripts": {
        "iframe": [],
        "urls": []
    },
    "static_properties": {
        "JBIG2Decode": "0",
        "XML_forms": "0",
        "acro_form": "0",
        "auto_action": "0",
        "colors": "0",
        "cross_reference_table": "1",
        "embedded_files": "0",
        "file_size": "129",
        "java_script": "0",
        "js": "0",
        "launch_action": "0",
        "object_end": "48",
        "object_start": "48",
        "object_streams": "0",
        "open_action": "1",
        "page_count": "3",
        "rich_media": "0",
        "start_cross_reference_table": "1",
        "stream_end": "11",
        "stream_start": "11",
        "trailer_dictionary": "1"
    },
    "yara_signatures": [
        "without_attachments",
        "without_images",
        "with_urls",
        "contentis_base64",
        "Big_Numbers1"
    ]
}