{
    "exif_signatures": {},
    "file_size": 142021,
    "pdfid_signatures": {},
    "pypdf_uris": [
        "http://getpdf.pw/book?res=123&isbn=9780273769989&kwd=Management%20Accounting:Information%20for%20Decision-Making%20and%20Strategy%20Execution%20:%20International%20Edition",
        "http://getpdf.pw/book?res=123&isbn=9780273769989&kwd=Management%20Accounting:Information%20for%20Decision-Making%20and%20Strategy%20Execution%20:%20International%20Edition",
        "https://files8.webydo.com/9589151/UploadedFiles/CE5FC561-3FC6-0CC0-3469-9946FB8A7F5F.pdf",
        "https://files8.webydo.com/9589167/UploadedFiles/E2EEE63E-09D5-A1E8-6EFC-BD350B729911.pdf"
    ],
    "regex_uris": [
        "http://getpdf.pw/book?res=123&isbn=9780273769989&kwd=Management%20Accounting:Information%20for%20Decision-Making%20and%20Strategy%20Execution%20:%20International%20Edition",
        "http://getpdf.pw/book?res=123&isbn=9780273769989&kwd=Management%20Accounting:Information%20for%20Decision-Making%20and%20Strategy%20Execution%20:%20International%20Edition",
        "https://files8.webydo.com/9589151/UploadedFiles/CE5FC561-3FC6-0CC0-3469-9946FB8A7F5F.pdf",
        "https://files8.webydo.com/9589167/UploadedFiles/E2EEE63E-09D5-A1E8-6EFC-BD350B729911.pdf"
    ],
    "regex_urls": [
        "http://getpdf.pw/book?res=123",
        "http://getpdf.pw/book?res=123",
        "https",
        "https"
    ],
    "scripts": {
        "iframe": [],
        "urls": []
    },
    "static_properties": {
        "JBIG2Decode": "0",
        "XML_forms": "0",
        "acro_form": "0",
        "auto_action": "0",
        "colors": "0",
        "cross_reference_table": "1",
        "embedded_files": "0",
        "file_size": "142",
        "java_script": "0",
        "js": "0",
        "launch_action": "0",
        "object_end": "97",
        "object_start": "97",
        "object_streams": "0",
        "open_action": "0",
        "page_count": "12",
        "rich_media": "0",
        "start_cross_reference_table": "1",
        "stream_end": "19",
        "stream_start": "19",
        "trailer_dictionary": "1"
    },
    "yara_signatures": [
        "vmdetect",
        "without_attachments",
        "without_images",
        "with_urls",
        "invalid_trailer_structure",
        "contentis_base64"
    ]
}