{
    "exif_signatures": {},
    "file_size": 43677,
    "pdfid_signatures": {},
    "pypdf_uris": [
        "https://netcdn.xyz/app/406889139/coin-master-hack-online-without-human-verification-game-hack",
        "https://netcdn.xyz/app/406889139/coin-master-hack-online-without-human-verification-game-hack",
        "https://www.e-learningmin10jakarta.com/__statics/gudangsoal/files/roblox-script-hack_GM431946152.pdf",
        "https://www.e-learningmin10jakarta.com/__statics/gudangsoal/files/coin-master-daily-free-spin-and-coin-link_GM406889139.pdf",
        "https://www.e-learningmin10jakarta.com/__statics/gudangsoal/files/free-minecraft-videos_GM479516143.pdf",
        "https://www.e-learningmin10jakarta.com/__statics/gudangsoal/files/rblx-gg-free-robux_GM431946152.pdf",
        "https://www.e-learningmin10jakarta.com/__statics/gudangsoal/files/coin-master-hack-tool-for-pc_GM406889139.pdf",
        "https://www.e-learningmin10jakarta.com/__statics/gudangsoal/files/coin-master-free-daily-spins_GM406889139.pdf",
        "https://e-learningmin10jakarta.com/__statics/gudangsoal/files/boost9-com-roblox-hack_GM431946152.pdf",
        "https://www.e-learningmin10jakarta.com/__statics/gudangsoal/files/games-that-give-you-free-robux_GM431946152.pdf",
        "https://www.e-learningmin10jakarta.com/__statics/gudangsoal/files/free-robux-legit_GM431946152.pdf",
        "https://e-learningmin10jakarta.com/__statics/gudangsoal/files/free-minecraft-java-server_GM479516143.pdf",
        "https://e-learningmin10jakarta.com/__statics/gudangsoal/files/free-robux-no-human-verification_GM431946152.pdf",
        "https://e-learningmin10jakarta.com/__statics/gudangsoal/files/free-robux-without-verification-or-survey_GM431946152.pdf",
        "https://www.e-learningmin10jakarta.com/__statics/gudangsoal/files/free-robux-just-click_GM431946152.pdf",
        "https://www.e-learningmin10jakarta.com/__statics/gudangsoal/files/how-do-i-get-free-spins-on-coin-master_GM406889139.pdf",
        "https://e-learningmin10jakarta.com/__statics/gudangsoal/files/free-robux-gift-card-codes_GM431946152.pdf",
        "https://e-learningmin10jakarta.com/__statics/gudangsoal/files/free-robux-scam_GM431946152.pdf",
        "https://www.e-learningmin10jakarta.com/__statics/gudangsoal/files/how-can-u-get-free-robux_GM431946152.pdf",
        "https://www.e-learningmin10jakarta.com/__statics/gudangsoal/files/instant-free-spins-coin-master_GM406889139.pdf",
        "https://e-learningmin10jakarta.com/__statics/gudangsoal/files/roblox-free-robux-no-human-verification_GM431946152.pdf",
        "https://www.e-learningmin10jakarta.com/__statics/gudangsoal/files/how-do-i-get-robux_GM431946152.pdf"
    ],
    "regex_uris": [
        "https://netcdn.xyz/app/406889139/coin-master-hack-online-without-human-verification-game-hack",
        "https://netcdn.xyz/app/406889139/coin-master-hack-online-without-human-verification-game-hack",
        "https://www.e-learningmin10jakarta.com/__statics/gudangsoal/files/roblox-script-hack_GM431946152.pdf",
        "https://www.e-learningmin10jakarta.com/__statics/gudangsoal/files/coin-master-daily-free-spin-and-coin-link_GM406889139.pdf",
        "https://www.e-learningmin10jakarta.com/__statics/gudangsoal/files/free-minecraft-videos_GM479516143.pdf",
        "https://www.e-learningmin10jakarta.com/__statics/gudangsoal/files/rblx-gg-free-robux_GM431946152.pdf",
        "https://www.e-learningmin10jakarta.com/__statics/gudangsoal/files/coin-master-hack-tool-for-pc_GM406889139.pdf",
        "https://www.e-learningmin10jakarta.com/__statics/gudangsoal/files/coin-master-free-daily-spins_GM406889139.pdf",
        "https://e-learningmin10jakarta.com/__statics/gudangsoal/files/boost9-com-roblox-hack_GM431946152.pdf",
        "https://www.e-learningmin10jakarta.com/__statics/gudangsoal/files/games-that-give-you-free-robux_GM431946152.pdf",
        "https://www.e-learningmin10jakarta.com/__statics/gudangsoal/files/free-robux-legit_GM431946152.pdf",
        "https://e-learningmin10jakarta.com/__statics/gudangsoal/files/free-minecraft-java-server_GM479516143.pdf",
        "https://e-learningmin10jakarta.com/__statics/gudangsoal/files/free-robux-no-human-verification_GM431946152.pdf",
        "https://e-learningmin10jakarta.com/__statics/gudangsoal/files/free-robux-without-verification-or-survey_GM431946152.pdf",
        "https://www.e-learningmin10jakarta.com/__statics/gudangsoal/files/free-robux-just-click_GM431946152.pdf",
        "https://www.e-learningmin10jakarta.com/__statics/gudangsoal/files/how-do-i-get-free-spins-on-coin-master_GM406889139.pdf",
        "https://e-learningmin10jakarta.com/__statics/gudangsoal/files/free-robux-gift-card-codes_GM431946152.pdf",
        "https://e-learningmin10jakarta.com/__statics/gudangsoal/files/free-robux-scam_GM431946152.pdf",
        "https://www.e-learningmin10jakarta.com/__statics/gudangsoal/files/how-can-u-get-free-robux_GM431946152.pdf",
        "https://www.e-learningmin10jakarta.com/__statics/gudangsoal/files/instant-free-spins-coin-master_GM406889139.pdf",
        "https://e-learningmin10jakarta.com/__statics/gudangsoal/files/roblox-free-robux-no-human-verification_GM431946152.pdf",
        "https://www.e-learningmin10jakarta.com/__statics/gudangsoal/files/how-do-i-get-robux_GM431946152.pdf"
    ],
    "regex_urls": [
        "https",
        "https",
        "https",
        "www.e-learningmin10jakarta.com/__statics/gudangsoal/files/roblox-script-hack_GM431946152.pdf",
        "https",
        "www.e-learningmin10jakarta.com/__statics/gudangsoal/files/coin-master-daily-free-spin-and-coin-link_GM406889139.pdf",
        "https",
        "www.e-learningmin10jakarta.com/__statics/gudangsoal/files/free-minecraft-videos_GM479516143.pdf",
        "https",
        "www.e-learningmin10jakarta.com/__statics/gudangsoal/files/rblx-gg-free-robux_GM431946152.pdf",
        "https",
        "www.e-learningmin10jakarta.com/__statics/gudangsoal/files/coin-master-hack-tool-for-pc_GM406889139.pdf",
        "https",
        "www.e-learningmin10jakarta.com/__statics/gudangsoal/files/coin-master-free-daily-spins_GM406889139.pdf",
        "https",
        "https",
        "www.e-learningmin10jakarta.com/__statics/gudangsoal/files/games-that-give-you-free-robux_GM431946152.pdf",
        "https",
        "www.e-learningmin10jakarta.com/__statics/gudangsoal/files/free-robux-legit_GM431946152.pdf",
        "https",
        "https",
        "https",
        "https",
        "www.e-learningmin10jakarta.com/__statics/gudangsoal/files/free-robux-just-click_GM431946152.pdf",
        "https",
        "www.e-learningmin10jakarta.com/__statics/gudangsoal/files/how-do-i-get-free-spins-on-coin-master_GM406889139.pdf",
        "https",
        "https",
        "https",
        "www.e-learningmin10jakarta.com/__statics/gudangsoal/files/how-can-u-get-free-robux_GM431946152.pdf",
        "https",
        "www.e-learningmin10jakarta.com/__statics/gudangsoal/files/instant-free-spins-coin-master_GM406889139.pdf",
        "https",
        "https",
        "www.e-learningmin10jakarta.com/__statics/gudangsoal/files/how-do-i-get-robux_GM431946152.pdf"
    ],
    "scripts": {
        "iframe": [],
        "urls": []
    },
    "static_properties": {
        "JBIG2Decode": "0",
        "XML_forms": "0",
        "acro_form": "0",
        "auto_action": "0",
        "colors": "0",
        "cross_reference_table": "1",
        "embedded_files": "0",
        "file_size": "44",
        "java_script": "0",
        "js": "0",
        "launch_action": "0",
        "object_end": "60",
        "object_start": "60",
        "object_streams": "0",
        "open_action": "0",
        "page_count": "3",
        "rich_media": "0",
        "start_cross_reference_table": "1",
        "stream_end": "7",
        "stream_start": "7",
        "trailer_dictionary": "1"
    },
    "yara_signatures": [
        "without_attachments",
        "without_images",
        "with_urls",
        "invalid_trailer_structure",
        "contentis_base64"
    ]
}