{
    "exif_signatures": {},
    "file_size": 48520,
    "pdfid_signatures": {},
    "pypdf_uris": [
        "https://netcdn.xyz/app/431946152/free-robux-no-human-verification-or-survey-or-download-game-hack",
        "https://netcdn.xyz/app/431946152/free-robux-no-human-verification-or-survey-or-download-game-hack",
        "https://amazingnepaljourney.com/userfiles/files/how-to-get-free-robux-website_GM431946152.pdf",
        "https://amazingnepaljourney.com/userfiles/files/coin-master-invite-friends-free-spins_GM406889139.pdf",
        "https://amazingnepaljourney.com/userfiles/files/get-robux-com_GM431946152.pdf",
        "https://amazingnepaljourney.com/userfiles/files/how-to-get-free-cards-sets-for-coin-master_GM406889139.pdf",
        "https://amazingnepaljourney.com/userfiles/files/coin-master-cards-for-free_GM406889139.pdf",
        "https://amazingnepaljourney.com/userfiles/files/coin-master-free-spins-app-android_GM406889139.pdf",
        "https://amazingnepaljourney.com/userfiles/files/free-roblox-groups-with-funds_GM431946152.pdf",
        "https://amazingnepaljourney.com/userfiles/files/minecraft-free-online_GM479516143.pdf",
        "https://amazingnepaljourney.com/userfiles/files/roblox-system_GM431946152.pdf",
        "https://amazingnepaljourney.com/userfiles/files/roblox-free-robux-hack_GM431946152.pdf",
        "https://amazingnepaljourney.com/userfiles/files/coin-master-hack-without-verification-for-iphone_GM406889139.pdf",
        "https://amazingnepaljourney.com/userfiles/files/microsoft-free-robux_GM431946152.pdf",
        "https://amazingnepaljourney.com/userfiles/files/hack-master-coin_GM406889139.pdf",
        "https://amazingnepaljourney.com/userfiles/files/free-robux-codes-no-verification_GM431946152.pdf",
        "https://amazingnepaljourney.com/userfiles/files/coin-master-free-cards_GM406889139.pdf",
        "https://amazingnepaljourney.com/userfiles/files/all-minecraft-handbooks_GM479516143.pdf",
        "https://amazingnepaljourney.com/userfiles/files/coin-master-hack-download-2021_GM406889139.pdf",
        "https://amazingnepaljourney.com/userfiles/files/coin-master-daily-free-spins-link-today_GM406889139.pdf",
        "https://amazingnepaljourney.com/userfiles/files/robux-hack-no-human-verification_GM431946152.pdf",
        "https://amazingnepaljourney.com/userfiles/files/clean-master-free-coins-and-spins_GM406889139.pdf"
    ],
    "regex_uris": [
        "https://netcdn.xyz/app/431946152/free-robux-no-human-verification-or-survey-or-download-game-hack",
        "https://netcdn.xyz/app/431946152/free-robux-no-human-verification-or-survey-or-download-game-hack",
        "https://amazingnepaljourney.com/userfiles/files/how-to-get-free-robux-website_GM431946152.pdf",
        "https://amazingnepaljourney.com/userfiles/files/coin-master-invite-friends-free-spins_GM406889139.pdf",
        "https://amazingnepaljourney.com/userfiles/files/get-robux-com_GM431946152.pdf",
        "https://amazingnepaljourney.com/userfiles/files/how-to-get-free-cards-sets-for-coin-master_GM406889139.pdf",
        "https://amazingnepaljourney.com/userfiles/files/coin-master-cards-for-free_GM406889139.pdf",
        "https://amazingnepaljourney.com/userfiles/files/coin-master-free-spins-app-android_GM406889139.pdf",
        "https://amazingnepaljourney.com/userfiles/files/free-roblox-groups-with-funds_GM431946152.pdf",
        "https://amazingnepaljourney.com/userfiles/files/minecraft-free-online_GM479516143.pdf",
        "https://amazingnepaljourney.com/userfiles/files/roblox-system_GM431946152.pdf",
        "https://amazingnepaljourney.com/userfiles/files/roblox-free-robux-hack_GM431946152.pdf",
        "https://amazingnepaljourney.com/userfiles/files/coin-master-hack-without-verification-for-iphone_GM406889139.pdf",
        "https://amazingnepaljourney.com/userfiles/files/microsoft-free-robux_GM431946152.pdf",
        "https://amazingnepaljourney.com/userfiles/files/hack-master-coin_GM406889139.pdf",
        "https://amazingnepaljourney.com/userfiles/files/free-robux-codes-no-verification_GM431946152.pdf",
        "https://amazingnepaljourney.com/userfiles/files/coin-master-free-cards_GM406889139.pdf",
        "https://amazingnepaljourney.com/userfiles/files/all-minecraft-handbooks_GM479516143.pdf",
        "https://amazingnepaljourney.com/userfiles/files/coin-master-hack-download-2021_GM406889139.pdf",
        "https://amazingnepaljourney.com/userfiles/files/coin-master-daily-free-spins-link-today_GM406889139.pdf",
        "https://amazingnepaljourney.com/userfiles/files/robux-hack-no-human-verification_GM431946152.pdf",
        "https://amazingnepaljourney.com/userfiles/files/clean-master-free-coins-and-spins_GM406889139.pdf"
    ],
    "regex_urls": [
        "https",
        "https",
        "https",
        "https",
        "https",
        "https",
        "https",
        "https",
        "https",
        "https",
        "https",
        "https",
        "https",
        "https",
        "https",
        "https",
        "https",
        "https",
        "https",
        "https",
        "https",
        "https"
    ],
    "scripts": {
        "iframe": [],
        "urls": []
    },
    "static_properties": {
        "JBIG2Decode": "0",
        "XML_forms": "0",
        "acro_form": "0",
        "auto_action": "0",
        "colors": "0",
        "cross_reference_table": "1",
        "embedded_files": "0",
        "file_size": "49",
        "java_script": "0",
        "js": "0",
        "launch_action": "0",
        "object_end": "66",
        "object_start": "66",
        "object_streams": "0",
        "open_action": "0",
        "page_count": "3",
        "rich_media": "0",
        "start_cross_reference_table": "1",
        "stream_end": "9",
        "stream_start": "9",
        "trailer_dictionary": "1"
    },
    "yara_signatures": [
        "without_attachments",
        "without_images",
        "with_urls",
        "invalid_trailer_structure",
        "contentis_base64"
    ]
}