{
    "exif_signatures": {},
    "file_size": 36283,
    "pdfid_signatures": {},
    "pypdf_uris": [
        "http://netcdn.co/app/431946152/robux-hack-no-download-or-survey-2021-game-hack",
        "http://netcdn.co/app/431946152/robux-hack-no-download-or-survey-2021-game-hack",
        "http://e-pustaka.stkipadzkia.ac.id/repository/cheats-for-coin-master_GM406889139.pdf",
        "http://e-pustaka.stkipadzkia.ac.id/repository/roblox-com-hack_GM431946152.pdf",
        "http://e-pustaka.stkipadzkia.ac.id/repository/can-i-have-robux_GM431946152.pdf",
        "http://e-pustaka.stkipadzkia.ac.id/repository/free-spin-link-in-coin-master-game_GM406889139.pdf",
        "http://e-pustaka.stkipadzkia.ac.id/repository/how-to-get-robux-for-free-2021-without-human-verification_GM431946152.pdf",
        "http://e-pustaka.stkipadzkia.ac.id/repository/coin-master-free-spins-promo-code_GM406889139.pdf",
        "http://e-pustaka.stkipadzkia.ac.id/repository/roblox-roghoul-hack_GM431946152.pdf",
        "http://e-pustaka.stkipadzkia.ac.id/repository/roblox-hack-tix-and-robux-generator-2021_GM431946152.pdf",
        "http://e-pustaka.stkipadzkia.ac.id/repository/free-robux-no-scam_GM431946152.pdf",
        "http://e-pustaka.stkipadzkia.ac.id/repository/roblox-free-brick-pants_GM431946152.pdf",
        "http://e-pustaka.stkipadzkia.ac.id/repository/coin-master-free-spins-and-coins-generator_GM406889139.pdf",
        "http://e-pustaka.stkipadzkia.ac.id/repository/minecraft-116-free_GM479516143.pdf",
        "http://e-pustaka.stkipadzkia.ac.id/repository/roblox-how-to-sell-a-t-shirt-for-free_GM431946152.pdf",
        "http://e-pustaka.stkipadzkia.ac.id/repository/how-to-get-games-free-roblox_GM431946152.pdf",
        "http://e-pustaka.stkipadzkia.ac.id/repository/free-spins-coin-master-2021_GM406889139.pdf",
        "http://e-pustaka.stkipadzkia.ac.id/repository/hack-master-coin_GM406889139.pdf",
        "http://e-pustaka.stkipadzkia.ac.id/repository/coin-master-daily-free-spins-link-today_GM406889139.pdf",
        "http://e-pustaka.stkipadzkia.ac.id/repository/robux-no-human-verification-2021_GM431946152.pdf",
        "http://e-pustaka.stkipadzkia.ac.id/repository/robux-hack-tools_GM431946152.pdf",
        "http://e-pustaka.stkipadzkia.ac.id/repository/roblox-earn-robux_GM431946152.pdf"
    ],
    "regex_uris": [
        "http://netcdn.co/app/431946152/robux-hack-no-download-or-survey-2021-game-hack",
        "http://netcdn.co/app/431946152/robux-hack-no-download-or-survey-2021-game-hack",
        "http://e-pustaka.stkipadzkia.ac.id/repository/cheats-for-coin-master_GM406889139.pdf",
        "http://e-pustaka.stkipadzkia.ac.id/repository/roblox-com-hack_GM431946152.pdf",
        "http://e-pustaka.stkipadzkia.ac.id/repository/can-i-have-robux_GM431946152.pdf",
        "http://e-pustaka.stkipadzkia.ac.id/repository/free-spin-link-in-coin-master-game_GM406889139.pdf",
        "http://e-pustaka.stkipadzkia.ac.id/repository/how-to-get-robux-for-free-2021-without-human-verification_GM431946152.pdf",
        "http://e-pustaka.stkipadzkia.ac.id/repository/coin-master-free-spins-promo-code_GM406889139.pdf",
        "http://e-pustaka.stkipadzkia.ac.id/repository/roblox-roghoul-hack_GM431946152.pdf",
        "http://e-pustaka.stkipadzkia.ac.id/repository/roblox-hack-tix-and-robux-generator-2021_GM431946152.pdf",
        "http://e-pustaka.stkipadzkia.ac.id/repository/free-robux-no-scam_GM431946152.pdf",
        "http://e-pustaka.stkipadzkia.ac.id/repository/roblox-free-brick-pants_GM431946152.pdf",
        "http://e-pustaka.stkipadzkia.ac.id/repository/coin-master-free-spins-and-coins-generator_GM406889139.pdf",
        "http://e-pustaka.stkipadzkia.ac.id/repository/minecraft-116-free_GM479516143.pdf",
        "http://e-pustaka.stkipadzkia.ac.id/repository/roblox-how-to-sell-a-t-shirt-for-free_GM431946152.pdf",
        "http://e-pustaka.stkipadzkia.ac.id/repository/how-to-get-games-free-roblox_GM431946152.pdf",
        "http://e-pustaka.stkipadzkia.ac.id/repository/free-spins-coin-master-2021_GM406889139.pdf",
        "http://e-pustaka.stkipadzkia.ac.id/repository/hack-master-coin_GM406889139.pdf",
        "http://e-pustaka.stkipadzkia.ac.id/repository/coin-master-daily-free-spins-link-today_GM406889139.pdf",
        "http://e-pustaka.stkipadzkia.ac.id/repository/robux-no-human-verification-2021_GM431946152.pdf",
        "http://e-pustaka.stkipadzkia.ac.id/repository/robux-hack-tools_GM431946152.pdf",
        "http://e-pustaka.stkipadzkia.ac.id/repository/roblox-earn-robux_GM431946152.pdf"
    ],
    "regex_urls": [
        "http://netcdn.co/app/431946152/robux-hack-no-download-or-survey-2021-game-hack",
        "http://netcdn.co/app/431946152/robux-hack-no-download-or-survey-2021-game-hack",
        "http://e-pustaka.stkipadzkia.ac.id/repository/cheats-for-coin-master_GM406889139.pdf",
        "http://e-pustaka.stkipadzkia.ac.id/repository/roblox-com-hack_GM431946152.pdf",
        "http://e-pustaka.stkipadzkia.ac.id/repository/can-i-have-robux_GM431946152.pdf",
        "http://e-pustaka.stkipadzkia.ac.id/repository/free-spin-link-in-coin-master-game_GM406889139.pdf",
        "http://e-pustaka.stkipadzkia.ac.id/repository/how-to-get-robux-for-free-2021-without-human-verification_GM431946152.pdf",
        "http://e-pustaka.stkipadzkia.ac.id/repository/coin-master-free-spins-promo-code_GM406889139.pdf",
        "http://e-pustaka.stkipadzkia.ac.id/repository/roblox-roghoul-hack_GM431946152.pdf",
        "http://e-pustaka.stkipadzkia.ac.id/repository/roblox-hack-tix-and-robux-generator-2021_GM431946152.pdf",
        "http://e-pustaka.stkipadzkia.ac.id/repository/free-robux-no-scam_GM431946152.pdf",
        "http://e-pustaka.stkipadzkia.ac.id/repository/roblox-free-brick-pants_GM431946152.pdf",
        "http://e-pustaka.stkipadzkia.ac.id/repository/coin-master-free-spins-and-coins-generator_GM406889139.pdf",
        "http://e-pustaka.stkipadzkia.ac.id/repository/minecraft-116-free_GM479516143.pdf",
        "http://e-pustaka.stkipadzkia.ac.id/repository/roblox-how-to-sell-a-t-shirt-for-free_GM431946152.pdf",
        "http://e-pustaka.stkipadzkia.ac.id/repository/how-to-get-games-free-roblox_GM431946152.pdf",
        "http://e-pustaka.stkipadzkia.ac.id/repository/free-spins-coin-master-2021_GM406889139.pdf",
        "http://e-pustaka.stkipadzkia.ac.id/repository/hack-master-coin_GM406889139.pdf",
        "http://e-pustaka.stkipadzkia.ac.id/repository/coin-master-daily-free-spins-link-today_GM406889139.pdf",
        "http://e-pustaka.stkipadzkia.ac.id/repository/robux-no-human-verification-2021_GM431946152.pdf",
        "http://e-pustaka.stkipadzkia.ac.id/repository/robux-hack-tools_GM431946152.pdf",
        "http://e-pustaka.stkipadzkia.ac.id/repository/roblox-earn-robux_GM431946152.pdf"
    ],
    "scripts": {
        "iframe": [],
        "urls": []
    },
    "static_properties": {
        "JBIG2Decode": "0",
        "XML_forms": "0",
        "acro_form": "0",
        "auto_action": "0",
        "colors": "0",
        "cross_reference_table": "1",
        "embedded_files": "0",
        "file_size": "36",
        "java_script": "0",
        "js": "0",
        "launch_action": "0",
        "object_end": "55",
        "object_start": "55",
        "object_streams": "0",
        "open_action": "0",
        "page_count": "2",
        "rich_media": "0",
        "start_cross_reference_table": "1",
        "stream_end": "6",
        "stream_start": "6",
        "trailer_dictionary": "1"
    },
    "yara_signatures": [
        "without_attachments",
        "without_images",
        "with_urls",
        "invalid_trailer_structure",
        "contentis_base64"
    ]
}