{
    "exif_signatures": {},
    "file_size": 34843,
    "pdfid_signatures": {},
    "pypdf_uris": [
        "http://netcdn.tw/app/406889139/cm-spin-link-game-hack",
        "http://netcdn.tw/app/406889139/cm-spin-link-game-hack",
        "http://lib.unar.ac.id/repository/coin-master-today_GM406889139.pdf",
        "http://lib.unar.ac.id//repository/free-spins-on-coin-master-2021-ios_GM406889139.pdf",
        "http://lib.unar.ac.id/repository/how-to-download-minecraft-for-free-on-iphone_GM479516143.pdf",
        "http://lib.unar.ac.id/repository/free-roblox-shirt-templates-2021_GM431946152.pdf",
        "http://lib.unar.ac.id//repository/pubg-uc-low-price_GM1330123889.pdf",
        "http://lib.unar.ac.id//repository/claim-free-spins-coin-master_GM406889139.pdf",
        "http://lib.unar.ac.id//repository/free-vpn-for-minecraft_GM479516143.pdf",
        "http://lib.unar.ac.id/repository/try-minecraft-free_GM479516143.pdf",
        "http://lib.unar.ac.id/repository/headless-horseman-roblox-free_GM431946152.pdf",
        "http://lib.unar.ac.id/repository/free-robux-app-2021_GM431946152.pdf",
        "http://lib.unar.ac.id//repository/how-do-i-earn-robux_GM431946152.pdf",
        "http://lib.unar.ac.id/repository/easy-coin-master-hack_GM406889139.pdf",
        "http://lib.unar.ac.id/repository/roblox-how-to-get-free-robux-2021-easy_GM431946152.pdf",
        "http://lib.unar.ac.id/repository/roblox-booga-booga-fly-hack-may-26-2021_GM431946152.pdf",
        "http://lib.unar.ac.id/repository/robloxcom-free-promo-codes_GM431946152.pdf",
        "http://lib.unar.ac.id/repository/free-coin-master-cards-link_GM406889139.pdf",
        "http://lib.unar.ac.id//repository/minecraft-bedrock-client_GM479516143.pdf",
        "http://lib.unar.ac.id/repository/hack-roblox-how-to-be-dark-veder-in-wild-west_GM431946152.pdf",
        "http://lib.unar.ac.id/repository/roblox-and-fortnite-bee-swarm-sim-free-eggs_GM431946152.pdf",
        "http://lib.unar.ac.id/repository/roblox-ro-ghoul-hack-rc_GM431946152.pdf"
    ],
    "regex_uris": [
        "http://netcdn.tw/app/406889139/cm-spin-link-game-hack",
        "http://netcdn.tw/app/406889139/cm-spin-link-game-hack",
        "http://lib.unar.ac.id/repository/coin-master-today_GM406889139.pdf",
        "http://lib.unar.ac.id//repository/free-spins-on-coin-master-2021-ios_GM406889139.pdf",
        "http://lib.unar.ac.id/repository/how-to-download-minecraft-for-free-on-iphone_GM479516143.pdf",
        "http://lib.unar.ac.id/repository/free-roblox-shirt-templates-2021_GM431946152.pdf",
        "http://lib.unar.ac.id//repository/pubg-uc-low-price_GM1330123889.pdf",
        "http://lib.unar.ac.id//repository/claim-free-spins-coin-master_GM406889139.pdf",
        "http://lib.unar.ac.id//repository/free-vpn-for-minecraft_GM479516143.pdf",
        "http://lib.unar.ac.id/repository/try-minecraft-free_GM479516143.pdf",
        "http://lib.unar.ac.id/repository/headless-horseman-roblox-free_GM431946152.pdf",
        "http://lib.unar.ac.id/repository/free-robux-app-2021_GM431946152.pdf",
        "http://lib.unar.ac.id//repository/how-do-i-earn-robux_GM431946152.pdf",
        "http://lib.unar.ac.id/repository/easy-coin-master-hack_GM406889139.pdf",
        "http://lib.unar.ac.id/repository/roblox-how-to-get-free-robux-2021-easy_GM431946152.pdf",
        "http://lib.unar.ac.id/repository/roblox-booga-booga-fly-hack-may-26-2021_GM431946152.pdf",
        "http://lib.unar.ac.id/repository/robloxcom-free-promo-codes_GM431946152.pdf",
        "http://lib.unar.ac.id/repository/free-coin-master-cards-link_GM406889139.pdf",
        "http://lib.unar.ac.id//repository/minecraft-bedrock-client_GM479516143.pdf",
        "http://lib.unar.ac.id/repository/hack-roblox-how-to-be-dark-veder-in-wild-west_GM431946152.pdf",
        "http://lib.unar.ac.id/repository/roblox-and-fortnite-bee-swarm-sim-free-eggs_GM431946152.pdf",
        "http://lib.unar.ac.id/repository/roblox-ro-ghoul-hack-rc_GM431946152.pdf"
    ],
    "regex_urls": [
        "http://netcdn.tw/app/406889139/cm-spin-link-game-hack",
        "http://netcdn.tw/app/406889139/cm-spin-link-game-hack",
        "http://lib.unar.ac.id/repository/coin-master-today_GM406889139.pdf",
        "http://lib.unar.ac.id//repository/free-spins-on-coin-master-2021-ios_GM406889139.pdf",
        "http://lib.unar.ac.id/repository/how-to-download-minecraft-for-free-on-iphone_GM479516143.pdf",
        "http://lib.unar.ac.id/repository/free-roblox-shirt-templates-2021_GM431946152.pdf",
        "http://lib.unar.ac.id//repository/pubg-uc-low-price_GM1330123889.pdf",
        "http://lib.unar.ac.id//repository/claim-free-spins-coin-master_GM406889139.pdf",
        "http://lib.unar.ac.id//repository/free-vpn-for-minecraft_GM479516143.pdf",
        "http://lib.unar.ac.id/repository/try-minecraft-free_GM479516143.pdf",
        "http://lib.unar.ac.id/repository/headless-horseman-roblox-free_GM431946152.pdf",
        "http://lib.unar.ac.id/repository/free-robux-app-2021_GM431946152.pdf",
        "http://lib.unar.ac.id//repository/how-do-i-earn-robux_GM431946152.pdf",
        "http://lib.unar.ac.id/repository/easy-coin-master-hack_GM406889139.pdf",
        "http://lib.unar.ac.id/repository/roblox-how-to-get-free-robux-2021-easy_GM431946152.pdf",
        "http://lib.unar.ac.id/repository/roblox-booga-booga-fly-hack-may-26-2021_GM431946152.pdf",
        "http://lib.unar.ac.id/repository/robloxcom-free-promo-codes_GM431946152.pdf",
        "http://lib.unar.ac.id/repository/free-coin-master-cards-link_GM406889139.pdf",
        "http://lib.unar.ac.id//repository/minecraft-bedrock-client_GM479516143.pdf",
        "http://lib.unar.ac.id/repository/hack-roblox-how-to-be-dark-veder-in-wild-west_GM431946152.pdf",
        "http://lib.unar.ac.id/repository/roblox-and-fortnite-bee-swarm-sim-free-eggs_GM431946152.pdf",
        "http://lib.unar.ac.id/repository/roblox-ro-ghoul-hack-rc_GM431946152.pdf"
    ],
    "scripts": {
        "iframe": [],
        "urls": []
    },
    "static_properties": {
        "JBIG2Decode": "0",
        "XML_forms": "0",
        "acro_form": "0",
        "auto_action": "0",
        "colors": "0",
        "cross_reference_table": "1",
        "embedded_files": "0",
        "file_size": "35",
        "java_script": "0",
        "js": "0",
        "launch_action": "0",
        "object_end": "55",
        "object_start": "55",
        "object_streams": "0",
        "open_action": "0",
        "page_count": "2",
        "rich_media": "0",
        "start_cross_reference_table": "1",
        "stream_end": "6",
        "stream_start": "6",
        "trailer_dictionary": "1"
    },
    "yara_signatures": [
        "without_attachments",
        "without_images",
        "with_urls",
        "invalid_trailer_structure",
        "contentis_base64"
    ]
}