{
    "exif_signatures": {},
    "file_size": 34464,
    "pdfid_signatures": {
        "Page_Count": {
            "description": "This PDF has only one page",
            "families": [],
            "marks": [],
            "name": "Page_Count",
            "references": [],
            "severity": 1
        }
    },
    "pypdf_uris": [
        "http://netcdn.co/app/431946152/roblox-the-conquerors-3-hack-2021-game-hack",
        "http://netcdn.co/app/431946152/roblox-the-conquerors-3-hack-2021-game-hack",
        "https://elearning.man1tuban.sch.id/__statics/gudangsoal/files/advhaa-roblox-free_GM431946152.pdf",
        "https://elearning.man1tuban.sch.id/__statics/gudangsoal/files/get-free-robux-no-human-verification-2021_GM431946152.pdf",
        "https://elearning.man1tuban.sch.id/__statics/gudangsoal/files/roblox-x-ray-hack_GM431946152.pdf",
        "https://elearning.man1tuban.sch.id/__statics/gudangsoal/files/how-to-get-free-robux-without-verifying-2021_GM431946152.pdf",
        "https://elearning.man1tuban.sch.id/__statics/gudangsoal/files/real-robux-hack-no-survey_GM431946152.pdf",
        "https://elearning.man1tuban.sch.id/__statics/gudangsoal/files/free-btools-roblox_GM431946152.pdf",
        "https://elearning.man1tuban.sch.id/__statics/gudangsoal/files/coin-master-hack-activegamer_GM406889139.pdf",
        "https://elearning.man1tuban.sch.id/__statics/gudangsoal/files/free-robux-help_GM431946152.pdf",
        "https://elearning.man1tuban.sch.id/__statics/gudangsoal/files/master-coin-free-spin_GM406889139.pdf",
        "https://elearning.man1tuban.sch.id/__statics/gudangsoal/files/cheat-roblox-jailbreak-2021-tp-unpatched_GM431946152.pdf",
        "https://elearning.man1tuban.sch.id/__statics/gudangsoal/files/minecraft-bedrock-edition-pc-download-free_GM479516143.pdf",
        "https://elearning.man1tuban.sch.id/__statics/gudangsoal/files/free-tiktok-fans-no-verification_GM835599320.pdf",
        "https://elearning.man1tuban.sch.id/__statics/gudangsoal/files/how-to-get-minecoins-in-minecraft-for-free_GM479516143.pdf",
        "https://elearning.man1tuban.sch.id/__statics/gudangsoal/files/top3k-roblox-hack_GM431946152.pdf",
        "https://elearning.man1tuban.sch.id/__statics/gudangsoal/files/free-robux-just-for-singing-up_GM431946152.pdf",
        "https://elearning.man1tuban.sch.id/__statics/gudangsoal/files/give-badge-hack-roblox_GM431946152.pdf",
        "https://elearning.man1tuban.sch.id/__statics/gudangsoal/files/fnaf-roblox-free-items_GM431946152.pdf",
        "https://elearning.man1tuban.sch.id/__statics/gudangsoal/files/huskybuckscom-free-robux_GM431946152.pdf",
        "https://elearning.man1tuban.sch.id/__statics/gudangsoal/files/hack-roblox-2021-script_GM431946152.pdf",
        "https://elearning.man1tuban.sch.id/__statics/gudangsoal/files/free-robux-survey_GM431946152.pdf"
    ],
    "regex_uris": [
        "http://netcdn.co/app/431946152/roblox-the-conquerors-3-hack-2021-game-hack",
        "http://netcdn.co/app/431946152/roblox-the-conquerors-3-hack-2021-game-hack",
        "https://elearning.man1tuban.sch.id/__statics/gudangsoal/files/advhaa-roblox-free_GM431946152.pdf",
        "https://elearning.man1tuban.sch.id/__statics/gudangsoal/files/get-free-robux-no-human-verification-2021_GM431946152.pdf",
        "https://elearning.man1tuban.sch.id/__statics/gudangsoal/files/roblox-x-ray-hack_GM431946152.pdf",
        "https://elearning.man1tuban.sch.id/__statics/gudangsoal/files/how-to-get-free-robux-without-verifying-2021_GM431946152.pdf",
        "https://elearning.man1tuban.sch.id/__statics/gudangsoal/files/real-robux-hack-no-survey_GM431946152.pdf",
        "https://elearning.man1tuban.sch.id/__statics/gudangsoal/files/free-btools-roblox_GM431946152.pdf",
        "https://elearning.man1tuban.sch.id/__statics/gudangsoal/files/coin-master-hack-activegamer_GM406889139.pdf",
        "https://elearning.man1tuban.sch.id/__statics/gudangsoal/files/free-robux-help_GM431946152.pdf",
        "https://elearning.man1tuban.sch.id/__statics/gudangsoal/files/master-coin-free-spin_GM406889139.pdf",
        "https://elearning.man1tuban.sch.id/__statics/gudangsoal/files/cheat-roblox-jailbreak-2021-tp-unpatched_GM431946152.pdf",
        "https://elearning.man1tuban.sch.id/__statics/gudangsoal/files/minecraft-bedrock-edition-pc-download-free_GM479516143.pdf",
        "https://elearning.man1tuban.sch.id/__statics/gudangsoal/files/free-tiktok-fans-no-verification_GM835599320.pdf",
        "https://elearning.man1tuban.sch.id/__statics/gudangsoal/files/how-to-get-minecoins-in-minecraft-for-free_GM479516143.pdf",
        "https://elearning.man1tuban.sch.id/__statics/gudangsoal/files/top3k-roblox-hack_GM431946152.pdf",
        "https://elearning.man1tuban.sch.id/__statics/gudangsoal/files/free-robux-just-for-singing-up_GM431946152.pdf",
        "https://elearning.man1tuban.sch.id/__statics/gudangsoal/files/give-badge-hack-roblox_GM431946152.pdf",
        "https://elearning.man1tuban.sch.id/__statics/gudangsoal/files/fnaf-roblox-free-items_GM431946152.pdf",
        "https://elearning.man1tuban.sch.id/__statics/gudangsoal/files/huskybuckscom-free-robux_GM431946152.pdf",
        "https://elearning.man1tuban.sch.id/__statics/gudangsoal/files/hack-roblox-2021-script_GM431946152.pdf",
        "https://elearning.man1tuban.sch.id/__statics/gudangsoal/files/free-robux-survey_GM431946152.pdf"
    ],
    "regex_urls": [
        "http://netcdn.co/app/431946152/roblox-the-conquerors-3-hack-2021-game-hack",
        "http://netcdn.co/app/431946152/roblox-the-conquerors-3-hack-2021-game-hack",
        "https",
        "https",
        "https",
        "https",
        "https",
        "https",
        "https",
        "https",
        "https",
        "https",
        "https",
        "https",
        "https",
        "https",
        "https",
        "https",
        "https",
        "https",
        "https",
        "https"
    ],
    "scripts": {
        "iframe": [],
        "urls": []
    },
    "static_properties": {
        "JBIG2Decode": "0",
        "XML_forms": "0",
        "acro_form": "0",
        "auto_action": "0",
        "colors": "0",
        "cross_reference_table": "1",
        "embedded_files": "0",
        "file_size": "34",
        "java_script": "0",
        "js": "0",
        "launch_action": "0",
        "object_end": "50",
        "object_start": "50",
        "object_streams": "0",
        "open_action": "0",
        "page_count": "1",
        "rich_media": "0",
        "start_cross_reference_table": "1",
        "stream_end": "5",
        "stream_start": "5",
        "trailer_dictionary": "1"
    },
    "yara_signatures": [
        "without_attachments",
        "without_images",
        "with_urls",
        "invalid_trailer_structure",
        "contentis_base64"
    ]
}