{
    "exif_signatures": {},
    "file_size": 82113,
    "pdfid_signatures": {},
    "pypdf_uris": [
        "https://midufefew.ru/wix?keyword=havoline+oil+filter+cross+reference",
        "http://podeves.xyz/what_are_the_steps_of_artificial_inseminationkx367.pdf",
        "https://5f90d536-2a72-4461-adff-280afd3056cb.filesusr.com/ugd/27c394_916f87ec9a4d464c88445f1bab18440f.pdf?index=true",
        "https://s3.amazonaws.com/pazerogasarinu/cisco_rv130w-e-k9-g5_manual.pdf",
        "http://mamafiposorugul.sportsontheweb.net/popawemekivifikuzijebed.pdf",
        "https://uploads.strikinglycdn.com/files/e38bf057-b375-4715-add1-485036097485/3115569468.pdf",
        "https://a39ac558-8fe8-437d-9e10-dc9402d6cb9c.filesusr.com/ugd/1ebe14_afea2533f50e4d878e48d8428032e90f.pdf?index=true",
        "https://s3.amazonaws.com/muwomapotumugi/2018_tamil_monthly_calendar.pdf",
        "http://reduslim-eu.site/17586261156ap1jb.pdf",
        "http://pornbustyvids.com/para_que_sirve_el_cianuro_en_quimicaoppl9.pdf",
        "https://uploads.strikinglycdn.com/files/6e87189c-2718-4ff4-a3e8-2e3dfb661f64/10_x_10_grid_image.pdf",
        "https://s3.amazonaws.com/bededuxotulapil/eagles_wings_music_sheet.pdf",
        "https://uploads.strikinglycdn.com/files/0d91e2d9-2b7e-49d9-b83c-6061ee75c75e/coleman_lantern_case_plans.pdf",
        "http://naturka.space/14267272104djpn8.pdf",
        "https://4ad55601-b8ab-4ae0-bc0e-e90069072326.filesusr.com/ugd/3aca14_8255fb203a95403d8fc003e6449c4834.pdf?index=true",
        "https://uploads.strikinglycdn.com/files/39a39bc2-d777-45fd-a963-b7b3f938b260/air_force_academy_football_roster_1992.pdf",
        "http://rineset.xyz/73243219713ysyhx.pdf",
        "https://uploads.strikinglycdn.com/files/c7402af1-0a57-4b9e-9f9c-dee65e15be4f/words_that_start_with_net.pdf",
        "http://pakawuwujawo.getenjoyment.net/chestnut_obstetric_anesthesia_5th_edition_free_download.pdf",
        "https://s3.amazonaws.com/polexebuj/fojojik.pdf",
        "https://uploads.strikinglycdn.com/files/1a8f6948-b932-4318-93ab-f1224c506b9a/daxivasobavabamakeloxesep.pdf",
        "http://mudixefibewab.mywebcommunity.org/pioneer_deh_1300mp_no_sound.pdf"
    ],
    "regex_uris": [
        "https://midufefew.ru/wix?keyword=havoline+oil+filter+cross+reference",
        "http://podeves.xyz/what_are_the_steps_of_artificial_inseminationkx367.pdf",
        "https://5f90d536-2a72-4461-adff-280afd3056cb.filesusr.com/ugd/27c394_916f87ec9a4d464c88445f1bab18440f.pdf?index=true",
        "https://s3.amazonaws.com/pazerogasarinu/cisco_rv130w-e-k9-g5_manual.pdf",
        "http://mamafiposorugul.sportsontheweb.net/popawemekivifikuzijebed.pdf",
        "https://uploads.strikinglycdn.com/files/e38bf057-b375-4715-add1-485036097485/3115569468.pdf",
        "https://a39ac558-8fe8-437d-9e10-dc9402d6cb9c.filesusr.com/ugd/1ebe14_afea2533f50e4d878e48d8428032e90f.pdf?index=true",
        "https://s3.amazonaws.com/muwomapotumugi/2018_tamil_monthly_calendar.pdf",
        "http://reduslim-eu.site/17586261156ap1jb.pdf",
        "http://pornbustyvids.com/para_que_sirve_el_cianuro_en_quimicaoppl9.pdf",
        "https://uploads.strikinglycdn.com/files/6e87189c-2718-4ff4-a3e8-2e3dfb661f64/10_x_10_grid_image.pdf",
        "https://s3.amazonaws.com/bededuxotulapil/eagles_wings_music_sheet.pdf",
        "https://uploads.strikinglycdn.com/files/0d91e2d9-2b7e-49d9-b83c-6061ee75c75e/coleman_lantern_case_plans.pdf",
        "http://naturka.space/14267272104djpn8.pdf",
        "https://4ad55601-b8ab-4ae0-bc0e-e90069072326.filesusr.com/ugd/3aca14_8255fb203a95403d8fc003e6449c4834.pdf?index=true",
        "https://uploads.strikinglycdn.com/files/39a39bc2-d777-45fd-a963-b7b3f938b260/air_force_academy_football_roster_1992.pdf",
        "http://rineset.xyz/73243219713ysyhx.pdf",
        "https://uploads.strikinglycdn.com/files/c7402af1-0a57-4b9e-9f9c-dee65e15be4f/words_that_start_with_net.pdf",
        "http://pakawuwujawo.getenjoyment.net/chestnut_obstetric_anesthesia_5th_edition_free_download.pdf",
        "https://s3.amazonaws.com/polexebuj/fojojik.pdf",
        "https://uploads.strikinglycdn.com/files/1a8f6948-b932-4318-93ab-f1224c506b9a/daxivasobavabamakeloxesep.pdf",
        "http://mudixefibewab.mywebcommunity.org/pioneer_deh_1300mp_no_sound.pdf"
    ],
    "regex_urls": [
        "https",
        "http://podeves.xyz/what_are_the_steps_of_artificial_inseminationkx367.pdf",
        "https",
        "https",
        "http://mamafiposorugul.sportsontheweb.net/popawemekivifikuzijebed.pdf",
        "https",
        "https",
        "https",
        "http://reduslim-eu.site/17586261156ap1jb.pdf",
        "http://pornbustyvids.com/para_que_sirve_el_cianuro_en_quimicaoppl9.pdf",
        "https",
        "https",
        "https",
        "http://naturka.space/14267272104djpn8.pdf",
        "https",
        "https",
        "http://rineset.xyz/73243219713ysyhx.pdf",
        "https",
        "http://pakawuwujawo.getenjoyment.net/chestnut_obstetric_anesthesia_5th_edition_free_download.pdf",
        "https",
        "https",
        "http://mudixefibewab.mywebcommunity.org/pioneer_deh_1300mp_no_sound.pdf",
        "http://www.w3.org/1999/02/22-rdf-syntax-ns#",
        "http://purl.org/dc/elements/1.1/",
        "http://ns.adobe.com/pdf/1.3/",
        "http://ns.adobe.com/xap/1.0/",
        "http://ns.adobe.com/xap/1.0/mm/",
        "http://ns.adobe.com/xap/1.0/rights/"
    ],
    "scripts": {
        "iframe": [],
        "urls": []
    },
    "static_properties": {
        "JBIG2Decode": "0",
        "XML_forms": "0",
        "acro_form": "0",
        "auto_action": "0",
        "colors": "0",
        "cross_reference_table": "2",
        "embedded_files": "0",
        "file_size": "82",
        "java_script": "0",
        "js": "0",
        "launch_action": "0",
        "object_end": "58",
        "object_start": "58",
        "object_streams": "0",
        "open_action": "0",
        "page_count": "2",
        "rich_media": "0",
        "start_cross_reference_table": "2",
        "stream_end": "8",
        "stream_start": "8",
        "trailer_dictionary": "2"
    },
    "yara_signatures": [
        "without_attachments",
        "without_images",
        "with_urls",
        "invalid_trailer_structure",
        "multiple_versions",
        "contentis_base64",
        "Big_Numbers1"
    ]
}