{
    "exif_signatures": {},
    "file_size": 311099,
    "pdfid_signatures": {},
    "pypdf_uris": [
        "http://ydeepty.com/c3?utm_term=superlative+forms+agenda+web",
        "https://xixivisowokote.weebly.com/uploads/1/3/2/8/132814838/kininaxijosijunilur.pdf",
        "https://wovexulonodebur.weebly.com/uploads/1/4/2/5/142596421/tefivaveguzobegare.pdf",
        "https://gikozuravaxefa.weebly.com/uploads/1/4/1/7/141764693/ziwufawodike_jerunu_malomuxeboziw.pdf",
        "https://nilovikeb.weebly.com/uploads/1/4/1/8/141873273/5229036.pdf",
        "http://amongelite.com/ci/userfiles/files/tejewegakimixawasu.pdf",
        "https://ralirepiputup.weebly.com/uploads/1/3/4/8/134852471/1fb2c1.pdf",
        "https://xebozabanowovog.weebly.com/uploads/1/4/2/1/142170543/7852838.pdf",
        "https://detalejutapebis.weebly.com/uploads/1/3/4/6/134610814/suwosuje.pdf",
        "https://givurili.weebly.com/uploads/1/3/4/6/134605008/2359270.pdf",
        "https://patekijizimumad.weebly.com/uploads/1/4/2/5/142582653/a3cde.pdf",
        "https://xokeledifevavaz.weebly.com/uploads/1/4/1/5/141573698/buparomuwed_kepetareg_mibapemobun.pdf",
        "https://vobikonim.weebly.com/uploads/1/3/5/3/135390296/revabujum-dunapimil-wepizenum.pdf",
        "https://pogosozomabuk.weebly.com/uploads/1/4/2/0/142029619/7886318.pdf",
        "https://fipawuzajez.weebly.com/uploads/1/4/1/2/141253641/xemoko.pdf",
        "https://wedubitobef.weebly.com/uploads/1/4/1/5/141520717/jitazutoxidewim.pdf",
        "http://detoverfee.be/webroot/uploads/files/kazajirov.pdf",
        "https://bugasidajuw.weebly.com/uploads/1/3/1/8/131856032/5743505.pdf",
        "https://sokasabakowupop.weebly.com/uploads/1/3/4/0/134012989/713900.pdf",
        "https://rakusisaz.weebly.com/uploads/1/4/1/3/141369618/1639a.pdf",
        "https://jcmimoveis.com/userfiles/file/1535868954.pdf",
        "https://dubikemuzivodil.weebly.com/uploads/1/4/1/4/141429209/8362130.pdf",
        "https://www.heainc.com/wp-content/plugins/formcraft/file-upload/server/content/files/162382e0a22452---kexipes.pdf",
        "http://vencotrasporti.it/custom/archivio/files/51569931451.pdf",
        "https://takipcisec.com/calisma2/files/uploads/75618046808.pdf",
        "https://zovofiwimigaf.weebly.com/uploads/1/4/2/0/142066487/velovaba.pdf",
        "https://plastr.cz/files/files/zarilanodexokizop.pdf",
        "https://ruxoduzepikoteg.weebly.com/uploads/1/4/2/4/142451524/baninezad.pdf",
        "https://mogezisatizate.weebly.com/uploads/1/3/0/7/130775403/9343505.pdf",
        "https://acv-verdun.fr/kcfinder/upload/files/fuwavuwijadupit.pdf",
        "https://gugakelu.weebly.com/uploads/1/3/5/9/135965899/pibobim-xupepifek.pdf",
        "http://aarogyamedico.com/userfiles/file/51427087330.pdf",
        "https://lutidaligabuda.weebly.com/uploads/1/4/2/5/142578097/4e20158.pdf",
        "https://xipadumomide.weebly.com/uploads/1/3/7/5/137500857/dowopup.pdf",
        "https://jufimomojisili.weebly.com/uploads/1/4/2/0/142048029/e29992108c476.pdf",
        "http://citranco.com/users/files/lidepuw.pdf",
        "https://magalezofutik.weebly.com/uploads/1/3/4/5/134599277/9571901.pdf",
        "https://sudogela.weebly.com/uploads/1/3/4/8/134846286/jalowagoxozexizi.pdf",
        "https://gobelsprofil.com/upload/files/sikulenaxerezotamupavu.pdf",
        "https://baputopozim.weebly.com/uploads/1/3/5/3/135336161/zewukali.pdf",
        "https://xasomagefer.weebly.com/uploads/1/4/1/3/141362664/kederipawig_lizobowitati_padanipatot_xomegavejur.pdf",
        "https://nazaxefuv.weebly.com/uploads/1/3/4/5/134589683/vibud_guluxosamuzojob.pdf",
        "https://bonilipexi.weebly.com/uploads/1/4/2/0/142005565/rudojiwaruduko.pdf",
        "https://lijuvimu.weebly.com/uploads/1/3/0/7/130775306/rikepupuvafed_zorusexumag_tigebobawem.pdf",
        "https://givetulozaf.weebly.com/uploads/1/4/2/0/142040285/4581128.pdf",
        "https://sefujuguvavori.weebly.com/uploads/1/4/1/9/141916563/waxob.pdf",
        "http://www.caslyn.co.za/wp-content/plugins/formcraft/file-upload/server/content/files/1629ebdb99852f---fuwilojewulimarunupemusad.pdf",
        "http://zvezda-rostov.ru/ckfinder/userfiles/files/wafiletexigudolerimiba.pdf"
    ],
    "regex_uris": [
        "http://ydeepty.com/c3?utm_term=superlative+forms+agenda+web",
        "https://xixivisowokote.weebly.com/uploads/1/3/2/8/132814838/kininaxijosijunilur.pdf",
        "https://wovexulonodebur.weebly.com/uploads/1/4/2/5/142596421/tefivaveguzobegare.pdf",
        "https://gikozuravaxefa.weebly.com/uploads/1/4/1/7/141764693/ziwufawodike_jerunu_malomuxeboziw.pdf",
        "https://nilovikeb.weebly.com/uploads/1/4/1/8/141873273/5229036.pdf",
        "http://amongelite.com/ci/userfiles/files/tejewegakimixawasu.pdf",
        "https://ralirepiputup.weebly.com/uploads/1/3/4/8/134852471/1fb2c1.pdf",
        "https://xebozabanowovog.weebly.com/uploads/1/4/2/1/142170543/7852838.pdf",
        "https://detalejutapebis.weebly.com/uploads/1/3/4/6/134610814/suwosuje.pdf",
        "https://givurili.weebly.com/uploads/1/3/4/6/134605008/2359270.pdf",
        "https://patekijizimumad.weebly.com/uploads/1/4/2/5/142582653/a3cde.pdf",
        "https://xokeledifevavaz.weebly.com/uploads/1/4/1/5/141573698/buparomuwed_kepetareg_mibapemobun.pdf",
        "https://vobikonim.weebly.com/uploads/1/3/5/3/135390296/revabujum-dunapimil-wepizenum.pdf",
        "https://pogosozomabuk.weebly.com/uploads/1/4/2/0/142029619/7886318.pdf",
        "https://fipawuzajez.weebly.com/uploads/1/4/1/2/141253641/xemoko.pdf",
        "https://wedubitobef.weebly.com/uploads/1/4/1/5/141520717/jitazutoxidewim.pdf",
        "http://detoverfee.be/webroot/uploads/files/kazajirov.pdf",
        "https://bugasidajuw.weebly.com/uploads/1/3/1/8/131856032/5743505.pdf",
        "https://sokasabakowupop.weebly.com/uploads/1/3/4/0/134012989/713900.pdf",
        "https://rakusisaz.weebly.com/uploads/1/4/1/3/141369618/1639a.pdf",
        "https://jcmimoveis.com/userfiles/file/1535868954.pdf",
        "https://dubikemuzivodil.weebly.com/uploads/1/4/1/4/141429209/8362130.pdf",
        "https://www.heainc.com/wp-content/plugins/formcraft/file-upload/server/content/files/162382e0a22452---kexipes.pdf",
        "http://vencotrasporti.it/custom/archivio/files/51569931451.pdf",
        "https://takipcisec.com/calisma2/files/uploads/75618046808.pdf",
        "https://zovofiwimigaf.weebly.com/uploads/1/4/2/0/142066487/velovaba.pdf",
        "https://plastr.cz/files/files/zarilanodexokizop.pdf",
        "https://ruxoduzepikoteg.weebly.com/uploads/1/4/2/4/142451524/baninezad.pdf",
        "https://mogezisatizate.weebly.com/uploads/1/3/0/7/130775403/9343505.pdf",
        "https://acv-verdun.fr/kcfinder/upload/files/fuwavuwijadupit.pdf",
        "https://gugakelu.weebly.com/uploads/1/3/5/9/135965899/pibobim-xupepifek.pdf",
        "http://aarogyamedico.com/userfiles/file/51427087330.pdf",
        "https://lutidaligabuda.weebly.com/uploads/1/4/2/5/142578097/4e20158.pdf",
        "https://xipadumomide.weebly.com/uploads/1/3/7/5/137500857/dowopup.pdf",
        "https://jufimomojisili.weebly.com/uploads/1/4/2/0/142048029/e29992108c476.pdf",
        "http://citranco.com/users/files/lidepuw.pdf",
        "https://magalezofutik.weebly.com/uploads/1/3/4/5/134599277/9571901.pdf",
        "https://sudogela.weebly.com/uploads/1/3/4/8/134846286/jalowagoxozexizi.pdf",
        "https://gobelsprofil.com/upload/files/sikulenaxerezotamupavu.pdf",
        "https://baputopozim.weebly.com/uploads/1/3/5/3/135336161/zewukali.pdf",
        "https://xasomagefer.weebly.com/uploads/1/4/1/3/141362664/kederipawig_lizobowitati_padanipatot_xomegavejur.pdf",
        "https://nazaxefuv.weebly.com/uploads/1/3/4/5/134589683/vibud_guluxosamuzojob.pdf",
        "https://bonilipexi.weebly.com/uploads/1/4/2/0/142005565/rudojiwaruduko.pdf",
        "https://lijuvimu.weebly.com/uploads/1/3/0/7/130775306/rikepupuvafed_zorusexumag_tigebobawem.pdf",
        "https://givetulozaf.weebly.com/uploads/1/4/2/0/142040285/4581128.pdf",
        "https://sefujuguvavori.weebly.com/uploads/1/4/1/9/141916563/waxob.pdf",
        "http://www.caslyn.co.za/wp-content/plugins/formcraft/file-upload/server/content/files/1629ebdb99852f---fuwilojewulimarunupemusad.pdf",
        "http://zvezda-rostov.ru/ckfinder/userfiles/files/wafiletexigudolerimiba.pdf"
    ],
    "regex_urls": [
        "http://ydeepty.com/c3?utm_term=superlative+forms+agenda+web",
        "https",
        "https",
        "https",
        "https",
        "http://amongelite.com/ci/userfiles/files/tejewegakimixawasu.pdf",
        "https",
        "https",
        "https",
        "https",
        "https",
        "https",
        "https",
        "https",
        "https",
        "https",
        "http://detoverfee.be/webroot/uploads/files/kazajirov.pdf",
        "https",
        "https",
        "https",
        "https",
        "https",
        "https",
        "www.heainc.com/wp-content/plugins/formcraft/file-upload/server/content/files/162382e0a22452---kexipes.pdf",
        "http://vencotrasporti.it/custom/archivio/files/51569931451.pdf",
        "https",
        "https",
        "https",
        "https",
        "https",
        "https",
        "https",
        "http://aarogyamedico.com/userfiles/file/51427087330.pdf",
        "https",
        "https",
        "https",
        "http://citranco.com/users/files/lidepuw.pdf",
        "https",
        "https",
        "https",
        "https",
        "https",
        "https",
        "https",
        "https",
        "https",
        "https",
        "http://www.caslyn.co.za/wp-content/plugins/formcraft/file-upload/server/content/files/1629ebdb99852f---fuwilojewulimarunupemusad.pdf",
        "http://zvezda-rostov.ru/ckfinder/userfiles/files/wafiletexigudolerimiba.pdf",
        "http://www.w3.org/1999/02/22-rdf-syntax-ns#",
        "http://purl.org/dc/elements/1.1/",
        "http://ns.adobe.com/pdf/1.3/",
        "http://ns.adobe.com/xap/1.0/",
        "http://ns.adobe.com/xap/1.0/mm/",
        "http://ns.adobe.com/xap/1.0/rights/"
    ],
    "scripts": {
        "iframe": [],
        "urls": []
    },
    "static_properties": {
        "JBIG2Decode": "0",
        "XML_forms": "0",
        "acro_form": "0",
        "auto_action": "0",
        "colors": "0",
        "cross_reference_table": "2",
        "embedded_files": "0",
        "file_size": "311",
        "java_script": "0",
        "js": "0",
        "launch_action": "0",
        "object_end": "107",
        "object_start": "107",
        "object_streams": "0",
        "open_action": "0",
        "page_count": "5",
        "rich_media": "0",
        "start_cross_reference_table": "2",
        "stream_end": "18",
        "stream_start": "18",
        "trailer_dictionary": "2"
    },
    "yara_signatures": [
        "without_attachments",
        "without_images",
        "with_urls",
        "invalid_trailer_structure",
        "multiple_versions",
        "contentis_base64"
    ]
}