{
    "exif_signatures": {},
    "file_size": 300837,
    "pdfid_signatures": {},
    "pypdf_uris": [
        "http://joopsoa.com/c3?utm_term=tragedy+and+hope+carroll+quigley+pdf+full+version+online",
        "https://webaruhaz.codefon.hu/js/ckfinder/userfiles/files/64811002669.pdf",
        "https://vekenotagiwupas.weebly.com/uploads/1/3/2/8/132815979/9034450.pdf",
        "http://anantasandesh.com/dbros/public/ckeditor/kcfinder/upload/files/wusexejojovetuvula.pdf",
        "https://static1.squarespace.com/static/604aec14af289a5f7a539cf5/t/62c260152ea9432c736787d1/1656905750242/rainbow_six_siege_delta_force.pdf",
        "https://static1.squarespace.com/static/604aebe5436e397a99d53e8a/t/62ce1c340c829857940bdb13/1657674805633/51779420806.pdf",
        "https://static1.squarespace.com/static/60aaf27c8bac0413e6f804fa/t/62b46084b0b2d02560b4e862/1655988356759/151431456.pdf",
        "https://vetregistr.com/ckfinder/userfiles/files/25541720683.pdf",
        "https://macauroommate.com/ckfinder/userfiles/files/sokabodedinuga.pdf",
        "https://faguaflowers.com/images/admin/file/nofalusuv.pdf",
        "https://static1.squarespace.com/static/604aec14af289a5f7a539cf5/t/62bd9fddcbf3c07911cf59c8/1656594397592/92516815725.pdf",
        "https://bovigavew.weebly.com/uploads/1/4/1/5/141598786/vadedetefirugo.pdf",
        "http://cahayamimpi1.com/contents/files/66630064528.pdf",
        "https://rarakini.weebly.com/uploads/1/3/4/8/134884681/wituno.pdf",
        "https://static1.squarespace.com/static/60aaf25e42d7b60106dc17aa/t/62b4fc085bf28225a6a1bb74/1656028169683/usg_sheetrock_ceiling_tile.pdf",
        "https://rozetki-merten.su/kcfinder/upload/files/vobupo.pdf",
        "https://static1.squarespace.com/static/604aeb86718479732845b7b4/t/62bb2d6cca88cd56a263f07e/1656434029019/diesel_dz7044_manual.pdf",
        "http://norrlandet.se/userfiles/file/32255436189.pdf",
        "https://fazajamol.weebly.com/uploads/1/3/2/7/132740605/jexopuw_gejudu_sunadunuwutakum.pdf",
        "https://monarchwinemerchants.com/wp-content/plugins/super-forms/uploads/php/files/16efff96fbf9463a7ac70ea9ed1e22bf/pujid.pdf",
        "https://zafikevomusale.weebly.com/uploads/1/4/1/4/141443236/rodovitodiz.pdf",
        "http://transfertrolley.cn/d/files/widitarep.pdf",
        "https://static1.squarespace.com/static/604aeb86718479732845b7b4/t/62c58708d0823b52c4a23395/1657112328773/o_que__formulario_renach.pdf",
        "http://giovanninociti.com/userfiles/files/kitosaw.pdf",
        "https://xowasesulozuvuv.weebly.com/uploads/1/3/5/3/135347394/zuxomuxon_dewofufobufeze_vudetabi.pdf",
        "https://geputadi.weebly.com/uploads/1/4/2/1/142132501/5236183.pdf",
        "https://eskuvoiiranytu.hu/blog/file/33321104879.pdf",
        "https://xinosete.weebly.com/uploads/1/3/0/9/130968926/9603764.pdf",
        "https://static1.squarespace.com/static/604aeb86718479732845b7b4/t/62c9806cf2595e1b005514f0/1657372780277/aa_ra_ra_ra_rajasthani_song_mp3_down.pdf",
        "https://glycocalyx.nl/userfiles/image/file/vowoforibe.pdf",
        "https://static1.squarespace.com/static/604aebe5436e397a99d53e8a/t/62cd889a4ae5f115fdd944d2/1657637018746/gulabi_aankhen_atif_aslam_mp3_download_320kbps.pdf"
    ],
    "regex_uris": [
        "http://joopsoa.com/c3?utm_term=tragedy+and+hope+carroll+quigley+pdf+full+version+online",
        "https://webaruhaz.codefon.hu/js/ckfinder/userfiles/files/64811002669.pdf",
        "https://vekenotagiwupas.weebly.com/uploads/1/3/2/8/132815979/9034450.pdf",
        "http://anantasandesh.com/dbros/public/ckeditor/kcfinder/upload/files/wusexejojovetuvula.pdf",
        "https://static1.squarespace.com/static/604aec14af289a5f7a539cf5/t/62c260152ea9432c736787d1/1656905750242/rainbow_six_siege_delta_force.pdf",
        "https://static1.squarespace.com/static/604aebe5436e397a99d53e8a/t/62ce1c340c829857940bdb13/1657674805633/51779420806.pdf",
        "https://static1.squarespace.com/static/60aaf27c8bac0413e6f804fa/t/62b46084b0b2d02560b4e862/1655988356759/151431456.pdf",
        "https://vetregistr.com/ckfinder/userfiles/files/25541720683.pdf",
        "https://macauroommate.com/ckfinder/userfiles/files/sokabodedinuga.pdf",
        "https://faguaflowers.com/images/admin/file/nofalusuv.pdf",
        "https://static1.squarespace.com/static/604aec14af289a5f7a539cf5/t/62bd9fddcbf3c07911cf59c8/1656594397592/92516815725.pdf",
        "https://bovigavew.weebly.com/uploads/1/4/1/5/141598786/vadedetefirugo.pdf",
        "http://cahayamimpi1.com/contents/files/66630064528.pdf",
        "https://rarakini.weebly.com/uploads/1/3/4/8/134884681/wituno.pdf",
        "https://static1.squarespace.com/static/60aaf25e42d7b60106dc17aa/t/62b4fc085bf28225a6a1bb74/1656028169683/usg_sheetrock_ceiling_tile.pdf",
        "https://rozetki-merten.su/kcfinder/upload/files/vobupo.pdf",
        "https://static1.squarespace.com/static/604aeb86718479732845b7b4/t/62bb2d6cca88cd56a263f07e/1656434029019/diesel_dz7044_manual.pdf",
        "http://norrlandet.se/userfiles/file/32255436189.pdf",
        "https://fazajamol.weebly.com/uploads/1/3/2/7/132740605/jexopuw_gejudu_sunadunuwutakum.pdf",
        "https://monarchwinemerchants.com/wp-content/plugins/super-forms/uploads/php/files/16efff96fbf9463a7ac70ea9ed1e22bf/pujid.pdf",
        "https://zafikevomusale.weebly.com/uploads/1/4/1/4/141443236/rodovitodiz.pdf",
        "http://transfertrolley.cn/d/files/widitarep.pdf",
        "https://static1.squarespace.com/static/604aeb86718479732845b7b4/t/62c58708d0823b52c4a23395/1657112328773/o_que__formulario_renach.pdf",
        "http://giovanninociti.com/userfiles/files/kitosaw.pdf",
        "https://xowasesulozuvuv.weebly.com/uploads/1/3/5/3/135347394/zuxomuxon_dewofufobufeze_vudetabi.pdf",
        "https://geputadi.weebly.com/uploads/1/4/2/1/142132501/5236183.pdf",
        "https://eskuvoiiranytu.hu/blog/file/33321104879.pdf",
        "https://xinosete.weebly.com/uploads/1/3/0/9/130968926/9603764.pdf",
        "https://static1.squarespace.com/static/604aeb86718479732845b7b4/t/62c9806cf2595e1b005514f0/1657372780277/aa_ra_ra_ra_rajasthani_song_mp3_down.pdf",
        "https://glycocalyx.nl/userfiles/image/file/vowoforibe.pdf",
        "https://static1.squarespace.com/static/604aebe5436e397a99d53e8a/t/62cd889a4ae5f115fdd944d2/1657637018746/gulabi_aankhen_atif_aslam_mp3_download_320kbps.pdf"
    ],
    "regex_urls": [
        "http://joopsoa.com/c3?utm_term=tragedy+and+hope+carroll+quigley+pdf+full+version+online",
        "https",
        "https",
        "http://anantasandesh.com/dbros/public/ckeditor/kcfinder/upload/files/wusexejojovetuvula.pdf",
        "https",
        "https",
        "https",
        "https",
        "https",
        "https",
        "https",
        "https",
        "http://cahayamimpi1.com/contents/files/66630064528.pdf",
        "https",
        "https",
        "https",
        "https",
        "http://norrlandet.se/userfiles/file/32255436189.pdf",
        "https",
        "https",
        "https",
        "http://transfertrolley.cn/d/files/widitarep.pdf",
        "https",
        "http://giovanninociti.com/userfiles/files/kitosaw.pdf",
        "https",
        "https",
        "https",
        "https",
        "https",
        "https",
        "https",
        "http://www.w3.org/1999/02/22-rdf-syntax-ns#",
        "http://purl.org/dc/elements/1.1/",
        "http://ns.adobe.com/pdf/1.3/",
        "http://ns.adobe.com/xap/1.0/",
        "http://ns.adobe.com/xap/1.0/mm/",
        "http://ns.adobe.com/xap/1.0/rights/"
    ],
    "scripts": {
        "iframe": [],
        "urls": []
    },
    "static_properties": {
        "JBIG2Decode": "0",
        "XML_forms": "0",
        "acro_form": "0",
        "auto_action": "0",
        "colors": "0",
        "cross_reference_table": "2",
        "embedded_files": "0",
        "file_size": "301",
        "java_script": "0",
        "js": "0",
        "launch_action": "0",
        "object_end": "90",
        "object_start": "90",
        "object_streams": "0",
        "open_action": "0",
        "page_count": "5",
        "rich_media": "0",
        "start_cross_reference_table": "2",
        "stream_end": "18",
        "stream_start": "18",
        "trailer_dictionary": "2"
    },
    "yara_signatures": [
        "without_attachments",
        "without_images",
        "with_urls",
        "invalid_trailer_structure",
        "multiple_versions",
        "contentis_base64",
        "Big_Numbers1"
    ]
}