{
    "exif_signatures": {},
    "file_size": 41562,
    "pdfid_signatures": {},
    "pypdf_uris": [
        "https://netcdn.xyz/app/431946152/how-to-get-free-robux-on-ipad-game-hack",
        "https://netcdn.xyz/app/431946152/how-to-get-free-robux-on-ipad-game-hack",
        "https://www.lifegoeson.in/uploaded_files/userfiles/files/roblox-prison-life-hack_GM431946152.pdf",
        "https://www.lifegoeson.in/uploaded_files/userfiles/files/coin-master-hack-2021_GM406889139.pdf",
        "https://www.lifegoeson.in/uploaded_files/userfiles/files/how-to-get-free-robux-by-playing-games_GM431946152.pdf",
        "https://www.lifegoeson.in/uploaded_files/userfiles/files/free-tiktok-followers-no-human-verification-or-survey_GM835599320.pdf",
        "https://www.lifegoeson.in/uploaded_files/userfiles/files/tryrbx-site-free-robux_GM431946152.pdf"
    ],
    "regex_uris": [
        "https://netcdn.xyz/app/431946152/how-to-get-free-robux-on-ipad-game-hack",
        "https://netcdn.xyz/app/431946152/how-to-get-free-robux-on-ipad-game-hack",
        "https://www.lifegoeson.in/uploaded_files/userfiles/files/roblox-prison-life-hack_GM431946152.pdf",
        "https://www.lifegoeson.in/uploaded_files/userfiles/files/coin-master-hack-2021_GM406889139.pdf",
        "https://www.lifegoeson.in/uploaded_files/userfiles/files/how-to-get-free-robux-by-playing-games_GM431946152.pdf",
        "https://www.lifegoeson.in/uploaded_files/userfiles/files/free-tiktok-followers-no-human-verification-or-survey_GM835599320.pdf",
        "https://www.lifegoeson.in/uploaded_files/userfiles/files/tryrbx-site-free-robux_GM431946152.pdf"
    ],
    "regex_urls": [
        "https",
        "https",
        "https",
        "www.lifegoeson.in/uploaded_files/userfiles/files/roblox-prison-life-hack_GM431946152.pdf",
        "https",
        "www.lifegoeson.in/uploaded_files/userfiles/files/coin-master-hack-2021_GM406889139.pdf",
        "https",
        "www.lifegoeson.in/uploaded_files/userfiles/files/how-to-get-free-robux-by-playing-games_GM431946152.pdf",
        "https",
        "www.lifegoeson.in/uploaded_files/userfiles/files/free-tiktok-followers-no-human-verification-or-survey_GM835599320.pdf",
        "https",
        "www.lifegoeson.in/uploaded_files/userfiles/files/tryrbx-site-free-robux_GM431946152.pdf"
    ],
    "scripts": {
        "iframe": [],
        "urls": []
    },
    "static_properties": {
        "JBIG2Decode": "0",
        "XML_forms": "0",
        "acro_form": "0",
        "auto_action": "0",
        "colors": "0",
        "cross_reference_table": "1",
        "embedded_files": "0",
        "file_size": "42",
        "java_script": "0",
        "js": "0",
        "launch_action": "0",
        "object_end": "46",
        "object_start": "46",
        "object_streams": "0",
        "open_action": "0",
        "page_count": "2",
        "rich_media": "0",
        "start_cross_reference_table": "1",
        "stream_end": "8",
        "stream_start": "8",
        "trailer_dictionary": "1"
    },
    "yara_signatures": [
        "without_attachments",
        "without_images",
        "with_urls",
        "invalid_trailer_structure",
        "contentis_base64"
    ]
}