{
    "exif_signatures": {},
    "file_size": 43148,
    "pdfid_signatures": {},
    "pypdf_uris": [
        "https://netcdn.xyz/app/431946152/free-robux-now-game-hack",
        "https://netcdn.xyz/app/431946152/free-robux-now-game-hack",
        "http://precitool.ch/images/minecraft-esp_GM479516143.pdf",
        "http://precitool.ch/images/free-robux-codes-not-used_GM431946152.pdf",
        "http://precitool.ch/images/free-robux-real-2021_GM431946152.pdf",
        "http://precitool.ch/images/free-spins-coin-master-app-ios_GM406889139.pdf",
        "http://precitool.ch/images/free-roblox-boy-hair_GM431946152.pdf",
        "http://precitool.ch/images/how-to-hack-peoples-roblox-accounts_GM431946152.pdf",
        "http://precitool.ch/images/robux-generator-2021_GM431946152.pdf",
        "http://precitool.ch/images/rbx-website_GM431946152.pdf",
        "http://precitool.ch/images/coin-master-hack-unlimited-spins-apk-download_GM406889139.pdf",
        "http://precitool.ch/images/game-give-free-robux_GM431946152.pdf",
        "http://precitool.ch/images/coin-master-hack-pc-cheat-engine_GM406889139.pdf",
        "http://precitool.ch/images/how-to-get-minecraft-for-free-on-iphone-2021_GM479516143.pdf",
        "http://precitool.ch/images/is-java-minecraft-free_GM479516143.pdf",
        "http://precitool.ch/images/collect-robux_GM431946152.pdf",
        "http://precitool.ch/images/free-coin-master-spins-2021_GM406889139.pdf",
        "http://precitool.ch/images/how-to-get-free-roebucks-in-roblox_GM431946152.pdf",
        "http://precitool.ch/images/ways-to-earn-robux_GM431946152.pdf",
        "http://precitool.ch/images/roblox-free-items_GM431946152.pdf",
        "http://precitool.ch/images/roblox-hack-codes_GM431946152.pdf",
        "http://precitool.ch/images/wizard-hacks_GM479516143.pdf"
    ],
    "regex_uris": [
        "https://netcdn.xyz/app/431946152/free-robux-now-game-hack",
        "https://netcdn.xyz/app/431946152/free-robux-now-game-hack",
        "http://precitool.ch/images/minecraft-esp_GM479516143.pdf",
        "http://precitool.ch/images/free-robux-codes-not-used_GM431946152.pdf",
        "http://precitool.ch/images/free-robux-real-2021_GM431946152.pdf",
        "http://precitool.ch/images/free-spins-coin-master-app-ios_GM406889139.pdf",
        "http://precitool.ch/images/free-roblox-boy-hair_GM431946152.pdf",
        "http://precitool.ch/images/how-to-hack-peoples-roblox-accounts_GM431946152.pdf",
        "http://precitool.ch/images/robux-generator-2021_GM431946152.pdf",
        "http://precitool.ch/images/rbx-website_GM431946152.pdf",
        "http://precitool.ch/images/coin-master-hack-unlimited-spins-apk-download_GM406889139.pdf",
        "http://precitool.ch/images/game-give-free-robux_GM431946152.pdf",
        "http://precitool.ch/images/coin-master-hack-pc-cheat-engine_GM406889139.pdf",
        "http://precitool.ch/images/how-to-get-minecraft-for-free-on-iphone-2021_GM479516143.pdf",
        "http://precitool.ch/images/is-java-minecraft-free_GM479516143.pdf",
        "http://precitool.ch/images/collect-robux_GM431946152.pdf",
        "http://precitool.ch/images/free-coin-master-spins-2021_GM406889139.pdf",
        "http://precitool.ch/images/how-to-get-free-roebucks-in-roblox_GM431946152.pdf",
        "http://precitool.ch/images/ways-to-earn-robux_GM431946152.pdf",
        "http://precitool.ch/images/roblox-free-items_GM431946152.pdf",
        "http://precitool.ch/images/roblox-hack-codes_GM431946152.pdf",
        "http://precitool.ch/images/wizard-hacks_GM479516143.pdf"
    ],
    "regex_urls": [
        "https",
        "https",
        "http://precitool.ch/images/minecraft-esp_GM479516143.pdf",
        "http://precitool.ch/images/free-robux-codes-not-used_GM431946152.pdf",
        "http://precitool.ch/images/free-robux-real-2021_GM431946152.pdf",
        "http://precitool.ch/images/free-spins-coin-master-app-ios_GM406889139.pdf",
        "http://precitool.ch/images/free-roblox-boy-hair_GM431946152.pdf",
        "http://precitool.ch/images/how-to-hack-peoples-roblox-accounts_GM431946152.pdf",
        "http://precitool.ch/images/robux-generator-2021_GM431946152.pdf",
        "http://precitool.ch/images/rbx-website_GM431946152.pdf",
        "http://precitool.ch/images/coin-master-hack-unlimited-spins-apk-download_GM406889139.pdf",
        "http://precitool.ch/images/game-give-free-robux_GM431946152.pdf",
        "http://precitool.ch/images/coin-master-hack-pc-cheat-engine_GM406889139.pdf",
        "http://precitool.ch/images/how-to-get-minecraft-for-free-on-iphone-2021_GM479516143.pdf",
        "http://precitool.ch/images/is-java-minecraft-free_GM479516143.pdf",
        "http://precitool.ch/images/collect-robux_GM431946152.pdf",
        "http://precitool.ch/images/free-coin-master-spins-2021_GM406889139.pdf",
        "http://precitool.ch/images/how-to-get-free-roebucks-in-roblox_GM431946152.pdf",
        "http://precitool.ch/images/ways-to-earn-robux_GM431946152.pdf",
        "http://precitool.ch/images/roblox-free-items_GM431946152.pdf",
        "http://precitool.ch/images/roblox-hack-codes_GM431946152.pdf",
        "http://precitool.ch/images/wizard-hacks_GM479516143.pdf"
    ],
    "scripts": {
        "iframe": [],
        "urls": []
    },
    "static_properties": {
        "JBIG2Decode": "0",
        "XML_forms": "0",
        "acro_form": "0",
        "auto_action": "0",
        "colors": "0",
        "cross_reference_table": "1",
        "embedded_files": "0",
        "file_size": "43",
        "java_script": "0",
        "js": "0",
        "launch_action": "0",
        "object_end": "60",
        "object_start": "60",
        "object_streams": "0",
        "open_action": "0",
        "page_count": "3",
        "rich_media": "0",
        "start_cross_reference_table": "1",
        "stream_end": "7",
        "stream_start": "7",
        "trailer_dictionary": "1"
    },
    "yara_signatures": [
        "without_attachments",
        "without_images",
        "with_urls",
        "invalid_trailer_structure",
        "contentis_base64"
    ]
}