{
    "exif_signatures": {},
    "file_size": 181368,
    "pdfid_signatures": {},
    "pypdf_uris": [
        "https://xajibur.ru/strik?utm_term=the+taming+of+the+shrew+plot+synopsis",
        "http://fukikenikiru.22web.org/zisobulukemorutuviviw.pdf",
        "http://zekakodususebu.epizy.com/immigration_affidavit_of_support_form_i_864.pdf",
        "https://cdn.sqhk.co/podoxato/a4hjibX/classroom_dojo_videos.pdf",
        "https://gamubojuteno.weebly.com/uploads/1/3/5/2/135299935/8d3e3f1.pdf",
        "https://cdn.sqhk.co/jomawutid/fgdVieH/mirebavawop.pdf",
        "http://cardio-natural.info/fun_powerpoint_presentation_templatesz09s1.pdf",
        "https://tazipapanora.weebly.com/uploads/1/3/0/7/130776418/6331af100.pdf",
        "http://lefavapexusa.iblogger.org/architects_salary_guide_uk.pdf",
        "https://tavulejitozusol.weebly.com/uploads/1/3/0/8/130873759/tujulos.pdf",
        "http://xasaduditomup.epizy.com/present_simple_exercise_esl.pdf",
        "http://topstop.site/20525869319o96y8.pdf",
        "http://konsalting.info/63725416462w52a7.pdf",
        "http://sedoguzod.rf.gd/mixodanofevigibujezasuxi.pdf",
        "http://arbitestpark.xyz/can_french_bulldogs_have_a_cup_of_teaby0vx.pdf",
        "https://cdn.sqhk.co/xudadidi/aRq8RaH/monstera_plant_outdoors_nz.pdf",
        "https://cdn.sqhk.co/durotula/8Dmt0uv/tadifaxanebofere.pdf",
        "http://namakanexir.atwebpages.com/19590930615.pdf"
    ],
    "regex_uris": [
        "https://xajibur.ru/strik?utm_term=the+taming+of+the+shrew+plot+synopsis",
        "http://fukikenikiru.22web.org/zisobulukemorutuviviw.pdf",
        "http://zekakodususebu.epizy.com/immigration_affidavit_of_support_form_i_864.pdf",
        "https://cdn.sqhk.co/podoxato/a4hjibX/classroom_dojo_videos.pdf",
        "https://gamubojuteno.weebly.com/uploads/1/3/5/2/135299935/8d3e3f1.pdf",
        "https://cdn.sqhk.co/jomawutid/fgdVieH/mirebavawop.pdf",
        "http://cardio-natural.info/fun_powerpoint_presentation_templatesz09s1.pdf",
        "https://tazipapanora.weebly.com/uploads/1/3/0/7/130776418/6331af100.pdf",
        "http://lefavapexusa.iblogger.org/architects_salary_guide_uk.pdf",
        "https://tavulejitozusol.weebly.com/uploads/1/3/0/8/130873759/tujulos.pdf",
        "http://xasaduditomup.epizy.com/present_simple_exercise_esl.pdf",
        "http://topstop.site/20525869319o96y8.pdf",
        "http://konsalting.info/63725416462w52a7.pdf",
        "http://sedoguzod.rf.gd/mixodanofevigibujezasuxi.pdf",
        "http://arbitestpark.xyz/can_french_bulldogs_have_a_cup_of_teaby0vx.pdf",
        "https://cdn.sqhk.co/xudadidi/aRq8RaH/monstera_plant_outdoors_nz.pdf",
        "https://cdn.sqhk.co/durotula/8Dmt0uv/tadifaxanebofere.pdf",
        "http://namakanexir.atwebpages.com/19590930615.pdf"
    ],
    "regex_urls": [
        "https",
        "http://fukikenikiru.22web.org/zisobulukemorutuviviw.pdf",
        "http://zekakodususebu.epizy.com/immigration_affidavit_of_support_form_i_864.pdf",
        "https",
        "https",
        "https",
        "http://cardio-natural.info/fun_powerpoint_presentation_templatesz09s1.pdf",
        "https",
        "http://lefavapexusa.iblogger.org/architects_salary_guide_uk.pdf",
        "https",
        "http://xasaduditomup.epizy.com/present_simple_exercise_esl.pdf",
        "http://topstop.site/20525869319o96y8.pdf",
        "http://konsalting.info/63725416462w52a7.pdf",
        "http://sedoguzod.rf.gd/mixodanofevigibujezasuxi.pdf",
        "http://arbitestpark.xyz/can_french_bulldogs_have_a_cup_of_teaby0vx.pdf",
        "https",
        "https",
        "http://namakanexir.atwebpages.com/19590930615.pdf",
        "http://www.w3.org/1999/02/22-rdf-syntax-ns#",
        "http://purl.org/dc/elements/1.1/",
        "http://ns.adobe.com/pdf/1.3/",
        "http://ns.adobe.com/xap/1.0/",
        "http://ns.adobe.com/xap/1.0/mm/",
        "http://ns.adobe.com/xap/1.0/rights/"
    ],
    "scripts": {
        "iframe": [],
        "urls": []
    },
    "static_properties": {
        "JBIG2Decode": "0",
        "XML_forms": "0",
        "acro_form": "0",
        "auto_action": "0",
        "colors": "0",
        "cross_reference_table": "2",
        "embedded_files": "0",
        "file_size": "181",
        "java_script": "0",
        "js": "0",
        "launch_action": "0",
        "object_end": "69",
        "object_start": "69",
        "object_streams": "0",
        "open_action": "0",
        "page_count": "5",
        "rich_media": "0",
        "start_cross_reference_table": "2",
        "stream_end": "11",
        "stream_start": "11",
        "trailer_dictionary": "2"
    },
    "yara_signatures": [
        "without_attachments",
        "without_images",
        "with_urls",
        "invalid_trailer_structure",
        "multiple_versions",
        "contentis_base64"
    ]
}