{
    "exif_signatures": {},
    "file_size": 42667,
    "pdfid_signatures": {},
    "pypdf_uris": [
        "https://netcdn.xyz/app/406889139/free-spin-apps-coin-master-game-hack",
        "https://netcdn.xyz/app/406889139/free-spin-apps-coin-master-game-hack",
        "https://man1tuban.sch.id/__statics/gudangsoal/files/coin-master-free-in-app-purchases-jailbreak_GM406889139.pdf",
        "https://man1tuban.sch.id/__statics/gudangsoal/files/coinmaster-rewards_GM406889139.pdf",
        "https://man1tuban.sch.id/__statics/gudangsoal/files/free-robux-survey_GM431946152.pdf",
        "https://man1tuban.sch.id/__statics/gudangsoal/files/free-coin-and-spin-in-coin-master_GM406889139.pdf",
        "https://man1tuban.sch.id/__statics/gudangsoal/files/how-to-get-free-robux-2021_GM431946152.pdf",
        "https://man1tuban.sch.id/__statics/gudangsoal/files/free-robux-no-downloading-apps_GM431946152.pdf",
        "https://man1tuban.sch.id/__statics/gudangsoal/files/vip-roblox-free_GM431946152.pdf",
        "https://man1tuban.sch.id/__statics/gudangsoal/files/free-robux-no-survey-or-human-verification_GM431946152.pdf",
        "https://man1tuban.sch.id/__statics/gudangsoal/files/coin-master-hack-dot-xyz_GM406889139.pdf",
        "https://man1tuban.sch.id/__statics/gudangsoal/files/link-for-free-spins-on-coin-master_GM406889139.pdf",
        "https://man1tuban.sch.id/__statics/gudangsoal/files/free-roblox-pin-codes_GM431946152.pdf",
        "https://man1tuban.sch.id/__statics/gudangsoal/files/free-robux-generator-no-verification-2021_GM431946152.pdf",
        "https://man1tuban.sch.id/__statics/gudangsoal/files/minecraft-marketplace-free_GM479516143.pdf",
        "https://man1tuban.sch.id/__statics/gudangsoal/files/coin-master-free-2021_GM406889139.pdf",
        "https://man1tuban.sch.id/__statics/gudangsoal/files/coin-master-fan-page_GM406889139.pdf",
        "https://man1tuban.sch.id/__statics/gudangsoal/files/coin-master-free-spins--spins_GM406889139.pdf",
        "https://man1tuban.sch.id/__statics/gudangsoal/files/free-robux-hacker-us_GM431946152.pdf",
        "https://man1tuban.sch.id/__statics/gudangsoal/files/will-minecraft-ever-be-free_GM479516143.pdf",
        "https://man1tuban.sch.id/__statics/gudangsoal/files/wurst-client_GM479516143.pdf",
        "https://man1tuban.sch.id/__statics/gudangsoal/files/apps-for-free-spins-on-coin-master_GM406889139.pdf"
    ],
    "regex_uris": [
        "https://netcdn.xyz/app/406889139/free-spin-apps-coin-master-game-hack",
        "https://netcdn.xyz/app/406889139/free-spin-apps-coin-master-game-hack",
        "https://man1tuban.sch.id/__statics/gudangsoal/files/coin-master-free-in-app-purchases-jailbreak_GM406889139.pdf",
        "https://man1tuban.sch.id/__statics/gudangsoal/files/coinmaster-rewards_GM406889139.pdf",
        "https://man1tuban.sch.id/__statics/gudangsoal/files/free-robux-survey_GM431946152.pdf",
        "https://man1tuban.sch.id/__statics/gudangsoal/files/free-coin-and-spin-in-coin-master_GM406889139.pdf",
        "https://man1tuban.sch.id/__statics/gudangsoal/files/how-to-get-free-robux-2021_GM431946152.pdf",
        "https://man1tuban.sch.id/__statics/gudangsoal/files/free-robux-no-downloading-apps_GM431946152.pdf",
        "https://man1tuban.sch.id/__statics/gudangsoal/files/vip-roblox-free_GM431946152.pdf",
        "https://man1tuban.sch.id/__statics/gudangsoal/files/free-robux-no-survey-or-human-verification_GM431946152.pdf",
        "https://man1tuban.sch.id/__statics/gudangsoal/files/coin-master-hack-dot-xyz_GM406889139.pdf",
        "https://man1tuban.sch.id/__statics/gudangsoal/files/link-for-free-spins-on-coin-master_GM406889139.pdf",
        "https://man1tuban.sch.id/__statics/gudangsoal/files/free-roblox-pin-codes_GM431946152.pdf",
        "https://man1tuban.sch.id/__statics/gudangsoal/files/free-robux-generator-no-verification-2021_GM431946152.pdf",
        "https://man1tuban.sch.id/__statics/gudangsoal/files/minecraft-marketplace-free_GM479516143.pdf",
        "https://man1tuban.sch.id/__statics/gudangsoal/files/coin-master-free-2021_GM406889139.pdf",
        "https://man1tuban.sch.id/__statics/gudangsoal/files/coin-master-fan-page_GM406889139.pdf",
        "https://man1tuban.sch.id/__statics/gudangsoal/files/coin-master-free-spins--spins_GM406889139.pdf",
        "https://man1tuban.sch.id/__statics/gudangsoal/files/free-robux-hacker-us_GM431946152.pdf",
        "https://man1tuban.sch.id/__statics/gudangsoal/files/will-minecraft-ever-be-free_GM479516143.pdf",
        "https://man1tuban.sch.id/__statics/gudangsoal/files/wurst-client_GM479516143.pdf",
        "https://man1tuban.sch.id/__statics/gudangsoal/files/apps-for-free-spins-on-coin-master_GM406889139.pdf"
    ],
    "regex_urls": [
        "https",
        "https",
        "https",
        "https",
        "https",
        "https",
        "https",
        "https",
        "https",
        "https",
        "https",
        "https",
        "https",
        "https",
        "https",
        "https",
        "https",
        "https",
        "https",
        "https",
        "https",
        "https"
    ],
    "scripts": {
        "iframe": [],
        "urls": []
    },
    "static_properties": {
        "JBIG2Decode": "0",
        "XML_forms": "0",
        "acro_form": "0",
        "auto_action": "0",
        "colors": "0",
        "cross_reference_table": "1",
        "embedded_files": "0",
        "file_size": "43",
        "java_script": "0",
        "js": "0",
        "launch_action": "0",
        "object_end": "60",
        "object_start": "60",
        "object_streams": "0",
        "open_action": "0",
        "page_count": "3",
        "rich_media": "0",
        "start_cross_reference_table": "1",
        "stream_end": "7",
        "stream_start": "7",
        "trailer_dictionary": "1"
    },
    "yara_signatures": [
        "without_attachments",
        "without_images",
        "with_urls",
        "invalid_trailer_structure",
        "contentis_base64"
    ]
}