{
    "exif_signatures": {},
    "file_size": 275976,
    "pdfid_signatures": {},
    "pypdf_uris": [
        "http://joopsoa.com/c3?utm_term=conjugation+of+moegen",
        "http://kydceramics.com/upload/userfiles/files/51646132384.pdf",
        "http://przyrodnik-kujawy.eu/userfiles/file/44046960311.pdf",
        "http://devison-matras.com/upload/file/19210502161.pdf",
        "https://cosmopolitanhotel.eu/uploads/wysiwyg/files/99261684043.pdf",
        "https://wariraxaluxar.weebly.com/uploads/1/3/3/9/133986847/vilikopubov.pdf",
        "http://xecuoihuyhoang.com/uploads/userfiles/file/luvorazukotoxamefa.pdf",
        "http://scenekunstskolen-efteruddannelsen.dk/ckfinder/userfiles/files/xezofekonijutinano.pdf",
        "http://melissajacksonmd.com/wp-content/plugins/formcraft/file-upload/server/content/files/1627dd4a89f9db---79980288179.pdf",
        "https://budemarapi.weebly.com/uploads/1/3/1/3/131381681/vodepirexa-gokagepalegimu-junidosamuvate.pdf",
        "http://minhquoc.vn/uploads/userfiles/file/30251741586.pdf",
        "http://figueredoyasociados.com/kcfinder/upload/files/94857400605.pdf",
        "https://fitnesscity.cz/images/web/files/xabanijewajeduvibaxinoliw.pdf",
        "https://sincomerciariospv.com.br/kcfinder/upload/files/92405627504.pdf",
        "https://wasael.com/userfiles/file/wosofokiguja.pdf",
        "http://dylogistics.com/userData/board/file/kidobirapetuwabuja.pdf",
        "http://hykylalumni.org/userfiles/giduluzaworepinojevav.pdf",
        "https://robedovetukurur.weebly.com/uploads/1/3/4/7/134754045/zopaborog.pdf",
        "https://talaa-obour.org/webmisr/uploadwebmisr/file/xavifuxema.pdf",
        "http://nutronicltd.com/userfiles/file/25748209845.pdf",
        "https://futuresbuilder.net/dayafter/uploadimages/newsimages/file/44318505345.pdf",
        "https://paseselok.weebly.com/uploads/1/3/1/8/131858791/86431b04c2.pdf",
        "https://duel.pl/userfiles/file/difodejin.pdf"
    ],
    "regex_uris": [
        "http://joopsoa.com/c3?utm_term=conjugation+of+moegen",
        "http://kydceramics.com/upload/userfiles/files/51646132384.pdf",
        "http://przyrodnik-kujawy.eu/userfiles/file/44046960311.pdf",
        "http://devison-matras.com/upload/file/19210502161.pdf",
        "https://cosmopolitanhotel.eu/uploads/wysiwyg/files/99261684043.pdf",
        "https://wariraxaluxar.weebly.com/uploads/1/3/3/9/133986847/vilikopubov.pdf",
        "http://xecuoihuyhoang.com/uploads/userfiles/file/luvorazukotoxamefa.pdf",
        "http://scenekunstskolen-efteruddannelsen.dk/ckfinder/userfiles/files/xezofekonijutinano.pdf",
        "http://melissajacksonmd.com/wp-content/plugins/formcraft/file-upload/server/content/files/1627dd4a89f9db---79980288179.pdf",
        "https://budemarapi.weebly.com/uploads/1/3/1/3/131381681/vodepirexa-gokagepalegimu-junidosamuvate.pdf",
        "http://minhquoc.vn/uploads/userfiles/file/30251741586.pdf",
        "http://figueredoyasociados.com/kcfinder/upload/files/94857400605.pdf",
        "https://fitnesscity.cz/images/web/files/xabanijewajeduvibaxinoliw.pdf",
        "https://sincomerciariospv.com.br/kcfinder/upload/files/92405627504.pdf",
        "https://wasael.com/userfiles/file/wosofokiguja.pdf",
        "http://dylogistics.com/userData/board/file/kidobirapetuwabuja.pdf",
        "http://hykylalumni.org/userfiles/giduluzaworepinojevav.pdf",
        "https://robedovetukurur.weebly.com/uploads/1/3/4/7/134754045/zopaborog.pdf",
        "https://talaa-obour.org/webmisr/uploadwebmisr/file/xavifuxema.pdf",
        "http://nutronicltd.com/userfiles/file/25748209845.pdf",
        "https://futuresbuilder.net/dayafter/uploadimages/newsimages/file/44318505345.pdf",
        "https://paseselok.weebly.com/uploads/1/3/1/8/131858791/86431b04c2.pdf",
        "https://duel.pl/userfiles/file/difodejin.pdf"
    ],
    "regex_urls": [
        "http://joopsoa.com/c3?utm_term=conjugation+of+moegen",
        "http://kydceramics.com/upload/userfiles/files/51646132384.pdf",
        "http://przyrodnik-kujawy.eu/userfiles/file/44046960311.pdf",
        "http://devison-matras.com/upload/file/19210502161.pdf",
        "https",
        "https",
        "http://xecuoihuyhoang.com/uploads/userfiles/file/luvorazukotoxamefa.pdf",
        "http://scenekunstskolen-efteruddannelsen.dk/ckfinder/userfiles/files/xezofekonijutinano.pdf",
        "http://melissajacksonmd.com/wp-content/plugins/formcraft/file-upload/server/content/files/1627dd4a89f9db---79980288179.pdf",
        "https",
        "http://minhquoc.vn/uploads/userfiles/file/30251741586.pdf",
        "http://figueredoyasociados.com/kcfinder/upload/files/94857400605.pdf",
        "https",
        "https",
        "https",
        "http://dylogistics.com/userData/board/file/kidobirapetuwabuja.pdf",
        "http://hykylalumni.org/userfiles/giduluzaworepinojevav.pdf",
        "https",
        "https",
        "http://nutronicltd.com/userfiles/file/25748209845.pdf",
        "https",
        "https",
        "https",
        "http://www.w3.org/1999/02/22-rdf-syntax-ns#",
        "http://purl.org/dc/elements/1.1/",
        "http://ns.adobe.com/pdf/1.3/",
        "http://ns.adobe.com/xap/1.0/",
        "http://ns.adobe.com/xap/1.0/mm/",
        "http://ns.adobe.com/xap/1.0/rights/"
    ],
    "scripts": {
        "iframe": [],
        "urls": []
    },
    "static_properties": {
        "JBIG2Decode": "0",
        "XML_forms": "0",
        "acro_form": "0",
        "auto_action": "0",
        "colors": "0",
        "cross_reference_table": "2",
        "embedded_files": "0",
        "file_size": "276",
        "java_script": "0",
        "js": "0",
        "launch_action": "0",
        "object_end": "77",
        "object_start": "77",
        "object_streams": "0",
        "open_action": "0",
        "page_count": "4",
        "rich_media": "0",
        "start_cross_reference_table": "2",
        "stream_end": "17",
        "stream_start": "17",
        "trailer_dictionary": "2"
    },
    "yara_signatures": [
        "without_attachments",
        "without_images",
        "with_urls",
        "invalid_trailer_structure",
        "multiple_versions",
        "contentis_base64"
    ]
}