{
    "exif_signatures": {},
    "file_size": 61892,
    "pdfid_signatures": {},
    "pypdf_uris": [
        "http://ydeepty.com/wb3?utm_term=atto%20notorio%20per%20successione%20banca%20pdf%20s%20full%20version",
        "http://uktohabbarijamalta.com/files/file/wokexezirere.pdf",
        "https://indian-sped.szabgab.hu/fck_uploads/pdf/81594639257.pdf",
        "http://isisorganizasyon.net/panel/kcfinder/upload/files/bovilo.pdf",
        "http://mawratanews.com/armedia/uploads/files/xijakozatasumaxen.pdf",
        "http://ayurvedicclinic.org/userfiles/file/34210223761.pdf",
        "http://quetthe.com/upload/files/nuwasetuwifu.pdf",
        "https://jobtiara.com/files/files/budelabalekan.pdf",
        "https://hygienika.sk/userfiles/file/getetizaderivetofibu.pdf",
        "https://astdubai.co/userfiles/files/tiliwebarixivoxuxe.pdf",
        "http://www.superprzygoda.pl/galeria/files/gawavunogizis.pdf",
        "http://rztria.ru/kcfinder/upload/files/9162549600.pdf",
        "http://mictrogiang.com/userfiles/files/soguwez.pdf",
        "https://pmfegypt.com/userfiles/files/29956807875.pdf",
        "https://segurosjdd.com/wp-content/plugins/super-forms/uploads/php/files/hdc4mpsqv5bmg5mp0n4h5jj610/31803905467.pdf",
        "https://www.insideaccess.lk/assets/js/kcfinder/upload/files/jakutodisiwojojebov.pdf",
        "http://robbymakka.com/userfiles/file/52425748384.pdf",
        "http://lingotranssgg.lingotrans.com/fck/file/10886943407.pdf",
        "http://duckie.harmsen.net/userfiles/file/bawopal.pdf",
        "http://baobianhkhang.com/upload/files/jiworoderidejexigamuvibo.pdf",
        "https://tommytest.dish1314.com/data/html_editor/files/29973954844.pdf"
    ],
    "regex_uris": [
        "http://ydeepty.com/wb3?utm_term=atto%20notorio%20per%20successione%20banca%20pdf%20s%20full%20version",
        "http://uktohabbarijamalta.com/files/file/wokexezirere.pdf",
        "https://indian-sped.szabgab.hu/fck_uploads/pdf/81594639257.pdf",
        "http://isisorganizasyon.net/panel/kcfinder/upload/files/bovilo.pdf",
        "http://mawratanews.com/armedia/uploads/files/xijakozatasumaxen.pdf",
        "http://ayurvedicclinic.org/userfiles/file/34210223761.pdf",
        "http://quetthe.com/upload/files/nuwasetuwifu.pdf",
        "https://jobtiara.com/files/files/budelabalekan.pdf",
        "https://hygienika.sk/userfiles/file/getetizaderivetofibu.pdf",
        "https://astdubai.co/userfiles/files/tiliwebarixivoxuxe.pdf",
        "http://www.superprzygoda.pl/galeria/files/gawavunogizis.pdf",
        "http://rztria.ru/kcfinder/upload/files/9162549600.pdf",
        "http://mictrogiang.com/userfiles/files/soguwez.pdf",
        "https://pmfegypt.com/userfiles/files/29956807875.pdf",
        "https://segurosjdd.com/wp-content/plugins/super-forms/uploads/php/files/hdc4mpsqv5bmg5mp0n4h5jj610/31803905467.pdf",
        "https://www.insideaccess.lk/assets/js/kcfinder/upload/files/jakutodisiwojojebov.pdf",
        "http://robbymakka.com/userfiles/file/52425748384.pdf",
        "http://lingotranssgg.lingotrans.com/fck/file/10886943407.pdf",
        "http://duckie.harmsen.net/userfiles/file/bawopal.pdf",
        "http://baobianhkhang.com/upload/files/jiworoderidejexigamuvibo.pdf",
        "https://tommytest.dish1314.com/data/html_editor/files/29973954844.pdf"
    ],
    "regex_urls": [
        "http://ydeepty.com/wb3?utm_term=atto%20notorio%20per%20successione%20banca%20pdf%20s%20full%20version",
        "http://uktohabbarijamalta.com/files/file/wokexezirere.pdf",
        "https",
        "http://isisorganizasyon.net/panel/kcfinder/upload/files/bovilo.pdf",
        "http://mawratanews.com/armedia/uploads/files/xijakozatasumaxen.pdf",
        "http://ayurvedicclinic.org/userfiles/file/34210223761.pdf",
        "http://quetthe.com/upload/files/nuwasetuwifu.pdf",
        "https",
        "https",
        "https",
        "http://www.superprzygoda.pl/galeria/files/gawavunogizis.pdf",
        "http://rztria.ru/kcfinder/upload/files/9162549600.pdf",
        "http://mictrogiang.com/userfiles/files/soguwez.pdf",
        "https",
        "https",
        "https",
        "www.insideaccess.lk/assets/js/kcfinder/upload/files/jakutodisiwojojebov.pdf",
        "http://robbymakka.com/userfiles/file/52425748384.pdf",
        "http://lingotranssgg.lingotrans.com/fck/file/10886943407.pdf",
        "http://duckie.harmsen.net/userfiles/file/bawopal.pdf",
        "http://baobianhkhang.com/upload/files/jiworoderidejexigamuvibo.pdf",
        "https",
        "http://www.w3.org/1999/02/22-rdf-syntax-ns#",
        "http://purl.org/dc/elements/1.1/",
        "http://ns.adobe.com/pdf/1.3/",
        "http://ns.adobe.com/xap/1.0/",
        "http://ns.adobe.com/xap/1.0/mm/",
        "http://ns.adobe.com/xap/1.0/rights/"
    ],
    "scripts": {
        "iframe": [],
        "urls": []
    },
    "static_properties": {
        "JBIG2Decode": "0",
        "XML_forms": "0",
        "acro_form": "0",
        "auto_action": "0",
        "colors": "0",
        "cross_reference_table": "2",
        "embedded_files": "0",
        "file_size": "62",
        "java_script": "0",
        "js": "0",
        "launch_action": "0",
        "object_end": "75",
        "object_start": "75",
        "object_streams": "0",
        "open_action": "0",
        "page_count": "6",
        "rich_media": "0",
        "start_cross_reference_table": "2",
        "stream_end": "14",
        "stream_start": "14",
        "trailer_dictionary": "2"
    },
    "yara_signatures": [
        "without_attachments",
        "without_images",
        "with_urls",
        "invalid_trailer_structure",
        "multiple_versions",
        "contentis_base64"
    ]
}