{
    "exif_signatures": {},
    "file_size": 408171,
    "pdfid_signatures": {},
    "pypdf_uris": [
        "https://ragaz.co.za/XSRYdR1H?utm_term=apologize+one+republic+partitura+piano+pdf+sheet+music+pdf",
        "https://zumasugi.weebly.com/uploads/1/3/4/8/134864891/fibujozati-tufir-tarizikifumep-zazigute.pdf",
        "https://polisekononaxo.weebly.com/uploads/1/4/1/6/141684433/waguwadeve.pdf",
        "https://xezixopizanew.weebly.com/uploads/1/3/5/3/135314636/palej.pdf",
        "https://fowifosefudewak.weebly.com/uploads/1/3/4/6/134699900/63c91434c717f.pdf",
        "https://lifunakejeka.weebly.com/uploads/1/3/4/3/134358873/2345236.pdf",
        "http://itagqatar.com/itag/file/files/munira.pdf",
        "http://julieesteban.com/wp-content/plugins/formcraft/file-upload/server/content/files/162453fbbce590---bijuzanolava.pdf",
        "https://k9-warrior.com/wp-content/plugins/super-forms/uploads/php/files/enumms5i64v6n0kcrvkjrvsg4l/93884624401.pdf",
        "https://zuxufigosod.weebly.com/uploads/1/3/4/3/134309968/955299.pdf",
        "https://regovolewam.weebly.com/uploads/1/4/1/2/141253265/15cfd588a34a9.pdf",
        "http://cidadania23pr.org.br/ckeditor/kcfinder/upload/files/95863563302.pdf",
        "https://kavipafowajit.weebly.com/uploads/1/4/1/5/141543287/7941957.pdf",
        "http://flyingkirin.com/uploadfiles/file/190604556636.pdf",
        "https://gixinizolovuz.weebly.com/uploads/1/3/5/3/135348456/fidejibek.pdf",
        "http://cuadepthanglong.com/images/ckeditor/files/fusexenagi.pdf",
        "http://goldsunjsc.com/upload/files/77905169494.pdf",
        "https://femovoba.weebly.com/uploads/1/3/0/7/130775826/liruka.pdf",
        "https://fumuteserem.weebly.com/uploads/1/3/5/3/135333711/206e5fd8eb11fdf.pdf",
        "https://tarezusubem.weebly.com/uploads/1/3/5/3/135386237/kuzasuvoju-sovetupil.pdf",
        "https://vibisorimujeke.weebly.com/uploads/1/3/4/3/134344086/jizix-naworulupofep-togisele.pdf",
        "http://michalpavlicek.com/uploaded/file/ximaximuwizovenan.pdf",
        "https://kratky.eu/files/file/putadax.pdf",
        "http://arhive.np-sp.ru/img/file/85793025690.pdf",
        "https://jikizukudelo.weebly.com/uploads/1/3/4/8/134879768/wigijafuwoj.pdf",
        "https://kogumuzixok.weebly.com/uploads/1/4/1/2/141260551/mikijuvos-likosopo.pdf",
        "https://jadilojapup.weebly.com/uploads/1/3/5/3/135313437/6944807.pdf",
        "http://ctyrkolky-gamax.cz/data/dokumenty/gezazitoganunat.pdf",
        "https://taboloralo.weebly.com/uploads/1/3/2/7/132741194/bavumuvitowalo_xenukiwib_lekiribopanadug.pdf",
        "https://zatazonikafude.weebly.com/uploads/1/3/4/3/134340422/5307ab176a66331.pdf",
        "https://isystem.hu/userfiles/file/pigamorexudedasazota.pdf",
        "https://kofenamuw.weebly.com/uploads/1/3/4/9/134900453/1090270.pdf",
        "https://bizabizujonoti.weebly.com/uploads/1/4/1/2/141258875/meboka-patuw-wulav-lakisarevesovos.pdf",
        "http://villa-margherita.biz/userfiles/files/vowolunokigokuti.pdf",
        "http://www.sunarnuricomuisvealisverismerkezi.com/wp-content/plugins/super-forms/uploads/php/files/cmukq480b8pfbd4pknb61osie5/94719075596.pdf",
        "https://www.iccct21.scrs.in/kcfinder/upload/files/77692013739.pdf",
        "https://radifepibonavu.weebly.com/uploads/1/3/2/7/132712096/ae821f6.pdf",
        "http://cataga.de/beta/files/file/21228869753.pdf",
        "https://fiwarurebel.weebly.com/uploads/1/3/2/8/132814972/jumiwesekowa.pdf",
        "https://forunevelaviwa.weebly.com/uploads/1/3/4/3/134392474/0aa98c37776f3a.pdf",
        "http://excellent-art.com/userfiles/livurogibitovanemozeleted.pdf",
        "https://marciamagalhaesdesigns.com/admin/img/files/30312084547.pdf",
        "http://rfychina.com/upfiles/files/16494254683624.pdf",
        "http://soundspace.eu/Upload/file/sitar.pdf"
    ],
    "regex_uris": [
        "https://ragaz.co.za/XSRYdR1H?utm_term=apologize+one+republic+partitura+piano+pdf+sheet+music+pdf",
        "https://zumasugi.weebly.com/uploads/1/3/4/8/134864891/fibujozati-tufir-tarizikifumep-zazigute.pdf",
        "https://polisekononaxo.weebly.com/uploads/1/4/1/6/141684433/waguwadeve.pdf",
        "https://xezixopizanew.weebly.com/uploads/1/3/5/3/135314636/palej.pdf",
        "https://fowifosefudewak.weebly.com/uploads/1/3/4/6/134699900/63c91434c717f.pdf",
        "https://lifunakejeka.weebly.com/uploads/1/3/4/3/134358873/2345236.pdf",
        "http://itagqatar.com/itag/file/files/munira.pdf",
        "http://julieesteban.com/wp-content/plugins/formcraft/file-upload/server/content/files/162453fbbce590---bijuzanolava.pdf",
        "https://k9-warrior.com/wp-content/plugins/super-forms/uploads/php/files/enumms5i64v6n0kcrvkjrvsg4l/93884624401.pdf",
        "https://zuxufigosod.weebly.com/uploads/1/3/4/3/134309968/955299.pdf",
        "https://regovolewam.weebly.com/uploads/1/4/1/2/141253265/15cfd588a34a9.pdf",
        "http://cidadania23pr.org.br/ckeditor/kcfinder/upload/files/95863563302.pdf",
        "https://kavipafowajit.weebly.com/uploads/1/4/1/5/141543287/7941957.pdf",
        "http://flyingkirin.com/uploadfiles/file/190604556636.pdf",
        "https://gixinizolovuz.weebly.com/uploads/1/3/5/3/135348456/fidejibek.pdf",
        "http://cuadepthanglong.com/images/ckeditor/files/fusexenagi.pdf",
        "http://goldsunjsc.com/upload/files/77905169494.pdf",
        "https://femovoba.weebly.com/uploads/1/3/0/7/130775826/liruka.pdf",
        "https://fumuteserem.weebly.com/uploads/1/3/5/3/135333711/206e5fd8eb11fdf.pdf",
        "https://tarezusubem.weebly.com/uploads/1/3/5/3/135386237/kuzasuvoju-sovetupil.pdf",
        "https://vibisorimujeke.weebly.com/uploads/1/3/4/3/134344086/jizix-naworulupofep-togisele.pdf",
        "http://michalpavlicek.com/uploaded/file/ximaximuwizovenan.pdf",
        "https://kratky.eu/files/file/putadax.pdf",
        "http://arhive.np-sp.ru/img/file/85793025690.pdf",
        "https://jikizukudelo.weebly.com/uploads/1/3/4/8/134879768/wigijafuwoj.pdf",
        "https://kogumuzixok.weebly.com/uploads/1/4/1/2/141260551/mikijuvos-likosopo.pdf",
        "https://jadilojapup.weebly.com/uploads/1/3/5/3/135313437/6944807.pdf",
        "http://ctyrkolky-gamax.cz/data/dokumenty/gezazitoganunat.pdf",
        "https://taboloralo.weebly.com/uploads/1/3/2/7/132741194/bavumuvitowalo_xenukiwib_lekiribopanadug.pdf",
        "https://zatazonikafude.weebly.com/uploads/1/3/4/3/134340422/5307ab176a66331.pdf",
        "https://isystem.hu/userfiles/file/pigamorexudedasazota.pdf",
        "https://kofenamuw.weebly.com/uploads/1/3/4/9/134900453/1090270.pdf",
        "https://bizabizujonoti.weebly.com/uploads/1/4/1/2/141258875/meboka-patuw-wulav-lakisarevesovos.pdf",
        "http://villa-margherita.biz/userfiles/files/vowolunokigokuti.pdf",
        "http://www.sunarnuricomuisvealisverismerkezi.com/wp-content/plugins/super-forms/uploads/php/files/cmukq480b8pfbd4pknb61osie5/94719075596.pdf",
        "https://www.iccct21.scrs.in/kcfinder/upload/files/77692013739.pdf",
        "https://radifepibonavu.weebly.com/uploads/1/3/2/7/132712096/ae821f6.pdf",
        "http://cataga.de/beta/files/file/21228869753.pdf",
        "https://fiwarurebel.weebly.com/uploads/1/3/2/8/132814972/jumiwesekowa.pdf",
        "https://forunevelaviwa.weebly.com/uploads/1/3/4/3/134392474/0aa98c37776f3a.pdf",
        "http://excellent-art.com/userfiles/livurogibitovanemozeleted.pdf",
        "https://marciamagalhaesdesigns.com/admin/img/files/30312084547.pdf",
        "http://rfychina.com/upfiles/files/16494254683624.pdf",
        "http://soundspace.eu/Upload/file/sitar.pdf"
    ],
    "regex_urls": [
        "https",
        "https",
        "https",
        "https",
        "https",
        "https",
        "http://itagqatar.com/itag/file/files/munira.pdf",
        "http://julieesteban.com/wp-content/plugins/formcraft/file-upload/server/content/files/162453fbbce590---bijuzanolava.pdf",
        "https",
        "https",
        "https",
        "http://cidadania23pr.org.br/ckeditor/kcfinder/upload/files/95863563302.pdf",
        "https",
        "http://flyingkirin.com/uploadfiles/file/190604556636.pdf",
        "https",
        "http://cuadepthanglong.com/images/ckeditor/files/fusexenagi.pdf",
        "http://goldsunjsc.com/upload/files/77905169494.pdf",
        "https",
        "https",
        "https",
        "https",
        "http://michalpavlicek.com/uploaded/file/ximaximuwizovenan.pdf",
        "https",
        "http://arhive.np-sp.ru/img/file/85793025690.pdf",
        "https",
        "https",
        "https",
        "http://ctyrkolky-gamax.cz/data/dokumenty/gezazitoganunat.pdf",
        "https",
        "https",
        "https",
        "https",
        "https",
        "http://villa-margherita.biz/userfiles/files/vowolunokigokuti.pdf",
        "http://www.sunarnuricomuisvealisverismerkezi.com/wp-content/plugins/super-forms/uploads/php/files/cmukq480b8pfbd4pknb61osie5/94719075596.pdf",
        "https",
        "www.iccct21.scrs.in/kcfinder/upload/files/77692013739.pdf",
        "https",
        "http://cataga.de/beta/files/file/21228869753.pdf",
        "https",
        "https",
        "http://excellent-art.com/userfiles/livurogibitovanemozeleted.pdf",
        "https",
        "http://rfychina.com/upfiles/files/16494254683624.pdf",
        "http://soundspace.eu/Upload/file/sitar.pdf",
        "http://www.w3.org/1999/02/22-rdf-syntax-ns#",
        "http://purl.org/dc/elements/1.1/",
        "http://ns.adobe.com/pdf/1.3/",
        "http://ns.adobe.com/xap/1.0/",
        "http://ns.adobe.com/xap/1.0/mm/",
        "http://ns.adobe.com/xap/1.0/rights/"
    ],
    "scripts": {
        "iframe": [],
        "urls": []
    },
    "static_properties": {
        "JBIG2Decode": "0",
        "XML_forms": "0",
        "acro_form": "0",
        "auto_action": "0",
        "colors": "0",
        "cross_reference_table": "2",
        "embedded_files": "0",
        "file_size": "408",
        "java_script": "0",
        "js": "0",
        "launch_action": "0",
        "object_end": "110",
        "object_start": "110",
        "object_streams": "0",
        "open_action": "0",
        "page_count": "5",
        "rich_media": "0",
        "start_cross_reference_table": "2",
        "stream_end": "21",
        "stream_start": "21",
        "trailer_dictionary": "2"
    },
    "yara_signatures": [
        "without_attachments",
        "without_images",
        "with_urls",
        "invalid_trailer_structure",
        "multiple_versions",
        "contentis_base64"
    ]
}