{
    "exif_signatures": {},
    "file_size": 412833,
    "pdfid_signatures": {},
    "pypdf_uris": [
        "https://loheb.co.za/XSRYdR1H?utm_term=ugcnetonline.+in+answer+key+2019",
        "https://kiofruits.com/admin/uploads/files/7738834483.pdf",
        "https://qingyaclocks.com/editor_upload/file/93216644545.pdf",
        "http://www.inhd.com.br/wp-content/plugins/formcraft/file-upload/server/content/files/1621e9be7c1781---jatapasazuvaduw.pdf",
        "http://holflorstudio1.cz/upload/files/26680212065.pdf",
        "https://mandarinusa.com/userfiles/file/1647689661.pdf",
        "http://xn--b1adbbbaeqjtsflbfms0e.xn--p1ai/pict/file/21547042899.pdf",
        "http://faceti.es/fil/ckFiles/files/vitegevivof.pdf",
        "https://wajodiladifaxuv.weebly.com/uploads/1/3/4/7/134768632/biruxofovibex.pdf",
        "https://retotanenumu.weebly.com/uploads/1/3/4/0/134017544/javuwajekabujafejujo.pdf",
        "http://www.puhito.hu/uploads/pugevedasugod.pdf",
        "http://www.loicadesacavem.pt/wp-content/plugins/formcraft/file-upload/server/content/files/1625fadc109cba---31200300257.pdf",
        "https://www.akita-tourism.com/assets/admin/plugins/kcfinder/files/83470968122.pdf",
        "http://marsalanoleggio.it/userfiles/files/3988609826.pdf",
        "http://janeblondsalon.cz/files/upload/files/97430299943.pdf",
        "http://homeopathyhongkong.cn/files/giminugavudedulisufew.pdf",
        "https://rovemijiv.weebly.com/uploads/1/3/4/3/134343091/677444.pdf",
        "https://zogadinarele.weebly.com/uploads/1/3/1/4/131409244/5792290.pdf",
        "http://www.siposferenc.hu/html/puzumixi.pdf",
        "http://bccp-cam.com/kcfinder/upload/files/85492872571.pdf",
        "https://shaksheer.com/app/webroot/upload/files/vegoninedavi.pdf",
        "https://images-2020.bc-rosebud.de/upload/files/58695295117.pdf",
        "https://ronuladexita.weebly.com/uploads/1/4/1/5/141514979/kuvubugus.pdf",
        "http://naturptica.ru/upload/files/pogozavu.pdf",
        "http://whipitleather.com/userfiles/file/14578115793.pdf",
        "https://www.tocarufar.com/sgc/Assets/Plugins/CKEditor/kcfinder/Uploads/files/mubukafovu.pdf",
        "https://voskovefiguriny.eu/kcfinder/upload/files/xakexerurazixe.pdf",
        "http://mwbright.com/upload_fck/file/2022-4-3/20220403220621491531.pdf",
        "https://datodorigagage.weebly.com/uploads/1/3/4/6/134697486/146535.pdf",
        "https://tekulumadon.weebly.com/uploads/1/3/4/7/134767252/4379973.pdf",
        "http://curiosin.com/uploads/files/rorazufo.pdf",
        "http://www.stratcareerservices.com/wp-content/plugins/formcraft/file-upload/server/content/files/1620cafcdeb000---rusilikosuwirejes.pdf",
        "http://hoteldanang.com/uploads/images/files/924547108.pdf"
    ],
    "regex_uris": [
        "https://loheb.co.za/XSRYdR1H?utm_term=ugcnetonline.+in+answer+key+2019",
        "https://kiofruits.com/admin/uploads/files/7738834483.pdf",
        "https://qingyaclocks.com/editor_upload/file/93216644545.pdf",
        "http://www.inhd.com.br/wp-content/plugins/formcraft/file-upload/server/content/files/1621e9be7c1781---jatapasazuvaduw.pdf",
        "http://holflorstudio1.cz/upload/files/26680212065.pdf",
        "https://mandarinusa.com/userfiles/file/1647689661.pdf",
        "http://xn--b1adbbbaeqjtsflbfms0e.xn--p1ai/pict/file/21547042899.pdf",
        "http://faceti.es/fil/ckFiles/files/vitegevivof.pdf",
        "https://wajodiladifaxuv.weebly.com/uploads/1/3/4/7/134768632/biruxofovibex.pdf",
        "https://retotanenumu.weebly.com/uploads/1/3/4/0/134017544/javuwajekabujafejujo.pdf",
        "http://www.puhito.hu/uploads/pugevedasugod.pdf",
        "http://www.loicadesacavem.pt/wp-content/plugins/formcraft/file-upload/server/content/files/1625fadc109cba---31200300257.pdf",
        "https://www.akita-tourism.com/assets/admin/plugins/kcfinder/files/83470968122.pdf",
        "http://marsalanoleggio.it/userfiles/files/3988609826.pdf",
        "http://janeblondsalon.cz/files/upload/files/97430299943.pdf",
        "http://homeopathyhongkong.cn/files/giminugavudedulisufew.pdf",
        "https://rovemijiv.weebly.com/uploads/1/3/4/3/134343091/677444.pdf",
        "https://zogadinarele.weebly.com/uploads/1/3/1/4/131409244/5792290.pdf",
        "http://www.siposferenc.hu/html/puzumixi.pdf",
        "http://bccp-cam.com/kcfinder/upload/files/85492872571.pdf",
        "https://shaksheer.com/app/webroot/upload/files/vegoninedavi.pdf",
        "https://images-2020.bc-rosebud.de/upload/files/58695295117.pdf",
        "https://ronuladexita.weebly.com/uploads/1/4/1/5/141514979/kuvubugus.pdf",
        "http://naturptica.ru/upload/files/pogozavu.pdf",
        "http://whipitleather.com/userfiles/file/14578115793.pdf",
        "https://www.tocarufar.com/sgc/Assets/Plugins/CKEditor/kcfinder/Uploads/files/mubukafovu.pdf",
        "https://voskovefiguriny.eu/kcfinder/upload/files/xakexerurazixe.pdf",
        "http://mwbright.com/upload_fck/file/2022-4-3/20220403220621491531.pdf",
        "https://datodorigagage.weebly.com/uploads/1/3/4/6/134697486/146535.pdf",
        "https://tekulumadon.weebly.com/uploads/1/3/4/7/134767252/4379973.pdf",
        "http://curiosin.com/uploads/files/rorazufo.pdf",
        "http://www.stratcareerservices.com/wp-content/plugins/formcraft/file-upload/server/content/files/1620cafcdeb000---rusilikosuwirejes.pdf",
        "http://hoteldanang.com/uploads/images/files/924547108.pdf"
    ],
    "regex_urls": [
        "https",
        "https",
        "https",
        "http://www.inhd.com.br/wp-content/plugins/formcraft/file-upload/server/content/files/1621e9be7c1781---jatapasazuvaduw.pdf",
        "http://holflorstudio1.cz/upload/files/26680212065.pdf",
        "https",
        "http://xn--b1adbbbaeqjtsflbfms0e.xn--p1ai/pict/file/21547042899.pdf",
        "http://faceti.es/fil/ckFiles/files/vitegevivof.pdf",
        "https",
        "https",
        "http://www.puhito.hu/uploads/pugevedasugod.pdf",
        "http://www.loicadesacavem.pt/wp-content/plugins/formcraft/file-upload/server/content/files/1625fadc109cba---31200300257.pdf",
        "https",
        "www.akita-tourism.com/assets/admin/plugins/kcfinder/files/83470968122.pdf",
        "http://marsalanoleggio.it/userfiles/files/3988609826.pdf",
        "http://janeblondsalon.cz/files/upload/files/97430299943.pdf",
        "http://homeopathyhongkong.cn/files/giminugavudedulisufew.pdf",
        "https",
        "https",
        "http://www.siposferenc.hu/html/puzumixi.pdf",
        "http://bccp-cam.com/kcfinder/upload/files/85492872571.pdf",
        "https",
        "https",
        "https",
        "http://naturptica.ru/upload/files/pogozavu.pdf",
        "http://whipitleather.com/userfiles/file/14578115793.pdf",
        "https",
        "www.tocarufar.com/sgc/Assets/Plugins/CKEditor/kcfinder/Uploads/files/mubukafovu.pdf",
        "https",
        "http://mwbright.com/upload_fck/file/2022-4-3/20220403220621491531.pdf",
        "https",
        "https",
        "http://curiosin.com/uploads/files/rorazufo.pdf",
        "http://www.stratcareerservices.com/wp-content/plugins/formcraft/file-upload/server/content/files/1620cafcdeb000---rusilikosuwirejes.pdf",
        "http://hoteldanang.com/uploads/images/files/924547108.pdf",
        "http://www.w3.org/1999/02/22-rdf-syntax-ns#",
        "http://purl.org/dc/elements/1.1/",
        "http://ns.adobe.com/pdf/1.3/",
        "http://ns.adobe.com/xap/1.0/",
        "http://ns.adobe.com/xap/1.0/mm/",
        "http://ns.adobe.com/xap/1.0/rights/"
    ],
    "scripts": {
        "iframe": [],
        "urls": []
    },
    "static_properties": {
        "JBIG2Decode": "0",
        "XML_forms": "0",
        "acro_form": "0",
        "auto_action": "0",
        "colors": "0",
        "cross_reference_table": "2",
        "embedded_files": "0",
        "file_size": "413",
        "java_script": "0",
        "js": "0",
        "launch_action": "0",
        "object_end": "99",
        "object_start": "99",
        "object_streams": "0",
        "open_action": "0",
        "page_count": "5",
        "rich_media": "0",
        "start_cross_reference_table": "2",
        "stream_end": "21",
        "stream_start": "21",
        "trailer_dictionary": "2"
    },
    "yara_signatures": [
        "without_attachments",
        "without_images",
        "with_urls",
        "invalid_trailer_structure",
        "multiple_versions",
        "contentis_base64",
        "Big_Numbers0"
    ]
}