{
    "exif_signatures": {},
    "file_size": 469868,
    "pdfid_signatures": {},
    "pypdf_uris": [
        "https://lazav.co.za/XSRYdR1H?utm_term=best+amoled+wallpapers+for+android",
        "http://indecomavo.pl/userimg/inc/zorakimegajejogibupikowef.pdf",
        "http://www.memoriahistoricamalaga.org/ckfinder/userfiles/files/45486780954.pdf",
        "https://www.quatainvestimentos.com.br/wp-content/plugins/formcraft/file-upload/server/content/files/16141dd7b03a86---19213100301.pdf",
        "https://adm.ativo.com/js/kcfinder/upload/files/36548747250.pdf",
        "http://www.moudclpiu.gov.np/public/kcfinder/upload/files/37977701117.pdf",
        "http://bortran.com/upload/image/file/20211227103033.pdf",
        "http://ctmmaximoravenna.com/ckfinder/userfiles/files/feputalirugutoxifalotaber.pdf",
        "https://zilalcooling.com/other_files/File/dabumonanape.pdf",
        "http://kpdb.org/userfiles/files/pexodejuzukiki.pdf",
        "http://plusbateria.com/wp-content/plugins/formcraft/file-upload/server/content/files/1619b8346941c4---55474330726.pdf",
        "http://ubest.ru/images/file/36939959698.pdf",
        "http://gdfsztal.com/uploadfile/files/39253004070.pdf",
        "http://shreenathdham.com/newerac2c/userfiles/file/33265685869.pdf",
        "http://andersonlawdecorah.com/customer/3/d/9/3d947ad6ce2568d98b832ccf5548371bFile/41366148996.pdf",
        "http://jrscjhadol.org/ckeditor/kcfinder/upload/files/52640875464.pdf",
        "http://emke.hu/uploads/ckfinder/userfiles/files/49981028694.pdf",
        "http://bizbecho.com/pa/trainstation/uploads/image/file/54657068906.pdf",
        "http://apothepharma.com/upload/files/xokevatakaretuzip.pdf",
        "http://vertex-decor.com/userfiles/file/balemupelaw.pdf",
        "http://smartcookieacademy.com/wp-content/plugins/formcraft/file-upload/server/content/files/161746de4b5e47---71038862206.pdf",
        "https://kotata-zlin.cz/obr/clanky/file/boxuvowudejufobujokodo.pdf",
        "http://www.abcklima.hu/data/editorfile/57943827486.pdf",
        "http://www.malagatour.es/ckfinder/userfiles/files/vugozebonefetizaveve.pdf",
        "http://adhdesign.de/userContent/files/20210707062945-mekuraluluven.pdf",
        "https://stmpallet.com/ckfinder/userfiles/files/farofof.pdf",
        "https://genia-groupe.fr/images/files/garazesef.pdf",
        "http://pachinko-seminar.com/sites/default/files/file/84766859600.pdf",
        "https://muacash.com/webroot/img/files/83860214367.pdf",
        "http://noithatlekhanh.com/Images_upload/files/putolixifujezewuze.pdf",
        "https://ksuskalology.com/images/file/92869945885.pdf",
        "http://mingzhicc.com/userfiles/files/desusajoge.pdf",
        "https://shriramsteels.in/public/ckfinder/userfiles/files/fozanijebokulojigajuda.pdf",
        "http://venkateshservices.com/uploads/gudibegasixe.pdf"
    ],
    "regex_uris": [
        "https://lazav.co.za/XSRYdR1H?utm_term=best+amoled+wallpapers+for+android",
        "http://indecomavo.pl/userimg/inc/zorakimegajejogibupikowef.pdf",
        "http://www.memoriahistoricamalaga.org/ckfinder/userfiles/files/45486780954.pdf",
        "https://www.quatainvestimentos.com.br/wp-content/plugins/formcraft/file-upload/server/content/files/16141dd7b03a86---19213100301.pdf",
        "https://adm.ativo.com/js/kcfinder/upload/files/36548747250.pdf",
        "http://www.moudclpiu.gov.np/public/kcfinder/upload/files/37977701117.pdf",
        "http://bortran.com/upload/image/file/20211227103033.pdf",
        "http://ctmmaximoravenna.com/ckfinder/userfiles/files/feputalirugutoxifalotaber.pdf",
        "https://zilalcooling.com/other_files/File/dabumonanape.pdf",
        "http://kpdb.org/userfiles/files/pexodejuzukiki.pdf",
        "http://plusbateria.com/wp-content/plugins/formcraft/file-upload/server/content/files/1619b8346941c4---55474330726.pdf",
        "http://ubest.ru/images/file/36939959698.pdf",
        "http://gdfsztal.com/uploadfile/files/39253004070.pdf",
        "http://shreenathdham.com/newerac2c/userfiles/file/33265685869.pdf",
        "http://andersonlawdecorah.com/customer/3/d/9/3d947ad6ce2568d98b832ccf5548371bFile/41366148996.pdf",
        "http://jrscjhadol.org/ckeditor/kcfinder/upload/files/52640875464.pdf",
        "http://emke.hu/uploads/ckfinder/userfiles/files/49981028694.pdf",
        "http://bizbecho.com/pa/trainstation/uploads/image/file/54657068906.pdf",
        "http://apothepharma.com/upload/files/xokevatakaretuzip.pdf",
        "http://vertex-decor.com/userfiles/file/balemupelaw.pdf",
        "http://smartcookieacademy.com/wp-content/plugins/formcraft/file-upload/server/content/files/161746de4b5e47---71038862206.pdf",
        "https://kotata-zlin.cz/obr/clanky/file/boxuvowudejufobujokodo.pdf",
        "http://www.abcklima.hu/data/editorfile/57943827486.pdf",
        "http://www.malagatour.es/ckfinder/userfiles/files/vugozebonefetizaveve.pdf",
        "http://adhdesign.de/userContent/files/20210707062945-mekuraluluven.pdf",
        "https://stmpallet.com/ckfinder/userfiles/files/farofof.pdf",
        "https://genia-groupe.fr/images/files/garazesef.pdf",
        "http://pachinko-seminar.com/sites/default/files/file/84766859600.pdf",
        "https://muacash.com/webroot/img/files/83860214367.pdf",
        "http://noithatlekhanh.com/Images_upload/files/putolixifujezewuze.pdf",
        "https://ksuskalology.com/images/file/92869945885.pdf",
        "http://mingzhicc.com/userfiles/files/desusajoge.pdf",
        "https://shriramsteels.in/public/ckfinder/userfiles/files/fozanijebokulojigajuda.pdf",
        "http://venkateshservices.com/uploads/gudibegasixe.pdf"
    ],
    "regex_urls": [
        "https",
        "http://indecomavo.pl/userimg/inc/zorakimegajejogibupikowef.pdf",
        "http://www.memoriahistoricamalaga.org/ckfinder/userfiles/files/45486780954.pdf",
        "https",
        "www.quatainvestimentos.com.br/wp-content/plugins/formcraft/file-upload/server/content/files/16141dd7b03a86---19213100301.pdf",
        "https",
        "http://www.moudclpiu.gov.np/public/kcfinder/upload/files/37977701117.pdf",
        "http://bortran.com/upload/image/file/20211227103033.pdf",
        "http://ctmmaximoravenna.com/ckfinder/userfiles/files/feputalirugutoxifalotaber.pdf",
        "https",
        "http://kpdb.org/userfiles/files/pexodejuzukiki.pdf",
        "http://plusbateria.com/wp-content/plugins/formcraft/file-upload/server/content/files/1619b8346941c4---55474330726.pdf",
        "http://ubest.ru/images/file/36939959698.pdf",
        "http://gdfsztal.com/uploadfile/files/39253004070.pdf",
        "http://shreenathdham.com/newerac2c/userfiles/file/33265685869.pdf",
        "http://andersonlawdecorah.com/customer/3/d/9/3d947ad6ce2568d98b832ccf5548371bFile/41366148996.pdf",
        "http://jrscjhadol.org/ckeditor/kcfinder/upload/files/52640875464.pdf",
        "http://emke.hu/uploads/ckfinder/userfiles/files/49981028694.pdf",
        "http://bizbecho.com/pa/trainstation/uploads/image/file/54657068906.pdf",
        "http://apothepharma.com/upload/files/xokevatakaretuzip.pdf",
        "http://vertex-decor.com/userfiles/file/balemupelaw.pdf",
        "http://smartcookieacademy.com/wp-content/plugins/formcraft/file-upload/server/content/files/161746de4b5e47---71038862206.pdf",
        "https",
        "http://www.abcklima.hu/data/editorfile/57943827486.pdf",
        "http://www.malagatour.es/ckfinder/userfiles/files/vugozebonefetizaveve.pdf",
        "http://adhdesign.de/userContent/files/20210707062945-mekuraluluven.pdf",
        "https",
        "https",
        "http://pachinko-seminar.com/sites/default/files/file/84766859600.pdf",
        "https",
        "http://noithatlekhanh.com/Images_upload/files/putolixifujezewuze.pdf",
        "https",
        "http://mingzhicc.com/userfiles/files/desusajoge.pdf",
        "https",
        "http://venkateshservices.com/uploads/gudibegasixe.pdf",
        "http://www.w3.org/1999/02/22-rdf-syntax-ns#",
        "http://purl.org/dc/elements/1.1/",
        "http://ns.adobe.com/pdf/1.3/",
        "http://ns.adobe.com/xap/1.0/",
        "http://ns.adobe.com/xap/1.0/mm/",
        "http://ns.adobe.com/xap/1.0/rights/"
    ],
    "scripts": {
        "iframe": [],
        "urls": []
    },
    "static_properties": {
        "JBIG2Decode": "0",
        "XML_forms": "0",
        "acro_form": "0",
        "auto_action": "0",
        "colors": "0",
        "cross_reference_table": "2",
        "embedded_files": "0",
        "file_size": "470",
        "java_script": "0",
        "js": "0",
        "launch_action": "0",
        "object_end": "100",
        "object_start": "100",
        "object_streams": "0",
        "open_action": "0",
        "page_count": "5",
        "rich_media": "0",
        "start_cross_reference_table": "2",
        "stream_end": "21",
        "stream_start": "21",
        "trailer_dictionary": "2"
    },
    "yara_signatures": [
        "without_attachments",
        "without_images",
        "with_urls",
        "invalid_trailer_structure",
        "multiple_versions",
        "contentis_base64"
    ]
}