{
    "exif_signatures": {},
    "file_size": 35901,
    "pdfid_signatures": {},
    "pypdf_uris": [
        "http://netcdn.tw/app/479516143/minecraft-dungeons-free-game-hack",
        "http://netcdn.tw/app/479516143/minecraft-dungeons-free-game-hack",
        "https://elearning.manposo.sch.id/__statics/gudangsoal/files/inappropriate-roblox_GM431946152.pdf",
        "https://elearning.manposo.sch.id/__statics/gudangsoal/files/free-spin-link-coin-master-today_GM406889139.pdf",
        "https://elearning.manposo.sch.id/__statics/gudangsoal/files/coin-master-free-spins-and-coins-haktuts_GM406889139.pdf",
        "https://elearning.manposo.sch.id/__statics/gudangsoal/files/free-robux-no-offers-or-verification_GM431946152.pdf",
        "https://elearning.manposo.sch.id/__statics/gudangsoal/files/free-robux-games_GM431946152.pdf",
        "https://elearning.manposo.sch.id/__statics/gudangsoal/files/free-robux-no-verify-2021_GM431946152.pdf",
        "https://elearning.manposo.sch.id/__statics/gudangsoal/files/coin-master-free-spins-link-app-download_GM406889139.pdf",
        "https://elearning.manposo.sch.id/__statics/gudangsoal/files/roblox-com-free-robux_GM431946152.pdf",
        "https://elearning.manposo.sch.id/__statics/gudangsoal/files/is-it-possible-to-get-free-robux_GM431946152.pdf",
        "https://elearning.manposo.sch.id/__statics/gudangsoal/files/coin-master-daily-free-spins-2021_GM406889139.pdf",
        "https://elearning.manposo.sch.id/__statics/gudangsoal/files/minecraft-name-tag-hacks_GM479516143.pdf",
        "https://elearning.manposo.sch.id/__statics/gudangsoal/files/roblox-glitches-and-cheats-for-lumber-tycoon-2_GM431946152.pdf",
        "https://elearning.manposo.sch.id/__statics/gudangsoal/files/google-play-coin-master-free-spins_GM406889139.pdf",
        "https://elearning.manposo.sch.id/__statics/gudangsoal/files/who-to-get-free-robux_GM431946152.pdf",
        "https://elearning.manposo.sch.id/__statics/gudangsoal/files/hack-aimbot-para-roblox_GM431946152.pdf",
        "https://elearning.manposo.sch.id/__statics/gudangsoal/files/coin-master-hack-tool-without-verification_GM406889139.pdf",
        "https://elearning.manposo.sch.id/__statics/gudangsoal/files/hacked-roblox-game_GM431946152.pdf",
        "https://elearning.manposo.sch.id/__statics/gudangsoal/files/free-robux-no-human-verification-or-survey-or-download_GM431946152.pdf",
        "https://elearning.manposo.sch.id/__statics/gudangsoal/files/how-to-get-a-free-pet-in-roblox_GM431946152.pdf",
        "https://elearning.manposo.sch.id/__statics/gudangsoal/files/coin-master-game-free-spin-download_GM406889139.pdf"
    ],
    "regex_uris": [
        "http://netcdn.tw/app/479516143/minecraft-dungeons-free-game-hack",
        "http://netcdn.tw/app/479516143/minecraft-dungeons-free-game-hack",
        "https://elearning.manposo.sch.id/__statics/gudangsoal/files/inappropriate-roblox_GM431946152.pdf",
        "https://elearning.manposo.sch.id/__statics/gudangsoal/files/free-spin-link-coin-master-today_GM406889139.pdf",
        "https://elearning.manposo.sch.id/__statics/gudangsoal/files/coin-master-free-spins-and-coins-haktuts_GM406889139.pdf",
        "https://elearning.manposo.sch.id/__statics/gudangsoal/files/free-robux-no-offers-or-verification_GM431946152.pdf",
        "https://elearning.manposo.sch.id/__statics/gudangsoal/files/free-robux-games_GM431946152.pdf",
        "https://elearning.manposo.sch.id/__statics/gudangsoal/files/free-robux-no-verify-2021_GM431946152.pdf",
        "https://elearning.manposo.sch.id/__statics/gudangsoal/files/coin-master-free-spins-link-app-download_GM406889139.pdf",
        "https://elearning.manposo.sch.id/__statics/gudangsoal/files/roblox-com-free-robux_GM431946152.pdf",
        "https://elearning.manposo.sch.id/__statics/gudangsoal/files/is-it-possible-to-get-free-robux_GM431946152.pdf",
        "https://elearning.manposo.sch.id/__statics/gudangsoal/files/coin-master-daily-free-spins-2021_GM406889139.pdf",
        "https://elearning.manposo.sch.id/__statics/gudangsoal/files/minecraft-name-tag-hacks_GM479516143.pdf",
        "https://elearning.manposo.sch.id/__statics/gudangsoal/files/roblox-glitches-and-cheats-for-lumber-tycoon-2_GM431946152.pdf",
        "https://elearning.manposo.sch.id/__statics/gudangsoal/files/google-play-coin-master-free-spins_GM406889139.pdf",
        "https://elearning.manposo.sch.id/__statics/gudangsoal/files/who-to-get-free-robux_GM431946152.pdf",
        "https://elearning.manposo.sch.id/__statics/gudangsoal/files/hack-aimbot-para-roblox_GM431946152.pdf",
        "https://elearning.manposo.sch.id/__statics/gudangsoal/files/coin-master-hack-tool-without-verification_GM406889139.pdf",
        "https://elearning.manposo.sch.id/__statics/gudangsoal/files/hacked-roblox-game_GM431946152.pdf",
        "https://elearning.manposo.sch.id/__statics/gudangsoal/files/free-robux-no-human-verification-or-survey-or-download_GM431946152.pdf",
        "https://elearning.manposo.sch.id/__statics/gudangsoal/files/how-to-get-a-free-pet-in-roblox_GM431946152.pdf",
        "https://elearning.manposo.sch.id/__statics/gudangsoal/files/coin-master-game-free-spin-download_GM406889139.pdf"
    ],
    "regex_urls": [
        "http://netcdn.tw/app/479516143/minecraft-dungeons-free-game-hack",
        "http://netcdn.tw/app/479516143/minecraft-dungeons-free-game-hack",
        "https",
        "https",
        "https",
        "https",
        "https",
        "https",
        "https",
        "https",
        "https",
        "https",
        "https",
        "https",
        "https",
        "https",
        "https",
        "https",
        "https",
        "https",
        "https",
        "https"
    ],
    "scripts": {
        "iframe": [],
        "urls": []
    },
    "static_properties": {
        "JBIG2Decode": "0",
        "XML_forms": "0",
        "acro_form": "0",
        "auto_action": "0",
        "colors": "0",
        "cross_reference_table": "1",
        "embedded_files": "0",
        "file_size": "36",
        "java_script": "0",
        "js": "0",
        "launch_action": "0",
        "object_end": "55",
        "object_start": "55",
        "object_streams": "0",
        "open_action": "0",
        "page_count": "2",
        "rich_media": "0",
        "start_cross_reference_table": "1",
        "stream_end": "6",
        "stream_start": "6",
        "trailer_dictionary": "1"
    },
    "yara_signatures": [
        "without_attachments",
        "without_images",
        "with_urls",
        "invalid_trailer_structure",
        "contentis_base64"
    ]
}