{
    "exif_signatures": {},
    "file_size": 28648,
    "pdfid_signatures": {
        "Page_Count": {
            "description": "This PDF has only one page",
            "families": [],
            "marks": [],
            "name": "Page_Count",
            "references": [],
            "severity": 1
        }
    },
    "pypdf_uris": [
        "http://netcdn.tw/app/406889139/coin-master-hack-android-2021-game-hack",
        "http://netcdn.tw/app/406889139/coin-master-hack-android-2021-game-hack"
    ],
    "regex_uris": [
        "http://netcdn.tw/app/406889139/coin-master-hack-android-2021-game-hack",
        "http://netcdn.tw/app/406889139/coin-master-hack-android-2021-game-hack"
    ],
    "regex_urls": [
        "http://netcdn.tw/app/406889139/coin-master-hack-android-2021-game-hack",
        "http://netcdn.tw/app/406889139/coin-master-hack-android-2021-game-hack"
    ],
    "scripts": {
        "iframe": [],
        "urls": []
    },
    "static_properties": {
        "JBIG2Decode": "0",
        "XML_forms": "0",
        "acro_form": "0",
        "auto_action": "0",
        "colors": "0",
        "cross_reference_table": "1",
        "embedded_files": "0",
        "file_size": "29",
        "java_script": "0",
        "js": "0",
        "launch_action": "0",
        "object_end": "30",
        "object_start": "30",
        "object_streams": "0",
        "open_action": "0",
        "page_count": "1",
        "rich_media": "0",
        "start_cross_reference_table": "1",
        "stream_end": "5",
        "stream_start": "5",
        "trailer_dictionary": "1"
    },
    "yara_signatures": [
        "without_attachments",
        "without_images",
        "with_urls",
        "invalid_trailer_structure",
        "contentis_base64"
    ]
}