{
    "exif_signatures": {},
    "file_size": 44501,
    "pdfid_signatures": {},
    "pypdf_uris": [
        "https://netcdn.xyz/app/406889139/coin-master-free-spins-link-blogspot-game-hack",
        "https://netcdn.xyz/app/406889139/coin-master-free-spins-link-blogspot-game-hack",
        "http://e-learning.mtsnparung.sch.id/__statics/gudangsoal/files/coin-master-hack-with-lucky-patcher_GM406889139.pdf",
        "http://e-learning.mtsnparung.sch.id/__statics/gudangsoal/files/coin-master-online_GM406889139.pdf",
        "http://e-learning.mtsnparung.sch.id/__statics/gudangsoal/files/coin-master-gift-link-hack_GM406889139.pdf",
        "http://e-learning.mtsnparung.sch.id/__statics/gudangsoal/files/coin-master-hack-tool-for-pc_GM406889139.pdf",
        "http://e-learning.mtsnparung.sch.id/__statics/gudangsoal/files/minecraft-free-download-ios_GM479516143.pdf",
        "http://e-learning.mtsnparung.sch.id/__statics/gudangsoal/files/coin-master-hack-tool_GM406889139.pdf",
        "http://e-learning.mtsnparung.sch.id/__statics/gudangsoal/files/coin-master-free-coins-and-spins-app_GM406889139.pdf",
        "http://e-learning.mtsnparung.sch.id/__statics/gudangsoal/files/free-robux-no-human-verification-or-survey-or-download_GM431946152.pdf",
        "http://e-learning.mtsnparung.sch.id/__statics/gudangsoal/files/free-online-spins-coin-master_GM406889139.pdf",
        "http://e-learning.mtsnparung.sch.id/__statics/gudangsoal/files/free-robux-generator-no-survey-no-download-no-human-verification_GM431946152.pdf",
        "http://e-learning.mtsnparung.sch.id/__statics/gudangsoal/files/coin-master-200-spin-link_GM406889139.pdf",
        "http://e-learning.mtsnparung.sch.id/__statics/gudangsoal/files/coin-master-hack-xyz-download_GM406889139.pdf",
        "http://e-learning.mtsnparung.sch.id/__statics/gudangsoal/files/sites-for-free-spins-for-coin-master_GM406889139.pdf",
        "http://e-learning.mtsnparung.sch.id/__statics/gudangsoal/files/coin-master-hack-version-2021_GM406889139.pdf",
        "http://e-learning.mtsnparung.sch.id/__statics/gudangsoal/files/minecraft-pvp-hacks_GM479516143.pdf",
        "http://e-learning.mtsnparung.sch.id/__statics/gudangsoal/files/coin-master-game_GM406889139.pdf",
        "http://e-learning.mtsnparung.sch.id/__statics/gudangsoal/files/free-spins-and-coins-coin-master_GM406889139.pdf",
        "http://e-learning.mtsnparung.sch.id/__statics/gudangsoal/files/archery-master-3d-unlimited-coins-hack_GM406889139.pdf",
        "http://e-learning.mtsnparung.sch.id/__statics/gudangsoal/files/how-to-hack-to-get-robux_GM431946152.pdf",
        "http://e-learning.mtsnparung.sch.id/__statics/gudangsoal/files/how-to-hack-coin-master-game-without-verification_GM406889139.pdf"
    ],
    "regex_uris": [
        "https://netcdn.xyz/app/406889139/coin-master-free-spins-link-blogspot-game-hack",
        "https://netcdn.xyz/app/406889139/coin-master-free-spins-link-blogspot-game-hack",
        "http://e-learning.mtsnparung.sch.id/__statics/gudangsoal/files/coin-master-hack-with-lucky-patcher_GM406889139.pdf",
        "http://e-learning.mtsnparung.sch.id/__statics/gudangsoal/files/coin-master-online_GM406889139.pdf",
        "http://e-learning.mtsnparung.sch.id/__statics/gudangsoal/files/coin-master-gift-link-hack_GM406889139.pdf",
        "http://e-learning.mtsnparung.sch.id/__statics/gudangsoal/files/coin-master-hack-tool-for-pc_GM406889139.pdf",
        "http://e-learning.mtsnparung.sch.id/__statics/gudangsoal/files/minecraft-free-download-ios_GM479516143.pdf",
        "http://e-learning.mtsnparung.sch.id/__statics/gudangsoal/files/coin-master-hack-tool_GM406889139.pdf",
        "http://e-learning.mtsnparung.sch.id/__statics/gudangsoal/files/coin-master-free-coins-and-spins-app_GM406889139.pdf",
        "http://e-learning.mtsnparung.sch.id/__statics/gudangsoal/files/free-robux-no-human-verification-or-survey-or-download_GM431946152.pdf",
        "http://e-learning.mtsnparung.sch.id/__statics/gudangsoal/files/free-online-spins-coin-master_GM406889139.pdf",
        "http://e-learning.mtsnparung.sch.id/__statics/gudangsoal/files/free-robux-generator-no-survey-no-download-no-human-verification_GM431946152.pdf",
        "http://e-learning.mtsnparung.sch.id/__statics/gudangsoal/files/coin-master-200-spin-link_GM406889139.pdf",
        "http://e-learning.mtsnparung.sch.id/__statics/gudangsoal/files/coin-master-hack-xyz-download_GM406889139.pdf",
        "http://e-learning.mtsnparung.sch.id/__statics/gudangsoal/files/sites-for-free-spins-for-coin-master_GM406889139.pdf",
        "http://e-learning.mtsnparung.sch.id/__statics/gudangsoal/files/coin-master-hack-version-2021_GM406889139.pdf",
        "http://e-learning.mtsnparung.sch.id/__statics/gudangsoal/files/minecraft-pvp-hacks_GM479516143.pdf",
        "http://e-learning.mtsnparung.sch.id/__statics/gudangsoal/files/coin-master-game_GM406889139.pdf",
        "http://e-learning.mtsnparung.sch.id/__statics/gudangsoal/files/free-spins-and-coins-coin-master_GM406889139.pdf",
        "http://e-learning.mtsnparung.sch.id/__statics/gudangsoal/files/archery-master-3d-unlimited-coins-hack_GM406889139.pdf",
        "http://e-learning.mtsnparung.sch.id/__statics/gudangsoal/files/how-to-hack-to-get-robux_GM431946152.pdf",
        "http://e-learning.mtsnparung.sch.id/__statics/gudangsoal/files/how-to-hack-coin-master-game-without-verification_GM406889139.pdf"
    ],
    "regex_urls": [
        "https",
        "https",
        "http://e-learning.mtsnparung.sch.id/__statics/gudangsoal/files/coin-master-hack-with-lucky-patcher_GM406889139.pdf",
        "http://e-learning.mtsnparung.sch.id/__statics/gudangsoal/files/coin-master-online_GM406889139.pdf",
        "http://e-learning.mtsnparung.sch.id/__statics/gudangsoal/files/coin-master-gift-link-hack_GM406889139.pdf",
        "http://e-learning.mtsnparung.sch.id/__statics/gudangsoal/files/coin-master-hack-tool-for-pc_GM406889139.pdf",
        "http://e-learning.mtsnparung.sch.id/__statics/gudangsoal/files/minecraft-free-download-ios_GM479516143.pdf",
        "http://e-learning.mtsnparung.sch.id/__statics/gudangsoal/files/coin-master-hack-tool_GM406889139.pdf",
        "http://e-learning.mtsnparung.sch.id/__statics/gudangsoal/files/coin-master-free-coins-and-spins-app_GM406889139.pdf",
        "http://e-learning.mtsnparung.sch.id/__statics/gudangsoal/files/free-robux-no-human-verification-or-survey-or-download_GM431946152.pdf",
        "http://e-learning.mtsnparung.sch.id/__statics/gudangsoal/files/free-online-spins-coin-master_GM406889139.pdf",
        "http://e-learning.mtsnparung.sch.id/__statics/gudangsoal/files/free-robux-generator-no-survey-no-download-no-human-verification_GM431946152.pdf",
        "http://e-learning.mtsnparung.sch.id/__statics/gudangsoal/files/coin-master-200-spin-link_GM406889139.pdf",
        "http://e-learning.mtsnparung.sch.id/__statics/gudangsoal/files/coin-master-hack-xyz-download_GM406889139.pdf",
        "http://e-learning.mtsnparung.sch.id/__statics/gudangsoal/files/sites-for-free-spins-for-coin-master_GM406889139.pdf",
        "http://e-learning.mtsnparung.sch.id/__statics/gudangsoal/files/coin-master-hack-version-2021_GM406889139.pdf",
        "http://e-learning.mtsnparung.sch.id/__statics/gudangsoal/files/minecraft-pvp-hacks_GM479516143.pdf",
        "http://e-learning.mtsnparung.sch.id/__statics/gudangsoal/files/coin-master-game_GM406889139.pdf",
        "http://e-learning.mtsnparung.sch.id/__statics/gudangsoal/files/free-spins-and-coins-coin-master_GM406889139.pdf",
        "http://e-learning.mtsnparung.sch.id/__statics/gudangsoal/files/archery-master-3d-unlimited-coins-hack_GM406889139.pdf",
        "http://e-learning.mtsnparung.sch.id/__statics/gudangsoal/files/how-to-hack-to-get-robux_GM431946152.pdf",
        "http://e-learning.mtsnparung.sch.id/__statics/gudangsoal/files/how-to-hack-coin-master-game-without-verification_GM406889139.pdf"
    ],
    "scripts": {
        "iframe": [],
        "urls": []
    },
    "static_properties": {
        "JBIG2Decode": "0",
        "XML_forms": "0",
        "acro_form": "0",
        "auto_action": "0",
        "colors": "0",
        "cross_reference_table": "1",
        "embedded_files": "0",
        "file_size": "45",
        "java_script": "0",
        "js": "0",
        "launch_action": "0",
        "object_end": "60",
        "object_start": "60",
        "object_streams": "0",
        "open_action": "0",
        "page_count": "3",
        "rich_media": "0",
        "start_cross_reference_table": "1",
        "stream_end": "7",
        "stream_start": "7",
        "trailer_dictionary": "1"
    },
    "yara_signatures": [
        "without_attachments",
        "without_images",
        "with_urls",
        "invalid_trailer_structure",
        "contentis_base64"
    ]
}