{
    "exif_signatures": {},
    "file_size": 88310,
    "pdfid_signatures": {},
    "pypdf_uris": [
        "http://getpdf.pw/book?res=123&isbn=9780786415557&kwd=Doing%20Their%20Bit%20:%20Wartime%20American%20Animated%20Short%20Films,%201939-1945",
        "http://getpdf.pw/book?res=123&isbn=9780786415557&kwd=Doing%20Their%20Bit%20:%20Wartime%20American%20Animated%20Short%20Films,%201939-1945",
        "https://static.s123-cdn-static-a.com/uploads/4659371/normal_61ae14199bd4c.pdf",
        "https://static.s123-cdn-static-b.com/uploads/4659697/normal_61adbb0d2817a.pdf",
        "https://static.s123-cdn-static-a.com/uploads/4659394/normal_61ad4e9ac0254.pdf"
    ],
    "regex_uris": [
        "http://getpdf.pw/book?res=123&isbn=9780786415557&kwd=Doing%20Their%20Bit%20:%20Wartime%20American%20Animated%20Short%20Films,%201939-1945",
        "http://getpdf.pw/book?res=123&isbn=9780786415557&kwd=Doing%20Their%20Bit%20:%20Wartime%20American%20Animated%20Short%20Films,%201939-1945",
        "https://static.s123-cdn-static-a.com/uploads/4659371/normal_61ae14199bd4c.pdf",
        "https://static.s123-cdn-static-b.com/uploads/4659697/normal_61adbb0d2817a.pdf",
        "https://static.s123-cdn-static-a.com/uploads/4659394/normal_61ad4e9ac0254.pdf"
    ],
    "regex_urls": [
        "http://getpdf.pw/book?res=123",
        "http://getpdf.pw/book?res=123",
        "https",
        "https",
        "https"
    ],
    "scripts": {
        "iframe": [],
        "urls": []
    },
    "static_properties": {
        "JBIG2Decode": "0",
        "XML_forms": "0",
        "acro_form": "0",
        "auto_action": "0",
        "colors": "0",
        "cross_reference_table": "1",
        "embedded_files": "0",
        "file_size": "88",
        "java_script": "0",
        "js": "0",
        "launch_action": "0",
        "object_end": "60",
        "object_start": "60",
        "object_streams": "0",
        "open_action": "0",
        "page_count": "4",
        "rich_media": "0",
        "start_cross_reference_table": "1",
        "stream_end": "11",
        "stream_start": "11",
        "trailer_dictionary": "1"
    },
    "yara_signatures": [
        "without_attachments",
        "without_images",
        "with_urls",
        "invalid_trailer_structure",
        "contentis_base64"
    ]
}