{
    "exif_signatures": {},
    "file_size": 102133,
    "pdfid_signatures": {},
    "pypdf_uris": [
        "http://getpdf.pw/book?res=123&isbn=9780691145778&kwd=Beyond%20Mechanical%20Markets%20:%20Asset%20Price%20Swings,%20Risk,%20and%20the%20Role%20of%20the%20State",
        "http://getpdf.pw/book?res=123&isbn=9780691145778&kwd=Beyond%20Mechanical%20Markets%20:%20Asset%20Price%20Swings,%20Risk,%20and%20the%20Role%20of%20the%20State",
        "https://files8.webydo.com/9589023/UploadedFiles/1353E3FD-41E2-8606-7500-807ABC536258.pdf"
    ],
    "regex_uris": [
        "http://getpdf.pw/book?res=123&isbn=9780691145778&kwd=Beyond%20Mechanical%20Markets%20:%20Asset%20Price%20Swings,%20Risk,%20and%20the%20Role%20of%20the%20State",
        "http://getpdf.pw/book?res=123&isbn=9780691145778&kwd=Beyond%20Mechanical%20Markets%20:%20Asset%20Price%20Swings,%20Risk,%20and%20the%20Role%20of%20the%20State",
        "https://files8.webydo.com/9589023/UploadedFiles/1353E3FD-41E2-8606-7500-807ABC536258.pdf"
    ],
    "regex_urls": [
        "http://getpdf.pw/book?res=123",
        "http://getpdf.pw/book?res=123",
        "https"
    ],
    "scripts": {
        "iframe": [],
        "urls": []
    },
    "static_properties": {
        "JBIG2Decode": "0",
        "XML_forms": "0",
        "acro_form": "0",
        "auto_action": "0",
        "colors": "0",
        "cross_reference_table": "1",
        "embedded_files": "0",
        "file_size": "102",
        "java_script": "0",
        "js": "0",
        "launch_action": "0",
        "object_end": "68",
        "object_start": "68",
        "object_streams": "0",
        "open_action": "0",
        "page_count": "6",
        "rich_media": "0",
        "start_cross_reference_table": "1",
        "stream_end": "13",
        "stream_start": "13",
        "trailer_dictionary": "1"
    },
    "yara_signatures": [
        "without_attachments",
        "without_images",
        "with_urls",
        "invalid_trailer_structure",
        "contentis_base64"
    ]
}