{
    "exif_signatures": {},
    "file_size": 36556,
    "pdfid_signatures": {},
    "pypdf_uris": [
        "http://netcdn.tw/app/406889139/free-coin-master-hacks-no-verification-or-survey-game-hack",
        "http://netcdn.tw/app/406889139/free-coin-master-hacks-no-verification-or-survey-game-hack",
        "https://elearning.mts-sukaramaiatas.sch.id/__statics/gudangsoal/files/free-no-hack-robux-generators_GM431946152.pdf",
        "https://elearning.mts-sukaramaiatas.sch.id/__statics/gudangsoal/files/free-robux-no-verify-2021_GM431946152.pdf",
        "https://elearning.mts-sukaramaiatas.sch.id/__statics/gudangsoal/files/coin-master-hack-2021_GM406889139.pdf",
        "https://elearning.mts-sukaramaiatas.sch.id/__statics/gudangsoal/files/how-to-get-free-hair-on-roblox-2021_GM431946152.pdf",
        "https://elearning.mts-sukaramaiatas.sch.id/__statics/gudangsoal/files/wurst-112_GM479516143.pdf",
        "https://elearning.mts-sukaramaiatas.sch.id/__statics/gudangsoal/files/how-to-hack-to-get-robux_GM431946152.pdf",
        "https://elearning.mts-sukaramaiatas.sch.id/__statics/gudangsoal/files/how-to-earn-robux-for-free-2021_GM431946152.pdf",
        "https://elearning.mts-sukaramaiatas.sch.id/__statics/gudangsoal/files/coin-master-free-spins-and-coins_GM406889139.pdf",
        "https://elearning.mts-sukaramaiatas.sch.id/__statics/gudangsoal/files/coin-master-free-coins-link-2021_GM406889139.pdf",
        "https://elearning.mts-sukaramaiatas.sch.id/__statics/gudangsoal/files/free-robux-no-human-verification-or-survey-or-download-2021_GM431946152.pdf",
        "https://elearning.mts-sukaramaiatas.sch.id/__statics/gudangsoal/files/free-outfits-roblox_GM431946152.pdf",
        "https://elearning.mts-sukaramaiatas.sch.id/__statics/gudangsoal/files/free-robux-pins_GM431946152.pdf",
        "https://elearning.mts-sukaramaiatas.sch.id/__statics/gudangsoal/files/free-robux-generator-for-roblox-2021_GM431946152.pdf",
        "https://elearning.mts-sukaramaiatas.sch.id/__statics/gudangsoal/files/coin-master-free-spins-link-today-new_GM406889139.pdf",
        "https://elearning.mts-sukaramaiatas.sch.id/__statics/gudangsoal/files/roblox-script-executor-free-not-cracked_GM431946152.pdf",
        "https://elearning.mts-sukaramaiatas.sch.id/__statics/gudangsoal/files/coin-master-hack-with-lucky-patcher_GM406889139.pdf",
        "https://elearning.mts-sukaramaiatas.sch.id/__statics/gudangsoal/files/cute-free-roblox-clothes_GM431946152.pdf",
        "https://elearning.mts-sukaramaiatas.sch.id/__statics/gudangsoal/files/coin-master-hack-apk-july-29_GM406889139.pdf",
        "https://elearning.mts-sukaramaiatas.sch.id/__statics/gudangsoal/files/coin-master-free-spins-2021_GM406889139.pdf",
        "https://elearning.mts-sukaramaiatas.sch.id/__statics/gudangsoal/files/www-free-robux-win_GM431946152.pdf"
    ],
    "regex_uris": [
        "http://netcdn.tw/app/406889139/free-coin-master-hacks-no-verification-or-survey-game-hack",
        "http://netcdn.tw/app/406889139/free-coin-master-hacks-no-verification-or-survey-game-hack",
        "https://elearning.mts-sukaramaiatas.sch.id/__statics/gudangsoal/files/free-no-hack-robux-generators_GM431946152.pdf",
        "https://elearning.mts-sukaramaiatas.sch.id/__statics/gudangsoal/files/free-robux-no-verify-2021_GM431946152.pdf",
        "https://elearning.mts-sukaramaiatas.sch.id/__statics/gudangsoal/files/coin-master-hack-2021_GM406889139.pdf",
        "https://elearning.mts-sukaramaiatas.sch.id/__statics/gudangsoal/files/how-to-get-free-hair-on-roblox-2021_GM431946152.pdf",
        "https://elearning.mts-sukaramaiatas.sch.id/__statics/gudangsoal/files/wurst-112_GM479516143.pdf",
        "https://elearning.mts-sukaramaiatas.sch.id/__statics/gudangsoal/files/how-to-hack-to-get-robux_GM431946152.pdf",
        "https://elearning.mts-sukaramaiatas.sch.id/__statics/gudangsoal/files/how-to-earn-robux-for-free-2021_GM431946152.pdf",
        "https://elearning.mts-sukaramaiatas.sch.id/__statics/gudangsoal/files/coin-master-free-spins-and-coins_GM406889139.pdf",
        "https://elearning.mts-sukaramaiatas.sch.id/__statics/gudangsoal/files/coin-master-free-coins-link-2021_GM406889139.pdf",
        "https://elearning.mts-sukaramaiatas.sch.id/__statics/gudangsoal/files/free-robux-no-human-verification-or-survey-or-download-2021_GM431946152.pdf",
        "https://elearning.mts-sukaramaiatas.sch.id/__statics/gudangsoal/files/free-outfits-roblox_GM431946152.pdf",
        "https://elearning.mts-sukaramaiatas.sch.id/__statics/gudangsoal/files/free-robux-pins_GM431946152.pdf",
        "https://elearning.mts-sukaramaiatas.sch.id/__statics/gudangsoal/files/free-robux-generator-for-roblox-2021_GM431946152.pdf",
        "https://elearning.mts-sukaramaiatas.sch.id/__statics/gudangsoal/files/coin-master-free-spins-link-today-new_GM406889139.pdf",
        "https://elearning.mts-sukaramaiatas.sch.id/__statics/gudangsoal/files/roblox-script-executor-free-not-cracked_GM431946152.pdf",
        "https://elearning.mts-sukaramaiatas.sch.id/__statics/gudangsoal/files/coin-master-hack-with-lucky-patcher_GM406889139.pdf",
        "https://elearning.mts-sukaramaiatas.sch.id/__statics/gudangsoal/files/cute-free-roblox-clothes_GM431946152.pdf",
        "https://elearning.mts-sukaramaiatas.sch.id/__statics/gudangsoal/files/coin-master-hack-apk-july-29_GM406889139.pdf",
        "https://elearning.mts-sukaramaiatas.sch.id/__statics/gudangsoal/files/coin-master-free-spins-2021_GM406889139.pdf",
        "https://elearning.mts-sukaramaiatas.sch.id/__statics/gudangsoal/files/www-free-robux-win_GM431946152.pdf"
    ],
    "regex_urls": [
        "http://netcdn.tw/app/406889139/free-coin-master-hacks-no-verification-or-survey-game-hack",
        "http://netcdn.tw/app/406889139/free-coin-master-hacks-no-verification-or-survey-game-hack",
        "https",
        "https",
        "https",
        "https",
        "https",
        "https",
        "https",
        "https",
        "https",
        "https",
        "https",
        "https",
        "https",
        "https",
        "https",
        "https",
        "https",
        "https",
        "https",
        "https"
    ],
    "scripts": {
        "iframe": [],
        "urls": []
    },
    "static_properties": {
        "JBIG2Decode": "0",
        "XML_forms": "0",
        "acro_form": "0",
        "auto_action": "0",
        "colors": "0",
        "cross_reference_table": "1",
        "embedded_files": "0",
        "file_size": "37",
        "java_script": "0",
        "js": "0",
        "launch_action": "0",
        "object_end": "55",
        "object_start": "55",
        "object_streams": "0",
        "open_action": "0",
        "page_count": "2",
        "rich_media": "0",
        "start_cross_reference_table": "1",
        "stream_end": "6",
        "stream_start": "6",
        "trailer_dictionary": "1"
    },
    "yara_signatures": [
        "without_attachments",
        "without_images",
        "with_urls",
        "invalid_trailer_structure",
        "contentis_base64"
    ]
}