{
    "exif_signatures": {},
    "file_size": 77314,
    "pdfid_signatures": {},
    "pypdf_uris": [
        "https://feedproxy.google.com/~r/skout/mBVl/~3/6naE_Nh8_CY/uplcv?utm_term=in+certain+kinds+of+muscle+cells+calcium+ions+are+stored+in",
        "https://2greenchicks.com/wp-content/plugins/super-forms/uploads/php/files/644f026d67634423f64d04029b0648f8/80731883136.pdf",
        "http://agcslohian.com/userfiles/file/sajuzuwiku.pdf",
        "http://minuspk.ru/minuspk.ru/userfiles/file/62921823453.pdf",
        "http://augustaelectricalwork.com/editorData/file/70787727662.pdf",
        "https://greshamgilessalon.com/wp-content/plugins/super-forms/uploads/php/files/fd91e22c81b436b0d7769a43d903423f/lamimera.pdf",
        "https://irish-setter-zucht.info/ckfinder/userfiles/files/woxexegijibikudurowobame.pdf",
        "https://himalayanwanderer.com/himalayan/userfiles/files/49466482453.pdf",
        "http://shangrilayunnan.com/ckfinder/userfiles/files/40956240761.pdf",
        "http://frederickfollows.co.uk/wp-content/plugins/formcraft/file-upload/server/content/files/16077a3f5b9415---zebenamesuzujej.pdf",
        "https://laetitiabernard.fr/images/file/xiwonuzasajamajadadi.pdf",
        "http://ramenzoni.eu/userfiles/files/93293048268.pdf",
        "https://completecollegestrategies.com/wp-content/plugins/super-forms/uploads/php/files/3411b6a9b4d405f4d24f1f2ff11f2089/63367112990.pdf",
        "https://www.webhisto.com.tr/wp-content/plugins/formcraft/file-upload/server/content/files/160ddff2094e64---92609575833.pdf",
        "http://aftckwt.com/uploads/file/timimutojuperojibisosizig.pdf",
        "https://yourtuscanyguide.com/wp-content/plugins/super-forms/uploads/php/files/1kh1dfen8bggr70l9mecspoh30/36908753286.pdf",
        "http://mundori.com/js/ckfinder/userfiles/files/kojodubisusojolutixori.pdf",
        "http://sarljarry.fr/userfiles/file/3586744229.pdf",
        "http://toyotarent.kr/FileData/ckfinder/files/20210621_328452BA724AEC4F.pdf",
        "https://akproauto.com/nbloom/fckuploads/file/51167862552.pdf",
        "http://minutemen-jrotc.com/clients/84940/File/6288239151.pdf",
        "http://kioskcondoweb.wpengine.com/wp-content/plugins/formcraft/file-upload/server/content/files/16082608e16f3c---dajavufiwuvix.pdf",
        "http://www.nowsingapore.co.id/wp-content/plugins/formcraft/file-upload/server/content/files/1607f656ad289f---25140308631.pdf",
        "https://qualitycountscleaning.com/wp-content/plugins/super-forms/uploads/php/files/33b79bacd41fe49d6264b021eddae662/28065928304.pdf"
    ],
    "regex_uris": [
        "https://feedproxy.google.com/~r/skout/mBVl/~3/6naE_Nh8_CY/uplcv?utm_term=in+certain+kinds+of+muscle+cells+calcium+ions+are+stored+in",
        "https://2greenchicks.com/wp-content/plugins/super-forms/uploads/php/files/644f026d67634423f64d04029b0648f8/80731883136.pdf",
        "http://agcslohian.com/userfiles/file/sajuzuwiku.pdf",
        "http://minuspk.ru/minuspk.ru/userfiles/file/62921823453.pdf",
        "http://augustaelectricalwork.com/editorData/file/70787727662.pdf",
        "https://greshamgilessalon.com/wp-content/plugins/super-forms/uploads/php/files/fd91e22c81b436b0d7769a43d903423f/lamimera.pdf",
        "https://irish-setter-zucht.info/ckfinder/userfiles/files/woxexegijibikudurowobame.pdf",
        "https://himalayanwanderer.com/himalayan/userfiles/files/49466482453.pdf",
        "http://shangrilayunnan.com/ckfinder/userfiles/files/40956240761.pdf",
        "http://frederickfollows.co.uk/wp-content/plugins/formcraft/file-upload/server/content/files/16077a3f5b9415---zebenamesuzujej.pdf",
        "https://laetitiabernard.fr/images/file/xiwonuzasajamajadadi.pdf",
        "http://ramenzoni.eu/userfiles/files/93293048268.pdf",
        "https://completecollegestrategies.com/wp-content/plugins/super-forms/uploads/php/files/3411b6a9b4d405f4d24f1f2ff11f2089/63367112990.pdf",
        "https://www.webhisto.com.tr/wp-content/plugins/formcraft/file-upload/server/content/files/160ddff2094e64---92609575833.pdf",
        "http://aftckwt.com/uploads/file/timimutojuperojibisosizig.pdf",
        "https://yourtuscanyguide.com/wp-content/plugins/super-forms/uploads/php/files/1kh1dfen8bggr70l9mecspoh30/36908753286.pdf",
        "http://mundori.com/js/ckfinder/userfiles/files/kojodubisusojolutixori.pdf",
        "http://sarljarry.fr/userfiles/file/3586744229.pdf",
        "http://toyotarent.kr/FileData/ckfinder/files/20210621_328452BA724AEC4F.pdf",
        "https://akproauto.com/nbloom/fckuploads/file/51167862552.pdf",
        "http://minutemen-jrotc.com/clients/84940/File/6288239151.pdf",
        "http://kioskcondoweb.wpengine.com/wp-content/plugins/formcraft/file-upload/server/content/files/16082608e16f3c---dajavufiwuvix.pdf",
        "http://www.nowsingapore.co.id/wp-content/plugins/formcraft/file-upload/server/content/files/1607f656ad289f---25140308631.pdf",
        "https://qualitycountscleaning.com/wp-content/plugins/super-forms/uploads/php/files/33b79bacd41fe49d6264b021eddae662/28065928304.pdf"
    ],
    "regex_urls": [
        "https",
        "https",
        "http://agcslohian.com/userfiles/file/sajuzuwiku.pdf",
        "http://minuspk.ru/minuspk.ru/userfiles/file/62921823453.pdf",
        "http://augustaelectricalwork.com/editorData/file/70787727662.pdf",
        "https",
        "https",
        "https",
        "http://shangrilayunnan.com/ckfinder/userfiles/files/40956240761.pdf",
        "http://frederickfollows.co.uk/wp-content/plugins/formcraft/file-upload/server/content/files/16077a3f5b9415---zebenamesuzujej.pdf",
        "https",
        "http://ramenzoni.eu/userfiles/files/93293048268.pdf",
        "https",
        "https",
        "www.webhisto.com.tr/wp-content/plugins/formcraft/file-upload/server/content/files/160ddff2094e64---92609575833.pdf",
        "http://aftckwt.com/uploads/file/timimutojuperojibisosizig.pdf",
        "https",
        "http://mundori.com/js/ckfinder/userfiles/files/kojodubisusojolutixori.pdf",
        "http://sarljarry.fr/userfiles/file/3586744229.pdf",
        "http://toyotarent.kr/FileData/ckfinder/files/20210621_328452BA724AEC4F.pdf",
        "https",
        "http://minutemen-jrotc.com/clients/84940/File/6288239151.pdf",
        "http://kioskcondoweb.wpengine.com/wp-content/plugins/formcraft/file-upload/server/content/files/16082608e16f3c---dajavufiwuvix.pdf",
        "http://www.nowsingapore.co.id/wp-content/plugins/formcraft/file-upload/server/content/files/1607f656ad289f---25140308631.pdf",
        "https",
        "http://www.w3.org/1999/02/22-rdf-syntax-ns#",
        "http://purl.org/dc/elements/1.1/",
        "http://ns.adobe.com/pdf/1.3/",
        "http://ns.adobe.com/xap/1.0/",
        "http://ns.adobe.com/xap/1.0/mm/",
        "http://ns.adobe.com/xap/1.0/rights/"
    ],
    "scripts": {
        "iframe": [],
        "urls": []
    },
    "static_properties": {
        "JBIG2Decode": "0",
        "XML_forms": "0",
        "acro_form": "0",
        "auto_action": "0",
        "colors": "0",
        "cross_reference_table": "2",
        "embedded_files": "0",
        "file_size": "77",
        "java_script": "0",
        "js": "0",
        "launch_action": "0",
        "object_end": "65",
        "object_start": "65",
        "object_streams": "0",
        "open_action": "0",
        "page_count": "2",
        "rich_media": "0",
        "start_cross_reference_table": "2",
        "stream_end": "13",
        "stream_start": "13",
        "trailer_dictionary": "2"
    },
    "yara_signatures": [
        "without_attachments",
        "without_images",
        "with_urls",
        "invalid_trailer_structure",
        "multiple_versions",
        "contentis_base64",
        "Big_Numbers1"
    ]
}