{
    "exif_signatures": {},
    "file_size": 393618,
    "pdfid_signatures": {},
    "pypdf_uris": [
        "https://philabc.ru/uplcv?utm_term=excel+template+project+plan+gantt",
        "https://bloodyoffice-dotrollsecure-com.budapestunderguide.com/upload/userfiles/file/pazekamiw.pdf",
        "http://lacasedescaraibes.fr/file/xusuzuval.pdf",
        "https://groupekineconcept.com/userfiles/file/91559729568.pdf",
        "http://professional-tuner.at/uploaded/file/41395085373.pdf",
        "http://pay2pay.net/upload/file/vonedowufoju.pdf",
        "http://concilianavarra.com/userfiles/files/piwewejobikovomuwekeju.pdf",
        "https://conexusinternational.com/ckfinder/userfiles/file/73693599373.pdf",
        "https://k-newsletter.com/ckupload/files/11150187606.pdf",
        "http://diencongnghiepvohoang.com/uploads/files/tizalokepituratupojuginen.pdf",
        "http://arquivolta.net/files/36422168082.pdf",
        "https://bibonatura.hu/ckfinder/userfiles/files/sovomepiremetomagez.pdf",
        "http://www.salda.lt/saldus/kcfinder/upload/files/karurexibizaxuxexiweb.pdf",
        "https://emergent-partners.com/wp-content/plugins/formcraft/file-upload/server/content/files/161a21fc47ae45---kupafazalodilutavonabad.pdf",
        "https://rizecanreklam.com/images/file/jipalupelanor.pdf",
        "https://dewalt-naradi.cz/media/upload/editor/file/29141628373.pdf",
        "http://www.naraihillgolf.com/admin/userfiles/file/damipuwazitepu.pdf",
        "https://arte-salon.ru/upload_picture/28089347007.pdf",
        "http://hemeringen.de/ckeditor_ablage/userfiles/files/22984738505.pdf",
        "http://www.farparts.cl/wp-content/plugins/formcraft/file-upload/server/content/files/1614d92e52b9d3---49826150183.pdf",
        "http://currycornersugarland.com/admin/images/file/xorawogofowudobilo.pdf",
        "https://impeka.lt/components/com_mijoshop/opencart/image/data/files/mufasu.pdf",
        "http://bangdientunhk.com/upload/files/pifukero.pdf",
        "http://www.findvoters.com/userfiles/file/mefibexitupatolo.pdf",
        "http://www.everhouse.lt/wp-content/plugins/formcraft/file-upload/server/content/files/16142d1a73127a---silorigusagebutanebaxe.pdf",
        "https://www.cuadernosmanchegos.com/panel/cuadrodemandos/assets/ckeditor/kcfinder/upload/files/89119885903.pdf",
        "https://www.simcoerecovery.net/wp-content/plugins/super-forms/uploads/php/files/ik9k3c04sq7jrq2cpjq28mrbqc/85587896277.pdf",
        "https://presstone.hu/userfiles/file/wewara.pdf",
        "http://donovaly-ubytovanie-safran.sk/web/userfiles/file/6604560554.pdf",
        "http://astmasme.com/userData/board/file/32885453831.pdf",
        "http://ikhmongol.mn/ckfinder/userfiles/files/59422527048.pdf",
        "http://form4concrete.ru/pics/cont/file/83226011180.pdf",
        "http://bualuang101.com/backoffice/upload/files/toluwimufagajasele.pdf",
        "http://abdobson-new.simplywebeditor.com/site-uploads/21803571822.pdf",
        "http://mayinmaunhat.com/upload/files/fupepogimojata.pdf",
        "http://naim.naparts.com/images/fck/file/remizukakurulutobesajewo.pdf",
        "https://starfoil-mail.nl/uploads/wysiwyg/55427723070.pdf",
        "http://telefoonindex.nl/images/uploads/zuxikaxijan.pdf"
    ],
    "regex_uris": [
        "https://philabc.ru/uplcv?utm_term=excel+template+project+plan+gantt",
        "https://bloodyoffice-dotrollsecure-com.budapestunderguide.com/upload/userfiles/file/pazekamiw.pdf",
        "http://lacasedescaraibes.fr/file/xusuzuval.pdf",
        "https://groupekineconcept.com/userfiles/file/91559729568.pdf",
        "http://professional-tuner.at/uploaded/file/41395085373.pdf",
        "http://pay2pay.net/upload/file/vonedowufoju.pdf",
        "http://concilianavarra.com/userfiles/files/piwewejobikovomuwekeju.pdf",
        "https://conexusinternational.com/ckfinder/userfiles/file/73693599373.pdf",
        "https://k-newsletter.com/ckupload/files/11150187606.pdf",
        "http://diencongnghiepvohoang.com/uploads/files/tizalokepituratupojuginen.pdf",
        "http://arquivolta.net/files/36422168082.pdf",
        "https://bibonatura.hu/ckfinder/userfiles/files/sovomepiremetomagez.pdf",
        "http://www.salda.lt/saldus/kcfinder/upload/files/karurexibizaxuxexiweb.pdf",
        "https://emergent-partners.com/wp-content/plugins/formcraft/file-upload/server/content/files/161a21fc47ae45---kupafazalodilutavonabad.pdf",
        "https://rizecanreklam.com/images/file/jipalupelanor.pdf",
        "https://dewalt-naradi.cz/media/upload/editor/file/29141628373.pdf",
        "http://www.naraihillgolf.com/admin/userfiles/file/damipuwazitepu.pdf",
        "https://arte-salon.ru/upload_picture/28089347007.pdf",
        "http://hemeringen.de/ckeditor_ablage/userfiles/files/22984738505.pdf",
        "http://www.farparts.cl/wp-content/plugins/formcraft/file-upload/server/content/files/1614d92e52b9d3---49826150183.pdf",
        "http://currycornersugarland.com/admin/images/file/xorawogofowudobilo.pdf",
        "https://impeka.lt/components/com_mijoshop/opencart/image/data/files/mufasu.pdf",
        "http://bangdientunhk.com/upload/files/pifukero.pdf",
        "http://www.findvoters.com/userfiles/file/mefibexitupatolo.pdf",
        "http://www.everhouse.lt/wp-content/plugins/formcraft/file-upload/server/content/files/16142d1a73127a---silorigusagebutanebaxe.pdf",
        "https://www.cuadernosmanchegos.com/panel/cuadrodemandos/assets/ckeditor/kcfinder/upload/files/89119885903.pdf",
        "https://www.simcoerecovery.net/wp-content/plugins/super-forms/uploads/php/files/ik9k3c04sq7jrq2cpjq28mrbqc/85587896277.pdf",
        "https://presstone.hu/userfiles/file/wewara.pdf",
        "http://donovaly-ubytovanie-safran.sk/web/userfiles/file/6604560554.pdf",
        "http://astmasme.com/userData/board/file/32885453831.pdf",
        "http://ikhmongol.mn/ckfinder/userfiles/files/59422527048.pdf",
        "http://form4concrete.ru/pics/cont/file/83226011180.pdf",
        "http://bualuang101.com/backoffice/upload/files/toluwimufagajasele.pdf",
        "http://abdobson-new.simplywebeditor.com/site-uploads/21803571822.pdf",
        "http://mayinmaunhat.com/upload/files/fupepogimojata.pdf",
        "http://naim.naparts.com/images/fck/file/remizukakurulutobesajewo.pdf",
        "https://starfoil-mail.nl/uploads/wysiwyg/55427723070.pdf",
        "http://telefoonindex.nl/images/uploads/zuxikaxijan.pdf"
    ],
    "regex_urls": [
        "https",
        "https",
        "http://lacasedescaraibes.fr/file/xusuzuval.pdf",
        "https",
        "http://professional-tuner.at/uploaded/file/41395085373.pdf",
        "http://pay2pay.net/upload/file/vonedowufoju.pdf",
        "http://concilianavarra.com/userfiles/files/piwewejobikovomuwekeju.pdf",
        "https",
        "https",
        "http://diencongnghiepvohoang.com/uploads/files/tizalokepituratupojuginen.pdf",
        "http://arquivolta.net/files/36422168082.pdf",
        "https",
        "http://www.salda.lt/saldus/kcfinder/upload/files/karurexibizaxuxexiweb.pdf",
        "https",
        "https",
        "https",
        "http://www.naraihillgolf.com/admin/userfiles/file/damipuwazitepu.pdf",
        "https",
        "http://hemeringen.de/ckeditor_ablage/userfiles/files/22984738505.pdf",
        "http://www.farparts.cl/wp-content/plugins/formcraft/file-upload/server/content/files/1614d92e52b9d3---49826150183.pdf",
        "http://currycornersugarland.com/admin/images/file/xorawogofowudobilo.pdf",
        "https",
        "http://bangdientunhk.com/upload/files/pifukero.pdf",
        "http://www.findvoters.com/userfiles/file/mefibexitupatolo.pdf",
        "http://www.everhouse.lt/wp-content/plugins/formcraft/file-upload/server/content/files/16142d1a73127a---silorigusagebutanebaxe.pdf",
        "https",
        "www.cuadernosmanchegos.com/panel/cuadrodemandos/assets/ckeditor/kcfinder/upload/files/89119885903.pdf",
        "https",
        "www.simcoerecovery.net/wp-content/plugins/super-forms/uploads/php/files/ik9k3c04sq7jrq2cpjq28mrbqc/85587896277.pdf",
        "https",
        "http://donovaly-ubytovanie-safran.sk/web/userfiles/file/6604560554.pdf",
        "http://astmasme.com/userData/board/file/32885453831.pdf",
        "http://ikhmongol.mn/ckfinder/userfiles/files/59422527048.pdf",
        "http://form4concrete.ru/pics/cont/file/83226011180.pdf",
        "http://bualuang101.com/backoffice/upload/files/toluwimufagajasele.pdf",
        "http://abdobson-new.simplywebeditor.com/site-uploads/21803571822.pdf",
        "http://mayinmaunhat.com/upload/files/fupepogimojata.pdf",
        "http://naim.naparts.com/images/fck/file/remizukakurulutobesajewo.pdf",
        "https",
        "http://telefoonindex.nl/images/uploads/zuxikaxijan.pdf",
        "http://www.w3.org/1999/02/22-rdf-syntax-ns#",
        "http://purl.org/dc/elements/1.1/",
        "http://ns.adobe.com/pdf/1.3/",
        "http://ns.adobe.com/xap/1.0/",
        "http://ns.adobe.com/xap/1.0/mm/",
        "http://ns.adobe.com/xap/1.0/rights/"
    ],
    "scripts": {
        "iframe": [],
        "urls": []
    },
    "static_properties": {
        "JBIG2Decode": "0",
        "XML_forms": "0",
        "acro_form": "0",
        "auto_action": "0",
        "colors": "0",
        "cross_reference_table": "2",
        "embedded_files": "0",
        "file_size": "394",
        "java_script": "0",
        "js": "0",
        "launch_action": "0",
        "object_end": "99",
        "object_start": "99",
        "object_streams": "0",
        "open_action": "0",
        "page_count": "4",
        "rich_media": "0",
        "start_cross_reference_table": "2",
        "stream_end": "20",
        "stream_start": "20",
        "trailer_dictionary": "2"
    },
    "yara_signatures": [
        "without_attachments",
        "without_images",
        "with_urls",
        "invalid_trailer_structure",
        "multiple_versions",
        "contentis_base64"
    ]
}