{
    "exif_signatures": {},
    "file_size": 37202,
    "pdfid_signatures": {},
    "pypdf_uris": [
        "http://netcdn.co/app/431946152/free-robux-generators-no-human-verification-2021-game-hack",
        "http://netcdn.co/app/431946152/free-robux-generators-no-human-verification-2021-game-hack",
        "https://www.ferraroni.net/public/risorse/ck/files/coin-master-free-spin-27_GM406889139.pdf",
        "https://www.ferraroni.net/public/risorse/ck/files/how-to-hack-into-roblox-to-get-robux_GM431946152.pdf",
        "https://www.ferraroni.net/public/risorse/ck/files/coin-master-pc-hack-tool_GM406889139.pdf",
        "https://www.ferraroni.net/public/risorse/ck/files/free-spins-on-coin-master-2021_GM406889139.pdf",
        "https://www.ferraroni.net/public/risorse/ck/files/coin-master-daily-free-spins-link-today-facebook_GM406889139.pdf",
        "https://www.ferraroni.net/public/risorse/ck/files/how-to-get-free-cards-in-coin-master_GM406889139.pdf",
        "https://www.ferraroni.net/public/risorse/ck/files/coin-master-hack-online-no-human-verification_GM406889139.pdf",
        "https://www.ferraroni.net/public/risorse/ck/files/roblox-no-download-hack_GM431946152.pdf",
        "https://www.ferraroni.net/public/risorse/ck/files/robloxmatchcom-free-robux_GM431946152.pdf",
        "https://www.ferraroni.net/public/risorse/ck/files/how-to-get-free-robux-in-roblox-2021_GM431946152.pdf",
        "https://www.ferraroni.net/public/risorse/ck/files/free-robux-promo-codes_GM431946152.pdf",
        "https://www.ferraroni.net/public/risorse/ck/files/how-to-get-free-robux-easy_GM431946152.pdf",
        "https://www.ferraroni.net/public/risorse/ck/files/android-coin-master-hack_GM406889139.pdf",
        "https://www.ferraroni.net/public/risorse/ck/files/roblox-cheat-codes-for-robux-2021-on-tablet_GM431946152.pdf",
        "https://www.ferraroni.net/public/risorse/ck/files/coin-master-free-coins-and-spins-app_GM406889139.pdf",
        "https://www.ferraroni.net/public/risorse/ck/files/roblox-bloxburg-hack_GM431946152.pdf",
        "https://www.ferraroni.net/public/risorse/ck/files/coin-master-free-daily-spins_GM406889139.pdf",
        "https://www.ferraroni.net/public/risorse/ck/files/claim-free-robux_GM431946152.pdf",
        "https://www.ferraroni.net/public/risorse/ck/files/coin-master-hack-apk-ios_GM406889139.pdf",
        "https://www.ferraroni.net/public/risorse/ck/files/claim-free-spins-coin-master_GM406889139.pdf"
    ],
    "regex_uris": [
        "http://netcdn.co/app/431946152/free-robux-generators-no-human-verification-2021-game-hack",
        "http://netcdn.co/app/431946152/free-robux-generators-no-human-verification-2021-game-hack",
        "https://www.ferraroni.net/public/risorse/ck/files/coin-master-free-spin-27_GM406889139.pdf",
        "https://www.ferraroni.net/public/risorse/ck/files/how-to-hack-into-roblox-to-get-robux_GM431946152.pdf",
        "https://www.ferraroni.net/public/risorse/ck/files/coin-master-pc-hack-tool_GM406889139.pdf",
        "https://www.ferraroni.net/public/risorse/ck/files/free-spins-on-coin-master-2021_GM406889139.pdf",
        "https://www.ferraroni.net/public/risorse/ck/files/coin-master-daily-free-spins-link-today-facebook_GM406889139.pdf",
        "https://www.ferraroni.net/public/risorse/ck/files/how-to-get-free-cards-in-coin-master_GM406889139.pdf",
        "https://www.ferraroni.net/public/risorse/ck/files/coin-master-hack-online-no-human-verification_GM406889139.pdf",
        "https://www.ferraroni.net/public/risorse/ck/files/roblox-no-download-hack_GM431946152.pdf",
        "https://www.ferraroni.net/public/risorse/ck/files/robloxmatchcom-free-robux_GM431946152.pdf",
        "https://www.ferraroni.net/public/risorse/ck/files/how-to-get-free-robux-in-roblox-2021_GM431946152.pdf",
        "https://www.ferraroni.net/public/risorse/ck/files/free-robux-promo-codes_GM431946152.pdf",
        "https://www.ferraroni.net/public/risorse/ck/files/how-to-get-free-robux-easy_GM431946152.pdf",
        "https://www.ferraroni.net/public/risorse/ck/files/android-coin-master-hack_GM406889139.pdf",
        "https://www.ferraroni.net/public/risorse/ck/files/roblox-cheat-codes-for-robux-2021-on-tablet_GM431946152.pdf",
        "https://www.ferraroni.net/public/risorse/ck/files/coin-master-free-coins-and-spins-app_GM406889139.pdf",
        "https://www.ferraroni.net/public/risorse/ck/files/roblox-bloxburg-hack_GM431946152.pdf",
        "https://www.ferraroni.net/public/risorse/ck/files/coin-master-free-daily-spins_GM406889139.pdf",
        "https://www.ferraroni.net/public/risorse/ck/files/claim-free-robux_GM431946152.pdf",
        "https://www.ferraroni.net/public/risorse/ck/files/coin-master-hack-apk-ios_GM406889139.pdf",
        "https://www.ferraroni.net/public/risorse/ck/files/claim-free-spins-coin-master_GM406889139.pdf"
    ],
    "regex_urls": [
        "http://netcdn.co/app/431946152/free-robux-generators-no-human-verification-2021-game-hack",
        "http://netcdn.co/app/431946152/free-robux-generators-no-human-verification-2021-game-hack",
        "https",
        "www.ferraroni.net/public/risorse/ck/files/coin-master-free-spin-27_GM406889139.pdf",
        "https",
        "www.ferraroni.net/public/risorse/ck/files/how-to-hack-into-roblox-to-get-robux_GM431946152.pdf",
        "https",
        "www.ferraroni.net/public/risorse/ck/files/coin-master-pc-hack-tool_GM406889139.pdf",
        "https",
        "www.ferraroni.net/public/risorse/ck/files/free-spins-on-coin-master-2021_GM406889139.pdf",
        "https",
        "www.ferraroni.net/public/risorse/ck/files/coin-master-daily-free-spins-link-today-facebook_GM406889139.pdf",
        "https",
        "www.ferraroni.net/public/risorse/ck/files/how-to-get-free-cards-in-coin-master_GM406889139.pdf",
        "https",
        "www.ferraroni.net/public/risorse/ck/files/coin-master-hack-online-no-human-verification_GM406889139.pdf",
        "https",
        "www.ferraroni.net/public/risorse/ck/files/roblox-no-download-hack_GM431946152.pdf",
        "https",
        "www.ferraroni.net/public/risorse/ck/files/robloxmatchcom-free-robux_GM431946152.pdf",
        "https",
        "www.ferraroni.net/public/risorse/ck/files/how-to-get-free-robux-in-roblox-2021_GM431946152.pdf",
        "https",
        "www.ferraroni.net/public/risorse/ck/files/free-robux-promo-codes_GM431946152.pdf",
        "https",
        "www.ferraroni.net/public/risorse/ck/files/how-to-get-free-robux-easy_GM431946152.pdf",
        "https",
        "www.ferraroni.net/public/risorse/ck/files/android-coin-master-hack_GM406889139.pdf",
        "https",
        "www.ferraroni.net/public/risorse/ck/files/roblox-cheat-codes-for-robux-2021-on-tablet_GM431946152.pdf",
        "https",
        "www.ferraroni.net/public/risorse/ck/files/coin-master-free-coins-and-spins-app_GM406889139.pdf",
        "https",
        "www.ferraroni.net/public/risorse/ck/files/roblox-bloxburg-hack_GM431946152.pdf",
        "https",
        "www.ferraroni.net/public/risorse/ck/files/coin-master-free-daily-spins_GM406889139.pdf",
        "https",
        "www.ferraroni.net/public/risorse/ck/files/claim-free-robux_GM431946152.pdf",
        "https",
        "www.ferraroni.net/public/risorse/ck/files/coin-master-hack-apk-ios_GM406889139.pdf",
        "https",
        "www.ferraroni.net/public/risorse/ck/files/claim-free-spins-coin-master_GM406889139.pdf"
    ],
    "scripts": {
        "iframe": [],
        "urls": []
    },
    "static_properties": {
        "JBIG2Decode": "0",
        "XML_forms": "0",
        "acro_form": "0",
        "auto_action": "0",
        "colors": "0",
        "cross_reference_table": "1",
        "embedded_files": "0",
        "file_size": "37",
        "java_script": "0",
        "js": "0",
        "launch_action": "0",
        "object_end": "55",
        "object_start": "55",
        "object_streams": "0",
        "open_action": "0",
        "page_count": "2",
        "rich_media": "0",
        "start_cross_reference_table": "1",
        "stream_end": "6",
        "stream_start": "6",
        "trailer_dictionary": "1"
    },
    "yara_signatures": [
        "without_attachments",
        "without_images",
        "with_urls",
        "invalid_trailer_structure",
        "contentis_base64"
    ]
}