{
    "exif_signatures": {},
    "file_size": 43506,
    "pdfid_signatures": {},
    "pypdf_uris": [
        "https://netcdn.xyz/app/431946152/how-to-get-free-robux-no-human-verification-game-hack",
        "https://netcdn.xyz/app/431946152/how-to-get-free-robux-no-human-verification-game-hack",
        "http://ggmtc.net/userfiles/files/minecraft-windows-10-free-code_GM479516143.pdf",
        "http://ggmtc.net/userfiles/files/coin-master-hack-apk-app_GM406889139.pdf",
        "http://ggmtc.net/userfiles/files/free-spin-in-coin-master_GM406889139.pdf",
        "http://ggmtc.net/userfiles/files/minecraft-116-apk-download_GM479516143.pdf",
        "http://ggmtc.net/userfiles/files/best-free-roblox-outfits_GM431946152.pdf",
        "http://ggmtc.net/userfiles/files/coin-master-jackpot-hack_GM406889139.pdf",
        "http://ggmtc.net/userfiles/files/roblox-robux-generator-no-human-verification_GM431946152.pdf",
        "http://ggmtc.net/userfiles/files/coin-master-hack-download-2021_GM406889139.pdf",
        "http://ggmtc.net/userfiles/files/how-to-get-minecraft-for-free-on-ps4-2021_GM479516143.pdf",
        "http://ggmtc.net/userfiles/files/coin-master-apk-hacked-3526_GM406889139.pdf",
        "http://ggmtc.net/userfiles/files/roblox-svg-free_GM431946152.pdf",
        "http://ggmtc.net/userfiles/files/robux-gift-card-free_GM431946152.pdf",
        "http://ggmtc.net/userfiles/files/hack-coin-master-spin-apk_GM406889139.pdf",
        "http://ggmtc.net/userfiles/files/coin-master-hack-tool-no-survey_GM406889139.pdf",
        "http://ggmtc.net/userfiles/files/earn-robux-online_GM431946152.pdf",
        "http://ggmtc.net/userfiles/files/coin-master-free-spin-link-today-2021_GM406889139.pdf",
        "http://ggmtc.net/userfiles/files/minecraft-windows-10-code-free_GM479516143.pdf",
        "http://ggmtc.net/userfiles/files/how-to-get-free-cards-for-coin-master_GM406889139.pdf",
        "http://ggmtc.net/userfiles/files/free-robux-generator-no-verification-2021_GM431946152.pdf",
        "http://ggmtc.net/userfiles/files/gamehunters-coin-master_GM406889139.pdf"
    ],
    "regex_uris": [
        "https://netcdn.xyz/app/431946152/how-to-get-free-robux-no-human-verification-game-hack",
        "https://netcdn.xyz/app/431946152/how-to-get-free-robux-no-human-verification-game-hack",
        "http://ggmtc.net/userfiles/files/minecraft-windows-10-free-code_GM479516143.pdf",
        "http://ggmtc.net/userfiles/files/coin-master-hack-apk-app_GM406889139.pdf",
        "http://ggmtc.net/userfiles/files/free-spin-in-coin-master_GM406889139.pdf",
        "http://ggmtc.net/userfiles/files/minecraft-116-apk-download_GM479516143.pdf",
        "http://ggmtc.net/userfiles/files/best-free-roblox-outfits_GM431946152.pdf",
        "http://ggmtc.net/userfiles/files/coin-master-jackpot-hack_GM406889139.pdf",
        "http://ggmtc.net/userfiles/files/roblox-robux-generator-no-human-verification_GM431946152.pdf",
        "http://ggmtc.net/userfiles/files/coin-master-hack-download-2021_GM406889139.pdf",
        "http://ggmtc.net/userfiles/files/how-to-get-minecraft-for-free-on-ps4-2021_GM479516143.pdf",
        "http://ggmtc.net/userfiles/files/coin-master-apk-hacked-3526_GM406889139.pdf",
        "http://ggmtc.net/userfiles/files/roblox-svg-free_GM431946152.pdf",
        "http://ggmtc.net/userfiles/files/robux-gift-card-free_GM431946152.pdf",
        "http://ggmtc.net/userfiles/files/hack-coin-master-spin-apk_GM406889139.pdf",
        "http://ggmtc.net/userfiles/files/coin-master-hack-tool-no-survey_GM406889139.pdf",
        "http://ggmtc.net/userfiles/files/earn-robux-online_GM431946152.pdf",
        "http://ggmtc.net/userfiles/files/coin-master-free-spin-link-today-2021_GM406889139.pdf",
        "http://ggmtc.net/userfiles/files/minecraft-windows-10-code-free_GM479516143.pdf",
        "http://ggmtc.net/userfiles/files/how-to-get-free-cards-for-coin-master_GM406889139.pdf",
        "http://ggmtc.net/userfiles/files/free-robux-generator-no-verification-2021_GM431946152.pdf",
        "http://ggmtc.net/userfiles/files/gamehunters-coin-master_GM406889139.pdf"
    ],
    "regex_urls": [
        "https",
        "https",
        "http://ggmtc.net/userfiles/files/minecraft-windows-10-free-code_GM479516143.pdf",
        "http://ggmtc.net/userfiles/files/coin-master-hack-apk-app_GM406889139.pdf",
        "http://ggmtc.net/userfiles/files/free-spin-in-coin-master_GM406889139.pdf",
        "http://ggmtc.net/userfiles/files/minecraft-116-apk-download_GM479516143.pdf",
        "http://ggmtc.net/userfiles/files/best-free-roblox-outfits_GM431946152.pdf",
        "http://ggmtc.net/userfiles/files/coin-master-jackpot-hack_GM406889139.pdf",
        "http://ggmtc.net/userfiles/files/roblox-robux-generator-no-human-verification_GM431946152.pdf",
        "http://ggmtc.net/userfiles/files/coin-master-hack-download-2021_GM406889139.pdf",
        "http://ggmtc.net/userfiles/files/how-to-get-minecraft-for-free-on-ps4-2021_GM479516143.pdf",
        "http://ggmtc.net/userfiles/files/coin-master-apk-hacked-3526_GM406889139.pdf",
        "http://ggmtc.net/userfiles/files/roblox-svg-free_GM431946152.pdf",
        "http://ggmtc.net/userfiles/files/robux-gift-card-free_GM431946152.pdf",
        "http://ggmtc.net/userfiles/files/hack-coin-master-spin-apk_GM406889139.pdf",
        "http://ggmtc.net/userfiles/files/coin-master-hack-tool-no-survey_GM406889139.pdf",
        "http://ggmtc.net/userfiles/files/earn-robux-online_GM431946152.pdf",
        "http://ggmtc.net/userfiles/files/coin-master-free-spin-link-today-2021_GM406889139.pdf",
        "http://ggmtc.net/userfiles/files/minecraft-windows-10-code-free_GM479516143.pdf",
        "http://ggmtc.net/userfiles/files/how-to-get-free-cards-for-coin-master_GM406889139.pdf",
        "http://ggmtc.net/userfiles/files/free-robux-generator-no-verification-2021_GM431946152.pdf",
        "http://ggmtc.net/userfiles/files/gamehunters-coin-master_GM406889139.pdf"
    ],
    "scripts": {
        "iframe": [],
        "urls": []
    },
    "static_properties": {
        "JBIG2Decode": "0",
        "XML_forms": "0",
        "acro_form": "0",
        "auto_action": "0",
        "colors": "0",
        "cross_reference_table": "1",
        "embedded_files": "0",
        "file_size": "44",
        "java_script": "0",
        "js": "0",
        "launch_action": "0",
        "object_end": "60",
        "object_start": "60",
        "object_streams": "0",
        "open_action": "0",
        "page_count": "3",
        "rich_media": "0",
        "start_cross_reference_table": "1",
        "stream_end": "7",
        "stream_start": "7",
        "trailer_dictionary": "1"
    },
    "yara_signatures": [
        "without_attachments",
        "without_images",
        "with_urls",
        "invalid_trailer_structure",
        "contentis_base64"
    ]
}