{
    "exif_signatures": {},
    "file_size": 88929,
    "pdfid_signatures": {},
    "pypdf_uris": [
        "http://getpdf.pw/book?res=123&isbn=9781788638005&kwd=The%20Dangerous%20Years",
        "http://getpdf.pw/book?res=123&isbn=9781788638005&kwd=The%20Dangerous%20Years",
        "https://static.s123-cdn-static.com/uploads/4650513/normal_61ab406ed5041.pdf"
    ],
    "regex_uris": [
        "http://getpdf.pw/book?res=123&isbn=9781788638005&kwd=The%20Dangerous%20Years",
        "http://getpdf.pw/book?res=123&isbn=9781788638005&kwd=The%20Dangerous%20Years",
        "https://static.s123-cdn-static.com/uploads/4650513/normal_61ab406ed5041.pdf"
    ],
    "regex_urls": [
        "http://getpdf.pw/book?res=123",
        "http://getpdf.pw/book?res=123",
        "https"
    ],
    "scripts": {
        "iframe": [],
        "urls": []
    },
    "static_properties": {
        "JBIG2Decode": "0",
        "XML_forms": "0",
        "acro_form": "0",
        "auto_action": "0",
        "colors": "0",
        "cross_reference_table": "1",
        "embedded_files": "0",
        "file_size": "89",
        "java_script": "0",
        "js": "0",
        "launch_action": "0",
        "object_end": "58",
        "object_start": "58",
        "object_streams": "0",
        "open_action": "0",
        "page_count": "4",
        "rich_media": "0",
        "start_cross_reference_table": "1",
        "stream_end": "11",
        "stream_start": "11",
        "trailer_dictionary": "1"
    },
    "yara_signatures": [
        "without_attachments",
        "without_images",
        "with_urls",
        "invalid_trailer_structure",
        "contentis_base64"
    ]
}