{
    "exif_signatures": {},
    "file_size": 36564,
    "pdfid_signatures": {},
    "pypdf_uris": [
        "http://netcdn.tw/app/406889139/haktuts-free-spins-game-hack",
        "http://netcdn.tw/app/406889139/haktuts-free-spins-game-hack",
        "https://www.tvoyo.tv/ckfinder/userfiles/files/how-to-get-free-robux-2021-no-verification_GM431946152.pdf",
        "https://www.tvoyo.tv/ckfinder/userfiles/files/how-to-hack-into-people-in-roblox_GM431946152.pdf",
        "https://www.tvoyo.tv/ckfinder/userfiles/files/roblox-cheat-codes-for-robux-2021-on-tablet_GM431946152.pdf",
        "https://www.tvoyo.tv/ckfinder/userfiles/files/where-to-get-robux_GM431946152.pdf",
        "https://www.tvoyo.tv/ckfinder/userfiles/files/ben-10-cheats-roblox_GM431946152.pdf",
        "https://www.tvoyo.tv/ckfinder/userfiles/files/discord-server-roblox-hacking-community_GM431946152.pdf",
        "https://www.tvoyo.tv/ckfinder/userfiles/files/viper-venom-roblox-hacks-sword-simulator_GM431946152.pdf",
        "https://www.tvoyo.tv/ckfinder/userfiles/files/how-to-get-free-shards-without-robux-on-shard-seekers_GM431946152.pdf",
        "https://www.tvoyo.tv/ckfinder/userfiles/files/roblox-music-cheat-codes_GM431946152.pdf",
        "https://www.tvoyo.tv/ckfinder/userfiles/files/free-coin-master-gift-link_GM406889139.pdf",
        "https://www.tvoyo.tv/ckfinder/userfiles/files/how-do-you-get-free-food-in-coin-master_GM406889139.pdf",
        "https://www.tvoyo.tv/ckfinder/userfiles/files/is-minecraft-realms-free_GM479516143.pdf",
        "https://www.tvoyo.tv/ckfinder/userfiles/files/how-to-get-free-clothes-on-roblox-2021_GM431946152.pdf",
        "https://www.tvoyo.tv/ckfinder/userfiles/files/roblox-hacked-com-2021_GM431946152.pdf",
        "https://www.tvoyo.tv/ckfinder/userfiles/files/free-spin-coin-master-2021-link_GM406889139.pdf",
        "https://www.tvoyo.tv/ckfinder/userfiles/files/free-robux-generator-com-roblox-hack_GM431946152.pdf",
        "https://www.tvoyo.tv/ckfinder/userfiles/files/minecraft-pe-hacked-client-download_GM479516143.pdf",
        "https://www.tvoyo.tv/ckfinder/userfiles/files/daily-free-spins-on-coin-master_GM406889139.pdf",
        "https://www.tvoyo.tv/ckfinder/userfiles/files/hacker-que-banea-e-invisible-roblox_GM431946152.pdf",
        "https://www.tvoyo.tv/ckfinder/userfiles/files/earn-robux-today-hack_GM431946152.pdf"
    ],
    "regex_uris": [
        "http://netcdn.tw/app/406889139/haktuts-free-spins-game-hack",
        "http://netcdn.tw/app/406889139/haktuts-free-spins-game-hack",
        "https://www.tvoyo.tv/ckfinder/userfiles/files/how-to-get-free-robux-2021-no-verification_GM431946152.pdf",
        "https://www.tvoyo.tv/ckfinder/userfiles/files/how-to-hack-into-people-in-roblox_GM431946152.pdf",
        "https://www.tvoyo.tv/ckfinder/userfiles/files/roblox-cheat-codes-for-robux-2021-on-tablet_GM431946152.pdf",
        "https://www.tvoyo.tv/ckfinder/userfiles/files/where-to-get-robux_GM431946152.pdf",
        "https://www.tvoyo.tv/ckfinder/userfiles/files/ben-10-cheats-roblox_GM431946152.pdf",
        "https://www.tvoyo.tv/ckfinder/userfiles/files/discord-server-roblox-hacking-community_GM431946152.pdf",
        "https://www.tvoyo.tv/ckfinder/userfiles/files/viper-venom-roblox-hacks-sword-simulator_GM431946152.pdf",
        "https://www.tvoyo.tv/ckfinder/userfiles/files/how-to-get-free-shards-without-robux-on-shard-seekers_GM431946152.pdf",
        "https://www.tvoyo.tv/ckfinder/userfiles/files/roblox-music-cheat-codes_GM431946152.pdf",
        "https://www.tvoyo.tv/ckfinder/userfiles/files/free-coin-master-gift-link_GM406889139.pdf",
        "https://www.tvoyo.tv/ckfinder/userfiles/files/how-do-you-get-free-food-in-coin-master_GM406889139.pdf",
        "https://www.tvoyo.tv/ckfinder/userfiles/files/is-minecraft-realms-free_GM479516143.pdf",
        "https://www.tvoyo.tv/ckfinder/userfiles/files/how-to-get-free-clothes-on-roblox-2021_GM431946152.pdf",
        "https://www.tvoyo.tv/ckfinder/userfiles/files/roblox-hacked-com-2021_GM431946152.pdf",
        "https://www.tvoyo.tv/ckfinder/userfiles/files/free-spin-coin-master-2021-link_GM406889139.pdf",
        "https://www.tvoyo.tv/ckfinder/userfiles/files/free-robux-generator-com-roblox-hack_GM431946152.pdf",
        "https://www.tvoyo.tv/ckfinder/userfiles/files/minecraft-pe-hacked-client-download_GM479516143.pdf",
        "https://www.tvoyo.tv/ckfinder/userfiles/files/daily-free-spins-on-coin-master_GM406889139.pdf",
        "https://www.tvoyo.tv/ckfinder/userfiles/files/hacker-que-banea-e-invisible-roblox_GM431946152.pdf",
        "https://www.tvoyo.tv/ckfinder/userfiles/files/earn-robux-today-hack_GM431946152.pdf"
    ],
    "regex_urls": [
        "http://netcdn.tw/app/406889139/haktuts-free-spins-game-hack",
        "http://netcdn.tw/app/406889139/haktuts-free-spins-game-hack",
        "https",
        "www.tvoyo.tv/ckfinder/userfiles/files/how-to-get-free-robux-2021-no-verification_GM431946152.pdf",
        "https",
        "www.tvoyo.tv/ckfinder/userfiles/files/how-to-hack-into-people-in-roblox_GM431946152.pdf",
        "https",
        "www.tvoyo.tv/ckfinder/userfiles/files/roblox-cheat-codes-for-robux-2021-on-tablet_GM431946152.pdf",
        "https",
        "www.tvoyo.tv/ckfinder/userfiles/files/where-to-get-robux_GM431946152.pdf",
        "https",
        "www.tvoyo.tv/ckfinder/userfiles/files/ben-10-cheats-roblox_GM431946152.pdf",
        "https",
        "www.tvoyo.tv/ckfinder/userfiles/files/discord-server-roblox-hacking-community_GM431946152.pdf",
        "https",
        "www.tvoyo.tv/ckfinder/userfiles/files/viper-venom-roblox-hacks-sword-simulator_GM431946152.pdf",
        "https",
        "www.tvoyo.tv/ckfinder/userfiles/files/how-to-get-free-shards-without-robux-on-shard-seekers_GM431946152.pdf",
        "https",
        "www.tvoyo.tv/ckfinder/userfiles/files/roblox-music-cheat-codes_GM431946152.pdf",
        "https",
        "www.tvoyo.tv/ckfinder/userfiles/files/free-coin-master-gift-link_GM406889139.pdf",
        "https",
        "www.tvoyo.tv/ckfinder/userfiles/files/how-do-you-get-free-food-in-coin-master_GM406889139.pdf",
        "https",
        "www.tvoyo.tv/ckfinder/userfiles/files/is-minecraft-realms-free_GM479516143.pdf",
        "https",
        "www.tvoyo.tv/ckfinder/userfiles/files/how-to-get-free-clothes-on-roblox-2021_GM431946152.pdf",
        "https",
        "www.tvoyo.tv/ckfinder/userfiles/files/roblox-hacked-com-2021_GM431946152.pdf",
        "https",
        "www.tvoyo.tv/ckfinder/userfiles/files/free-spin-coin-master-2021-link_GM406889139.pdf",
        "https",
        "www.tvoyo.tv/ckfinder/userfiles/files/free-robux-generator-com-roblox-hack_GM431946152.pdf",
        "https",
        "www.tvoyo.tv/ckfinder/userfiles/files/minecraft-pe-hacked-client-download_GM479516143.pdf",
        "https",
        "www.tvoyo.tv/ckfinder/userfiles/files/daily-free-spins-on-coin-master_GM406889139.pdf",
        "https",
        "www.tvoyo.tv/ckfinder/userfiles/files/hacker-que-banea-e-invisible-roblox_GM431946152.pdf",
        "https",
        "www.tvoyo.tv/ckfinder/userfiles/files/earn-robux-today-hack_GM431946152.pdf"
    ],
    "scripts": {
        "iframe": [],
        "urls": []
    },
    "static_properties": {
        "JBIG2Decode": "0",
        "XML_forms": "0",
        "acro_form": "0",
        "auto_action": "0",
        "colors": "0",
        "cross_reference_table": "1",
        "embedded_files": "0",
        "file_size": "37",
        "java_script": "0",
        "js": "0",
        "launch_action": "0",
        "object_end": "55",
        "object_start": "55",
        "object_streams": "0",
        "open_action": "0",
        "page_count": "2",
        "rich_media": "0",
        "start_cross_reference_table": "1",
        "stream_end": "6",
        "stream_start": "6",
        "trailer_dictionary": "1"
    },
    "yara_signatures": [
        "without_attachments",
        "without_images",
        "with_urls",
        "invalid_trailer_structure",
        "contentis_base64"
    ]
}