{
    "exif_signatures": {},
    "file_size": 220563,
    "pdfid_signatures": {},
    "pypdf_uris": [
        "http://tds.advtraff2014.ru/wp1?keyword=%D0%B3%D0%B4%D0%B7+%D0%BF%D0%BE+%D0%BC%D0%B0%D1%82%D0%B5%D0%BC+6+%D0%B4%D0%BE%D1%80%D0%BE%D1%84%D0%B5%D0%B5%D0%B2%D0%B0",
        "https://img1.liveinternet.ru/images/attach/d/0//5921/5921997_dif3dsmaxmobilemodelsfreedownloadhumanfegak.pdf",
        "https://img0.liveinternet.ru/images/attach/d/0//5922/5922580_fomuwedownloadmaniadminplugincounterstrikesourcejatafi.pdf",
        "https://nipefokadojavevilo.files.wordpress.com/2018/04/pipabese-gdz-mordkovich-baza-11-gusekaveripe.pdf",
        "https://pewusogafadac.files.wordpress.com/2018/04/wevoxejatolifi-mozhno-li-sdat-ege-posle-shkoly-wodoropomisi.pdf",
        "https://bofukiqiremodunitaq.files.wordpress.com/2018/04/fujog-gdz-po-angliiskomu-iazyku-za-5-klass-kaufman-2009-giboxes.pdf",
        "https://xafuqaniqehigib.files.wordpress.com/2018/04/pukub-vse-formuly-po-fizike-ege-s-poiasneniiami-wevaguzez.pdf",
        "https://sasikowagekelotopega.files.wordpress.com/2018/04/girasobufeg-gdz-name-po-matematike-5-klass-vilenkin-poviwifovonite.pdf",
        "https://vugumafiq.files.wordpress.com/2018/04/gomefukezowate-ege-po-fizike-2012-god-otvety-zipatadisep.pdf",
        "https://rimucocimoj.files.wordpress.com/2018/04/mulapifamix-gdz-po-biologii-6-klass-rabochaia-tetrad-sonina-megaresheba-lixenazedi.pdf",
        "https://conubobosaqogeriha.files.wordpress.com/2018/04/dunuzikujiwi-gdz-po-russ-iaz-razumovskaia-5-klass-jebevurume.pdf",
        "https://img0.liveinternet.ru/images/attach/d/0//5916/5916231_vajazdownload100freeantivirusavgfullversionforwindows732bitvupan.pdf",
        "https://vohorodiqoha.files.wordpress.com/2018/04/fuzafilagum-reshebnik-po-testam-po-russkomu-iazyku-7-klass-m-p-knigina-2-chast-tavadef.pdf",
        "https://sirasabovivumev.files.wordpress.com/2018/04/lilelofifivaxaj-gdz-po-geografii-konturnye-karty-10-11-klass-maksakovskii-bixototepovil.pdf",
        "https://pepewagibecosu.files.wordpress.com/2018/04/lerewekopij-baranov-obshchestvo-ege-2017-otvety-xezanuta.pdf",
        "https://rijehovapa.files.wordpress.com/2018/04/lujulalazozusuk-praktika-gdz-5-klass-mubasopaziwedak.pdf"
    ],
    "regex_uris": [
        "http://tds.advtraff2014.ru/wp1?keyword=%D0%B3%D0%B4%D0%B7+%D0%BF%D0%BE+%D0%BC%D0%B0%D1%82%D0%B5%D0%BC+6+%D0%B4%D0%BE%D1%80%D0%BE%D1%84%D0%B5%D0%B5%D0%B2%D0%B0",
        "https://img1.liveinternet.ru/images/attach/d/0//5921/5921997_dif3dsmaxmobilemodelsfreedownloadhumanfegak.pdf",
        "https://img0.liveinternet.ru/images/attach/d/0//5922/5922580_fomuwedownloadmaniadminplugincounterstrikesourcejatafi.pdf",
        "https://nipefokadojavevilo.files.wordpress.com/2018/04/pipabese-gdz-mordkovich-baza-11-gusekaveripe.pdf",
        "https://pewusogafadac.files.wordpress.com/2018/04/wevoxejatolifi-mozhno-li-sdat-ege-posle-shkoly-wodoropomisi.pdf",
        "https://bofukiqiremodunitaq.files.wordpress.com/2018/04/fujog-gdz-po-angliiskomu-iazyku-za-5-klass-kaufman-2009-giboxes.pdf",
        "https://xafuqaniqehigib.files.wordpress.com/2018/04/pukub-vse-formuly-po-fizike-ege-s-poiasneniiami-wevaguzez.pdf",
        "https://sasikowagekelotopega.files.wordpress.com/2018/04/girasobufeg-gdz-name-po-matematike-5-klass-vilenkin-poviwifovonite.pdf",
        "https://vugumafiq.files.wordpress.com/2018/04/gomefukezowate-ege-po-fizike-2012-god-otvety-zipatadisep.pdf",
        "https://rimucocimoj.files.wordpress.com/2018/04/mulapifamix-gdz-po-biologii-6-klass-rabochaia-tetrad-sonina-megaresheba-lixenazedi.pdf",
        "https://conubobosaqogeriha.files.wordpress.com/2018/04/dunuzikujiwi-gdz-po-russ-iaz-razumovskaia-5-klass-jebevurume.pdf",
        "https://img0.liveinternet.ru/images/attach/d/0//5916/5916231_vajazdownload100freeantivirusavgfullversionforwindows732bitvupan.pdf",
        "https://vohorodiqoha.files.wordpress.com/2018/04/fuzafilagum-reshebnik-po-testam-po-russkomu-iazyku-7-klass-m-p-knigina-2-chast-tavadef.pdf",
        "https://sirasabovivumev.files.wordpress.com/2018/04/lilelofifivaxaj-gdz-po-geografii-konturnye-karty-10-11-klass-maksakovskii-bixototepovil.pdf",
        "https://pepewagibecosu.files.wordpress.com/2018/04/lerewekopij-baranov-obshchestvo-ege-2017-otvety-xezanuta.pdf",
        "https://rijehovapa.files.wordpress.com/2018/04/lujulalazozusuk-praktika-gdz-5-klass-mubasopaziwedak.pdf"
    ],
    "regex_urls": [
        "http://tds.advtraff2014.ru/wp1?keyword=%D0%B3%D0%B4%D0%B7+%D0%BF%D0%BE+%D0%BC%D0%B0%D1%82%D0%B5%D0%BC+6+%D0%B4%D0%BE%D1%80%D0%BE%D1%84%D0%B5%D0%B5%D0%B2%D0%B0",
        "https",
        "https",
        "https",
        "https",
        "https",
        "https",
        "https",
        "https",
        "https",
        "https",
        "https",
        "https",
        "https",
        "https",
        "https"
    ],
    "scripts": {
        "iframe": [],
        "urls": []
    },
    "static_properties": {
        "JBIG2Decode": "0",
        "XML_forms": "0",
        "acro_form": "0",
        "auto_action": "0",
        "colors": "0",
        "cross_reference_table": "1",
        "embedded_files": "0",
        "file_size": "221",
        "java_script": "0",
        "js": "0",
        "launch_action": "0",
        "object_end": "68",
        "object_start": "68",
        "object_streams": "0",
        "open_action": "0",
        "page_count": "5",
        "rich_media": "0",
        "start_cross_reference_table": "1",
        "stream_end": "12",
        "stream_start": "12",
        "trailer_dictionary": "1"
    },
    "yara_signatures": [
        "without_attachments",
        "without_images",
        "with_urls",
        "invalid_trailer_structure",
        "contentis_base64"
    ]
}