{
    "exif_signatures": {},
    "file_size": 96624,
    "pdfid_signatures": {},
    "pypdf_uris": [
        "http://getpdf.pw/book?res=123&isbn=9781640276857&kwd=The%20Little%20Storm%20Cloud",
        "http://getpdf.pw/book?res=123&isbn=9781640276857&kwd=The%20Little%20Storm%20Cloud",
        "https://static.s123-cdn-static-c.com/uploads/4660519/normal_61af8f2db6937.pdf"
    ],
    "regex_uris": [
        "http://getpdf.pw/book?res=123&isbn=9781640276857&kwd=The%20Little%20Storm%20Cloud",
        "http://getpdf.pw/book?res=123&isbn=9781640276857&kwd=The%20Little%20Storm%20Cloud",
        "https://static.s123-cdn-static-c.com/uploads/4660519/normal_61af8f2db6937.pdf"
    ],
    "regex_urls": [
        "http://getpdf.pw/book?res=123",
        "http://getpdf.pw/book?res=123",
        "https"
    ],
    "scripts": {
        "iframe": [],
        "urls": []
    },
    "static_properties": {
        "JBIG2Decode": "0",
        "XML_forms": "0",
        "acro_form": "0",
        "auto_action": "0",
        "colors": "0",
        "cross_reference_table": "1",
        "embedded_files": "0",
        "file_size": "97",
        "java_script": "0",
        "js": "0",
        "launch_action": "0",
        "object_end": "63",
        "object_start": "63",
        "object_streams": "0",
        "open_action": "0",
        "page_count": "5",
        "rich_media": "0",
        "start_cross_reference_table": "1",
        "stream_end": "12",
        "stream_start": "12",
        "trailer_dictionary": "1"
    },
    "yara_signatures": [
        "without_attachments",
        "without_images",
        "with_urls",
        "invalid_trailer_structure",
        "contentis_base64"
    ]
}