{
    "exif_signatures": {},
    "file_size": 78649,
    "pdfid_signatures": {},
    "pypdf_uris": [
        "http://getpdf.pw/book?res=123&isbn=9781456771393&kwd=The%20Obedient%20Banker%20:%20From%20Bombay%20to%20Beverly%20Hills%20(A%20Revealing%20Insight%20into%20the%20Unusual%20Life%20of%20a%20Colonial%20Banker)",
        "http://getpdf.pw/book?res=123&isbn=9781456771393&kwd=The%20Obedient%20Banker%20:%20From%20Bombay%20to%20Beverly%20Hills%20(A%20Revealing%20Insight%20into%20the%20Unusual%20Life%20of%20a%20Colonial%20Banker)",
        "https://img1.wsimg.com/blobby/go/8a439d17-c7f6-4611-80fc-cf85aa728ccd/the-mindfulness-based-eating-solution-proven-s.pdf",
        "https://static.s123-cdn-static-d.com/uploads/4661384/normal_61afba8d82529.pdf"
    ],
    "regex_uris": [
        "http://getpdf.pw/book?res=123&isbn=9781456771393&kwd=The%20Obedient%20Banker%20:%20From%20Bombay%20to%20Beverly%20Hills%20\\(A%20Revealing%20Insight%20into%20the%20Unusual%20Life%20of%20a%20Colonial%20Banker\\)",
        "http://getpdf.pw/book?res=123&isbn=9781456771393&kwd=The%20Obedient%20Banker%20:%20From%20Bombay%20to%20Beverly%20Hills%20\\(A%20Revealing%20Insight%20into%20the%20Unusual%20Life%20of%20a%20Colonial%20Banker\\)",
        "https://img1.wsimg.com/blobby/go/8a439d17-c7f6-4611-80fc-cf85aa728ccd/the-mindfulness-based-eating-solution-proven-s.pdf",
        "https://static.s123-cdn-static-d.com/uploads/4661384/normal_61afba8d82529.pdf"
    ],
    "regex_urls": [
        "http://getpdf.pw/book?res=123",
        "http://getpdf.pw/book?res=123",
        "https",
        "https"
    ],
    "scripts": {
        "iframe": [],
        "urls": []
    },
    "static_properties": {
        "JBIG2Decode": "0",
        "XML_forms": "0",
        "acro_form": "0",
        "auto_action": "0",
        "colors": "0",
        "cross_reference_table": "1",
        "embedded_files": "0",
        "file_size": "79",
        "java_script": "0",
        "js": "0",
        "launch_action": "0",
        "object_end": "46",
        "object_start": "46",
        "object_streams": "0",
        "open_action": "0",
        "page_count": "3",
        "rich_media": "0",
        "start_cross_reference_table": "1",
        "stream_end": "10",
        "stream_start": "10",
        "trailer_dictionary": "1"
    },
    "yara_signatures": [
        "vmdetect",
        "without_attachments",
        "without_images",
        "with_urls",
        "invalid_trailer_structure",
        "contentis_base64"
    ]
}