{
    "exif_signatures": {},
    "file_size": 364295,
    "pdfid_signatures": {},
    "pypdf_uris": [
        "https://tevav.co.za/XSRYdR1H?utm_term=kiss+live+bootlegs",
        "http://zabbeleecooking.com/ckfinder/userfiles/files/tilipelolokiwodomuf.pdf",
        "https://stabiactiv.com/userfiles/file/nujoxuzinikoke.pdf",
        "http://www.studiolegalefusimorelli.com/wp-content/plugins/formcraft/file-upload/server/content/files/1620d9b01be0f1---93666601112.pdf",
        "https://ladangmimpi.com/contents/files/xetokuveg.pdf",
        "http://hfnhsw.com/upload/files/ludilesoresoputajeje.pdf",
        "http://phanphoiongnhuahoasen.vn/upload/files/wigipiriraverajewi.pdf",
        "https://5points.com.ng/5points-admin/kcfinder/upload/files/88001454192.pdf",
        "http://progressive-auto.ru/app/webroot/js/kcfinder/upload/files/97863265745.pdf",
        "http://sov.tranovice.org/webpagebuilder/ckfinder/userfiles/files/lexikexuwa.pdf",
        "https://grandinhr.eu/images/user/file/tugalilarogamimi.pdf",
        "https://middletonchambers.com/ckfinder/userfiles/files/60837244152.pdf",
        "https://cabsfromheathrow.com/userfiles/file/pukobuzufiduvalud.pdf",
        "http://pebyte.com/wp-content/plugins/super-forms/uploads/php/files/5ae0sjrf7ug7ojv645g4tj0pqc/nekeguxo.pdf",
        "http://bloemenwinkelindex.nl/images/uploads/waxerow.pdf",
        "http://rezervacie.ambio.sk/user_files/files/27943783844.pdf",
        "https://agsposure.org/wp-content/plugins/super-forms/uploads/php/files/be2c560a81f6822534aa0631fec12a6b/levadarawezeri.pdf",
        "https://kecweleri.kendalkab.go.id/kcfinder/upload/files/7905600399.pdf",
        "https://stephankeppel.com/userfiles/file/bulokenitetenusekavewelom.pdf",
        "http://formasrl.com/admin/kcfinder/upload/files/99198901986.pdf",
        "https://profbuhotchet.ru/wp-content/plugins/super-forms/uploads/php/files/6d8caae4f0fd848b9e754a3264013d4d/duzoto.pdf",
        "https://usssecuritate.ro/userfiles/file/94198906120.pdf",
        "https://kaztelcom.kz/ckfinder/userfiles/files/wibunukorilebisi.pdf",
        "https://www.au-holding.ru/kcfinder/upload/files/84394798727.pdf",
        "http://korio-olsztyn.pl/userfiles/file/kukafajozafaboxig.pdf",
        "https://exam11.menapoint.com/app/webroot/upload/files/87725662869.pdf",
        "http://upakuika.com/img/file/wurofurigexim.pdf",
        "http://customartdirect.com/kcfinder/upload/files/13786240671.pdf",
        "http://zxsolar.com/d/files/refipozeletukedovefesutan.pdf",
        "https://licensing-centre.poweredbypaf.com/files/45920977227.pdf",
        "http://smartvoicecom.com/userfiles/30397348080.pdf",
        "http://dongamold.com/fckeditor/upload_files/file/gusajaguwelowilobazut.pdf",
        "http://eurosolar.cz/res/file/ziwer.pdf",
        "http://elcastillotucentrotextil.com/imagenes/contenido/files/wokajigunalubesox.pdf",
        "https://aeronautike.com/userfiles/file/62229705158.pdf",
        "http://bernardthevenet.fr/ckfinder/userfiles/files/94275916769.pdf",
        "https://rocksoliddesigns.biz/userfiles/file/zedulibezi.pdf",
        "https://www.xcelsus.de/wp-content/plugins/formcraft/file-upload/server/content/files/162213d0a47413---zijelubapesolelan.pdf",
        "http://parmalab.it/userfiles/files/40608664854.pdf",
        "http://poltinik.ru/userfiles/file/fukesisejofakubapejiwikam.pdf",
        "https://www.mppoa.cloudlinesystems.com/assets/ckfinder/userfiles/files/9266428259.pdf"
    ],
    "regex_uris": [
        "https://tevav.co.za/XSRYdR1H?utm_term=kiss+live+bootlegs",
        "http://zabbeleecooking.com/ckfinder/userfiles/files/tilipelolokiwodomuf.pdf",
        "https://stabiactiv.com/userfiles/file/nujoxuzinikoke.pdf",
        "http://www.studiolegalefusimorelli.com/wp-content/plugins/formcraft/file-upload/server/content/files/1620d9b01be0f1---93666601112.pdf",
        "https://ladangmimpi.com/contents/files/xetokuveg.pdf",
        "http://hfnhsw.com/upload/files/ludilesoresoputajeje.pdf",
        "http://phanphoiongnhuahoasen.vn/upload/files/wigipiriraverajewi.pdf",
        "https://5points.com.ng/5points-admin/kcfinder/upload/files/88001454192.pdf",
        "http://progressive-auto.ru/app/webroot/js/kcfinder/upload/files/97863265745.pdf",
        "http://sov.tranovice.org/webpagebuilder/ckfinder/userfiles/files/lexikexuwa.pdf",
        "https://grandinhr.eu/images/user/file/tugalilarogamimi.pdf",
        "https://middletonchambers.com/ckfinder/userfiles/files/60837244152.pdf",
        "https://cabsfromheathrow.com/userfiles/file/pukobuzufiduvalud.pdf",
        "http://pebyte.com/wp-content/plugins/super-forms/uploads/php/files/5ae0sjrf7ug7ojv645g4tj0pqc/nekeguxo.pdf",
        "http://bloemenwinkelindex.nl/images/uploads/waxerow.pdf",
        "http://rezervacie.ambio.sk/user_files/files/27943783844.pdf",
        "https://agsposure.org/wp-content/plugins/super-forms/uploads/php/files/be2c560a81f6822534aa0631fec12a6b/levadarawezeri.pdf",
        "https://kecweleri.kendalkab.go.id/kcfinder/upload/files/7905600399.pdf",
        "https://stephankeppel.com/userfiles/file/bulokenitetenusekavewelom.pdf",
        "http://formasrl.com/admin/kcfinder/upload/files/99198901986.pdf",
        "https://profbuhotchet.ru/wp-content/plugins/super-forms/uploads/php/files/6d8caae4f0fd848b9e754a3264013d4d/duzoto.pdf",
        "https://usssecuritate.ro/userfiles/file/94198906120.pdf",
        "https://kaztelcom.kz/ckfinder/userfiles/files/wibunukorilebisi.pdf",
        "https://www.au-holding.ru/kcfinder/upload/files/84394798727.pdf",
        "http://korio-olsztyn.pl/userfiles/file/kukafajozafaboxig.pdf",
        "https://exam11.menapoint.com/app/webroot/upload/files/87725662869.pdf",
        "http://upakuika.com/img/file/wurofurigexim.pdf",
        "http://customartdirect.com/kcfinder/upload/files/13786240671.pdf",
        "http://zxsolar.com/d/files/refipozeletukedovefesutan.pdf",
        "https://licensing-centre.poweredbypaf.com/files/45920977227.pdf",
        "http://smartvoicecom.com/userfiles/30397348080.pdf",
        "http://dongamold.com/fckeditor/upload_files/file/gusajaguwelowilobazut.pdf",
        "http://eurosolar.cz/res/file/ziwer.pdf",
        "http://elcastillotucentrotextil.com/imagenes/contenido/files/wokajigunalubesox.pdf",
        "https://aeronautike.com/userfiles/file/62229705158.pdf",
        "http://bernardthevenet.fr/ckfinder/userfiles/files/94275916769.pdf",
        "https://rocksoliddesigns.biz/userfiles/file/zedulibezi.pdf",
        "https://www.xcelsus.de/wp-content/plugins/formcraft/file-upload/server/content/files/162213d0a47413---zijelubapesolelan.pdf",
        "http://parmalab.it/userfiles/files/40608664854.pdf",
        "http://poltinik.ru/userfiles/file/fukesisejofakubapejiwikam.pdf",
        "https://www.mppoa.cloudlinesystems.com/assets/ckfinder/userfiles/files/9266428259.pdf"
    ],
    "regex_urls": [
        "https",
        "http://zabbeleecooking.com/ckfinder/userfiles/files/tilipelolokiwodomuf.pdf",
        "https",
        "http://www.studiolegalefusimorelli.com/wp-content/plugins/formcraft/file-upload/server/content/files/1620d9b01be0f1---93666601112.pdf",
        "https",
        "http://hfnhsw.com/upload/files/ludilesoresoputajeje.pdf",
        "http://phanphoiongnhuahoasen.vn/upload/files/wigipiriraverajewi.pdf",
        "https",
        "http://progressive-auto.ru/app/webroot/js/kcfinder/upload/files/97863265745.pdf",
        "http://sov.tranovice.org/webpagebuilder/ckfinder/userfiles/files/lexikexuwa.pdf",
        "https",
        "https",
        "https",
        "http://pebyte.com/wp-content/plugins/super-forms/uploads/php/files/5ae0sjrf7ug7ojv645g4tj0pqc/nekeguxo.pdf",
        "http://bloemenwinkelindex.nl/images/uploads/waxerow.pdf",
        "http://rezervacie.ambio.sk/user_files/files/27943783844.pdf",
        "https",
        "https",
        "https",
        "http://formasrl.com/admin/kcfinder/upload/files/99198901986.pdf",
        "https",
        "https",
        "https",
        "https",
        "www.au-holding.ru/kcfinder/upload/files/84394798727.pdf",
        "http://korio-olsztyn.pl/userfiles/file/kukafajozafaboxig.pdf",
        "https",
        "http://upakuika.com/img/file/wurofurigexim.pdf",
        "http://customartdirect.com/kcfinder/upload/files/13786240671.pdf",
        "http://zxsolar.com/d/files/refipozeletukedovefesutan.pdf",
        "https",
        "http://smartvoicecom.com/userfiles/30397348080.pdf",
        "http://dongamold.com/fckeditor/upload_files/file/gusajaguwelowilobazut.pdf",
        "http://eurosolar.cz/res/file/ziwer.pdf",
        "http://elcastillotucentrotextil.com/imagenes/contenido/files/wokajigunalubesox.pdf",
        "https",
        "http://bernardthevenet.fr/ckfinder/userfiles/files/94275916769.pdf",
        "https",
        "https",
        "www.xcelsus.de/wp-content/plugins/formcraft/file-upload/server/content/files/162213d0a47413---zijelubapesolelan.pdf",
        "http://parmalab.it/userfiles/files/40608664854.pdf",
        "http://poltinik.ru/userfiles/file/fukesisejofakubapejiwikam.pdf",
        "https",
        "www.mppoa.cloudlinesystems.com/assets/ckfinder/userfiles/files/9266428259.pdf",
        "http://www.w3.org/1999/02/22-rdf-syntax-ns#",
        "http://purl.org/dc/elements/1.1/",
        "http://ns.adobe.com/pdf/1.3/",
        "http://ns.adobe.com/xap/1.0/",
        "http://ns.adobe.com/xap/1.0/mm/",
        "http://ns.adobe.com/xap/1.0/rights/"
    ],
    "scripts": {
        "iframe": [],
        "urls": []
    },
    "static_properties": {
        "JBIG2Decode": "0",
        "XML_forms": "0",
        "acro_form": "0",
        "auto_action": "0",
        "colors": "0",
        "cross_reference_table": "2",
        "embedded_files": "0",
        "file_size": "364",
        "java_script": "0",
        "js": "0",
        "launch_action": "0",
        "object_end": "102",
        "object_start": "102",
        "object_streams": "0",
        "open_action": "0",
        "page_count": "4",
        "rich_media": "0",
        "start_cross_reference_table": "2",
        "stream_end": "20",
        "stream_start": "20",
        "trailer_dictionary": "2"
    },
    "yara_signatures": [
        "without_attachments",
        "without_images",
        "with_urls",
        "invalid_trailer_structure",
        "multiple_versions",
        "contentis_base64",
        "Big_Numbers1"
    ]
}