{
    "exif_signatures": {},
    "file_size": 38286,
    "pdfid_signatures": {},
    "pypdf_uris": [
        "http://netcdn.tw/app/431946152/roblox-premium-free-game-hack",
        "http://netcdn.tw/app/431946152/roblox-premium-free-game-hack",
        "https://www.hendrejuniorschool.co.uk/admin/ckfinder/userfiles/files/roblox-rape-hack_GM431946152.pdf",
        "https://www.hendrejuniorschool.co.uk/admin/ckfinder/userfiles/files/get-robux-com_GM431946152.pdf",
        "https://www.hendrejuniorschool.co.uk/admin/ckfinder/userfiles/files/coin-master-free-spins-facebook_GM406889139.pdf",
        "https://www.hendrejuniorschool.co.uk/admin/ckfinder/userfiles/files/google-play-coin-master-free-spins_GM406889139.pdf",
        "https://www.hendrejuniorschool.co.uk/admin/ckfinder/userfiles/files/coin-master-mod-apk-latest-hack-with-unlimited-free-spins_GM406889139.pdf",
        "https://www.hendrejuniorschool.co.uk/admin/ckfinder/userfiles/files/roblox-hack-client_GM431946152.pdf",
        "https://www.hendrejuniorschool.co.uk/admin/ckfinder/userfiles/files/roblox-skin-free_GM431946152.pdf",
        "https://www.hendrejuniorschool.co.uk/admin/ckfinder/userfiles/files/free-robux-games-that-actually-work_GM431946152.pdf",
        "https://www.hendrejuniorschool.co.uk/admin/ckfinder/userfiles/files/how-to-hack-roblox_GM431946152.pdf",
        "https://www.hendrejuniorschool.co.uk/admin/ckfinder/userfiles/files/how-to-get-free-spins-on-coin-master-2021_GM406889139.pdf",
        "https://www.hendrejuniorschool.co.uk/admin/ckfinder/userfiles/files/free-coin-master-hacks_GM406889139.pdf",
        "https://www.hendrejuniorschool.co.uk/admin/ckfinder/userfiles/files/exploit-free-roblox_GM431946152.pdf",
        "https://www.hendrejuniorschool.co.uk/admin/ckfinder/userfiles/files/free-roblox-model_GM431946152.pdf",
        "https://www.hendrejuniorschool.co.uk/admin/ckfinder/userfiles/files/buy-robux-free_GM431946152.pdf",
        "https://www.hendrejuniorschool.co.uk/admin/ckfinder/userfiles/files/free-minecraft-coloring-pages_GM479516143.pdf",
        "https://www.hendrejuniorschool.co.uk/admin/ckfinder/userfiles/files/roblox-robux-generator_GM431946152.pdf",
        "https://www.hendrejuniorschool.co.uk/admin/ckfinder/userfiles/files/coin-master-free-spin-link-app_GM406889139.pdf",
        "https://www.hendrejuniorschool.co.uk/admin/ckfinder/userfiles/files/100-hack-coin-master_GM406889139.pdf",
        "https://www.hendrejuniorschool.co.uk/admin/ckfinder/userfiles/files/free-spin-coin-master-iphone_GM406889139.pdf",
        "https://www.hendrejuniorschool.co.uk/admin/ckfinder/userfiles/files/coin-master-spin-link-today_GM406889139.pdf"
    ],
    "regex_uris": [
        "http://netcdn.tw/app/431946152/roblox-premium-free-game-hack",
        "http://netcdn.tw/app/431946152/roblox-premium-free-game-hack",
        "https://www.hendrejuniorschool.co.uk/admin/ckfinder/userfiles/files/roblox-rape-hack_GM431946152.pdf",
        "https://www.hendrejuniorschool.co.uk/admin/ckfinder/userfiles/files/get-robux-com_GM431946152.pdf",
        "https://www.hendrejuniorschool.co.uk/admin/ckfinder/userfiles/files/coin-master-free-spins-facebook_GM406889139.pdf",
        "https://www.hendrejuniorschool.co.uk/admin/ckfinder/userfiles/files/google-play-coin-master-free-spins_GM406889139.pdf",
        "https://www.hendrejuniorschool.co.uk/admin/ckfinder/userfiles/files/coin-master-mod-apk-latest-hack-with-unlimited-free-spins_GM406889139.pdf",
        "https://www.hendrejuniorschool.co.uk/admin/ckfinder/userfiles/files/roblox-hack-client_GM431946152.pdf",
        "https://www.hendrejuniorschool.co.uk/admin/ckfinder/userfiles/files/roblox-skin-free_GM431946152.pdf",
        "https://www.hendrejuniorschool.co.uk/admin/ckfinder/userfiles/files/free-robux-games-that-actually-work_GM431946152.pdf",
        "https://www.hendrejuniorschool.co.uk/admin/ckfinder/userfiles/files/how-to-hack-roblox_GM431946152.pdf",
        "https://www.hendrejuniorschool.co.uk/admin/ckfinder/userfiles/files/how-to-get-free-spins-on-coin-master-2021_GM406889139.pdf",
        "https://www.hendrejuniorschool.co.uk/admin/ckfinder/userfiles/files/free-coin-master-hacks_GM406889139.pdf",
        "https://www.hendrejuniorschool.co.uk/admin/ckfinder/userfiles/files/exploit-free-roblox_GM431946152.pdf",
        "https://www.hendrejuniorschool.co.uk/admin/ckfinder/userfiles/files/free-roblox-model_GM431946152.pdf",
        "https://www.hendrejuniorschool.co.uk/admin/ckfinder/userfiles/files/buy-robux-free_GM431946152.pdf",
        "https://www.hendrejuniorschool.co.uk/admin/ckfinder/userfiles/files/free-minecraft-coloring-pages_GM479516143.pdf",
        "https://www.hendrejuniorschool.co.uk/admin/ckfinder/userfiles/files/roblox-robux-generator_GM431946152.pdf",
        "https://www.hendrejuniorschool.co.uk/admin/ckfinder/userfiles/files/coin-master-free-spin-link-app_GM406889139.pdf",
        "https://www.hendrejuniorschool.co.uk/admin/ckfinder/userfiles/files/100-hack-coin-master_GM406889139.pdf",
        "https://www.hendrejuniorschool.co.uk/admin/ckfinder/userfiles/files/free-spin-coin-master-iphone_GM406889139.pdf",
        "https://www.hendrejuniorschool.co.uk/admin/ckfinder/userfiles/files/coin-master-spin-link-today_GM406889139.pdf"
    ],
    "regex_urls": [
        "http://netcdn.tw/app/431946152/roblox-premium-free-game-hack",
        "http://netcdn.tw/app/431946152/roblox-premium-free-game-hack",
        "https",
        "www.hendrejuniorschool.co.uk/admin/ckfinder/userfiles/files/roblox-rape-hack_GM431946152.pdf",
        "https",
        "www.hendrejuniorschool.co.uk/admin/ckfinder/userfiles/files/get-robux-com_GM431946152.pdf",
        "https",
        "www.hendrejuniorschool.co.uk/admin/ckfinder/userfiles/files/coin-master-free-spins-facebook_GM406889139.pdf",
        "https",
        "www.hendrejuniorschool.co.uk/admin/ckfinder/userfiles/files/google-play-coin-master-free-spins_GM406889139.pdf",
        "https",
        "www.hendrejuniorschool.co.uk/admin/ckfinder/userfiles/files/coin-master-mod-apk-latest-hack-with-unlimited-free-spins_GM406889139.pdf",
        "https",
        "www.hendrejuniorschool.co.uk/admin/ckfinder/userfiles/files/roblox-hack-client_GM431946152.pdf",
        "https",
        "www.hendrejuniorschool.co.uk/admin/ckfinder/userfiles/files/roblox-skin-free_GM431946152.pdf",
        "https",
        "www.hendrejuniorschool.co.uk/admin/ckfinder/userfiles/files/free-robux-games-that-actually-work_GM431946152.pdf",
        "https",
        "www.hendrejuniorschool.co.uk/admin/ckfinder/userfiles/files/how-to-hack-roblox_GM431946152.pdf",
        "https",
        "www.hendrejuniorschool.co.uk/admin/ckfinder/userfiles/files/how-to-get-free-spins-on-coin-master-2021_GM406889139.pdf",
        "https",
        "www.hendrejuniorschool.co.uk/admin/ckfinder/userfiles/files/free-coin-master-hacks_GM406889139.pdf",
        "https",
        "www.hendrejuniorschool.co.uk/admin/ckfinder/userfiles/files/exploit-free-roblox_GM431946152.pdf",
        "https",
        "www.hendrejuniorschool.co.uk/admin/ckfinder/userfiles/files/free-roblox-model_GM431946152.pdf",
        "https",
        "www.hendrejuniorschool.co.uk/admin/ckfinder/userfiles/files/buy-robux-free_GM431946152.pdf",
        "https",
        "www.hendrejuniorschool.co.uk/admin/ckfinder/userfiles/files/free-minecraft-coloring-pages_GM479516143.pdf",
        "https",
        "www.hendrejuniorschool.co.uk/admin/ckfinder/userfiles/files/roblox-robux-generator_GM431946152.pdf",
        "https",
        "www.hendrejuniorschool.co.uk/admin/ckfinder/userfiles/files/coin-master-free-spin-link-app_GM406889139.pdf",
        "https",
        "www.hendrejuniorschool.co.uk/admin/ckfinder/userfiles/files/100-hack-coin-master_GM406889139.pdf",
        "https",
        "www.hendrejuniorschool.co.uk/admin/ckfinder/userfiles/files/free-spin-coin-master-iphone_GM406889139.pdf",
        "https",
        "www.hendrejuniorschool.co.uk/admin/ckfinder/userfiles/files/coin-master-spin-link-today_GM406889139.pdf"
    ],
    "scripts": {
        "iframe": [],
        "urls": []
    },
    "static_properties": {
        "JBIG2Decode": "0",
        "XML_forms": "0",
        "acro_form": "0",
        "auto_action": "0",
        "colors": "0",
        "cross_reference_table": "1",
        "embedded_files": "0",
        "file_size": "38",
        "java_script": "0",
        "js": "0",
        "launch_action": "0",
        "object_end": "55",
        "object_start": "55",
        "object_streams": "0",
        "open_action": "0",
        "page_count": "2",
        "rich_media": "0",
        "start_cross_reference_table": "1",
        "stream_end": "6",
        "stream_start": "6",
        "trailer_dictionary": "1"
    },
    "yara_signatures": [
        "without_attachments",
        "without_images",
        "with_urls",
        "invalid_trailer_structure",
        "contentis_base64"
    ]
}