{
    "exif_signatures": {},
    "file_size": 44542,
    "pdfid_signatures": {},
    "pypdf_uris": [
        "https://netcdn.xyz/app/431946152/easy-robux-generator-game-hack",
        "https://netcdn.xyz/app/431946152/easy-robux-generator-game-hack",
        "http://apps.esqbs.ac.id/ebs_library/repository/mcpe-free-download_GM479516143.pdf",
        "http://apps.esqbs.ac.id/ebs_library/repository/roblox36com-free-robux_GM431946152.pdf",
        "http://apps.esqbs.ac.id/ebs_library/repository/coin-master-card-hack-2021_GM406889139.pdf",
        "http://apps.esqbs.ac.id/ebs_library/repository/can-u-get-free-robux_GM431946152.pdf",
        "http://apps.esqbs.ac.id/ebs_library/repository/i-want-robux_GM431946152.pdf",
        "http://apps.esqbs.ac.id/ebs_library/repository/free-foxy-food-coin-master_GM406889139.pdf",
        "http://apps.esqbs.ac.id/ebs_library/repository/free-coins-coin-master-2021_GM406889139.pdf",
        "http://apps.esqbs.ac.id/ebs_library/repository/how-to-hack-roblox-to-get-robux_GM431946152.pdf",
        "http://apps.esqbs.ac.id/ebs_library/repository/tryrbx-site-free-robux_GM431946152.pdf",
        "http://apps.esqbs.ac.id/ebs_library/repository/how-to-get-free-unlimited-robux_GM431946152.pdf",
        "http://apps.esqbs.ac.id/ebs_library/repository/how-to-get-free-robux-2021_GM431946152.pdf",
        "http://apps.esqbs.ac.id/ebs_library/repository/how-do-i-get-free-robux-on-roblox_GM431946152.pdf",
        "http://apps.esqbs.ac.id/ebs_library/repository/easy-robux-hack_GM431946152.pdf",
        "http://apps.esqbs.ac.id/ebs_library/repository/try-minecraft-free_GM479516143.pdf",
        "http://apps.esqbs.ac.id/ebs_library/repository/free-minecraft-server_GM479516143.pdf",
        "http://apps.esqbs.ac.id/ebs_library/repository/coin-master-daily-free-spins-blogspot_GM406889139.pdf",
        "http://apps.esqbs.ac.id/ebs_library/repository/coin-master-200-spin-link_GM406889139.pdf",
        "http://apps.esqbs.ac.id/ebs_library/repository/free-spins-coin-master-links-2021_GM406889139.pdf",
        "http://apps.esqbs.ac.id/ebs_library/repository/get-me-free-robux_GM431946152.pdf",
        "http://apps.esqbs.ac.id/ebs_library/repository/free-minecraft-thumbnails_GM479516143.pdf"
    ],
    "regex_uris": [
        "https://netcdn.xyz/app/431946152/easy-robux-generator-game-hack",
        "https://netcdn.xyz/app/431946152/easy-robux-generator-game-hack",
        "http://apps.esqbs.ac.id/ebs_library/repository/mcpe-free-download_GM479516143.pdf",
        "http://apps.esqbs.ac.id/ebs_library/repository/roblox36com-free-robux_GM431946152.pdf",
        "http://apps.esqbs.ac.id/ebs_library/repository/coin-master-card-hack-2021_GM406889139.pdf",
        "http://apps.esqbs.ac.id/ebs_library/repository/can-u-get-free-robux_GM431946152.pdf",
        "http://apps.esqbs.ac.id/ebs_library/repository/i-want-robux_GM431946152.pdf",
        "http://apps.esqbs.ac.id/ebs_library/repository/free-foxy-food-coin-master_GM406889139.pdf",
        "http://apps.esqbs.ac.id/ebs_library/repository/free-coins-coin-master-2021_GM406889139.pdf",
        "http://apps.esqbs.ac.id/ebs_library/repository/how-to-hack-roblox-to-get-robux_GM431946152.pdf",
        "http://apps.esqbs.ac.id/ebs_library/repository/tryrbx-site-free-robux_GM431946152.pdf",
        "http://apps.esqbs.ac.id/ebs_library/repository/how-to-get-free-unlimited-robux_GM431946152.pdf",
        "http://apps.esqbs.ac.id/ebs_library/repository/how-to-get-free-robux-2021_GM431946152.pdf",
        "http://apps.esqbs.ac.id/ebs_library/repository/how-do-i-get-free-robux-on-roblox_GM431946152.pdf",
        "http://apps.esqbs.ac.id/ebs_library/repository/easy-robux-hack_GM431946152.pdf",
        "http://apps.esqbs.ac.id/ebs_library/repository/try-minecraft-free_GM479516143.pdf",
        "http://apps.esqbs.ac.id/ebs_library/repository/free-minecraft-server_GM479516143.pdf",
        "http://apps.esqbs.ac.id/ebs_library/repository/coin-master-daily-free-spins-blogspot_GM406889139.pdf",
        "http://apps.esqbs.ac.id/ebs_library/repository/coin-master-200-spin-link_GM406889139.pdf",
        "http://apps.esqbs.ac.id/ebs_library/repository/free-spins-coin-master-links-2021_GM406889139.pdf",
        "http://apps.esqbs.ac.id/ebs_library/repository/get-me-free-robux_GM431946152.pdf",
        "http://apps.esqbs.ac.id/ebs_library/repository/free-minecraft-thumbnails_GM479516143.pdf"
    ],
    "regex_urls": [
        "https",
        "https",
        "http://apps.esqbs.ac.id/ebs_library/repository/mcpe-free-download_GM479516143.pdf",
        "http://apps.esqbs.ac.id/ebs_library/repository/roblox36com-free-robux_GM431946152.pdf",
        "http://apps.esqbs.ac.id/ebs_library/repository/coin-master-card-hack-2021_GM406889139.pdf",
        "http://apps.esqbs.ac.id/ebs_library/repository/can-u-get-free-robux_GM431946152.pdf",
        "http://apps.esqbs.ac.id/ebs_library/repository/i-want-robux_GM431946152.pdf",
        "http://apps.esqbs.ac.id/ebs_library/repository/free-foxy-food-coin-master_GM406889139.pdf",
        "http://apps.esqbs.ac.id/ebs_library/repository/free-coins-coin-master-2021_GM406889139.pdf",
        "http://apps.esqbs.ac.id/ebs_library/repository/how-to-hack-roblox-to-get-robux_GM431946152.pdf",
        "http://apps.esqbs.ac.id/ebs_library/repository/tryrbx-site-free-robux_GM431946152.pdf",
        "http://apps.esqbs.ac.id/ebs_library/repository/how-to-get-free-unlimited-robux_GM431946152.pdf",
        "http://apps.esqbs.ac.id/ebs_library/repository/how-to-get-free-robux-2021_GM431946152.pdf",
        "http://apps.esqbs.ac.id/ebs_library/repository/how-do-i-get-free-robux-on-roblox_GM431946152.pdf",
        "http://apps.esqbs.ac.id/ebs_library/repository/easy-robux-hack_GM431946152.pdf",
        "http://apps.esqbs.ac.id/ebs_library/repository/try-minecraft-free_GM479516143.pdf",
        "http://apps.esqbs.ac.id/ebs_library/repository/free-minecraft-server_GM479516143.pdf",
        "http://apps.esqbs.ac.id/ebs_library/repository/coin-master-daily-free-spins-blogspot_GM406889139.pdf",
        "http://apps.esqbs.ac.id/ebs_library/repository/coin-master-200-spin-link_GM406889139.pdf",
        "http://apps.esqbs.ac.id/ebs_library/repository/free-spins-coin-master-links-2021_GM406889139.pdf",
        "http://apps.esqbs.ac.id/ebs_library/repository/get-me-free-robux_GM431946152.pdf",
        "http://apps.esqbs.ac.id/ebs_library/repository/free-minecraft-thumbnails_GM479516143.pdf"
    ],
    "scripts": {
        "iframe": [],
        "urls": []
    },
    "static_properties": {
        "JBIG2Decode": "0",
        "XML_forms": "0",
        "acro_form": "0",
        "auto_action": "0",
        "colors": "0",
        "cross_reference_table": "1",
        "embedded_files": "0",
        "file_size": "45",
        "java_script": "0",
        "js": "0",
        "launch_action": "0",
        "object_end": "60",
        "object_start": "60",
        "object_streams": "0",
        "open_action": "0",
        "page_count": "3",
        "rich_media": "0",
        "start_cross_reference_table": "1",
        "stream_end": "7",
        "stream_start": "7",
        "trailer_dictionary": "1"
    },
    "yara_signatures": [
        "without_attachments",
        "without_images",
        "with_urls",
        "invalid_trailer_structure",
        "contentis_base64"
    ]
}