{
    "exif_signatures": {},
    "file_size": 82737,
    "pdfid_signatures": {},
    "pypdf_uris": [
        "https://feedproxy.google.com/~r/skout/mBVl/~3/Om9ozkHLxGw/uplcv?utm_term=gta+filter+picsart",
        "https://rizecanreklam.com/images/file/30682825872.pdf",
        "http://mmprogetti.it/userfiles/files/rolesivakimof.pdf",
        "https://marksiegeldds.com/wp-content/plugins/super-forms/uploads/php/files/8e00fb36be5cfed7366c6df9c8bfa282/xagojolejisarovilobu.pdf",
        "https://staffxrecruitment.com/wp-content/plugins/super-forms/uploads/php/files/00bb908e442d318adff953ecec6c411c/56924629798.pdf",
        "http://bukharaalpharetta.com/sites/default/files/file/50030925846.pdf",
        "http://afro-safari.com/upload/files/67577703373.pdf",
        "http://perevodvnegiloifond.ru/pict/file/77984866221.pdf",
        "https://www.cir.cloud/wp-content/plugins/formcraft/file-upload/server/content/files/1613dbfb7bfea9---tesapasotupajubusugefaz.pdf",
        "http://www.kissdocs.com.au/wp-content/plugins/formcraft/file-upload/server/content/files/16138d15bb2c13---96765565446.pdf",
        "http://qbcar.ru/ckfinder/userfiles/files/wibirelumuz.pdf",
        "http://dxczx.com/ckfinder/userfiles/files/20210903_095424.pdf",
        "http://khachsansapa.vn/webroot/img/files/zikoda.pdf",
        "https://lawyerupsmart.com/tempimg/file/gupikulunipili.pdf",
        "http://zajazd-broadway.pl/galeria/file/45916548792.pdf",
        "https://livres-d-art.com/ckfinder/userfiles/files/boxiwipipuxobujut.pdf",
        "http://thayloilocnuoctaihanoi.net/upload/files/xotixipedon.pdf",
        "http://pvvc.cz/files/71655288945.pdf",
        "http://855solution.com/htdocs/cljr/data/files/30553790589.pdf",
        "https://anitt.in/ckfinder/userfiles/files/29823692381.pdf",
        "https://worldpigment.com/image/upload/File/55441069408.pdf",
        "http://kaushalacademy.org/ckfinder/userfiles/files/gojateniliz.pdf",
        "https://dukupahit.com/contents/files/tosijajufediboti.pdf"
    ],
    "regex_uris": [
        "https://feedproxy.google.com/~r/skout/mBVl/~3/Om9ozkHLxGw/uplcv?utm_term=gta+filter+picsart",
        "https://rizecanreklam.com/images/file/30682825872.pdf",
        "http://mmprogetti.it/userfiles/files/rolesivakimof.pdf",
        "https://marksiegeldds.com/wp-content/plugins/super-forms/uploads/php/files/8e00fb36be5cfed7366c6df9c8bfa282/xagojolejisarovilobu.pdf",
        "https://staffxrecruitment.com/wp-content/plugins/super-forms/uploads/php/files/00bb908e442d318adff953ecec6c411c/56924629798.pdf",
        "http://bukharaalpharetta.com/sites/default/files/file/50030925846.pdf",
        "http://afro-safari.com/upload/files/67577703373.pdf",
        "http://perevodvnegiloifond.ru/pict/file/77984866221.pdf",
        "https://www.cir.cloud/wp-content/plugins/formcraft/file-upload/server/content/files/1613dbfb7bfea9---tesapasotupajubusugefaz.pdf",
        "http://www.kissdocs.com.au/wp-content/plugins/formcraft/file-upload/server/content/files/16138d15bb2c13---96765565446.pdf",
        "http://qbcar.ru/ckfinder/userfiles/files/wibirelumuz.pdf",
        "http://dxczx.com/ckfinder/userfiles/files/20210903_095424.pdf",
        "http://khachsansapa.vn/webroot/img/files/zikoda.pdf",
        "https://lawyerupsmart.com/tempimg/file/gupikulunipili.pdf",
        "http://zajazd-broadway.pl/galeria/file/45916548792.pdf",
        "https://livres-d-art.com/ckfinder/userfiles/files/boxiwipipuxobujut.pdf",
        "http://thayloilocnuoctaihanoi.net/upload/files/xotixipedon.pdf",
        "http://pvvc.cz/files/71655288945.pdf",
        "http://855solution.com/htdocs/cljr/data/files/30553790589.pdf",
        "https://anitt.in/ckfinder/userfiles/files/29823692381.pdf",
        "https://worldpigment.com/image/upload/File/55441069408.pdf",
        "http://kaushalacademy.org/ckfinder/userfiles/files/gojateniliz.pdf",
        "https://dukupahit.com/contents/files/tosijajufediboti.pdf"
    ],
    "regex_urls": [
        "https",
        "https",
        "http://mmprogetti.it/userfiles/files/rolesivakimof.pdf",
        "https",
        "https",
        "http://bukharaalpharetta.com/sites/default/files/file/50030925846.pdf",
        "http://afro-safari.com/upload/files/67577703373.pdf",
        "http://perevodvnegiloifond.ru/pict/file/77984866221.pdf",
        "https",
        "www.cir.cloud/wp-content/plugins/formcraft/file-upload/server/content/files/1613dbfb7bfea9---tesapasotupajubusugefaz.pdf",
        "http://www.kissdocs.com.au/wp-content/plugins/formcraft/file-upload/server/content/files/16138d15bb2c13---96765565446.pdf",
        "http://qbcar.ru/ckfinder/userfiles/files/wibirelumuz.pdf",
        "http://dxczx.com/ckfinder/userfiles/files/20210903_095424.pdf",
        "http://khachsansapa.vn/webroot/img/files/zikoda.pdf",
        "https",
        "http://zajazd-broadway.pl/galeria/file/45916548792.pdf",
        "https",
        "http://thayloilocnuoctaihanoi.net/upload/files/xotixipedon.pdf",
        "http://pvvc.cz/files/71655288945.pdf",
        "http://855solution.com/htdocs/cljr/data/files/30553790589.pdf",
        "https",
        "https",
        "http://kaushalacademy.org/ckfinder/userfiles/files/gojateniliz.pdf",
        "https",
        "http://www.w3.org/1999/02/22-rdf-syntax-ns#",
        "http://purl.org/dc/elements/1.1/",
        "http://ns.adobe.com/pdf/1.3/",
        "http://ns.adobe.com/xap/1.0/",
        "http://ns.adobe.com/xap/1.0/mm/",
        "http://ns.adobe.com/xap/1.0/rights/"
    ],
    "scripts": {
        "iframe": [],
        "urls": []
    },
    "static_properties": {
        "JBIG2Decode": "0",
        "XML_forms": "0",
        "acro_form": "0",
        "auto_action": "0",
        "colors": "0",
        "cross_reference_table": "2",
        "embedded_files": "0",
        "file_size": "83",
        "java_script": "0",
        "js": "0",
        "launch_action": "0",
        "object_end": "69",
        "object_start": "69",
        "object_streams": "0",
        "open_action": "0",
        "page_count": "3",
        "rich_media": "0",
        "start_cross_reference_table": "2",
        "stream_end": "14",
        "stream_start": "14",
        "trailer_dictionary": "2"
    },
    "yara_signatures": [
        "without_attachments",
        "without_images",
        "with_urls",
        "invalid_trailer_structure",
        "multiple_versions",
        "contentis_base64",
        "Big_Numbers1"
    ]
}