{
    "exif_signatures": {},
    "file_size": 97567,
    "pdfid_signatures": {},
    "pypdf_uris": [
        "http://getpdf.pw/book?res=123&isbn=9780136634454&kwd=Introduction%20to%20Networks%20Labs%20and%20Study%20Guide%20(CCNAv7)",
        "http://getpdf.pw/book?res=123&isbn=9780136634454&kwd=Introduction%20to%20Networks%20Labs%20and%20Study%20Guide%20(CCNAv7)",
        "https://cdn-cms.f-static.net/uploads/4660471/normal_61b042e3c2487.pdf"
    ],
    "regex_uris": [
        "http://getpdf.pw/book?res=123&isbn=9780136634454&kwd=Introduction%20to%20Networks%20Labs%20and%20Study%20Guide%20\\(CCNAv7\\)",
        "http://getpdf.pw/book?res=123&isbn=9780136634454&kwd=Introduction%20to%20Networks%20Labs%20and%20Study%20Guide%20\\(CCNAv7\\)",
        "https://cdn-cms.f-static.net/uploads/4660471/normal_61b042e3c2487.pdf"
    ],
    "regex_urls": [
        "http://getpdf.pw/book?res=123",
        "http://getpdf.pw/book?res=123",
        "https"
    ],
    "scripts": {
        "iframe": [],
        "urls": []
    },
    "static_properties": {
        "JBIG2Decode": "0",
        "XML_forms": "0",
        "acro_form": "0",
        "auto_action": "0",
        "colors": "0",
        "cross_reference_table": "1",
        "embedded_files": "0",
        "file_size": "98",
        "java_script": "0",
        "js": "0",
        "launch_action": "0",
        "object_end": "64",
        "object_start": "64",
        "object_streams": "0",
        "open_action": "0",
        "page_count": "4",
        "rich_media": "0",
        "start_cross_reference_table": "1",
        "stream_end": "13",
        "stream_start": "13",
        "trailer_dictionary": "1"
    },
    "yara_signatures": [
        "without_attachments",
        "without_images",
        "with_urls",
        "invalid_trailer_structure",
        "contentis_base64"
    ]
}