{
    "exif_signatures": {},
    "file_size": 82483,
    "pdfid_signatures": {},
    "pypdf_uris": [
        "https://maypoin.ru/wix?keyword=what+is+the+difference+between+a+sprite+and+a+costume+in+scratch",
        "https://cdn-cms.f-static.net/uploads/4482424/normal_601a55c540be6.pdf",
        "https://cbb9655c-b60d-4095-8c1c-bb5f9a2903c5.filesusr.com/ugd/4dd980_5d29635830d243ee82c0d96266f42ef1.pdf?index=true",
        "https://cdn.sqhk.co/xoxapivasif/gfgcigN/meta-_universe_definition_science.pdf",
        "http://gamelaluwer.myartsonline.com/68657088710.pdf",
        "https://static.s123-cdn-static.com/uploads/4452588/normal_5fe140499523b.pdf",
        "http://vekamodadon.onlinewebshop.net/liwugoxosejuwewexesatuxo.pdf",
        "https://cdn.sqhk.co/widiroje/hgqWbjc/supibiwodojivi.pdf",
        "https://mafeguviwu.weebly.com/uploads/1/3/1/4/131407057/8938885.pdf",
        "https://vezutokabev.weebly.com/uploads/1/3/4/7/134758566/5731408.pdf",
        "https://static.s123-cdn-static.com/uploads/4458623/normal_5feb61e939380.pdf",
        "http://ziwemasux.myartsonline.com/dell_optiplex_3010_sff_desktop_specs.pdf",
        "http://xirexadugimog.atwebpages.com/62661622974.pdf",
        "https://d8ec88ce-93b1-4b83-b294-7016fd5b5063.filesusr.com/ugd/366252_283f178088864b369377c9a80daec38e.pdf?index=true",
        "https://s3.amazonaws.com/jefazaxal/46302358148.pdf",
        "https://cdn.sqhk.co/doxowite/4gdeYje/translate_me_text_voice_translator.pdf",
        "https://teraludejos.weebly.com/uploads/1/3/5/3/135304334/7757299.pdf",
        "https://34e223d5-b18a-4f89-96b3-7c58aa965d90.filesusr.com/ugd/440e29_0664d15a7e7c43599c39ffc800316b32.pdf?index=true",
        "https://3bcdeb60-9876-4d14-bc0a-1dd1632c647c.filesusr.com/ugd/16a96a_edba28d31a9d4626a811043d8dbd1448.pdf?index=true",
        "https://s3.amazonaws.com/dobesogum/80586512929.pdf",
        "https://rigopodi.weebly.com/uploads/1/3/4/3/134307943/6717049.pdf",
        "http://fogafiv.mypressonline.com/ar-15_scope_mounts_amazon.pdf",
        "https://559ef5b4-38f4-491c-95f5-a6f57f0534fb.filesusr.com/ugd/1b862a_b59f7ad885314ca0bb4f380231de90e0.pdf?index=true"
    ],
    "regex_uris": [
        "https://maypoin.ru/wix?keyword=what+is+the+difference+between+a+sprite+and+a+costume+in+scratch",
        "https://cdn-cms.f-static.net/uploads/4482424/normal_601a55c540be6.pdf",
        "https://cbb9655c-b60d-4095-8c1c-bb5f9a2903c5.filesusr.com/ugd/4dd980_5d29635830d243ee82c0d96266f42ef1.pdf?index=true",
        "https://cdn.sqhk.co/xoxapivasif/gfgcigN/meta-_universe_definition_science.pdf",
        "http://gamelaluwer.myartsonline.com/68657088710.pdf",
        "https://static.s123-cdn-static.com/uploads/4452588/normal_5fe140499523b.pdf",
        "http://vekamodadon.onlinewebshop.net/liwugoxosejuwewexesatuxo.pdf",
        "https://cdn.sqhk.co/widiroje/hgqWbjc/supibiwodojivi.pdf",
        "https://mafeguviwu.weebly.com/uploads/1/3/1/4/131407057/8938885.pdf",
        "https://vezutokabev.weebly.com/uploads/1/3/4/7/134758566/5731408.pdf",
        "https://static.s123-cdn-static.com/uploads/4458623/normal_5feb61e939380.pdf",
        "http://ziwemasux.myartsonline.com/dell_optiplex_3010_sff_desktop_specs.pdf",
        "http://xirexadugimog.atwebpages.com/62661622974.pdf",
        "https://d8ec88ce-93b1-4b83-b294-7016fd5b5063.filesusr.com/ugd/366252_283f178088864b369377c9a80daec38e.pdf?index=true",
        "https://s3.amazonaws.com/jefazaxal/46302358148.pdf",
        "https://cdn.sqhk.co/doxowite/4gdeYje/translate_me_text_voice_translator.pdf",
        "https://teraludejos.weebly.com/uploads/1/3/5/3/135304334/7757299.pdf",
        "https://34e223d5-b18a-4f89-96b3-7c58aa965d90.filesusr.com/ugd/440e29_0664d15a7e7c43599c39ffc800316b32.pdf?index=true",
        "https://3bcdeb60-9876-4d14-bc0a-1dd1632c647c.filesusr.com/ugd/16a96a_edba28d31a9d4626a811043d8dbd1448.pdf?index=true",
        "https://s3.amazonaws.com/dobesogum/80586512929.pdf",
        "https://rigopodi.weebly.com/uploads/1/3/4/3/134307943/6717049.pdf",
        "http://fogafiv.mypressonline.com/ar-15_scope_mounts_amazon.pdf",
        "https://559ef5b4-38f4-491c-95f5-a6f57f0534fb.filesusr.com/ugd/1b862a_b59f7ad885314ca0bb4f380231de90e0.pdf?index=true"
    ],
    "regex_urls": [
        "https",
        "https",
        "https",
        "https",
        "http://gamelaluwer.myartsonline.com/68657088710.pdf",
        "https",
        "http://vekamodadon.onlinewebshop.net/liwugoxosejuwewexesatuxo.pdf",
        "https",
        "https",
        "https",
        "https",
        "http://ziwemasux.myartsonline.com/dell_optiplex_3010_sff_desktop_specs.pdf",
        "http://xirexadugimog.atwebpages.com/62661622974.pdf",
        "https",
        "https",
        "https",
        "https",
        "https",
        "https",
        "https",
        "https",
        "http://fogafiv.mypressonline.com/ar-15_scope_mounts_amazon.pdf",
        "https",
        "http://www.w3.org/1999/02/22-rdf-syntax-ns#",
        "http://purl.org/dc/elements/1.1/",
        "http://ns.adobe.com/pdf/1.3/",
        "http://ns.adobe.com/xap/1.0/",
        "http://ns.adobe.com/xap/1.0/mm/",
        "http://ns.adobe.com/xap/1.0/rights/"
    ],
    "scripts": {
        "iframe": [],
        "urls": []
    },
    "static_properties": {
        "JBIG2Decode": "0",
        "XML_forms": "0",
        "acro_form": "0",
        "auto_action": "0",
        "colors": "0",
        "cross_reference_table": "2",
        "embedded_files": "0",
        "file_size": "82",
        "java_script": "0",
        "js": "0",
        "launch_action": "0",
        "object_end": "59",
        "object_start": "59",
        "object_streams": "0",
        "open_action": "0",
        "page_count": "2",
        "rich_media": "0",
        "start_cross_reference_table": "2",
        "stream_end": "8",
        "stream_start": "8",
        "trailer_dictionary": "2"
    },
    "yara_signatures": [
        "without_attachments",
        "without_images",
        "with_urls",
        "invalid_trailer_structure",
        "multiple_versions",
        "contentis_base64",
        "Big_Numbers1"
    ]
}