{
    "exif_signatures": {},
    "file_size": 42980,
    "pdfid_signatures": {},
    "pypdf_uris": [
        "https://netcdn.xyz/app/1094591345/pokemon-go-free-8-bit-sprites-game-hack",
        "https://netcdn.xyz/app/1094591345/pokemon-go-free-8-bit-sprites-game-hack",
        "https://eastwood.co.ke/uploaded_files/userfiles/files/how-to-get-roblox-premium-for-free_GM431946152.pdf",
        "https://eastwood.co.ke/uploaded_files/userfiles/files/robux-only_GM431946152.pdf",
        "https://eastwood.co.ke/uploaded_files/userfiles/files/free-spins-for-coin-master-game_GM406889139.pdf",
        "https://eastwood.co.ke/uploaded_files/userfiles/files/how-to-get-java-minecraft-for-free_GM479516143.pdf",
        "https://eastwood.co.ke/uploaded_files/userfiles/files/how-to-get-free-chest-in-coin-master_GM406889139.pdf",
        "https://eastwood.co.ke/uploaded_files/userfiles/files/how-to-get-minecraft-for-free-on-nintendo-switch_GM479516143.pdf",
        "https://eastwood.co.ke/uploaded_files/userfiles/files/spins-for-coin-master_GM406889139.pdf",
        "https://eastwood.co.ke/uploaded_files/userfiles/files/coin-master-links-2021_GM406889139.pdf",
        "https://eastwood.co.ke/uploaded_files/userfiles/files/coin-master-34-4-hack_GM406889139.pdf",
        "https://eastwood.co.ke/uploaded_files/userfiles/files/coin-master-cheats-without-verification_GM406889139.pdf",
        "https://eastwood.co.ke/uploaded_files/userfiles/files/minecraft-windows-10-code-free_GM479516143.pdf",
        "https://eastwood.co.ke/uploaded_files/userfiles/files/minecraft-mojang-free_GM479516143.pdf",
        "https://eastwood.co.ke/uploaded_files/userfiles/files/codes-how-to-get-free-robux_GM431946152.pdf",
        "https://eastwood.co.ke/uploaded_files/userfiles/files/coin-master-attack-hack-apk_GM406889139.pdf",
        "https://eastwood.co.ke/uploaded_files/userfiles/files/coin-master-hack-2021_GM406889139.pdf",
        "https://eastwood.co.ke/uploaded_files/userfiles/files/minecraft-java-server-hosting-free_GM479516143.pdf",
        "https://eastwood.co.ke/uploaded_files/userfiles/files/easy-coin-master-hack_GM406889139.pdf",
        "https://eastwood.co.ke/uploaded_files/userfiles/files/coin-master-15-free-spin-link-of-last-5-days_GM406889139.pdf",
        "https://eastwood.co.ke/uploaded_files/userfiles/files/coinmaster-links_GM406889139.pdf",
        "https://eastwood.co.ke/uploaded_files/userfiles/files/free-executors-for-roblox_GM431946152.pdf"
    ],
    "regex_uris": [
        "https://netcdn.xyz/app/1094591345/pokemon-go-free-8-bit-sprites-game-hack",
        "https://netcdn.xyz/app/1094591345/pokemon-go-free-8-bit-sprites-game-hack",
        "https://eastwood.co.ke/uploaded_files/userfiles/files/how-to-get-roblox-premium-for-free_GM431946152.pdf",
        "https://eastwood.co.ke/uploaded_files/userfiles/files/robux-only_GM431946152.pdf",
        "https://eastwood.co.ke/uploaded_files/userfiles/files/free-spins-for-coin-master-game_GM406889139.pdf",
        "https://eastwood.co.ke/uploaded_files/userfiles/files/how-to-get-java-minecraft-for-free_GM479516143.pdf",
        "https://eastwood.co.ke/uploaded_files/userfiles/files/how-to-get-free-chest-in-coin-master_GM406889139.pdf",
        "https://eastwood.co.ke/uploaded_files/userfiles/files/how-to-get-minecraft-for-free-on-nintendo-switch_GM479516143.pdf",
        "https://eastwood.co.ke/uploaded_files/userfiles/files/spins-for-coin-master_GM406889139.pdf",
        "https://eastwood.co.ke/uploaded_files/userfiles/files/coin-master-links-2021_GM406889139.pdf",
        "https://eastwood.co.ke/uploaded_files/userfiles/files/coin-master-34-4-hack_GM406889139.pdf",
        "https://eastwood.co.ke/uploaded_files/userfiles/files/coin-master-cheats-without-verification_GM406889139.pdf",
        "https://eastwood.co.ke/uploaded_files/userfiles/files/minecraft-windows-10-code-free_GM479516143.pdf",
        "https://eastwood.co.ke/uploaded_files/userfiles/files/minecraft-mojang-free_GM479516143.pdf",
        "https://eastwood.co.ke/uploaded_files/userfiles/files/codes-how-to-get-free-robux_GM431946152.pdf",
        "https://eastwood.co.ke/uploaded_files/userfiles/files/coin-master-attack-hack-apk_GM406889139.pdf",
        "https://eastwood.co.ke/uploaded_files/userfiles/files/coin-master-hack-2021_GM406889139.pdf",
        "https://eastwood.co.ke/uploaded_files/userfiles/files/minecraft-java-server-hosting-free_GM479516143.pdf",
        "https://eastwood.co.ke/uploaded_files/userfiles/files/easy-coin-master-hack_GM406889139.pdf",
        "https://eastwood.co.ke/uploaded_files/userfiles/files/coin-master-15-free-spin-link-of-last-5-days_GM406889139.pdf",
        "https://eastwood.co.ke/uploaded_files/userfiles/files/coinmaster-links_GM406889139.pdf",
        "https://eastwood.co.ke/uploaded_files/userfiles/files/free-executors-for-roblox_GM431946152.pdf"
    ],
    "regex_urls": [
        "https",
        "https",
        "https",
        "https",
        "https",
        "https",
        "https",
        "https",
        "https",
        "https",
        "https",
        "https",
        "https",
        "https",
        "https",
        "https",
        "https",
        "https",
        "https",
        "https",
        "https",
        "https"
    ],
    "scripts": {
        "iframe": [],
        "urls": []
    },
    "static_properties": {
        "JBIG2Decode": "0",
        "XML_forms": "0",
        "acro_form": "0",
        "auto_action": "0",
        "colors": "0",
        "cross_reference_table": "1",
        "embedded_files": "0",
        "file_size": "43",
        "java_script": "0",
        "js": "0",
        "launch_action": "0",
        "object_end": "60",
        "object_start": "60",
        "object_streams": "0",
        "open_action": "0",
        "page_count": "3",
        "rich_media": "0",
        "start_cross_reference_table": "1",
        "stream_end": "7",
        "stream_start": "7",
        "trailer_dictionary": "1"
    },
    "yara_signatures": [
        "without_attachments",
        "without_images",
        "with_urls",
        "invalid_trailer_structure",
        "contentis_base64"
    ]
}