{
    "exif_signatures": {},
    "file_size": 71425,
    "pdfid_signatures": {},
    "pypdf_uris": [
        "https://druttle.ru/strik?utm_term=how+to+learn+networking+for+beginners",
        "https://tesetugunujogub.weebly.com/uploads/1/3/4/0/134040467/2710652.pdf",
        "https://s3.amazonaws.com/wejuvono/cue_sheet_file_format.pdf",
        "https://s3.amazonaws.com/jeromisixinolib/67859450621.pdf",
        "https://s3.amazonaws.com/fajetufekejo/kesudig.pdf",
        "https://xikubafol.weebly.com/uploads/1/3/4/6/134607040/5afde.pdf",
        "https://cdn.sqhk.co/jifigetuxu/dLlhcXC/goxiwadezeke.pdf",
        "https://s3.amazonaws.com/gozilum/xigelajamuxugowoxu.pdf",
        "https://xijegasafofid.weebly.com/uploads/1/3/0/8/130815381/9889722.pdf",
        "https://cdn.sqhk.co/mujexoxa/dkjhdie/49779032818.pdf",
        "https://s3.amazonaws.com/nakevoja/sidosedopumuwed.pdf",
        "https://s3.amazonaws.com/vibasujefir/activex_control_for_android.pdf",
        "https://s3.amazonaws.com/vapite/mapijurivusob.pdf",
        "https://s3.amazonaws.com/wozoxub/alchimie_zinc_free.pdf",
        "http://legko.travel/rugeperxbt.pdf"
    ],
    "regex_uris": [
        "https://druttle.ru/strik?utm_term=how+to+learn+networking+for+beginners",
        "https://tesetugunujogub.weebly.com/uploads/1/3/4/0/134040467/2710652.pdf",
        "https://s3.amazonaws.com/wejuvono/cue_sheet_file_format.pdf",
        "https://s3.amazonaws.com/jeromisixinolib/67859450621.pdf",
        "https://s3.amazonaws.com/fajetufekejo/kesudig.pdf",
        "https://xikubafol.weebly.com/uploads/1/3/4/6/134607040/5afde.pdf",
        "https://cdn.sqhk.co/jifigetuxu/dLlhcXC/goxiwadezeke.pdf",
        "https://s3.amazonaws.com/gozilum/xigelajamuxugowoxu.pdf",
        "https://xijegasafofid.weebly.com/uploads/1/3/0/8/130815381/9889722.pdf",
        "https://cdn.sqhk.co/mujexoxa/dkjhdie/49779032818.pdf",
        "https://s3.amazonaws.com/nakevoja/sidosedopumuwed.pdf",
        "https://s3.amazonaws.com/vibasujefir/activex_control_for_android.pdf",
        "https://s3.amazonaws.com/vapite/mapijurivusob.pdf",
        "https://s3.amazonaws.com/wozoxub/alchimie_zinc_free.pdf",
        "http://legko.travel/rugeperxbt.pdf"
    ],
    "regex_urls": [
        "https",
        "https",
        "https",
        "https",
        "https",
        "https",
        "https",
        "https",
        "https",
        "https",
        "https",
        "https",
        "https",
        "https",
        "http://legko.travel/rugeperxbt.pdf",
        "http://www.w3.org/1999/02/22-rdf-syntax-ns#",
        "http://purl.org/dc/elements/1.1/",
        "http://ns.adobe.com/pdf/1.3/",
        "http://ns.adobe.com/xap/1.0/",
        "http://ns.adobe.com/xap/1.0/mm/",
        "http://ns.adobe.com/xap/1.0/rights/"
    ],
    "scripts": {
        "iframe": [],
        "urls": []
    },
    "static_properties": {
        "JBIG2Decode": "0",
        "XML_forms": "0",
        "acro_form": "0",
        "auto_action": "0",
        "colors": "0",
        "cross_reference_table": "2",
        "embedded_files": "0",
        "file_size": "71",
        "java_script": "0",
        "js": "0",
        "launch_action": "0",
        "object_end": "51",
        "object_start": "51",
        "object_streams": "0",
        "open_action": "0",
        "page_count": "2",
        "rich_media": "0",
        "start_cross_reference_table": "2",
        "stream_end": "8",
        "stream_start": "8",
        "trailer_dictionary": "2"
    },
    "yara_signatures": [
        "without_attachments",
        "without_images",
        "with_urls",
        "invalid_trailer_structure",
        "multiple_versions",
        "contentis_base64"
    ]
}