{
    "exif_signatures": {},
    "file_size": 43716,
    "pdfid_signatures": {},
    "pypdf_uris": [
        "https://netcdn.xyz/app/431946152/how-to-hack-roblox-for-robux-game-hack",
        "https://netcdn.xyz/app/431946152/how-to-hack-roblox-for-robux-game-hack",
        "https://elma.alazhar.sch.id/__statics/gudangsoal/files/free-spins-coin-master-ios-2021_GM406889139.pdf",
        "https://elma.alazhar.sch.id/__statics/gudangsoal/files/inappropriate-roblox-games_GM431946152.pdf",
        "https://elma.alazhar.sch.id/__statics/gudangsoal/files/free-daily-spins-from-coin-master_GM406889139.pdf",
        "https://elma.alazhar.sch.id/__statics/gudangsoal/files/redeem-roblox-card-free_GM431946152.pdf",
        "https://elma.alazhar.sch.id/__statics/gudangsoal/files/mcpe-optifine_GM479516143.pdf",
        "https://elma.alazhar.sch.id/__statics/gudangsoal/files/coin-master-hacks-reddit_GM406889139.pdf",
        "https://elma.alazhar.sch.id/__statics/gudangsoal/files/free-robux-generator-no-human-verification-or-surveys_GM431946152.pdf",
        "https://elma.alazhar.sch.id/__statics/gudangsoal/files/coin-master-free-blogspot_GM406889139.pdf",
        "https://elma.alazhar.sch.id/__statics/gudangsoal/files/minecraft-pc-download-free-full-version_GM479516143.pdf",
        "https://elma.alazhar.sch.id/__statics/gudangsoal/files/free-robux-generator-for-kids_GM431946152.pdf",
        "https://elma.alazhar.sch.id/__statics/gudangsoal/files/minecraft-112-hacked-client_GM479516143.pdf",
        "https://elma.alazhar.sch.id/__statics/gudangsoal/files/coin-master-free-spins-and-coins_GM406889139.pdf",
        "https://elma.alazhar.sch.id/__statics/gudangsoal/files/how-to-hack-minecraft_GM479516143.pdf",
        "https://elma.alazhar.sch.id/__statics/gudangsoal/files/coin-master-free-spins-link-today-twitter_GM406889139.pdf",
        "https://elma.alazhar.sch.id/__statics/gudangsoal/files/114-hacks_GM479516143.pdf",
        "https://elma.alazhar.sch.id/__statics/gudangsoal/files/free-spins-on-coin-master_GM406889139.pdf",
        "https://elma.alazhar.sch.id/__statics/gudangsoal/files/how-to-make-your-own-minecraft-server-for-free_GM479516143.pdf",
        "https://elma.alazhar.sch.id/__statics/gudangsoal/files/minecraft-hacked-client-18_GM479516143.pdf",
        "https://elma.alazhar.sch.id/__statics/gudangsoal/files/free-girl-hair-roblox_GM431946152.pdf",
        "https://elma.alazhar.sch.id/__statics/gudangsoal/files/minecraft-hacked-apk_GM479516143.pdf"
    ],
    "regex_uris": [
        "https://netcdn.xyz/app/431946152/how-to-hack-roblox-for-robux-game-hack",
        "https://netcdn.xyz/app/431946152/how-to-hack-roblox-for-robux-game-hack",
        "https://elma.alazhar.sch.id/__statics/gudangsoal/files/free-spins-coin-master-ios-2021_GM406889139.pdf",
        "https://elma.alazhar.sch.id/__statics/gudangsoal/files/inappropriate-roblox-games_GM431946152.pdf",
        "https://elma.alazhar.sch.id/__statics/gudangsoal/files/free-daily-spins-from-coin-master_GM406889139.pdf",
        "https://elma.alazhar.sch.id/__statics/gudangsoal/files/redeem-roblox-card-free_GM431946152.pdf",
        "https://elma.alazhar.sch.id/__statics/gudangsoal/files/mcpe-optifine_GM479516143.pdf",
        "https://elma.alazhar.sch.id/__statics/gudangsoal/files/coin-master-hacks-reddit_GM406889139.pdf",
        "https://elma.alazhar.sch.id/__statics/gudangsoal/files/free-robux-generator-no-human-verification-or-surveys_GM431946152.pdf",
        "https://elma.alazhar.sch.id/__statics/gudangsoal/files/coin-master-free-blogspot_GM406889139.pdf",
        "https://elma.alazhar.sch.id/__statics/gudangsoal/files/minecraft-pc-download-free-full-version_GM479516143.pdf",
        "https://elma.alazhar.sch.id/__statics/gudangsoal/files/free-robux-generator-for-kids_GM431946152.pdf",
        "https://elma.alazhar.sch.id/__statics/gudangsoal/files/minecraft-112-hacked-client_GM479516143.pdf",
        "https://elma.alazhar.sch.id/__statics/gudangsoal/files/coin-master-free-spins-and-coins_GM406889139.pdf",
        "https://elma.alazhar.sch.id/__statics/gudangsoal/files/how-to-hack-minecraft_GM479516143.pdf",
        "https://elma.alazhar.sch.id/__statics/gudangsoal/files/coin-master-free-spins-link-today-twitter_GM406889139.pdf",
        "https://elma.alazhar.sch.id/__statics/gudangsoal/files/114-hacks_GM479516143.pdf",
        "https://elma.alazhar.sch.id/__statics/gudangsoal/files/free-spins-on-coin-master_GM406889139.pdf",
        "https://elma.alazhar.sch.id/__statics/gudangsoal/files/how-to-make-your-own-minecraft-server-for-free_GM479516143.pdf",
        "https://elma.alazhar.sch.id/__statics/gudangsoal/files/minecraft-hacked-client-18_GM479516143.pdf",
        "https://elma.alazhar.sch.id/__statics/gudangsoal/files/free-girl-hair-roblox_GM431946152.pdf",
        "https://elma.alazhar.sch.id/__statics/gudangsoal/files/minecraft-hacked-apk_GM479516143.pdf"
    ],
    "regex_urls": [
        "https",
        "https",
        "https",
        "https",
        "https",
        "https",
        "https",
        "https",
        "https",
        "https",
        "https",
        "https",
        "https",
        "https",
        "https",
        "https",
        "https",
        "https",
        "https",
        "https",
        "https",
        "https"
    ],
    "scripts": {
        "iframe": [],
        "urls": []
    },
    "static_properties": {
        "JBIG2Decode": "0",
        "XML_forms": "0",
        "acro_form": "0",
        "auto_action": "0",
        "colors": "0",
        "cross_reference_table": "1",
        "embedded_files": "0",
        "file_size": "44",
        "java_script": "0",
        "js": "0",
        "launch_action": "0",
        "object_end": "60",
        "object_start": "60",
        "object_streams": "0",
        "open_action": "0",
        "page_count": "3",
        "rich_media": "0",
        "start_cross_reference_table": "1",
        "stream_end": "7",
        "stream_start": "7",
        "trailer_dictionary": "1"
    },
    "yara_signatures": [
        "without_attachments",
        "without_images",
        "with_urls",
        "invalid_trailer_structure",
        "contentis_base64"
    ]
}