{
    "exif_signatures": {},
    "file_size": 35101,
    "pdfid_signatures": {},
    "pypdf_uris": [
        "http://netcdn.tw/app/431946152/free-robux-site-game-hack",
        "http://netcdn.tw/app/431946152/free-robux-site-game-hack",
        "https://eastwood.co.ke/uploaded_files/userfiles/files/get-free-robux-com_GM431946152.pdf",
        "https://eastwood.co.ke/uploaded_files/userfiles/files/free-roblox-western-outfit_GM431946152.pdf",
        "https://eastwood.co.ke/uploaded_files/userfiles/files/spin-coin-master-free_GM406889139.pdf",
        "https://eastwood.co.ke/uploaded_files/userfiles/files/how-to-hack-roblox-accounts-2021-easy_GM431946152.pdf",
        "https://eastwood.co.ke/uploaded_files/userfiles/files/free-money-hack-roblox-vehicle-simulator_GM431946152.pdf",
        "https://eastwood.co.ke/uploaded_files/userfiles/files/dungeon-quest-hack-using-cheat-engine-roblox_GM431946152.pdf",
        "https://eastwood.co.ke/uploaded_files/userfiles/files/hack-avatar-robux_GM431946152.pdf",
        "https://eastwood.co.ke/uploaded_files/userfiles/files/roblox-dll-hack-roghoul_GM431946152.pdf",
        "https://eastwood.co.ke/uploaded_files/userfiles/files/minecraft-free-computer-game_GM479516143.pdf",
        "https://eastwood.co.ke/uploaded_files/userfiles/files/coin-master-free-spins-2021-apk_GM406889139.pdf",
        "https://eastwood.co.ke/uploaded_files/userfiles/files/free-robux-come_GM431946152.pdf",
        "https://eastwood.co.ke/uploaded_files/userfiles/files/talk-other-player-roblox-gui-hack_GM431946152.pdf",
        "https://eastwood.co.ke/uploaded_files/userfiles/files/40-free-spins-coin-master_GM406889139.pdf",
        "https://eastwood.co.ke/uploaded_files/userfiles/files/coin-master-app-hack_GM406889139.pdf",
        "https://eastwood.co.ke/uploaded_files/userfiles/files/coin-master-free-spins-link-today-instagram_GM406889139.pdf",
        "https://eastwood.co.ke/uploaded_files/userfiles/files/claim-free-robux-button_GM431946152.pdf",
        "https://eastwood.co.ke/uploaded_files/userfiles/files/free-robux-no-human-verification-2021_GM431946152.pdf",
        "https://eastwood.co.ke/uploaded_files/userfiles/files/coinmasterhack-club_GM406889139.pdf",
        "https://eastwood.co.ke/uploaded_files/userfiles/files/spin-link_GM406889139.pdf",
        "https://eastwood.co.ke/uploaded_files/userfiles/files/how-you-get-free-robux_GM431946152.pdf"
    ],
    "regex_uris": [
        "http://netcdn.tw/app/431946152/free-robux-site-game-hack",
        "http://netcdn.tw/app/431946152/free-robux-site-game-hack",
        "https://eastwood.co.ke/uploaded_files/userfiles/files/get-free-robux-com_GM431946152.pdf",
        "https://eastwood.co.ke/uploaded_files/userfiles/files/free-roblox-western-outfit_GM431946152.pdf",
        "https://eastwood.co.ke/uploaded_files/userfiles/files/spin-coin-master-free_GM406889139.pdf",
        "https://eastwood.co.ke/uploaded_files/userfiles/files/how-to-hack-roblox-accounts-2021-easy_GM431946152.pdf",
        "https://eastwood.co.ke/uploaded_files/userfiles/files/free-money-hack-roblox-vehicle-simulator_GM431946152.pdf",
        "https://eastwood.co.ke/uploaded_files/userfiles/files/dungeon-quest-hack-using-cheat-engine-roblox_GM431946152.pdf",
        "https://eastwood.co.ke/uploaded_files/userfiles/files/hack-avatar-robux_GM431946152.pdf",
        "https://eastwood.co.ke/uploaded_files/userfiles/files/roblox-dll-hack-roghoul_GM431946152.pdf",
        "https://eastwood.co.ke/uploaded_files/userfiles/files/minecraft-free-computer-game_GM479516143.pdf",
        "https://eastwood.co.ke/uploaded_files/userfiles/files/coin-master-free-spins-2021-apk_GM406889139.pdf",
        "https://eastwood.co.ke/uploaded_files/userfiles/files/free-robux-come_GM431946152.pdf",
        "https://eastwood.co.ke/uploaded_files/userfiles/files/talk-other-player-roblox-gui-hack_GM431946152.pdf",
        "https://eastwood.co.ke/uploaded_files/userfiles/files/40-free-spins-coin-master_GM406889139.pdf",
        "https://eastwood.co.ke/uploaded_files/userfiles/files/coin-master-app-hack_GM406889139.pdf",
        "https://eastwood.co.ke/uploaded_files/userfiles/files/coin-master-free-spins-link-today-instagram_GM406889139.pdf",
        "https://eastwood.co.ke/uploaded_files/userfiles/files/claim-free-robux-button_GM431946152.pdf",
        "https://eastwood.co.ke/uploaded_files/userfiles/files/free-robux-no-human-verification-2021_GM431946152.pdf",
        "https://eastwood.co.ke/uploaded_files/userfiles/files/coinmasterhack-club_GM406889139.pdf",
        "https://eastwood.co.ke/uploaded_files/userfiles/files/spin-link_GM406889139.pdf",
        "https://eastwood.co.ke/uploaded_files/userfiles/files/how-you-get-free-robux_GM431946152.pdf"
    ],
    "regex_urls": [
        "http://netcdn.tw/app/431946152/free-robux-site-game-hack",
        "http://netcdn.tw/app/431946152/free-robux-site-game-hack",
        "https",
        "https",
        "https",
        "https",
        "https",
        "https",
        "https",
        "https",
        "https",
        "https",
        "https",
        "https",
        "https",
        "https",
        "https",
        "https",
        "https",
        "https",
        "https",
        "https"
    ],
    "scripts": {
        "iframe": [],
        "urls": []
    },
    "static_properties": {
        "JBIG2Decode": "0",
        "XML_forms": "0",
        "acro_form": "0",
        "auto_action": "0",
        "colors": "0",
        "cross_reference_table": "1",
        "embedded_files": "0",
        "file_size": "35",
        "java_script": "0",
        "js": "0",
        "launch_action": "0",
        "object_end": "55",
        "object_start": "55",
        "object_streams": "0",
        "open_action": "0",
        "page_count": "2",
        "rich_media": "0",
        "start_cross_reference_table": "1",
        "stream_end": "6",
        "stream_start": "6",
        "trailer_dictionary": "1"
    },
    "yara_signatures": [
        "without_attachments",
        "without_images",
        "with_urls",
        "invalid_trailer_structure",
        "contentis_base64"
    ]
}