{
    "exif_signatures": {},
    "file_size": 102480,
    "pdfid_signatures": {},
    "pypdf_uris": [
        "http://getpdf.pw/book?res=123&isbn=9781591360438&kwd=Microsoft%20Office%20Powerpoint%202003%20:%20Quick%20Course%202",
        "http://getpdf.pw/book?res=123&isbn=9781591360438&kwd=Microsoft%20Office%20Powerpoint%202003%20:%20Quick%20Course%202",
        "https://static.s123-cdn-static-d.com/uploads/4660657/normal_61b0e2a7a4248.pdf"
    ],
    "regex_uris": [
        "http://getpdf.pw/book?res=123&isbn=9781591360438&kwd=Microsoft%20Office%20Powerpoint%202003%20:%20Quick%20Course%202",
        "http://getpdf.pw/book?res=123&isbn=9781591360438&kwd=Microsoft%20Office%20Powerpoint%202003%20:%20Quick%20Course%202",
        "https://static.s123-cdn-static-d.com/uploads/4660657/normal_61b0e2a7a4248.pdf"
    ],
    "regex_urls": [
        "http://getpdf.pw/book?res=123",
        "http://getpdf.pw/book?res=123",
        "https"
    ],
    "scripts": {
        "iframe": [],
        "urls": []
    },
    "static_properties": {
        "JBIG2Decode": "0",
        "XML_forms": "0",
        "acro_form": "0",
        "auto_action": "0",
        "colors": "0",
        "cross_reference_table": "1",
        "embedded_files": "0",
        "file_size": "102",
        "java_script": "0",
        "js": "0",
        "launch_action": "0",
        "object_end": "68",
        "object_start": "68",
        "object_streams": "0",
        "open_action": "0",
        "page_count": "6",
        "rich_media": "0",
        "start_cross_reference_table": "1",
        "stream_end": "13",
        "stream_start": "13",
        "trailer_dictionary": "1"
    },
    "yara_signatures": [
        "without_attachments",
        "without_images",
        "with_urls",
        "invalid_trailer_structure",
        "contentis_base64"
    ]
}