{
    "exif_signatures": {},
    "file_size": 35016,
    "pdfid_signatures": {},
    "pypdf_uris": [
        "http://netcdn.co/app/431946152/robux-hacks-admin-commands-game-hack",
        "http://netcdn.co/app/431946152/robux-hacks-admin-commands-game-hack",
        "https://elearning.man1tuban.sch.id/__statics/gudangsoal/files/robloxmodz-site-free-robux_GM431946152.pdf",
        "https://elearning.man1tuban.sch.id/__statics/gudangsoal/files/free-roblox-redeem-codes-2021_GM431946152.pdf",
        "https://elearning.man1tuban.sch.id/__statics/gudangsoal/files/roblox-pokemon-bronze-brick-cheats_GM431946152.pdf",
        "https://elearning.man1tuban.sch.id/__statics/gudangsoal/files/roblox-studio-play-for-free_GM431946152.pdf",
        "https://elearning.man1tuban.sch.id/__statics/gudangsoal/files/how-to-hacker-roblox-for-free-robux-2021_GM431946152.pdf",
        "https://elearning.man1tuban.sch.id/__statics/gudangsoal/files/how-to-get-free-robux-gift-card-codes_GM431946152.pdf",
        "https://elearning.man1tuban.sch.id/__statics/gudangsoal/files/how-to-make-free-roblox-bloxburg_GM431946152.pdf",
        "https://elearning.man1tuban.sch.id/__statics/gudangsoal/files/minish-roblox-hacker_GM431946152.pdf",
        "https://elearning.man1tuban.sch.id/__statics/gudangsoal/files/free-coins-and-spins-coin-master_GM406889139.pdf",
        "https://elearning.man1tuban.sch.id/__statics/gudangsoal/files/roblox-piano-sheet-hack_GM431946152.pdf",
        "https://elearning.man1tuban.sch.id/__statics/gudangsoal/files/coin-master-free-spins-and-coins_GM406889139.pdf",
        "https://elearning.man1tuban.sch.id/__statics/gudangsoal/files/where-to-get-free-robux-on-roblox_GM431946152.pdf",
        "https://elearning.man1tuban.sch.id/__statics/gudangsoal/files/how-to-get-free-robux-august-2021_GM431946152.pdf",
        "https://elearning.man1tuban.sch.id/__statics/gudangsoal/files/free-catalog-roblox-ja_GM431946152.pdf",
        "https://elearning.man1tuban.sch.id/__statics/gudangsoal/files/hack-para-obtener-robux_GM431946152.pdf",
        "https://elearning.man1tuban.sch.id/__statics/gudangsoal/files/free-robux-without-human-verification-real_GM431946152.pdf",
        "https://elearning.man1tuban.sch.id/__statics/gudangsoal/files/how-to-manage-server-roblox-script-hack_GM431946152.pdf",
        "https://elearning.man1tuban.sch.id/__statics/gudangsoal/files/minecraft-java-free_GM479516143.pdf",
        "https://elearning.man1tuban.sch.id/__statics/gudangsoal/files/flob-fun-roblox-hacker_GM431946152.pdf",
        "https://elearning.man1tuban.sch.id/__statics/gudangsoal/files/free-robux-with-no-survey_GM431946152.pdf"
    ],
    "regex_uris": [
        "http://netcdn.co/app/431946152/robux-hacks-admin-commands-game-hack",
        "http://netcdn.co/app/431946152/robux-hacks-admin-commands-game-hack",
        "https://elearning.man1tuban.sch.id/__statics/gudangsoal/files/robloxmodz-site-free-robux_GM431946152.pdf",
        "https://elearning.man1tuban.sch.id/__statics/gudangsoal/files/free-roblox-redeem-codes-2021_GM431946152.pdf",
        "https://elearning.man1tuban.sch.id/__statics/gudangsoal/files/roblox-pokemon-bronze-brick-cheats_GM431946152.pdf",
        "https://elearning.man1tuban.sch.id/__statics/gudangsoal/files/roblox-studio-play-for-free_GM431946152.pdf",
        "https://elearning.man1tuban.sch.id/__statics/gudangsoal/files/how-to-hacker-roblox-for-free-robux-2021_GM431946152.pdf",
        "https://elearning.man1tuban.sch.id/__statics/gudangsoal/files/how-to-get-free-robux-gift-card-codes_GM431946152.pdf",
        "https://elearning.man1tuban.sch.id/__statics/gudangsoal/files/how-to-make-free-roblox-bloxburg_GM431946152.pdf",
        "https://elearning.man1tuban.sch.id/__statics/gudangsoal/files/minish-roblox-hacker_GM431946152.pdf",
        "https://elearning.man1tuban.sch.id/__statics/gudangsoal/files/free-coins-and-spins-coin-master_GM406889139.pdf",
        "https://elearning.man1tuban.sch.id/__statics/gudangsoal/files/roblox-piano-sheet-hack_GM431946152.pdf",
        "https://elearning.man1tuban.sch.id/__statics/gudangsoal/files/coin-master-free-spins-and-coins_GM406889139.pdf",
        "https://elearning.man1tuban.sch.id/__statics/gudangsoal/files/where-to-get-free-robux-on-roblox_GM431946152.pdf",
        "https://elearning.man1tuban.sch.id/__statics/gudangsoal/files/how-to-get-free-robux-august-2021_GM431946152.pdf",
        "https://elearning.man1tuban.sch.id/__statics/gudangsoal/files/free-catalog-roblox-ja_GM431946152.pdf",
        "https://elearning.man1tuban.sch.id/__statics/gudangsoal/files/hack-para-obtener-robux_GM431946152.pdf",
        "https://elearning.man1tuban.sch.id/__statics/gudangsoal/files/free-robux-without-human-verification-real_GM431946152.pdf",
        "https://elearning.man1tuban.sch.id/__statics/gudangsoal/files/how-to-manage-server-roblox-script-hack_GM431946152.pdf",
        "https://elearning.man1tuban.sch.id/__statics/gudangsoal/files/minecraft-java-free_GM479516143.pdf",
        "https://elearning.man1tuban.sch.id/__statics/gudangsoal/files/flob-fun-roblox-hacker_GM431946152.pdf",
        "https://elearning.man1tuban.sch.id/__statics/gudangsoal/files/free-robux-with-no-survey_GM431946152.pdf"
    ],
    "regex_urls": [
        "http://netcdn.co/app/431946152/robux-hacks-admin-commands-game-hack",
        "http://netcdn.co/app/431946152/robux-hacks-admin-commands-game-hack",
        "https",
        "https",
        "https",
        "https",
        "https",
        "https",
        "https",
        "https",
        "https",
        "https",
        "https",
        "https",
        "https",
        "https",
        "https",
        "https",
        "https",
        "https",
        "https",
        "https"
    ],
    "scripts": {
        "iframe": [],
        "urls": []
    },
    "static_properties": {
        "JBIG2Decode": "0",
        "XML_forms": "0",
        "acro_form": "0",
        "auto_action": "0",
        "colors": "0",
        "cross_reference_table": "1",
        "embedded_files": "0",
        "file_size": "35",
        "java_script": "0",
        "js": "0",
        "launch_action": "0",
        "object_end": "55",
        "object_start": "55",
        "object_streams": "0",
        "open_action": "0",
        "page_count": "2",
        "rich_media": "0",
        "start_cross_reference_table": "1",
        "stream_end": "6",
        "stream_start": "6",
        "trailer_dictionary": "1"
    },
    "yara_signatures": [
        "without_attachments",
        "without_images",
        "with_urls",
        "invalid_trailer_structure",
        "contentis_base64"
    ]
}