{
    "exif_signatures": {},
    "file_size": 42694,
    "pdfid_signatures": {},
    "pypdf_uris": [
        "https://netcdn.xyz/app/1094591345/pokemon-go-freezing-game-hack",
        "https://netcdn.xyz/app/1094591345/pokemon-go-freezing-game-hack",
        "https://elearning.man3kuningan.sch.id/__statics/gudangsoal/files/free-coin-spin-coin-master_GM406889139.pdf",
        "https://elearning.man3kuningan.sch.id/__statics/gudangsoal/files/free-robux-no-survey-or-human-verification_GM431946152.pdf",
        "https://elearning.man3kuningan.sch.id/__statics/gudangsoal/files/how-many-villages-are-in-coin-master_GM406889139.pdf",
        "https://elearning.man3kuningan.sch.id/__statics/gudangsoal/files/10-robux_GM431946152.pdf",
        "https://elearning.man3kuningan.sch.id/__statics/gudangsoal/files/coin-master-free-spin-and-coin-link-app_GM406889139.pdf",
        "https://elearning.man3kuningan.sch.id/__statics/gudangsoal/files/best-free-spin-app-for-coin-master_GM406889139.pdf",
        "https://elearning.man3kuningan.sch.id/__statics/gudangsoal/files/how-to-get-free-robux-no-verification_GM431946152.pdf",
        "https://elearning.man3kuningan.sch.id/__statics/gudangsoal/files/minecraft-free-ios-2021_GM479516143.pdf",
        "https://elearning.man3kuningan.sch.id/__statics/gudangsoal/files/roblox-data-breach_GM431946152.pdf",
        "https://elearning.man3kuningan.sch.id/__statics/gudangsoal/files/hack-coin-master-app-ios_GM406889139.pdf",
        "https://elearning.man3kuningan.sch.id/__statics/gudangsoal/files/roblox-robux_GM431946152.pdf",
        "https://elearning.man3kuningan.sch.id/__statics/gudangsoal/files/minecraft-hacked-client-18_GM479516143.pdf",
        "https://elearning.man3kuningan.sch.id/__statics/gudangsoal/files/is-minecraft-education-edition-free_GM479516143.pdf",
        "https://elearning.man3kuningan.sch.id/__statics/gudangsoal/files/how-to-get-free-robux-on-roblox_GM431946152.pdf",
        "https://elearning.man3kuningan.sch.id/__statics/gudangsoal/files/free-robux-no-generator_GM431946152.pdf",
        "https://elearning.man3kuningan.sch.id/__statics/gudangsoal/files/free-robux-com-2021_GM431946152.pdf",
        "https://elearning.man3kuningan.sch.id/__statics/gudangsoal/files/robuxy-com-free-robux_GM431946152.pdf",
        "https://elearning.man3kuningan.sch.id/__statics/gudangsoal/files/robux-without-verification_GM431946152.pdf",
        "https://elearning.man3kuningan.sch.id/__statics/gudangsoal/files/free-roblox-hack_GM431946152.pdf",
        "https://elearning.man3kuningan.sch.id/__statics/gudangsoal/files/free-coin-master-spins-link_GM406889139.pdf"
    ],
    "regex_uris": [
        "https://netcdn.xyz/app/1094591345/pokemon-go-freezing-game-hack",
        "https://netcdn.xyz/app/1094591345/pokemon-go-freezing-game-hack",
        "https://elearning.man3kuningan.sch.id/__statics/gudangsoal/files/free-coin-spin-coin-master_GM406889139.pdf",
        "https://elearning.man3kuningan.sch.id/__statics/gudangsoal/files/free-robux-no-survey-or-human-verification_GM431946152.pdf",
        "https://elearning.man3kuningan.sch.id/__statics/gudangsoal/files/how-many-villages-are-in-coin-master_GM406889139.pdf",
        "https://elearning.man3kuningan.sch.id/__statics/gudangsoal/files/10-robux_GM431946152.pdf",
        "https://elearning.man3kuningan.sch.id/__statics/gudangsoal/files/coin-master-free-spin-and-coin-link-app_GM406889139.pdf",
        "https://elearning.man3kuningan.sch.id/__statics/gudangsoal/files/best-free-spin-app-for-coin-master_GM406889139.pdf",
        "https://elearning.man3kuningan.sch.id/__statics/gudangsoal/files/how-to-get-free-robux-no-verification_GM431946152.pdf",
        "https://elearning.man3kuningan.sch.id/__statics/gudangsoal/files/minecraft-free-ios-2021_GM479516143.pdf",
        "https://elearning.man3kuningan.sch.id/__statics/gudangsoal/files/roblox-data-breach_GM431946152.pdf",
        "https://elearning.man3kuningan.sch.id/__statics/gudangsoal/files/hack-coin-master-app-ios_GM406889139.pdf",
        "https://elearning.man3kuningan.sch.id/__statics/gudangsoal/files/roblox-robux_GM431946152.pdf",
        "https://elearning.man3kuningan.sch.id/__statics/gudangsoal/files/minecraft-hacked-client-18_GM479516143.pdf",
        "https://elearning.man3kuningan.sch.id/__statics/gudangsoal/files/is-minecraft-education-edition-free_GM479516143.pdf",
        "https://elearning.man3kuningan.sch.id/__statics/gudangsoal/files/how-to-get-free-robux-on-roblox_GM431946152.pdf",
        "https://elearning.man3kuningan.sch.id/__statics/gudangsoal/files/free-robux-no-generator_GM431946152.pdf",
        "https://elearning.man3kuningan.sch.id/__statics/gudangsoal/files/free-robux-com-2021_GM431946152.pdf",
        "https://elearning.man3kuningan.sch.id/__statics/gudangsoal/files/robuxy-com-free-robux_GM431946152.pdf",
        "https://elearning.man3kuningan.sch.id/__statics/gudangsoal/files/robux-without-verification_GM431946152.pdf",
        "https://elearning.man3kuningan.sch.id/__statics/gudangsoal/files/free-roblox-hack_GM431946152.pdf",
        "https://elearning.man3kuningan.sch.id/__statics/gudangsoal/files/free-coin-master-spins-link_GM406889139.pdf"
    ],
    "regex_urls": [
        "https",
        "https",
        "https",
        "https",
        "https",
        "https",
        "https",
        "https",
        "https",
        "https",
        "https",
        "https",
        "https",
        "https",
        "https",
        "https",
        "https",
        "https",
        "https",
        "https",
        "https",
        "https"
    ],
    "scripts": {
        "iframe": [],
        "urls": []
    },
    "static_properties": {
        "JBIG2Decode": "0",
        "XML_forms": "0",
        "acro_form": "0",
        "auto_action": "0",
        "colors": "0",
        "cross_reference_table": "1",
        "embedded_files": "0",
        "file_size": "43",
        "java_script": "0",
        "js": "0",
        "launch_action": "0",
        "object_end": "60",
        "object_start": "60",
        "object_streams": "0",
        "open_action": "0",
        "page_count": "3",
        "rich_media": "0",
        "start_cross_reference_table": "1",
        "stream_end": "7",
        "stream_start": "7",
        "trailer_dictionary": "1"
    },
    "yara_signatures": [
        "without_attachments",
        "without_images",
        "with_urls",
        "invalid_trailer_structure",
        "contentis_base64"
    ]
}