{
    "exif_signatures": {},
    "file_size": 108108,
    "pdfid_signatures": {},
    "pypdf_uris": [
        "http://eminemreactor.site/Inscribed-Angles-In-Circles-Worksheet/pdf/dlinnovations.com",
        "http://eminemreactor.site/Inscribed-Angles-In-Circles-Worksheet/doc/dlinnovations.com",
        "https://dlinnovations.com/wp-content/uploads/formidable/7/significant-figures-physics-worksheet.pdf",
        "https://dlinnovations.com/wp-content/uploads/formidable/7/mystack-was-not-declared-in-this-scope.pdf",
        "https://dlinnovations.com/wp-content/uploads/formidable/7/schools-that-offer-anesthesiologist-degree-near-me.pdf",
        "https://dlinnovations.com/wp-content/uploads/formidable/7/college-of-the-albemarle-transcripts.pdf",
        "https://dlinnovations.com/wp-content/uploads/formidable/7/rac-car-insurance-report-an-accident.pdf",
        "https://dlinnovations.com/wp-content/uploads/formidable/7/content-security-policy-frame-src.pdf"
    ],
    "regex_uris": [
        "http://eminemreactor.site/Inscribed-Angles-In-Circles-Worksheet/pdf/dlinnovations.com)>>>><</Type /Annot /Subtype /Link /Rect [291.00 466.00 544.00 387.00] /Border [0 0 0] /A <</S /URI /URI (http://eminemreactor.site/Inscribed-Angles-In-Circles-Worksheet/doc/dlinnovations.com",
        "https://dlinnovations.com/wp-content/uploads/formidable/7/significant-figures-physics-worksheet.pdf",
        "https://dlinnovations.com/wp-content/uploads/formidable/7/mystack-was-not-declared-in-this-scope.pdf",
        "https://dlinnovations.com/wp-content/uploads/formidable/7/schools-that-offer-anesthesiologist-degree-near-me.pdf",
        "https://dlinnovations.com/wp-content/uploads/formidable/7/college-of-the-albemarle-transcripts.pdf",
        "https://dlinnovations.com/wp-content/uploads/formidable/7/rac-car-insurance-report-an-accident.pdf",
        "https://dlinnovations.com/wp-content/uploads/formidable/7/content-security-policy-frame-src.pdf"
    ],
    "regex_urls": [
        "http://eminemreactor.site/Inscribed-Angles-In-Circles-Worksheet/pdf/dlinnovations.com",
        "http://eminemreactor.site/Inscribed-Angles-In-Circles-Worksheet/doc/dlinnovations.com",
        "https",
        "https",
        "https",
        "https",
        "https",
        "https"
    ],
    "scripts": {
        "iframe": [],
        "urls": []
    },
    "static_properties": {
        "JBIG2Decode": "0",
        "XML_forms": "0",
        "acro_form": "0",
        "auto_action": "0",
        "colors": "0",
        "cross_reference_table": "1",
        "embedded_files": "0",
        "file_size": "108",
        "java_script": "0",
        "js": "0",
        "launch_action": "0",
        "object_end": "33",
        "object_start": "33",
        "object_streams": "0",
        "open_action": "0",
        "page_count": "10",
        "rich_media": "0",
        "start_cross_reference_table": "1",
        "stream_end": "18",
        "stream_start": "18",
        "trailer_dictionary": "1"
    },
    "yara_signatures": [
        "without_attachments",
        "without_images",
        "with_urls",
        "invalid_trailer_structure",
        "contentis_base64"
    ]
}