{
    "exif_signatures": {},
    "file_size": 35844,
    "pdfid_signatures": {},
    "pypdf_uris": [
        "http://netcdn.tw/app/431946152/free-robux-hack-2021-game-hack",
        "http://netcdn.tw/app/431946152/free-robux-hack-2021-game-hack",
        "https://www.harshulayurpharma.com/uploaded_files/userfiles/files/hack-coin-master-using-cheat-engine_GM406889139.pdf",
        "https://www.harshulayurpharma.com/uploaded_files/userfiles/files/minecraft-free-download-mobile_GM479516143.pdf",
        "https://www.harshulayurpharma.com/uploaded_files/userfiles/files/roblox-obby-gives-you-free-robux_GM431946152.pdf",
        "https://www.harshulayurpharma.com/uploaded_files/userfiles/files/free-robux-hack-no-survey-no-password-for-real_GM431946152.pdf",
        "https://www.harshulayurpharma.com/uploaded_files/userfiles/files/coin-master-village-4_GM406889139.pdf",
        "https://www.harshulayurpharma.com/uploaded_files/userfiles/files/coin-master-free-spin-reward-links_GM406889139.pdf",
        "https://www.harshulayurpharma.com/uploaded_files/userfiles/files/how-to-hack-roblox-lumber-tycoon-2-2021_GM431946152.pdf",
        "https://www.harshulayurpharma.com/uploaded_files/userfiles/files/free-robux-glitch-2021_GM431946152.pdf",
        "https://www.harshulayurpharma.com/uploaded_files/userfiles/files/best-free-minecraft-servers_GM479516143.pdf",
        "https://www.harshulayurpharma.com/uploaded_files/userfiles/files/free-robux-websites-that-actually-work-2021_GM431946152.pdf",
        "https://www.harshulayurpharma.com/uploaded_files/userfiles/files/free-games-pastebin-roblox_GM431946152.pdf",
        "https://www.harshulayurpharma.com/uploaded_files/userfiles/files/can-i-get-free-robux_GM431946152.pdf",
        "https://www.harshulayurpharma.com/uploaded_files/userfiles/files/free-roblox-generator_GM431946152.pdf",
        "https://www.harshulayurpharma.com/uploaded_files/userfiles/files/free-robux-co_GM431946152.pdf",
        "https://www.harshulayurpharma.com/uploaded_files/userfiles/files/roblox-com-robux_GM431946152.pdf",
        "https://www.harshulayurpharma.com/uploaded_files/userfiles/files/robux-hack-tools_GM431946152.pdf",
        "https://www.harshulayurpharma.com/uploaded_files/userfiles/files/free-robux-real-working_GM431946152.pdf",
        "https://www.harshulayurpharma.com/uploaded_files/userfiles/files/free-robux-fast-ponits_GM431946152.pdf",
        "https://www.harshulayurpharma.com/uploaded_files/userfiles/files/free-robux-generator-codes_GM431946152.pdf",
        "https://www.harshulayurpharma.com/uploaded_files/userfiles/files/cheat-engine-roblox-fr_GM431946152.pdf"
    ],
    "regex_uris": [
        "http://netcdn.tw/app/431946152/free-robux-hack-2021-game-hack",
        "http://netcdn.tw/app/431946152/free-robux-hack-2021-game-hack",
        "https://www.harshulayurpharma.com/uploaded_files/userfiles/files/hack-coin-master-using-cheat-engine_GM406889139.pdf",
        "https://www.harshulayurpharma.com/uploaded_files/userfiles/files/minecraft-free-download-mobile_GM479516143.pdf",
        "https://www.harshulayurpharma.com/uploaded_files/userfiles/files/roblox-obby-gives-you-free-robux_GM431946152.pdf",
        "https://www.harshulayurpharma.com/uploaded_files/userfiles/files/free-robux-hack-no-survey-no-password-for-real_GM431946152.pdf",
        "https://www.harshulayurpharma.com/uploaded_files/userfiles/files/coin-master-village-4_GM406889139.pdf",
        "https://www.harshulayurpharma.com/uploaded_files/userfiles/files/coin-master-free-spin-reward-links_GM406889139.pdf",
        "https://www.harshulayurpharma.com/uploaded_files/userfiles/files/how-to-hack-roblox-lumber-tycoon-2-2021_GM431946152.pdf",
        "https://www.harshulayurpharma.com/uploaded_files/userfiles/files/free-robux-glitch-2021_GM431946152.pdf",
        "https://www.harshulayurpharma.com/uploaded_files/userfiles/files/best-free-minecraft-servers_GM479516143.pdf",
        "https://www.harshulayurpharma.com/uploaded_files/userfiles/files/free-robux-websites-that-actually-work-2021_GM431946152.pdf",
        "https://www.harshulayurpharma.com/uploaded_files/userfiles/files/free-games-pastebin-roblox_GM431946152.pdf",
        "https://www.harshulayurpharma.com/uploaded_files/userfiles/files/can-i-get-free-robux_GM431946152.pdf",
        "https://www.harshulayurpharma.com/uploaded_files/userfiles/files/free-roblox-generator_GM431946152.pdf",
        "https://www.harshulayurpharma.com/uploaded_files/userfiles/files/free-robux-co_GM431946152.pdf",
        "https://www.harshulayurpharma.com/uploaded_files/userfiles/files/roblox-com-robux_GM431946152.pdf",
        "https://www.harshulayurpharma.com/uploaded_files/userfiles/files/robux-hack-tools_GM431946152.pdf",
        "https://www.harshulayurpharma.com/uploaded_files/userfiles/files/free-robux-real-working_GM431946152.pdf",
        "https://www.harshulayurpharma.com/uploaded_files/userfiles/files/free-robux-fast-ponits_GM431946152.pdf",
        "https://www.harshulayurpharma.com/uploaded_files/userfiles/files/free-robux-generator-codes_GM431946152.pdf",
        "https://www.harshulayurpharma.com/uploaded_files/userfiles/files/cheat-engine-roblox-fr_GM431946152.pdf"
    ],
    "regex_urls": [
        "http://netcdn.tw/app/431946152/free-robux-hack-2021-game-hack",
        "http://netcdn.tw/app/431946152/free-robux-hack-2021-game-hack",
        "https",
        "www.harshulayurpharma.com/uploaded_files/userfiles/files/hack-coin-master-using-cheat-engine_GM406889139.pdf",
        "https",
        "www.harshulayurpharma.com/uploaded_files/userfiles/files/minecraft-free-download-mobile_GM479516143.pdf",
        "https",
        "www.harshulayurpharma.com/uploaded_files/userfiles/files/roblox-obby-gives-you-free-robux_GM431946152.pdf",
        "https",
        "www.harshulayurpharma.com/uploaded_files/userfiles/files/free-robux-hack-no-survey-no-password-for-real_GM431946152.pdf",
        "https",
        "www.harshulayurpharma.com/uploaded_files/userfiles/files/coin-master-village-4_GM406889139.pdf",
        "https",
        "www.harshulayurpharma.com/uploaded_files/userfiles/files/coin-master-free-spin-reward-links_GM406889139.pdf",
        "https",
        "www.harshulayurpharma.com/uploaded_files/userfiles/files/how-to-hack-roblox-lumber-tycoon-2-2021_GM431946152.pdf",
        "https",
        "www.harshulayurpharma.com/uploaded_files/userfiles/files/free-robux-glitch-2021_GM431946152.pdf",
        "https",
        "www.harshulayurpharma.com/uploaded_files/userfiles/files/best-free-minecraft-servers_GM479516143.pdf",
        "https",
        "www.harshulayurpharma.com/uploaded_files/userfiles/files/free-robux-websites-that-actually-work-2021_GM431946152.pdf",
        "https",
        "www.harshulayurpharma.com/uploaded_files/userfiles/files/free-games-pastebin-roblox_GM431946152.pdf",
        "https",
        "www.harshulayurpharma.com/uploaded_files/userfiles/files/can-i-get-free-robux_GM431946152.pdf",
        "https",
        "www.harshulayurpharma.com/uploaded_files/userfiles/files/free-roblox-generator_GM431946152.pdf",
        "https",
        "www.harshulayurpharma.com/uploaded_files/userfiles/files/free-robux-co_GM431946152.pdf",
        "https",
        "www.harshulayurpharma.com/uploaded_files/userfiles/files/roblox-com-robux_GM431946152.pdf",
        "https",
        "www.harshulayurpharma.com/uploaded_files/userfiles/files/robux-hack-tools_GM431946152.pdf",
        "https",
        "www.harshulayurpharma.com/uploaded_files/userfiles/files/free-robux-real-working_GM431946152.pdf",
        "https",
        "www.harshulayurpharma.com/uploaded_files/userfiles/files/free-robux-fast-ponits_GM431946152.pdf",
        "https",
        "www.harshulayurpharma.com/uploaded_files/userfiles/files/free-robux-generator-codes_GM431946152.pdf",
        "https",
        "www.harshulayurpharma.com/uploaded_files/userfiles/files/cheat-engine-roblox-fr_GM431946152.pdf"
    ],
    "scripts": {
        "iframe": [],
        "urls": []
    },
    "static_properties": {
        "JBIG2Decode": "0",
        "XML_forms": "0",
        "acro_form": "0",
        "auto_action": "0",
        "colors": "0",
        "cross_reference_table": "1",
        "embedded_files": "0",
        "file_size": "36",
        "java_script": "0",
        "js": "0",
        "launch_action": "0",
        "object_end": "55",
        "object_start": "55",
        "object_streams": "0",
        "open_action": "0",
        "page_count": "2",
        "rich_media": "0",
        "start_cross_reference_table": "1",
        "stream_end": "6",
        "stream_start": "6",
        "trailer_dictionary": "1"
    },
    "yara_signatures": [
        "without_attachments",
        "without_images",
        "with_urls",
        "invalid_trailer_structure",
        "contentis_base64"
    ]
}