{
    "exif_signatures": {},
    "file_size": 73267,
    "pdfid_signatures": {},
    "pypdf_uris": [
        "http://owfocqm474.berilata.ru/dwnl3.php",
        "http://owfocqm650.berilata.ru/dwnl3.php",
        "http://goltimuro.bltadwin.ru/el-paso-enchiladas-instructions.pdf",
        "http://kajisho.bltadwin.ru/delicious-mexican-eatery-el-paso-menu.pdf",
        "http://tesida.bltadwin.ru/rosario-deli-chicago.pdf",
        "http://zuzuru.bltadwin.ru/farmer-houston.pdf",
        "http://fem.bltadwin.ru/headquarters-memphis.pdf",
        "http://mebei.bltadwin.ru/tavern-new-york-city.pdf",
        "http://tashicage.bltadwin.ru/fairmont-homes-boston-mk2.pdf"
    ],
    "regex_uris": [
        "http://owfocqm474.berilata.ru/dwnl3.php",
        "http://owfocqm650.berilata.ru/dwnl3.php",
        "http://goltimuro.bltadwin.ru/el-paso-enchiladas-instructions.pdf",
        "http://kajisho.bltadwin.ru/delicious-mexican-eatery-el-paso-menu.pdf",
        "http://tesida.bltadwin.ru/rosario-deli-chicago.pdf",
        "http://zuzuru.bltadwin.ru/farmer-houston.pdf",
        "http://fem.bltadwin.ru/headquarters-memphis.pdf",
        "http://mebei.bltadwin.ru/tavern-new-york-city.pdf",
        "http://tashicage.bltadwin.ru/fairmont-homes-boston-mk2.pdf"
    ],
    "regex_urls": [
        "http://owfocqm474.berilata.ru/dwnl3.php",
        "http://owfocqm650.berilata.ru/dwnl3.php",
        "http://goltimuro.bltadwin.ru/el-paso-enchiladas-instructions.pdf",
        "http://kajisho.bltadwin.ru/delicious-mexican-eatery-el-paso-menu.pdf",
        "http://tesida.bltadwin.ru/rosario-deli-chicago.pdf",
        "http://zuzuru.bltadwin.ru/farmer-houston.pdf",
        "http://fem.bltadwin.ru/headquarters-memphis.pdf",
        "http://mebei.bltadwin.ru/tavern-new-york-city.pdf",
        "http://tashicage.bltadwin.ru/fairmont-homes-boston-mk2.pdf"
    ],
    "scripts": {
        "iframe": [],
        "urls": []
    },
    "static_properties": {
        "JBIG2Decode": "0",
        "XML_forms": "0",
        "acro_form": "0",
        "auto_action": "0",
        "colors": "0",
        "cross_reference_table": "1",
        "embedded_files": "0",
        "file_size": "73",
        "java_script": "0",
        "js": "0",
        "launch_action": "0",
        "object_end": "67",
        "object_start": "67",
        "object_streams": "0",
        "open_action": "0",
        "page_count": "7",
        "rich_media": "0",
        "start_cross_reference_table": "1",
        "stream_end": "12",
        "stream_start": "12",
        "trailer_dictionary": "1"
    },
    "yara_signatures": [
        "without_attachments",
        "without_images",
        "with_urls",
        "invalid_trailer_structure",
        "contentis_base64"
    ]
}