{
    "exif_signatures": {},
    "file_size": 43188,
    "pdfid_signatures": {},
    "pypdf_uris": [
        "https://netcdn.xyz/app/1330123889/pubg-uc-ykleme-game-hack",
        "https://netcdn.xyz/app/1330123889/pubg-uc-ykleme-game-hack",
        "https://www.tvoyo.tv/ckfinder/userfiles/files/master-coin-free-spin_GM406889139.pdf",
        "https://www.tvoyo.tv/ckfinder/userfiles/files/minecraft-bedrock-free-server-hosting_GM479516143.pdf",
        "https://www.tvoyo.tv/ckfinder/userfiles/files/coin-master-free-spins-daily_GM406889139.pdf",
        "https://www.tvoyo.tv/ckfinder/userfiles/files/free-robux-hacker-us_GM431946152.pdf",
        "https://www.tvoyo.tv/ckfinder/userfiles/files/coin-master-free-coins-and-spins-2021_GM406889139.pdf",
        "https://www.tvoyo.tv/ckfinder/userfiles/files/coin-master-hack-download-2021_GM406889139.pdf",
        "https://www.tvoyo.tv/ckfinder/userfiles/files/how-to-get-free-robux-without-surveys_GM431946152.pdf",
        "https://www.tvoyo.tv/ckfinder/userfiles/files/free-spin-coin-master-2021-link_GM406889139.pdf",
        "https://www.tvoyo.tv/ckfinder/userfiles/files/how-to-hack-someones-roblox-account-2021_GM431946152.pdf",
        "https://www.tvoyo.tv/ckfinder/userfiles/files/how-to-download-minecraft-for-free-ios_GM479516143.pdf",
        "https://www.tvoyo.tv/ckfinder/userfiles/files/how-to-log-out-of-coin-master_GM406889139.pdf",
        "https://www.tvoyo.tv/ckfinder/userfiles/files/where-can-i-get-free-spins-for-coin-master_GM406889139.pdf",
        "https://www.tvoyo.tv/ckfinder/userfiles/files/coin-master-free-spins-coins_GM406889139.pdf",
        "https://www.tvoyo.tv/ckfinder/userfiles/files/roblox-executor-free_GM431946152.pdf",
        "https://www.tvoyo.tv/ckfinder/userfiles/files/how-to-get-free-robux-com_GM431946152.pdf",
        "https://www.tvoyo.tv/ckfinder/userfiles/files/mcpe-master-unlimited-coins-hack-apk_GM406889139.pdf",
        "https://www.tvoyo.tv/ckfinder/userfiles/files/coin-master-hack-mod-apk-unlimited-spin-download_GM406889139.pdf",
        "https://www.tvoyo.tv/ckfinder/userfiles/files/robux-free-c_GM431946152.pdf",
        "https://www.tvoyo.tv/ckfinder/userfiles/files/how-do-i-get-free-spins-in-coin-master_GM406889139.pdf",
        "https://www.tvoyo.tv/ckfinder/userfiles/files/free-robux-safe_GM431946152.pdf"
    ],
    "regex_uris": [
        "https://netcdn.xyz/app/1330123889/pubg-uc-ykleme-game-hack",
        "https://netcdn.xyz/app/1330123889/pubg-uc-ykleme-game-hack",
        "https://www.tvoyo.tv/ckfinder/userfiles/files/master-coin-free-spin_GM406889139.pdf",
        "https://www.tvoyo.tv/ckfinder/userfiles/files/minecraft-bedrock-free-server-hosting_GM479516143.pdf",
        "https://www.tvoyo.tv/ckfinder/userfiles/files/coin-master-free-spins-daily_GM406889139.pdf",
        "https://www.tvoyo.tv/ckfinder/userfiles/files/free-robux-hacker-us_GM431946152.pdf",
        "https://www.tvoyo.tv/ckfinder/userfiles/files/coin-master-free-coins-and-spins-2021_GM406889139.pdf",
        "https://www.tvoyo.tv/ckfinder/userfiles/files/coin-master-hack-download-2021_GM406889139.pdf",
        "https://www.tvoyo.tv/ckfinder/userfiles/files/how-to-get-free-robux-without-surveys_GM431946152.pdf",
        "https://www.tvoyo.tv/ckfinder/userfiles/files/free-spin-coin-master-2021-link_GM406889139.pdf",
        "https://www.tvoyo.tv/ckfinder/userfiles/files/how-to-hack-someones-roblox-account-2021_GM431946152.pdf",
        "https://www.tvoyo.tv/ckfinder/userfiles/files/how-to-download-minecraft-for-free-ios_GM479516143.pdf",
        "https://www.tvoyo.tv/ckfinder/userfiles/files/how-to-log-out-of-coin-master_GM406889139.pdf",
        "https://www.tvoyo.tv/ckfinder/userfiles/files/where-can-i-get-free-spins-for-coin-master_GM406889139.pdf",
        "https://www.tvoyo.tv/ckfinder/userfiles/files/coin-master-free-spins-coins_GM406889139.pdf",
        "https://www.tvoyo.tv/ckfinder/userfiles/files/roblox-executor-free_GM431946152.pdf",
        "https://www.tvoyo.tv/ckfinder/userfiles/files/how-to-get-free-robux-com_GM431946152.pdf",
        "https://www.tvoyo.tv/ckfinder/userfiles/files/mcpe-master-unlimited-coins-hack-apk_GM406889139.pdf",
        "https://www.tvoyo.tv/ckfinder/userfiles/files/coin-master-hack-mod-apk-unlimited-spin-download_GM406889139.pdf",
        "https://www.tvoyo.tv/ckfinder/userfiles/files/robux-free-c_GM431946152.pdf",
        "https://www.tvoyo.tv/ckfinder/userfiles/files/how-do-i-get-free-spins-in-coin-master_GM406889139.pdf",
        "https://www.tvoyo.tv/ckfinder/userfiles/files/free-robux-safe_GM431946152.pdf"
    ],
    "regex_urls": [
        "https",
        "https",
        "https",
        "www.tvoyo.tv/ckfinder/userfiles/files/master-coin-free-spin_GM406889139.pdf",
        "https",
        "www.tvoyo.tv/ckfinder/userfiles/files/minecraft-bedrock-free-server-hosting_GM479516143.pdf",
        "https",
        "www.tvoyo.tv/ckfinder/userfiles/files/coin-master-free-spins-daily_GM406889139.pdf",
        "https",
        "www.tvoyo.tv/ckfinder/userfiles/files/free-robux-hacker-us_GM431946152.pdf",
        "https",
        "www.tvoyo.tv/ckfinder/userfiles/files/coin-master-free-coins-and-spins-2021_GM406889139.pdf",
        "https",
        "www.tvoyo.tv/ckfinder/userfiles/files/coin-master-hack-download-2021_GM406889139.pdf",
        "https",
        "www.tvoyo.tv/ckfinder/userfiles/files/how-to-get-free-robux-without-surveys_GM431946152.pdf",
        "https",
        "www.tvoyo.tv/ckfinder/userfiles/files/free-spin-coin-master-2021-link_GM406889139.pdf",
        "https",
        "www.tvoyo.tv/ckfinder/userfiles/files/how-to-hack-someones-roblox-account-2021_GM431946152.pdf",
        "https",
        "www.tvoyo.tv/ckfinder/userfiles/files/how-to-download-minecraft-for-free-ios_GM479516143.pdf",
        "https",
        "www.tvoyo.tv/ckfinder/userfiles/files/how-to-log-out-of-coin-master_GM406889139.pdf",
        "https",
        "www.tvoyo.tv/ckfinder/userfiles/files/where-can-i-get-free-spins-for-coin-master_GM406889139.pdf",
        "https",
        "www.tvoyo.tv/ckfinder/userfiles/files/coin-master-free-spins-coins_GM406889139.pdf",
        "https",
        "www.tvoyo.tv/ckfinder/userfiles/files/roblox-executor-free_GM431946152.pdf",
        "https",
        "www.tvoyo.tv/ckfinder/userfiles/files/how-to-get-free-robux-com_GM431946152.pdf",
        "https",
        "www.tvoyo.tv/ckfinder/userfiles/files/mcpe-master-unlimited-coins-hack-apk_GM406889139.pdf",
        "https",
        "www.tvoyo.tv/ckfinder/userfiles/files/coin-master-hack-mod-apk-unlimited-spin-download_GM406889139.pdf",
        "https",
        "www.tvoyo.tv/ckfinder/userfiles/files/robux-free-c_GM431946152.pdf",
        "https",
        "www.tvoyo.tv/ckfinder/userfiles/files/how-do-i-get-free-spins-in-coin-master_GM406889139.pdf",
        "https",
        "www.tvoyo.tv/ckfinder/userfiles/files/free-robux-safe_GM431946152.pdf"
    ],
    "scripts": {
        "iframe": [],
        "urls": []
    },
    "static_properties": {
        "JBIG2Decode": "0",
        "XML_forms": "0",
        "acro_form": "0",
        "auto_action": "0",
        "colors": "0",
        "cross_reference_table": "1",
        "embedded_files": "0",
        "file_size": "43",
        "java_script": "0",
        "js": "0",
        "launch_action": "0",
        "object_end": "60",
        "object_start": "60",
        "object_streams": "0",
        "open_action": "0",
        "page_count": "3",
        "rich_media": "0",
        "start_cross_reference_table": "1",
        "stream_end": "7",
        "stream_start": "7",
        "trailer_dictionary": "1"
    },
    "yara_signatures": [
        "without_attachments",
        "without_images",
        "with_urls",
        "invalid_trailer_structure",
        "contentis_base64"
    ]
}