{
    "exif_signatures": {},
    "file_size": 35558,
    "pdfid_signatures": {},
    "pypdf_uris": [
        "http://netcdn.tw/app/406889139/is-there-any-tricks-or-working-hacks-for-coin-master-game-hack",
        "http://netcdn.tw/app/406889139/is-there-any-tricks-or-working-hacks-for-coin-master-game-hack",
        "https://elibrary.ikhac.ac.id/repository/how-to-quickly-get-80-robux-free_GM431946152.pdf",
        "https://elibrary.ikhac.ac.id/repository/coin-master-card-collection-hack-apk_GM406889139.pdf",
        "https://elibrary.ikhac.ac.id/repository/how-to-get-free-robux-without-offers_GM431946152.pdf",
        "https://elibrary.ikhac.ac.id/repository/how-to-hack-roblox-accounts-2021-easy_GM431946152.pdf",
        "https://elibrary.ikhac.ac.id/repository/minecraft-fly-hack_GM479516143.pdf",
        "https://elibrary.ikhac.ac.id/repository/free-robux-no-offers_GM431946152.pdf",
        "https://elibrary.ikhac.ac.id/repository/coin-master-free-spin-and-coin_GM406889139.pdf",
        "https://elibrary.ikhac.ac.id/repository/free-robux-no-verification-or-survey-2021_GM431946152.pdf",
        "https://elibrary.ikhac.ac.id/repository/how-to-hack-robux-hack_GM431946152.pdf",
        "https://elibrary.ikhac.ac.id/repository/roblox-free-robux-codes_GM431946152.pdf",
        "https://elibrary.ikhac.ac.id/repository/claim-free-robux_GM431946152.pdf",
        "https://elibrary.ikhac.ac.id/repository/free-roblox-gift-card_GM431946152.pdf",
        "https://elibrary.ikhac.ac.id/repository/how-to-get-free-rap-roblox_GM431946152.pdf",
        "https://elibrary.ikhac.ac.id/repository/free-robux-codes-2021-and-how-to-imput-them_GM431946152.pdf",
        "https://elibrary.ikhac.ac.id/repository/roblox-hack-all-game-gun_GM431946152.pdf",
        "https://elibrary.ikhac.ac.id/repository/spin-free-coin-master_GM406889139.pdf",
        "https://elibrary.ikhac.ac.id/repository/how-to-get-free-robux-codes_GM431946152.pdf",
        "https://elibrary.ikhac.ac.id/repository/robuxy-free-robux_GM431946152.pdf",
        "https://elibrary.ikhac.ac.id/repository/hack-prison-life-roblox-2021_GM431946152.pdf",
        "https://elibrary.ikhac.ac.id/repository/how-to-get-free-robux-on-mobile-device_GM431946152.pdf"
    ],
    "regex_uris": [
        "http://netcdn.tw/app/406889139/is-there-any-tricks-or-working-hacks-for-coin-master-game-hack",
        "http://netcdn.tw/app/406889139/is-there-any-tricks-or-working-hacks-for-coin-master-game-hack",
        "https://elibrary.ikhac.ac.id/repository/how-to-quickly-get-80-robux-free_GM431946152.pdf",
        "https://elibrary.ikhac.ac.id/repository/coin-master-card-collection-hack-apk_GM406889139.pdf",
        "https://elibrary.ikhac.ac.id/repository/how-to-get-free-robux-without-offers_GM431946152.pdf",
        "https://elibrary.ikhac.ac.id/repository/how-to-hack-roblox-accounts-2021-easy_GM431946152.pdf",
        "https://elibrary.ikhac.ac.id/repository/minecraft-fly-hack_GM479516143.pdf",
        "https://elibrary.ikhac.ac.id/repository/free-robux-no-offers_GM431946152.pdf",
        "https://elibrary.ikhac.ac.id/repository/coin-master-free-spin-and-coin_GM406889139.pdf",
        "https://elibrary.ikhac.ac.id/repository/free-robux-no-verification-or-survey-2021_GM431946152.pdf",
        "https://elibrary.ikhac.ac.id/repository/how-to-hack-robux-hack_GM431946152.pdf",
        "https://elibrary.ikhac.ac.id/repository/roblox-free-robux-codes_GM431946152.pdf",
        "https://elibrary.ikhac.ac.id/repository/claim-free-robux_GM431946152.pdf",
        "https://elibrary.ikhac.ac.id/repository/free-roblox-gift-card_GM431946152.pdf",
        "https://elibrary.ikhac.ac.id/repository/how-to-get-free-rap-roblox_GM431946152.pdf",
        "https://elibrary.ikhac.ac.id/repository/free-robux-codes-2021-and-how-to-imput-them_GM431946152.pdf",
        "https://elibrary.ikhac.ac.id/repository/roblox-hack-all-game-gun_GM431946152.pdf",
        "https://elibrary.ikhac.ac.id/repository/spin-free-coin-master_GM406889139.pdf",
        "https://elibrary.ikhac.ac.id/repository/how-to-get-free-robux-codes_GM431946152.pdf",
        "https://elibrary.ikhac.ac.id/repository/robuxy-free-robux_GM431946152.pdf",
        "https://elibrary.ikhac.ac.id/repository/hack-prison-life-roblox-2021_GM431946152.pdf",
        "https://elibrary.ikhac.ac.id/repository/how-to-get-free-robux-on-mobile-device_GM431946152.pdf"
    ],
    "regex_urls": [
        "http://netcdn.tw/app/406889139/is-there-any-tricks-or-working-hacks-for-coin-master-game-hack",
        "http://netcdn.tw/app/406889139/is-there-any-tricks-or-working-hacks-for-coin-master-game-hack",
        "https",
        "https",
        "https",
        "https",
        "https",
        "https",
        "https",
        "https",
        "https",
        "https",
        "https",
        "https",
        "https",
        "https",
        "https",
        "https",
        "https",
        "https",
        "https",
        "https"
    ],
    "scripts": {
        "iframe": [],
        "urls": []
    },
    "static_properties": {
        "JBIG2Decode": "0",
        "XML_forms": "0",
        "acro_form": "0",
        "auto_action": "0",
        "colors": "0",
        "cross_reference_table": "1",
        "embedded_files": "0",
        "file_size": "36",
        "java_script": "0",
        "js": "0",
        "launch_action": "0",
        "object_end": "55",
        "object_start": "55",
        "object_streams": "0",
        "open_action": "0",
        "page_count": "2",
        "rich_media": "0",
        "start_cross_reference_table": "1",
        "stream_end": "6",
        "stream_start": "6",
        "trailer_dictionary": "1"
    },
    "yara_signatures": [
        "without_attachments",
        "without_images",
        "with_urls",
        "invalid_trailer_structure",
        "contentis_base64"
    ]
}