{
    "exif_signatures": {},
    "file_size": 224103,
    "pdfid_signatures": {},
    "pypdf_uris": [
        "http://eelruxe.com/c3?utm_term=kindle+paperwhite+32gb+no+ads",
        "https://gedodokokij.weebly.com/uploads/1/4/1/4/141454958/pujoradutujiwibati.pdf",
        "https://static1.squarespace.com/static/60aaf27c8bac0413e6f804fa/t/62b4bfa36e554c6c26a95ac8/1656012707714/fawugexumumezitat.pdf",
        "https://static1.squarespace.com/static/60aaf27c8bac0413e6f804fa/t/62d869bf1ea03d4345aa37d4/1658350015856/beginners_guide_to_digital_painting.pdf",
        "https://static1.squarespace.com/static/604aea6a97201213e037dc4e/t/62be62e23fc74c095fe72953/1656644323374/vunipedomubavelirajigi.pdf",
        "https://static1.squarespace.com/static/604aebe5436e397a99d53e8a/t/62d2966fe3237c57d800a3af/1657968240345/the_birds_du_maurier.pdf",
        "https://static1.squarespace.com/static/604aeb86718479732845b7b4/t/62bfe9c1aa306b38b23b428b/1656744385503/66564662323.pdf",
        "https://jasitonil.weebly.com/uploads/1/3/4/0/134096785/91faef186c10.pdf",
        "https://static1.squarespace.com/static/60aaf25e42d7b60106dc17aa/t/62b6c47998512d3818da1bb7/1656145017623/the_coming_convergence_full_movie_on.pdf",
        "https://static1.squarespace.com/static/60aaf27c8bac0413e6f804fa/t/62cda314248d8e19581bebae/1657643797592/utorrent_2.2_1_letltse_ingyen_magyarul.pdf",
        "https://static1.squarespace.com/static/60aaf25e42d7b60106dc17aa/t/62b53c82c2dc124adf673d70/1656044674163/dna_replication_enzymes_worksheet.pdf",
        "https://static1.squarespace.com/static/604aea6a97201213e037dc4e/t/62bea0fcd08943755f28b758/1656660221590/favigagarewuzufikep.pdf",
        "https://desaviguwogo.weebly.com/uploads/1/3/1/8/131871994/tunanorosimiw.pdf",
        "https://static1.squarespace.com/static/604aec14af289a5f7a539cf5/t/62c8538d4af1fb61b9fef993/1657295758246/jynxbox_ultra_hd_v15.pdf",
        "https://static1.squarespace.com/static/60aaf25e42d7b60106dc17aa/t/62cd7f21d7fd656af9620039/1657634593418/1436064694.pdf",
        "https://static1.squarespace.com/static/60aaf27c8bac0413e6f804fa/t/62d03343a393473db20e3000/1657811780165/mindthief_level_6_cards.pdf",
        "https://static1.squarespace.com/static/604aea6a97201213e037dc4e/t/62b874ed773ee216ecd2477c/1656255725691/the_bridges_of_madison_county_book_p.pdf",
        "https://static1.squarespace.com/static/604aec14af289a5f7a539cf5/t/62c703f377656504860ebc9f/1657209844060/65940587107.pdf",
        "https://fimizugowukabi.weebly.com/uploads/1/3/1/1/131164572/sosufokel.pdf",
        "https://static1.squarespace.com/static/60aaf27c8bac0413e6f804fa/t/62c91d2856ed60706581444c/1657347368862/ruh_sal_ve_bozukluklar.pdf",
        "https://static1.squarespace.com/static/604aeb86718479732845b7b4/t/62d3f702322b06056fa959db/1658058498377/30299143425.pdf",
        "https://static1.squarespace.com/static/60aaf27c8bac0413e6f804fa/t/62b4b7c53cd942070f2cdcef/1656010693731/33664897454.pdf",
        "https://static1.squarespace.com/static/604aea6a97201213e037dc4e/t/62d4f860e53ee104f9803d6f/1658124385366/99671342215.pdf",
        "https://sedawuxel.weebly.com/uploads/1/3/5/3/135326539/zunugawamaju.pdf",
        "https://static1.squarespace.com/static/604aeb86718479732845b7b4/t/62b9d3063fcd0031055663fc/1656345351696/rainbird_isa_304_transformer.pdf",
        "https://static1.squarespace.com/static/60aaf25e42d7b60106dc17aa/t/62d10e05f2cbcd0d66477121/1657867782313/wutejewedikov.pdf",
        "https://static1.squarespace.com/static/60aaf27c8bac0413e6f804fa/t/62c4ecafc70ac548755d23a7/1657072816090/campana_sobre_campana_flauta.pdf"
    ],
    "regex_uris": [
        "http://eelruxe.com/c3?utm_term=kindle+paperwhite+32gb+no+ads",
        "https://gedodokokij.weebly.com/uploads/1/4/1/4/141454958/pujoradutujiwibati.pdf",
        "https://static1.squarespace.com/static/60aaf27c8bac0413e6f804fa/t/62b4bfa36e554c6c26a95ac8/1656012707714/fawugexumumezitat.pdf",
        "https://static1.squarespace.com/static/60aaf27c8bac0413e6f804fa/t/62d869bf1ea03d4345aa37d4/1658350015856/beginners_guide_to_digital_painting.pdf",
        "https://static1.squarespace.com/static/604aea6a97201213e037dc4e/t/62be62e23fc74c095fe72953/1656644323374/vunipedomubavelirajigi.pdf",
        "https://static1.squarespace.com/static/604aebe5436e397a99d53e8a/t/62d2966fe3237c57d800a3af/1657968240345/the_birds_du_maurier.pdf",
        "https://static1.squarespace.com/static/604aeb86718479732845b7b4/t/62bfe9c1aa306b38b23b428b/1656744385503/66564662323.pdf",
        "https://jasitonil.weebly.com/uploads/1/3/4/0/134096785/91faef186c10.pdf",
        "https://static1.squarespace.com/static/60aaf25e42d7b60106dc17aa/t/62b6c47998512d3818da1bb7/1656145017623/the_coming_convergence_full_movie_on.pdf",
        "https://static1.squarespace.com/static/60aaf27c8bac0413e6f804fa/t/62cda314248d8e19581bebae/1657643797592/utorrent_2.2_1_letltse_ingyen_magyarul.pdf",
        "https://static1.squarespace.com/static/60aaf25e42d7b60106dc17aa/t/62b53c82c2dc124adf673d70/1656044674163/dna_replication_enzymes_worksheet.pdf",
        "https://static1.squarespace.com/static/604aea6a97201213e037dc4e/t/62bea0fcd08943755f28b758/1656660221590/favigagarewuzufikep.pdf",
        "https://desaviguwogo.weebly.com/uploads/1/3/1/8/131871994/tunanorosimiw.pdf",
        "https://static1.squarespace.com/static/604aec14af289a5f7a539cf5/t/62c8538d4af1fb61b9fef993/1657295758246/jynxbox_ultra_hd_v15.pdf",
        "https://static1.squarespace.com/static/60aaf25e42d7b60106dc17aa/t/62cd7f21d7fd656af9620039/1657634593418/1436064694.pdf",
        "https://static1.squarespace.com/static/60aaf27c8bac0413e6f804fa/t/62d03343a393473db20e3000/1657811780165/mindthief_level_6_cards.pdf",
        "https://static1.squarespace.com/static/604aea6a97201213e037dc4e/t/62b874ed773ee216ecd2477c/1656255725691/the_bridges_of_madison_county_book_p.pdf",
        "https://static1.squarespace.com/static/604aec14af289a5f7a539cf5/t/62c703f377656504860ebc9f/1657209844060/65940587107.pdf",
        "https://fimizugowukabi.weebly.com/uploads/1/3/1/1/131164572/sosufokel.pdf",
        "https://static1.squarespace.com/static/60aaf27c8bac0413e6f804fa/t/62c91d2856ed60706581444c/1657347368862/ruh_sal_ve_bozukluklar.pdf",
        "https://static1.squarespace.com/static/604aeb86718479732845b7b4/t/62d3f702322b06056fa959db/1658058498377/30299143425.pdf",
        "https://static1.squarespace.com/static/60aaf27c8bac0413e6f804fa/t/62b4b7c53cd942070f2cdcef/1656010693731/33664897454.pdf",
        "https://static1.squarespace.com/static/604aea6a97201213e037dc4e/t/62d4f860e53ee104f9803d6f/1658124385366/99671342215.pdf",
        "https://sedawuxel.weebly.com/uploads/1/3/5/3/135326539/zunugawamaju.pdf",
        "https://static1.squarespace.com/static/604aeb86718479732845b7b4/t/62b9d3063fcd0031055663fc/1656345351696/rainbird_isa_304_transformer.pdf",
        "https://static1.squarespace.com/static/60aaf25e42d7b60106dc17aa/t/62d10e05f2cbcd0d66477121/1657867782313/wutejewedikov.pdf",
        "https://static1.squarespace.com/static/60aaf27c8bac0413e6f804fa/t/62c4ecafc70ac548755d23a7/1657072816090/campana_sobre_campana_flauta.pdf"
    ],
    "regex_urls": [
        "http://eelruxe.com/c3?utm_term=kindle+paperwhite+32gb+no+ads",
        "https",
        "https",
        "https",
        "https",
        "https",
        "https",
        "https",
        "https",
        "https",
        "https",
        "https",
        "https",
        "https",
        "https",
        "https",
        "https",
        "https",
        "https",
        "https",
        "https",
        "https",
        "https",
        "https",
        "https",
        "https",
        "https",
        "http://www.w3.org/1999/02/22-rdf-syntax-ns#",
        "http://purl.org/dc/elements/1.1/",
        "http://ns.adobe.com/pdf/1.3/",
        "http://ns.adobe.com/xap/1.0/",
        "http://ns.adobe.com/xap/1.0/mm/",
        "http://ns.adobe.com/xap/1.0/rights/"
    ],
    "scripts": {
        "iframe": [],
        "urls": []
    },
    "static_properties": {
        "JBIG2Decode": "0",
        "XML_forms": "0",
        "acro_form": "0",
        "auto_action": "0",
        "colors": "0",
        "cross_reference_table": "2",
        "embedded_files": "0",
        "file_size": "224",
        "java_script": "0",
        "js": "0",
        "launch_action": "0",
        "object_end": "81",
        "object_start": "81",
        "object_streams": "0",
        "open_action": "0",
        "page_count": "4",
        "rich_media": "0",
        "start_cross_reference_table": "2",
        "stream_end": "17",
        "stream_start": "17",
        "trailer_dictionary": "2"
    },
    "yara_signatures": [
        "without_attachments",
        "without_images",
        "with_urls",
        "invalid_trailer_structure",
        "multiple_versions",
        "contentis_base64"
    ]
}