{
    "exif_signatures": {},
    "file_size": 35205,
    "pdfid_signatures": {},
    "pypdf_uris": [
        "http://netcdn.co/app/431946152/image-hacker-roblox-game-hack",
        "http://netcdn.co/app/431946152/image-hacker-roblox-game-hack",
        "https://eastwood.co.ke/uploaded_files/userfiles/files/minecraft-hacker-skin_GM479516143.pdf",
        "https://eastwood.co.ke/uploaded_files/userfiles/files/how-to-get-free-robux-generator_GM431946152.pdf",
        "https://eastwood.co.ke/uploaded_files/userfiles/files/how-to-get-free-robux-3-easy-steps_GM431946152.pdf",
        "https://eastwood.co.ke/uploaded_files/userfiles/files/how-often-pokemon-go-free-download_GM1094591345.pdf",
        "https://eastwood.co.ke/uploaded_files/userfiles/files/free-robux-for-xbox-1_GM431946152.pdf",
        "https://eastwood.co.ke/uploaded_files/userfiles/files/robux-only_GM431946152.pdf",
        "https://eastwood.co.ke/uploaded_files/userfiles/files/coin-master-35-2-hack_GM406889139.pdf",
        "https://eastwood.co.ke/uploaded_files/userfiles/files/hack-free-spin-coin-master_GM406889139.pdf",
        "https://eastwood.co.ke/uploaded_files/userfiles/files/free-spins-coin-master-hack_GM406889139.pdf",
        "https://eastwood.co.ke/uploaded_files/userfiles/files/minecraft-java-edition-free-download_GM479516143.pdf",
        "https://eastwood.co.ke/uploaded_files/userfiles/files/coin-master-extra-spins_GM406889139.pdf",
        "https://eastwood.co.ke/uploaded_files/userfiles/files/free-robux-no-verification-or-survey_GM431946152.pdf",
        "https://eastwood.co.ke/uploaded_files/userfiles/files/how-to-make-a-server-in-minecraft-java-for-free_GM479516143.pdf",
        "https://eastwood.co.ke/uploaded_files/userfiles/files/free-robux-hack-no-survey-no-password-for-real_GM431946152.pdf",
        "https://eastwood.co.ke/uploaded_files/userfiles/files/how-do-you-get-roblox-for-free_GM431946152.pdf",
        "https://eastwood.co.ke/uploaded_files/userfiles/files/hack-robux-cheat-engine-64_GM431946152.pdf",
        "https://eastwood.co.ke/uploaded_files/userfiles/files/google-how-do-you-get-free-robux_GM431946152.pdf",
        "https://eastwood.co.ke/uploaded_files/userfiles/files/instant-robux-free_GM431946152.pdf",
        "https://eastwood.co.ke/uploaded_files/userfiles/files/coin-master-free-spin-link-today-2021_GM406889139.pdf",
        "https://eastwood.co.ke/uploaded_files/userfiles/files/roblox-2021-hack_GM431946152.pdf"
    ],
    "regex_uris": [
        "http://netcdn.co/app/431946152/image-hacker-roblox-game-hack",
        "http://netcdn.co/app/431946152/image-hacker-roblox-game-hack",
        "https://eastwood.co.ke/uploaded_files/userfiles/files/minecraft-hacker-skin_GM479516143.pdf",
        "https://eastwood.co.ke/uploaded_files/userfiles/files/how-to-get-free-robux-generator_GM431946152.pdf",
        "https://eastwood.co.ke/uploaded_files/userfiles/files/how-to-get-free-robux-3-easy-steps_GM431946152.pdf",
        "https://eastwood.co.ke/uploaded_files/userfiles/files/how-often-pokemon-go-free-download_GM1094591345.pdf",
        "https://eastwood.co.ke/uploaded_files/userfiles/files/free-robux-for-xbox-1_GM431946152.pdf",
        "https://eastwood.co.ke/uploaded_files/userfiles/files/robux-only_GM431946152.pdf",
        "https://eastwood.co.ke/uploaded_files/userfiles/files/coin-master-35-2-hack_GM406889139.pdf",
        "https://eastwood.co.ke/uploaded_files/userfiles/files/hack-free-spin-coin-master_GM406889139.pdf",
        "https://eastwood.co.ke/uploaded_files/userfiles/files/free-spins-coin-master-hack_GM406889139.pdf",
        "https://eastwood.co.ke/uploaded_files/userfiles/files/minecraft-java-edition-free-download_GM479516143.pdf",
        "https://eastwood.co.ke/uploaded_files/userfiles/files/coin-master-extra-spins_GM406889139.pdf",
        "https://eastwood.co.ke/uploaded_files/userfiles/files/free-robux-no-verification-or-survey_GM431946152.pdf",
        "https://eastwood.co.ke/uploaded_files/userfiles/files/how-to-make-a-server-in-minecraft-java-for-free_GM479516143.pdf",
        "https://eastwood.co.ke/uploaded_files/userfiles/files/free-robux-hack-no-survey-no-password-for-real_GM431946152.pdf",
        "https://eastwood.co.ke/uploaded_files/userfiles/files/how-do-you-get-roblox-for-free_GM431946152.pdf",
        "https://eastwood.co.ke/uploaded_files/userfiles/files/hack-robux-cheat-engine-64_GM431946152.pdf",
        "https://eastwood.co.ke/uploaded_files/userfiles/files/google-how-do-you-get-free-robux_GM431946152.pdf",
        "https://eastwood.co.ke/uploaded_files/userfiles/files/instant-robux-free_GM431946152.pdf",
        "https://eastwood.co.ke/uploaded_files/userfiles/files/coin-master-free-spin-link-today-2021_GM406889139.pdf",
        "https://eastwood.co.ke/uploaded_files/userfiles/files/roblox-2021-hack_GM431946152.pdf"
    ],
    "regex_urls": [
        "http://netcdn.co/app/431946152/image-hacker-roblox-game-hack",
        "http://netcdn.co/app/431946152/image-hacker-roblox-game-hack",
        "https",
        "https",
        "https",
        "https",
        "https",
        "https",
        "https",
        "https",
        "https",
        "https",
        "https",
        "https",
        "https",
        "https",
        "https",
        "https",
        "https",
        "https",
        "https",
        "https"
    ],
    "scripts": {
        "iframe": [],
        "urls": []
    },
    "static_properties": {
        "JBIG2Decode": "0",
        "XML_forms": "0",
        "acro_form": "0",
        "auto_action": "0",
        "colors": "0",
        "cross_reference_table": "1",
        "embedded_files": "0",
        "file_size": "35",
        "java_script": "0",
        "js": "0",
        "launch_action": "0",
        "object_end": "55",
        "object_start": "55",
        "object_streams": "0",
        "open_action": "0",
        "page_count": "2",
        "rich_media": "0",
        "start_cross_reference_table": "1",
        "stream_end": "6",
        "stream_start": "6",
        "trailer_dictionary": "1"
    },
    "yara_signatures": [
        "without_attachments",
        "without_images",
        "with_urls",
        "invalid_trailer_structure",
        "contentis_base64"
    ]
}