{
    "exif_signatures": {},
    "file_size": 37594,
    "pdfid_signatures": {},
    "pypdf_uris": [
        "http://netcdn.tw/app/406889139/android-coin-master-hack-2021-game-hack",
        "http://netcdn.tw/app/406889139/android-coin-master-hack-2021-game-hack",
        "https://eastwood.co.ke/uploaded_files/userfiles/files/how-to-get-free-robux-2021_GM431946152.pdf",
        "https://eastwood.co.ke/uploaded_files/userfiles/files/claim-free-robux-button_GM431946152.pdf",
        "https://eastwood.co.ke/uploaded_files/userfiles/files/is-minecraft-free-on-xbox_GM479516143.pdf",
        "https://eastwood.co.ke/uploaded_files/userfiles/files/roblox-money-hack-apk-download_GM431946152.pdf",
        "https://eastwood.co.ke/uploaded_files/userfiles/files/coin-master-free-spin-link-app_GM406889139.pdf",
        "https://eastwood.co.ke/uploaded_files/userfiles/files/blox-land-free-robux_GM431946152.pdf",
        "https://eastwood.co.ke/uploaded_files/userfiles/files/roblox-jailbreak-hack_GM431946152.pdf",
        "https://eastwood.co.ke/uploaded_files/userfiles/files/is-there-any-actual-way-to-get-free-robux_GM431946152.pdf",
        "https://eastwood.co.ke/uploaded_files/userfiles/files/free-minecraft-survival-server_GM479516143.pdf",
        "https://eastwood.co.ke/uploaded_files/userfiles/files/free-robux-link_GM431946152.pdf",
        "https://eastwood.co.ke/uploaded_files/userfiles/files/roblox-hacks-2021_GM431946152.pdf",
        "https://eastwood.co.ke/uploaded_files/userfiles/files/coin-master-free-spins-link-june-2021_GM406889139.pdf",
        "https://eastwood.co.ke/uploaded_files/userfiles/files/roblox-com-games-referrer-roblox-player_GM431946152.pdf",
        "https://eastwood.co.ke/uploaded_files/userfiles/files/inject-hack-free-robux-2021_GM431946152.pdf",
        "https://eastwood.co.ke/uploaded_files/userfiles/files/roblox-bloxburg-how-to-get-free-money_GM431946152.pdf",
        "https://eastwood.co.ke/uploaded_files/userfiles/files/coin-master-hack-download-ios_GM406889139.pdf",
        "https://eastwood.co.ke/uploaded_files/userfiles/files/toolbox-for-minecraft-windows-10_GM479516143.pdf",
        "https://eastwood.co.ke/uploaded_files/userfiles/files/free-robux-master_GM431946152.pdf",
        "https://eastwood.co.ke/uploaded_files/userfiles/files/roblox-cheat-engine-game-shut-down_GM431946152.pdf",
        "https://eastwood.co.ke/uploaded_files/userfiles/files/free-robux-gift-card-codes-2021_GM431946152.pdf"
    ],
    "regex_uris": [
        "http://netcdn.tw/app/406889139/android-coin-master-hack-2021-game-hack",
        "http://netcdn.tw/app/406889139/android-coin-master-hack-2021-game-hack",
        "https://eastwood.co.ke/uploaded_files/userfiles/files/how-to-get-free-robux-2021_GM431946152.pdf",
        "https://eastwood.co.ke/uploaded_files/userfiles/files/claim-free-robux-button_GM431946152.pdf",
        "https://eastwood.co.ke/uploaded_files/userfiles/files/is-minecraft-free-on-xbox_GM479516143.pdf",
        "https://eastwood.co.ke/uploaded_files/userfiles/files/roblox-money-hack-apk-download_GM431946152.pdf",
        "https://eastwood.co.ke/uploaded_files/userfiles/files/coin-master-free-spin-link-app_GM406889139.pdf",
        "https://eastwood.co.ke/uploaded_files/userfiles/files/blox-land-free-robux_GM431946152.pdf",
        "https://eastwood.co.ke/uploaded_files/userfiles/files/roblox-jailbreak-hack_GM431946152.pdf",
        "https://eastwood.co.ke/uploaded_files/userfiles/files/is-there-any-actual-way-to-get-free-robux_GM431946152.pdf",
        "https://eastwood.co.ke/uploaded_files/userfiles/files/free-minecraft-survival-server_GM479516143.pdf",
        "https://eastwood.co.ke/uploaded_files/userfiles/files/free-robux-link_GM431946152.pdf",
        "https://eastwood.co.ke/uploaded_files/userfiles/files/roblox-hacks-2021_GM431946152.pdf",
        "https://eastwood.co.ke/uploaded_files/userfiles/files/coin-master-free-spins-link-june-2021_GM406889139.pdf",
        "https://eastwood.co.ke/uploaded_files/userfiles/files/roblox-com-games-referrer-roblox-player_GM431946152.pdf",
        "https://eastwood.co.ke/uploaded_files/userfiles/files/inject-hack-free-robux-2021_GM431946152.pdf",
        "https://eastwood.co.ke/uploaded_files/userfiles/files/roblox-bloxburg-how-to-get-free-money_GM431946152.pdf",
        "https://eastwood.co.ke/uploaded_files/userfiles/files/coin-master-hack-download-ios_GM406889139.pdf",
        "https://eastwood.co.ke/uploaded_files/userfiles/files/toolbox-for-minecraft-windows-10_GM479516143.pdf",
        "https://eastwood.co.ke/uploaded_files/userfiles/files/free-robux-master_GM431946152.pdf",
        "https://eastwood.co.ke/uploaded_files/userfiles/files/roblox-cheat-engine-game-shut-down_GM431946152.pdf",
        "https://eastwood.co.ke/uploaded_files/userfiles/files/free-robux-gift-card-codes-2021_GM431946152.pdf"
    ],
    "regex_urls": [
        "http://netcdn.tw/app/406889139/android-coin-master-hack-2021-game-hack",
        "http://netcdn.tw/app/406889139/android-coin-master-hack-2021-game-hack",
        "https",
        "https",
        "https",
        "https",
        "https",
        "https",
        "https",
        "https",
        "https",
        "https",
        "https",
        "https",
        "https",
        "https",
        "https",
        "https",
        "https",
        "https",
        "https",
        "https"
    ],
    "scripts": {
        "iframe": [],
        "urls": []
    },
    "static_properties": {
        "JBIG2Decode": "0",
        "XML_forms": "0",
        "acro_form": "0",
        "auto_action": "0",
        "colors": "0",
        "cross_reference_table": "1",
        "embedded_files": "0",
        "file_size": "38",
        "java_script": "0",
        "js": "0",
        "launch_action": "0",
        "object_end": "55",
        "object_start": "55",
        "object_streams": "0",
        "open_action": "0",
        "page_count": "2",
        "rich_media": "0",
        "start_cross_reference_table": "1",
        "stream_end": "6",
        "stream_start": "6",
        "trailer_dictionary": "1"
    },
    "yara_signatures": [
        "without_attachments",
        "without_images",
        "with_urls",
        "invalid_trailer_structure",
        "contentis_base64"
    ]
}