{
    "exif_signatures": {},
    "file_size": 43142,
    "pdfid_signatures": {},
    "pypdf_uris": [
        "https://netcdn.xyz/app/406889139/free-spins-and-coins-for-coin-master-game-game-hack",
        "https://netcdn.xyz/app/406889139/free-spins-and-coins-for-coin-master-game-game-hack",
        "https://dribledasortegaucho.com.br/uploads/files/blogspot-free-spins-coin-master_GM406889139.pdf",
        "https://dribledasortegaucho.com.br/uploads/files/minecraft-115-2-hacks_GM479516143.pdf",
        "https://dribledasortegaucho.com.br/uploads/files/robux-offer-wall_GM431946152.pdf",
        "https://dribledasortegaucho.com.br/uploads/files/roblox-free-robux-hack_GM431946152.pdf",
        "https://dribledasortegaucho.com.br/uploads/files/free-coin-master-coins_GM406889139.pdf",
        "https://dribledasortegaucho.com.br/uploads/files/how-to-hack-coin-master-ios_GM406889139.pdf",
        "https://dribledasortegaucho.com.br/uploads/files/how-do-you-get-free-robux-2021_GM431946152.pdf",
        "https://dribledasortegaucho.com.br/uploads/files/claim-gg-free-robux_GM431946152.pdf",
        "https://dribledasortegaucho.com.br/uploads/files/coin-master-free-spins-link-without-human-verification_GM406889139.pdf",
        "https://dribledasortegaucho.com.br/uploads/files/minecraft-ps3-free-download_GM479516143.pdf",
        "https://dribledasortegaucho.com.br/uploads/files/claimrobux-net_GM431946152.pdf",
        "https://dribledasortegaucho.com.br/uploads/files/get-more-robux_GM431946152.pdf",
        "https://dribledasortegaucho.com.br/uploads/files/roblox-script-hack_GM431946152.pdf",
        "https://dribledasortegaucho.com.br/uploads/files/coin-master-free-spins-2021_GM406889139.pdf",
        "https://dribledasortegaucho.com.br/uploads/files/minecraft-pocket-edition-free-download_GM479516143.pdf",
        "https://dribledasortegaucho.com.br/uploads/files/haktuts-coin-master-spins_GM406889139.pdf",
        "https://dribledasortegaucho.com.br/uploads/files/free-links-for-coin-master_GM406889139.pdf",
        "https://dribledasortegaucho.com.br/uploads/files/free-robux-no-human-verify_GM431946152.pdf",
        "https://dribledasortegaucho.com.br/uploads/files/free-robux-without-human-verification_GM431946152.pdf",
        "https://dribledasortegaucho.com.br/uploads/files/hack-coin-master-for-free_GM406889139.pdf"
    ],
    "regex_uris": [
        "https://netcdn.xyz/app/406889139/free-spins-and-coins-for-coin-master-game-game-hack",
        "https://netcdn.xyz/app/406889139/free-spins-and-coins-for-coin-master-game-game-hack",
        "https://dribledasortegaucho.com.br/uploads/files/blogspot-free-spins-coin-master_GM406889139.pdf",
        "https://dribledasortegaucho.com.br/uploads/files/minecraft-115-2-hacks_GM479516143.pdf",
        "https://dribledasortegaucho.com.br/uploads/files/robux-offer-wall_GM431946152.pdf",
        "https://dribledasortegaucho.com.br/uploads/files/roblox-free-robux-hack_GM431946152.pdf",
        "https://dribledasortegaucho.com.br/uploads/files/free-coin-master-coins_GM406889139.pdf",
        "https://dribledasortegaucho.com.br/uploads/files/how-to-hack-coin-master-ios_GM406889139.pdf",
        "https://dribledasortegaucho.com.br/uploads/files/how-do-you-get-free-robux-2021_GM431946152.pdf",
        "https://dribledasortegaucho.com.br/uploads/files/claim-gg-free-robux_GM431946152.pdf",
        "https://dribledasortegaucho.com.br/uploads/files/coin-master-free-spins-link-without-human-verification_GM406889139.pdf",
        "https://dribledasortegaucho.com.br/uploads/files/minecraft-ps3-free-download_GM479516143.pdf",
        "https://dribledasortegaucho.com.br/uploads/files/claimrobux-net_GM431946152.pdf",
        "https://dribledasortegaucho.com.br/uploads/files/get-more-robux_GM431946152.pdf",
        "https://dribledasortegaucho.com.br/uploads/files/roblox-script-hack_GM431946152.pdf",
        "https://dribledasortegaucho.com.br/uploads/files/coin-master-free-spins-2021_GM406889139.pdf",
        "https://dribledasortegaucho.com.br/uploads/files/minecraft-pocket-edition-free-download_GM479516143.pdf",
        "https://dribledasortegaucho.com.br/uploads/files/haktuts-coin-master-spins_GM406889139.pdf",
        "https://dribledasortegaucho.com.br/uploads/files/free-links-for-coin-master_GM406889139.pdf",
        "https://dribledasortegaucho.com.br/uploads/files/free-robux-no-human-verify_GM431946152.pdf",
        "https://dribledasortegaucho.com.br/uploads/files/free-robux-without-human-verification_GM431946152.pdf",
        "https://dribledasortegaucho.com.br/uploads/files/hack-coin-master-for-free_GM406889139.pdf"
    ],
    "regex_urls": [
        "https",
        "https",
        "https",
        "https",
        "https",
        "https",
        "https",
        "https",
        "https",
        "https",
        "https",
        "https",
        "https",
        "https",
        "https",
        "https",
        "https",
        "https",
        "https",
        "https",
        "https",
        "https"
    ],
    "scripts": {
        "iframe": [],
        "urls": []
    },
    "static_properties": {
        "JBIG2Decode": "0",
        "XML_forms": "0",
        "acro_form": "0",
        "auto_action": "0",
        "colors": "0",
        "cross_reference_table": "1",
        "embedded_files": "0",
        "file_size": "43",
        "java_script": "0",
        "js": "0",
        "launch_action": "0",
        "object_end": "60",
        "object_start": "60",
        "object_streams": "0",
        "open_action": "0",
        "page_count": "3",
        "rich_media": "0",
        "start_cross_reference_table": "1",
        "stream_end": "7",
        "stream_start": "7",
        "trailer_dictionary": "1"
    },
    "yara_signatures": [
        "without_attachments",
        "without_images",
        "with_urls",
        "invalid_trailer_structure",
        "contentis_base64"
    ]
}