{
    "exif_signatures": {},
    "file_size": 277078,
    "pdfid_signatures": {},
    "pypdf_uris": [
        "https://loheb.co.za/XSRYdR1H?utm_term=agrarian+reforms+in+india+after+independence",
        "https://netemadore.weebly.com/uploads/1/3/5/3/135306203/32f56a372115a.pdf",
        "http://piqiso.ru/userfiles/file/noxefasix.pdf",
        "https://plasticosgyc.co/kcfinder/upload/files/61801741245.pdf",
        "http://carzip.biz/files/uploads/files/12327362503.pdf",
        "https://erdenet.mn/userfiles/file/92708102043.pdf",
        "https://andhimazhai.com/images/files/sebaxus.pdf",
        "http://kabaretyimpresariat.pl/Upload/file/zufunobajuvedujunomomuxom.pdf",
        "https://sazizilas.weebly.com/uploads/1/3/0/8/130874530/wixuturivuxuneweto.pdf",
        "http://ktcz.eu/files/files/85188873509.pdf",
        "https://kratky.eu/files/file/kegekunubofuzazeme.pdf",
        "https://nogigeto.weebly.com/uploads/1/3/4/6/134665346/nomatarawowef_motomusujenixe_labuvizikopud.pdf",
        "http://ilsungwarehouse.com/userData/ebizro_board/file/gokuxijikiw.pdf",
        "https://net-mex.hu/ckfinder/userfiles/files/15258273129.pdf",
        "https://nolelagisumo.weebly.com/uploads/1/3/4/1/134132353/ruralixuj.pdf",
        "https://tectrongim.com/uploads/files/nabuxivulimodoxole.pdf",
        "http://xn----htbccnijgu6o.xn--p1ai/kcfinder/upload/files/xudolisofuf.pdf",
        "https://renhedc.com/uploads/files/202202211214476407.pdf",
        "http://vswet.ru/f/fotafaro.pdf",
        "http://www.garriagricola.com/wp-content/plugins/formcraft/file-upload/server/content/files/1620140a837200---38811275432.pdf",
        "http://qiangka.com/ckfinder/userfiles/files/30810849095.pdf",
        "https://gimalijuvilonur.weebly.com/uploads/1/3/4/6/134619020/mesupilokexete.pdf",
        "https://kerumeso.weebly.com/uploads/1/3/4/6/134641164/a9d97.pdf",
        "http://www.prunay-en-yvelines.fr/ckfinder/userfiles/files/dufud.pdf",
        "http://jujucuisine.com/userfiles/file/35568984215.pdf",
        "https://bubamixidik.weebly.com/uploads/1/3/4/6/134657394/562160.pdf",
        "https://www.colfacor.org.ar/administrador_web/kcfinder/upload/files/warilu.pdf",
        "https://nipokilalupa.weebly.com/uploads/1/3/4/4/134485501/loxararojoxuzo.pdf",
        "https://marjoyunlar.com/calisma2/files/uploads/kilorabolarorodufig.pdf",
        "http://scoutpate.de/userfiles/file/45949334770.pdf",
        "https://www.inkfactory.pk/wp-content/plugins/formcraft/file-upload/server/content/files/1622f87956f68a---zemorenax.pdf",
        "https://mozizixupoj.weebly.com/uploads/1/4/1/2/141219745/debukigapaz.pdf",
        "https://shaplaconsulting.com/app/webroot/ckfinder/userfiles/files/ruwexamawuzozukamudofa.pdf",
        "https://ambient-interier.cz/files/files/54020265067.pdf",
        "http://lica-mpt.it/userfiles/files/95379489391.pdf",
        "https://zesujejiviwi.weebly.com/uploads/1/3/4/7/134729849/5e07e5762899d.pdf",
        "http://microcement.ua/userfiles/file/9981582281.pdf"
    ],
    "regex_uris": [
        "https://loheb.co.za/XSRYdR1H?utm_term=agrarian+reforms+in+india+after+independence",
        "https://netemadore.weebly.com/uploads/1/3/5/3/135306203/32f56a372115a.pdf",
        "http://piqiso.ru/userfiles/file/noxefasix.pdf",
        "https://plasticosgyc.co/kcfinder/upload/files/61801741245.pdf",
        "http://carzip.biz/files/uploads/files/12327362503.pdf",
        "https://erdenet.mn/userfiles/file/92708102043.pdf",
        "https://andhimazhai.com/images/files/sebaxus.pdf",
        "http://kabaretyimpresariat.pl/Upload/file/zufunobajuvedujunomomuxom.pdf",
        "https://sazizilas.weebly.com/uploads/1/3/0/8/130874530/wixuturivuxuneweto.pdf",
        "http://ktcz.eu/files/files/85188873509.pdf",
        "https://kratky.eu/files/file/kegekunubofuzazeme.pdf",
        "https://nogigeto.weebly.com/uploads/1/3/4/6/134665346/nomatarawowef_motomusujenixe_labuvizikopud.pdf",
        "http://ilsungwarehouse.com/userData/ebizro_board/file/gokuxijikiw.pdf",
        "https://net-mex.hu/ckfinder/userfiles/files/15258273129.pdf",
        "https://nolelagisumo.weebly.com/uploads/1/3/4/1/134132353/ruralixuj.pdf",
        "https://tectrongim.com/uploads/files/nabuxivulimodoxole.pdf",
        "http://xn----htbccnijgu6o.xn--p1ai/kcfinder/upload/files/xudolisofuf.pdf",
        "https://renhedc.com/uploads/files/202202211214476407.pdf",
        "http://vswet.ru/f/fotafaro.pdf",
        "http://www.garriagricola.com/wp-content/plugins/formcraft/file-upload/server/content/files/1620140a837200---38811275432.pdf",
        "http://qiangka.com/ckfinder/userfiles/files/30810849095.pdf",
        "https://gimalijuvilonur.weebly.com/uploads/1/3/4/6/134619020/mesupilokexete.pdf",
        "https://kerumeso.weebly.com/uploads/1/3/4/6/134641164/a9d97.pdf",
        "http://www.prunay-en-yvelines.fr/ckfinder/userfiles/files/dufud.pdf",
        "http://jujucuisine.com/userfiles/file/35568984215.pdf",
        "https://bubamixidik.weebly.com/uploads/1/3/4/6/134657394/562160.pdf",
        "https://www.colfacor.org.ar/administrador_web/kcfinder/upload/files/warilu.pdf",
        "https://nipokilalupa.weebly.com/uploads/1/3/4/4/134485501/loxararojoxuzo.pdf",
        "https://marjoyunlar.com/calisma2/files/uploads/kilorabolarorodufig.pdf",
        "http://scoutpate.de/userfiles/file/45949334770.pdf",
        "https://www.inkfactory.pk/wp-content/plugins/formcraft/file-upload/server/content/files/1622f87956f68a---zemorenax.pdf",
        "https://mozizixupoj.weebly.com/uploads/1/4/1/2/141219745/debukigapaz.pdf",
        "https://shaplaconsulting.com/app/webroot/ckfinder/userfiles/files/ruwexamawuzozukamudofa.pdf",
        "https://ambient-interier.cz/files/files/54020265067.pdf",
        "http://lica-mpt.it/userfiles/files/95379489391.pdf",
        "https://zesujejiviwi.weebly.com/uploads/1/3/4/7/134729849/5e07e5762899d.pdf",
        "http://microcement.ua/userfiles/file/9981582281.pdf"
    ],
    "regex_urls": [
        "https",
        "https",
        "http://piqiso.ru/userfiles/file/noxefasix.pdf",
        "https",
        "http://carzip.biz/files/uploads/files/12327362503.pdf",
        "https",
        "https",
        "http://kabaretyimpresariat.pl/Upload/file/zufunobajuvedujunomomuxom.pdf",
        "https",
        "http://ktcz.eu/files/files/85188873509.pdf",
        "https",
        "https",
        "http://ilsungwarehouse.com/userData/ebizro_board/file/gokuxijikiw.pdf",
        "https",
        "https",
        "https",
        "http://xn----htbccnijgu6o.xn--p1ai/kcfinder/upload/files/xudolisofuf.pdf",
        "https",
        "http://vswet.ru/f/fotafaro.pdf",
        "http://www.garriagricola.com/wp-content/plugins/formcraft/file-upload/server/content/files/1620140a837200---38811275432.pdf",
        "http://qiangka.com/ckfinder/userfiles/files/30810849095.pdf",
        "https",
        "https",
        "http://www.prunay-en-yvelines.fr/ckfinder/userfiles/files/dufud.pdf",
        "http://jujucuisine.com/userfiles/file/35568984215.pdf",
        "https",
        "https",
        "www.colfacor.org.ar/administrador_web/kcfinder/upload/files/warilu.pdf",
        "https",
        "https",
        "http://scoutpate.de/userfiles/file/45949334770.pdf",
        "https",
        "www.inkfactory.pk/wp-content/plugins/formcraft/file-upload/server/content/files/1622f87956f68a---zemorenax.pdf",
        "https",
        "https",
        "https",
        "http://lica-mpt.it/userfiles/files/95379489391.pdf",
        "https",
        "http://microcement.ua/userfiles/file/9981582281.pdf",
        "http://www.w3.org/1999/02/22-rdf-syntax-ns#",
        "http://purl.org/dc/elements/1.1/",
        "http://ns.adobe.com/pdf/1.3/",
        "http://ns.adobe.com/xap/1.0/",
        "http://ns.adobe.com/xap/1.0/mm/",
        "http://ns.adobe.com/xap/1.0/rights/"
    ],
    "scripts": {
        "iframe": [],
        "urls": []
    },
    "static_properties": {
        "JBIG2Decode": "0",
        "XML_forms": "0",
        "acro_form": "0",
        "auto_action": "0",
        "colors": "0",
        "cross_reference_table": "2",
        "embedded_files": "0",
        "file_size": "277",
        "java_script": "0",
        "js": "0",
        "launch_action": "0",
        "object_end": "98",
        "object_start": "98",
        "object_streams": "0",
        "open_action": "0",
        "page_count": "4",
        "rich_media": "0",
        "start_cross_reference_table": "2",
        "stream_end": "20",
        "stream_start": "20",
        "trailer_dictionary": "2"
    },
    "yara_signatures": [
        "without_attachments",
        "without_images",
        "with_urls",
        "invalid_trailer_structure",
        "multiple_versions",
        "contentis_base64"
    ]
}