{
    "exif_signatures": {},
    "file_size": 377608,
    "pdfid_signatures": {},
    "pypdf_uris": [
        "http://urseghy.com/c3?utm_term=rori+raye+modern+siren+pdf+converter+free+online+full",
        "https://static1.squarespace.com/static/604aeb86718479732845b7b4/t/62bf5cab97d37268db61b3f3/1656708267820/labview_daq_assistant_download.pdf",
        "https://static1.squarespace.com/static/604aebe5436e397a99d53e8a/t/62d16e92abd4773039f5323c/1657892499487/57083744621.pdf",
        "https://static1.squarespace.com/static/60aaf25e42d7b60106dc17aa/t/62b4c28bfc34e81dceb567d0/1656013451802/repoparonujeri.pdf",
        "https://autoroman-service.ro/imagini_ws/59655333596.pdf",
        "https://static1.squarespace.com/static/604aec14af289a5f7a539cf5/t/62bd72f15b967564caa8a561/1656582898413/59843384945.pdf",
        "https://static1.squarespace.com/static/60aaf25e42d7b60106dc17aa/t/62bd547738923a7fc0c730ed/1656575096597/cogat_practice_test_grade_3.pdf",
        "https://static1.squarespace.com/static/60aaf25e42d7b60106dc17aa/t/62c6393e96b9be746bf6a07f/1657157950604/abyss_league_poe.pdf",
        "https://static1.squarespace.com/static/604aeb86718479732845b7b4/t/62c7df00da45d24175c66797/1657265920277/25364573672.pdf",
        "https://static1.squarespace.com/static/60aaf27c8bac0413e6f804fa/t/62b5507054225f501a76c4de/1656049776947/xividorid.pdf",
        "https://static1.squarespace.com/static/60aaf27c8bac0413e6f804fa/t/62cfc76a1113504191b26783/1657784170803/the_left_hand_of_darkness_quotes.pdf",
        "https://static1.squarespace.com/static/604aea6a97201213e037dc4e/t/62c3f8f4fbeebf438eec2601/1657010421180/bokeren.pdf",
        "https://brianspradlin.com/userfiles/file/76235343019.pdf",
        "https://static1.squarespace.com/static/60aaf27c8bac0413e6f804fa/t/62d127951296c57ea401bfe2/1657874325911/27531295384.pdf",
        "https://static1.squarespace.com/static/604aec14af289a5f7a539cf5/t/62c50732bec62b58ccbf7570/1657079603091/paypal_money_adder_no_human_verification_no_survey_no_download.pdf",
        "https://static1.squarespace.com/static/604aeb86718479732845b7b4/t/62c2442fd8a0b71baaed04d0/1656898608324/kedefukebabisu.pdf",
        "https://quatden.vn/webroot/img/files/78215942447.pdf",
        "https://static1.squarespace.com/static/604aeb86718479732845b7b4/t/62cdb59cd0d7215a3d9a10fc/1657648540478/36203726188.pdf",
        "http://micdelhi.in/userfiles/file/76247628746.pdf",
        "https://static1.squarespace.com/static/604aec14af289a5f7a539cf5/t/62bec5a2d7dad10f16705962/1656669602966/alternative_spring_break_umich.pdf"
    ],
    "regex_uris": [
        "http://urseghy.com/c3?utm_term=rori+raye+modern+siren+pdf+converter+free+online+full",
        "https://static1.squarespace.com/static/604aeb86718479732845b7b4/t/62bf5cab97d37268db61b3f3/1656708267820/labview_daq_assistant_download.pdf",
        "https://static1.squarespace.com/static/604aebe5436e397a99d53e8a/t/62d16e92abd4773039f5323c/1657892499487/57083744621.pdf",
        "https://static1.squarespace.com/static/60aaf25e42d7b60106dc17aa/t/62b4c28bfc34e81dceb567d0/1656013451802/repoparonujeri.pdf",
        "https://autoroman-service.ro/imagini_ws/59655333596.pdf",
        "https://static1.squarespace.com/static/604aec14af289a5f7a539cf5/t/62bd72f15b967564caa8a561/1656582898413/59843384945.pdf",
        "https://static1.squarespace.com/static/60aaf25e42d7b60106dc17aa/t/62bd547738923a7fc0c730ed/1656575096597/cogat_practice_test_grade_3.pdf",
        "https://static1.squarespace.com/static/60aaf25e42d7b60106dc17aa/t/62c6393e96b9be746bf6a07f/1657157950604/abyss_league_poe.pdf",
        "https://static1.squarespace.com/static/604aeb86718479732845b7b4/t/62c7df00da45d24175c66797/1657265920277/25364573672.pdf",
        "https://static1.squarespace.com/static/60aaf27c8bac0413e6f804fa/t/62b5507054225f501a76c4de/1656049776947/xividorid.pdf",
        "https://static1.squarespace.com/static/60aaf27c8bac0413e6f804fa/t/62cfc76a1113504191b26783/1657784170803/the_left_hand_of_darkness_quotes.pdf",
        "https://static1.squarespace.com/static/604aea6a97201213e037dc4e/t/62c3f8f4fbeebf438eec2601/1657010421180/bokeren.pdf",
        "https://brianspradlin.com/userfiles/file/76235343019.pdf",
        "https://static1.squarespace.com/static/60aaf27c8bac0413e6f804fa/t/62d127951296c57ea401bfe2/1657874325911/27531295384.pdf",
        "https://static1.squarespace.com/static/604aec14af289a5f7a539cf5/t/62c50732bec62b58ccbf7570/1657079603091/paypal_money_adder_no_human_verification_no_survey_no_download.pdf",
        "https://static1.squarespace.com/static/604aeb86718479732845b7b4/t/62c2442fd8a0b71baaed04d0/1656898608324/kedefukebabisu.pdf",
        "https://quatden.vn/webroot/img/files/78215942447.pdf",
        "https://static1.squarespace.com/static/604aeb86718479732845b7b4/t/62cdb59cd0d7215a3d9a10fc/1657648540478/36203726188.pdf",
        "http://micdelhi.in/userfiles/file/76247628746.pdf",
        "https://static1.squarespace.com/static/604aec14af289a5f7a539cf5/t/62bec5a2d7dad10f16705962/1656669602966/alternative_spring_break_umich.pdf"
    ],
    "regex_urls": [
        "http://urseghy.com/c3?utm_term=rori+raye+modern+siren+pdf+converter+free+online+full",
        "https",
        "https",
        "https",
        "https",
        "https",
        "https",
        "https",
        "https",
        "https",
        "https",
        "https",
        "https",
        "https",
        "https",
        "https",
        "https",
        "https",
        "http://micdelhi.in/userfiles/file/76247628746.pdf",
        "https",
        "http://www.w3.org/1999/02/22-rdf-syntax-ns#",
        "http://purl.org/dc/elements/1.1/",
        "http://ns.adobe.com/pdf/1.3/",
        "http://ns.adobe.com/xap/1.0/",
        "http://ns.adobe.com/xap/1.0/mm/",
        "http://ns.adobe.com/xap/1.0/rights/"
    ],
    "scripts": {
        "iframe": [],
        "urls": []
    },
    "static_properties": {
        "JBIG2Decode": "0",
        "XML_forms": "0",
        "acro_form": "0",
        "auto_action": "0",
        "colors": "0",
        "cross_reference_table": "2",
        "embedded_files": "0",
        "file_size": "378",
        "java_script": "0",
        "js": "0",
        "launch_action": "0",
        "object_end": "79",
        "object_start": "79",
        "object_streams": "0",
        "open_action": "0",
        "page_count": "5",
        "rich_media": "0",
        "start_cross_reference_table": "2",
        "stream_end": "18",
        "stream_start": "18",
        "trailer_dictionary": "2"
    },
    "yara_signatures": [
        "without_attachments",
        "without_images",
        "with_urls",
        "invalid_trailer_structure",
        "multiple_versions",
        "contentis_base64"
    ]
}