{
    "exif_signatures": {},
    "file_size": 44484,
    "pdfid_signatures": {},
    "pypdf_uris": [
        "https://netcdn.xyz/app/479516143/how-to-hack-a-minecraft-server-and-make-yourself-op-game-hack",
        "https://netcdn.xyz/app/479516143/how-to-hack-a-minecraft-server-and-make-yourself-op-game-hack",
        "https://elearning.manposo.sch.id/__statics/gudangsoal/files/coin-master-hacks-free-spins_GM406889139.pdf",
        "https://elearning.manposo.sch.id/__statics/gudangsoal/files/give-free-robux_GM431946152.pdf",
        "https://elearning.manposo.sch.id/__statics/gudangsoal/files/how-to-get-free-robux-for-kids_GM431946152.pdf",
        "https://elearning.manposo.sch.id/__statics/gudangsoal/files/how-to-get-free-robux-on-mobile_GM431946152.pdf",
        "https://elearning.manposo.sch.id/__statics/gudangsoal/files/google-how-do-you-get-free-robux_GM431946152.pdf",
        "https://elearning.manposo.sch.id/__statics/gudangsoal/files/free-promo-codes-roblox_GM431946152.pdf",
        "https://elearning.manposo.sch.id/__statics/gudangsoal/files/coin-master-free-spins-link-today-facebook_GM406889139.pdf",
        "https://elearning.manposo.sch.id/__statics/gudangsoal/files/hacking-apps-for-roblox_GM431946152.pdf",
        "https://elearning.manposo.sch.id/__statics/gudangsoal/files/wahoogaming-co-free-robux_GM431946152.pdf",
        "https://elearning.manposo.sch.id/__statics/gudangsoal/files/minecraft-for-free-on-phone_GM479516143.pdf",
        "https://elearning.manposo.sch.id/__statics/gudangsoal/files/hacks-for-minecraft-bedrock_GM479516143.pdf",
        "https://elearning.manposo.sch.id/__statics/gudangsoal/files/coin-master-hack-apk-no-survey_GM406889139.pdf",
        "https://elearning.manposo.sch.id/__statics/gudangsoal/files/coin-master-server-hack_GM406889139.pdf",
        "https://elearning.manposo.sch.id/__statics/gudangsoal/files/coin-master-invite-friends-free-spins_GM406889139.pdf",
        "https://elearning.manposo.sch.id/__statics/gudangsoal/files/hack-coin-master-online_GM406889139.pdf",
        "https://elearning.manposo.sch.id/__statics/gudangsoal/files/coin-master-daily-free-spins-link-today-2021-free_GM406889139.pdf",
        "https://elearning.manposo.sch.id/__statics/gudangsoal/files/real-minecraft-for-free_GM479516143.pdf",
        "https://elearning.manposo.sch.id/__statics/gudangsoal/files/roblox-com-free-play_GM431946152.pdf",
        "https://elearning.manposo.sch.id/__statics/gudangsoal/files/how-much-robux-can-you-get-with-1-million-dollars_GM431946152.pdf",
        "https://elearning.manposo.sch.id/__statics/gudangsoal/files/coin-master-rewards-app_GM406889139.pdf"
    ],
    "regex_uris": [
        "https://netcdn.xyz/app/479516143/how-to-hack-a-minecraft-server-and-make-yourself-op-game-hack",
        "https://netcdn.xyz/app/479516143/how-to-hack-a-minecraft-server-and-make-yourself-op-game-hack",
        "https://elearning.manposo.sch.id/__statics/gudangsoal/files/coin-master-hacks-free-spins_GM406889139.pdf",
        "https://elearning.manposo.sch.id/__statics/gudangsoal/files/give-free-robux_GM431946152.pdf",
        "https://elearning.manposo.sch.id/__statics/gudangsoal/files/how-to-get-free-robux-for-kids_GM431946152.pdf",
        "https://elearning.manposo.sch.id/__statics/gudangsoal/files/how-to-get-free-robux-on-mobile_GM431946152.pdf",
        "https://elearning.manposo.sch.id/__statics/gudangsoal/files/google-how-do-you-get-free-robux_GM431946152.pdf",
        "https://elearning.manposo.sch.id/__statics/gudangsoal/files/free-promo-codes-roblox_GM431946152.pdf",
        "https://elearning.manposo.sch.id/__statics/gudangsoal/files/coin-master-free-spins-link-today-facebook_GM406889139.pdf",
        "https://elearning.manposo.sch.id/__statics/gudangsoal/files/hacking-apps-for-roblox_GM431946152.pdf",
        "https://elearning.manposo.sch.id/__statics/gudangsoal/files/wahoogaming-co-free-robux_GM431946152.pdf",
        "https://elearning.manposo.sch.id/__statics/gudangsoal/files/minecraft-for-free-on-phone_GM479516143.pdf",
        "https://elearning.manposo.sch.id/__statics/gudangsoal/files/hacks-for-minecraft-bedrock_GM479516143.pdf",
        "https://elearning.manposo.sch.id/__statics/gudangsoal/files/coin-master-hack-apk-no-survey_GM406889139.pdf",
        "https://elearning.manposo.sch.id/__statics/gudangsoal/files/coin-master-server-hack_GM406889139.pdf",
        "https://elearning.manposo.sch.id/__statics/gudangsoal/files/coin-master-invite-friends-free-spins_GM406889139.pdf",
        "https://elearning.manposo.sch.id/__statics/gudangsoal/files/hack-coin-master-online_GM406889139.pdf",
        "https://elearning.manposo.sch.id/__statics/gudangsoal/files/coin-master-daily-free-spins-link-today-2021-free_GM406889139.pdf",
        "https://elearning.manposo.sch.id/__statics/gudangsoal/files/real-minecraft-for-free_GM479516143.pdf",
        "https://elearning.manposo.sch.id/__statics/gudangsoal/files/roblox-com-free-play_GM431946152.pdf",
        "https://elearning.manposo.sch.id/__statics/gudangsoal/files/how-much-robux-can-you-get-with-1-million-dollars_GM431946152.pdf",
        "https://elearning.manposo.sch.id/__statics/gudangsoal/files/coin-master-rewards-app_GM406889139.pdf"
    ],
    "regex_urls": [
        "https",
        "https",
        "https",
        "https",
        "https",
        "https",
        "https",
        "https",
        "https",
        "https",
        "https",
        "https",
        "https",
        "https",
        "https",
        "https",
        "https",
        "https",
        "https",
        "https",
        "https",
        "https"
    ],
    "scripts": {
        "iframe": [],
        "urls": []
    },
    "static_properties": {
        "JBIG2Decode": "0",
        "XML_forms": "0",
        "acro_form": "0",
        "auto_action": "0",
        "colors": "0",
        "cross_reference_table": "1",
        "embedded_files": "0",
        "file_size": "44",
        "java_script": "0",
        "js": "0",
        "launch_action": "0",
        "object_end": "60",
        "object_start": "60",
        "object_streams": "0",
        "open_action": "0",
        "page_count": "3",
        "rich_media": "0",
        "start_cross_reference_table": "1",
        "stream_end": "7",
        "stream_start": "7",
        "trailer_dictionary": "1"
    },
    "yara_signatures": [
        "without_attachments",
        "without_images",
        "with_urls",
        "invalid_trailer_structure",
        "contentis_base64"
    ]
}