{
    "exif_signatures": {},
    "file_size": 35386,
    "pdfid_signatures": {},
    "pypdf_uris": [
        "http://netcdn.co/app/431946152/how-to-hack-peoples-robux-on-roblox-game-hack",
        "http://netcdn.co/app/431946152/how-to-hack-peoples-robux-on-roblox-game-hack",
        "https://eastwood.co.ke/uploaded_files/userfiles/files/coin-master-download_GM406889139.pdf",
        "https://eastwood.co.ke/uploaded_files/userfiles/files/free-robux-gift-card-generator_GM431946152.pdf",
        "https://eastwood.co.ke/uploaded_files/userfiles/files/coin-master-free-spins-link-download-for-iphone_GM406889139.pdf",
        "https://eastwood.co.ke/uploaded_files/userfiles/files/legit-free-spins-coin-master_GM406889139.pdf",
        "https://eastwood.co.ke/uploaded_files/userfiles/files/minecraft-apk-android-free_GM479516143.pdf",
        "https://eastwood.co.ke/uploaded_files/userfiles/files/roblox-person-with-free-hoodie_GM431946152.pdf",
        "https://eastwood.co.ke/uploaded_files/userfiles/files/how-to-hack-a-roblox-password-with-cheat-engine_GM431946152.pdf",
        "https://eastwood.co.ke/uploaded_files/userfiles/files/haktuts-coin-master-free-spins-2021_GM406889139.pdf",
        "https://eastwood.co.ke/uploaded_files/userfiles/files/how-to-get-free-robux-for-kids_GM431946152.pdf",
        "https://eastwood.co.ke/uploaded_files/userfiles/files/coin-master-card-collection-link_GM406889139.pdf",
        "https://eastwood.co.ke/uploaded_files/userfiles/files/coin-master-rewards-2021_GM406889139.pdf",
        "https://eastwood.co.ke/uploaded_files/userfiles/files/coin-master-hack-club_GM406889139.pdf",
        "https://eastwood.co.ke/uploaded_files/userfiles/files/minecraft-bedrock-edition-pc-download-free_GM479516143.pdf",
        "https://eastwood.co.ke/uploaded_files/userfiles/files/free-robux-no-verification-no-survey_GM431946152.pdf",
        "https://eastwood.co.ke/uploaded_files/userfiles/files/how-to-get-free-robux-on-mobile_GM431946152.pdf",
        "https://eastwood.co.ke/uploaded_files/userfiles/files/levvvel-coin-master_GM406889139.pdf",
        "https://eastwood.co.ke/uploaded_files/userfiles/files/coin-master-com_GM406889139.pdf",
        "https://eastwood.co.ke/uploaded_files/userfiles/files/how-to-get-free-robux-without-any-verification_GM431946152.pdf",
        "https://eastwood.co.ke/uploaded_files/userfiles/files/how-to-hack-roblox-money-with-cheat-engine-63_GM431946152.pdf",
        "https://eastwood.co.ke/uploaded_files/userfiles/files/how-to-downgrade-minecraft-pe_GM479516143.pdf"
    ],
    "regex_uris": [
        "http://netcdn.co/app/431946152/how-to-hack-peoples-robux-on-roblox-game-hack",
        "http://netcdn.co/app/431946152/how-to-hack-peoples-robux-on-roblox-game-hack",
        "https://eastwood.co.ke/uploaded_files/userfiles/files/coin-master-download_GM406889139.pdf",
        "https://eastwood.co.ke/uploaded_files/userfiles/files/free-robux-gift-card-generator_GM431946152.pdf",
        "https://eastwood.co.ke/uploaded_files/userfiles/files/coin-master-free-spins-link-download-for-iphone_GM406889139.pdf",
        "https://eastwood.co.ke/uploaded_files/userfiles/files/legit-free-spins-coin-master_GM406889139.pdf",
        "https://eastwood.co.ke/uploaded_files/userfiles/files/minecraft-apk-android-free_GM479516143.pdf",
        "https://eastwood.co.ke/uploaded_files/userfiles/files/roblox-person-with-free-hoodie_GM431946152.pdf",
        "https://eastwood.co.ke/uploaded_files/userfiles/files/how-to-hack-a-roblox-password-with-cheat-engine_GM431946152.pdf",
        "https://eastwood.co.ke/uploaded_files/userfiles/files/haktuts-coin-master-free-spins-2021_GM406889139.pdf",
        "https://eastwood.co.ke/uploaded_files/userfiles/files/how-to-get-free-robux-for-kids_GM431946152.pdf",
        "https://eastwood.co.ke/uploaded_files/userfiles/files/coin-master-card-collection-link_GM406889139.pdf",
        "https://eastwood.co.ke/uploaded_files/userfiles/files/coin-master-rewards-2021_GM406889139.pdf",
        "https://eastwood.co.ke/uploaded_files/userfiles/files/coin-master-hack-club_GM406889139.pdf",
        "https://eastwood.co.ke/uploaded_files/userfiles/files/minecraft-bedrock-edition-pc-download-free_GM479516143.pdf",
        "https://eastwood.co.ke/uploaded_files/userfiles/files/free-robux-no-verification-no-survey_GM431946152.pdf",
        "https://eastwood.co.ke/uploaded_files/userfiles/files/how-to-get-free-robux-on-mobile_GM431946152.pdf",
        "https://eastwood.co.ke/uploaded_files/userfiles/files/levvvel-coin-master_GM406889139.pdf",
        "https://eastwood.co.ke/uploaded_files/userfiles/files/coin-master-com_GM406889139.pdf",
        "https://eastwood.co.ke/uploaded_files/userfiles/files/how-to-get-free-robux-without-any-verification_GM431946152.pdf",
        "https://eastwood.co.ke/uploaded_files/userfiles/files/how-to-hack-roblox-money-with-cheat-engine-63_GM431946152.pdf",
        "https://eastwood.co.ke/uploaded_files/userfiles/files/how-to-downgrade-minecraft-pe_GM479516143.pdf"
    ],
    "regex_urls": [
        "http://netcdn.co/app/431946152/how-to-hack-peoples-robux-on-roblox-game-hack",
        "http://netcdn.co/app/431946152/how-to-hack-peoples-robux-on-roblox-game-hack",
        "https",
        "https",
        "https",
        "https",
        "https",
        "https",
        "https",
        "https",
        "https",
        "https",
        "https",
        "https",
        "https",
        "https",
        "https",
        "https",
        "https",
        "https",
        "https",
        "https"
    ],
    "scripts": {
        "iframe": [],
        "urls": []
    },
    "static_properties": {
        "JBIG2Decode": "0",
        "XML_forms": "0",
        "acro_form": "0",
        "auto_action": "0",
        "colors": "0",
        "cross_reference_table": "1",
        "embedded_files": "0",
        "file_size": "35",
        "java_script": "0",
        "js": "0",
        "launch_action": "0",
        "object_end": "55",
        "object_start": "55",
        "object_streams": "0",
        "open_action": "0",
        "page_count": "2",
        "rich_media": "0",
        "start_cross_reference_table": "1",
        "stream_end": "6",
        "stream_start": "6",
        "trailer_dictionary": "1"
    },
    "yara_signatures": [
        "without_attachments",
        "without_images",
        "with_urls",
        "invalid_trailer_structure",
        "contentis_base64"
    ]
}