{
    "exif_signatures": {},
    "file_size": 116771,
    "pdfid_signatures": {},
    "pypdf_uris": [
        "http://xeltuve.com/wb3?utm_term=brave%20new%20world%20pdf%20chapter%20100%20summary%20analysis",
        "http://a-range.ru/wp-content/plugins/formcraft/file-upload/server/content/files/1624301142998d---23578323153.pdf",
        "http://kbidc.kr/upload/editor/file/1653805309.pdf",
        "https://coevent.ru/upload/files/vumad.pdf",
        "https://maximaainfoways.com/WebExams/ckfinder/userfiles/images/files/32499810834.pdf",
        "http://ufnk.fr/app/webroot/files/file/43563084932.pdf",
        "https://piwomusor.weebly.com/uploads/1/4/2/2/142275657/3039928.pdf",
        "https://sisusodanis.weebly.com/uploads/1/4/2/0/142039396/e7acdf866b0.pdf",
        "http://operahazyborlovagok.hu/browser/files/17365204571.pdf",
        "https://f-okinawa.com/img/tmp/file/bifagezinesadizoz.pdf",
        "https://coolinterier.sk/upload/files/94235482154.pdf",
        "https://ramabubutimelu.weebly.com/uploads/1/3/4/5/134597411/zuwemod-moreratobonor.pdf",
        "http://mariamozharova.ru/uploads/files/38582553141.pdf",
        "https://bidatezo.weebly.com/uploads/1/3/4/6/134604373/foponenowevozi.pdf",
        "https://tavfelugyelet.megujuloenergiapark.hu/admin/ckfinder/userfiles/files/65270771635.pdf",
        "https://contact-house.com/fckeditor/upload/file/56956201433.pdf",
        "https://secolink.sk/userfiles/file/99803681195.pdf",
        "http://xn--80ab1a9a.xn--p1ai/sadm_files/pagusegofezinurukulofez.pdf",
        "https://fkip.unsam.ac.id/kcfinder/upload/files/ratumoxekusage.pdf",
        "https://liptov.sk/upload/files/dosuzolawob.pdf",
        "http://www.krishnashouse.com/ckeditor/kcfinder/upload/files/15626670621.pdf",
        "http://glttek.com/userfiles/file/dojilawiked.pdf",
        "https://viragatana.weebly.com/uploads/1/4/1/5/141524228/dizijusizok.pdf"
    ],
    "regex_uris": [
        "http://xeltuve.com/wb3?utm_term=brave%20new%20world%20pdf%20chapter%20100%20summary%20analysis",
        "http://a-range.ru/wp-content/plugins/formcraft/file-upload/server/content/files/1624301142998d---23578323153.pdf",
        "http://kbidc.kr/upload/editor/file/1653805309.pdf",
        "https://coevent.ru/upload/files/vumad.pdf",
        "https://maximaainfoways.com/WebExams/ckfinder/userfiles/images/files/32499810834.pdf",
        "http://ufnk.fr/app/webroot/files/file/43563084932.pdf",
        "https://piwomusor.weebly.com/uploads/1/4/2/2/142275657/3039928.pdf",
        "https://sisusodanis.weebly.com/uploads/1/4/2/0/142039396/e7acdf866b0.pdf",
        "http://operahazyborlovagok.hu/browser/files/17365204571.pdf",
        "https://f-okinawa.com/img/tmp/file/bifagezinesadizoz.pdf",
        "https://coolinterier.sk/upload/files/94235482154.pdf",
        "https://ramabubutimelu.weebly.com/uploads/1/3/4/5/134597411/zuwemod-moreratobonor.pdf",
        "http://mariamozharova.ru/uploads/files/38582553141.pdf",
        "https://bidatezo.weebly.com/uploads/1/3/4/6/134604373/foponenowevozi.pdf",
        "https://tavfelugyelet.megujuloenergiapark.hu/admin/ckfinder/userfiles/files/65270771635.pdf",
        "https://contact-house.com/fckeditor/upload/file/56956201433.pdf",
        "https://secolink.sk/userfiles/file/99803681195.pdf",
        "http://xn--80ab1a9a.xn--p1ai/sadm_files/pagusegofezinurukulofez.pdf",
        "https://fkip.unsam.ac.id/kcfinder/upload/files/ratumoxekusage.pdf",
        "https://liptov.sk/upload/files/dosuzolawob.pdf",
        "http://www.krishnashouse.com/ckeditor/kcfinder/upload/files/15626670621.pdf",
        "http://glttek.com/userfiles/file/dojilawiked.pdf",
        "https://viragatana.weebly.com/uploads/1/4/1/5/141524228/dizijusizok.pdf"
    ],
    "regex_urls": [
        "http://xeltuve.com/wb3?utm_term=brave%20new%20world%20pdf%20chapter%20100%20summary%20analysis",
        "http://a-range.ru/wp-content/plugins/formcraft/file-upload/server/content/files/1624301142998d---23578323153.pdf",
        "http://kbidc.kr/upload/editor/file/1653805309.pdf",
        "https",
        "https",
        "http://ufnk.fr/app/webroot/files/file/43563084932.pdf",
        "https",
        "https",
        "http://operahazyborlovagok.hu/browser/files/17365204571.pdf",
        "https",
        "https",
        "https",
        "http://mariamozharova.ru/uploads/files/38582553141.pdf",
        "https",
        "https",
        "https",
        "https",
        "http://xn--80ab1a9a.xn--p1ai/sadm_files/pagusegofezinurukulofez.pdf",
        "https",
        "https",
        "http://www.krishnashouse.com/ckeditor/kcfinder/upload/files/15626670621.pdf",
        "http://glttek.com/userfiles/file/dojilawiked.pdf",
        "https",
        "http://www.w3.org/1999/02/22-rdf-syntax-ns#",
        "http://purl.org/dc/elements/1.1/",
        "http://ns.adobe.com/pdf/1.3/",
        "http://ns.adobe.com/xap/1.0/",
        "http://ns.adobe.com/xap/1.0/mm/",
        "http://ns.adobe.com/xap/1.0/rights/"
    ],
    "scripts": {
        "iframe": [],
        "urls": []
    },
    "static_properties": {
        "JBIG2Decode": "0",
        "XML_forms": "0",
        "acro_form": "0",
        "auto_action": "0",
        "colors": "0",
        "cross_reference_table": "2",
        "embedded_files": "0",
        "file_size": "117",
        "java_script": "0",
        "js": "0",
        "launch_action": "0",
        "object_end": "81",
        "object_start": "81",
        "object_streams": "0",
        "open_action": "0",
        "page_count": "4",
        "rich_media": "0",
        "start_cross_reference_table": "2",
        "stream_end": "18",
        "stream_start": "18",
        "trailer_dictionary": "2"
    },
    "yara_signatures": [
        "possible_includes_base64_packed_functions",
        "without_attachments",
        "without_images",
        "with_urls",
        "suspicious_creator",
        "invalid_trailer_structure",
        "multiple_versions",
        "contentis_base64"
    ]
}