{
    "exif_signatures": {},
    "file_size": 36457,
    "pdfid_signatures": {},
    "pypdf_uris": [
        "http://netcdn.co/app/431946152/how-to-get-free-robux-iphone-5-game-hack",
        "http://netcdn.co/app/431946152/how-to-get-free-robux-iphone-5-game-hack",
        "https://elearning.manicp.sch.id/__statics/gudangsoal/files/guuud-info-robux-hack_GM431946152.pdf",
        "https://elearning.manicp.sch.id/__statics/gudangsoal/files/how-to-get-free-robux-by-playing-games_GM431946152.pdf",
        "https://elearning.manicp.sch.id/__statics/gudangsoal/files/free-minecraft-hacks_GM479516143.pdf",
        "https://elearning.manicp.sch.id/__statics/gudangsoal/files/coin-master-free-spins-link-blogspot_GM406889139.pdf",
        "https://elearning.manicp.sch.id/__statics/gudangsoal/files/free-spin-hack-coin-master-2021_GM406889139.pdf",
        "https://elearning.manicp.sch.id/__statics/gudangsoal/files/free-obfuscator-2021-roblox_GM431946152.pdf",
        "https://elearning.manicp.sch.id/__statics/gudangsoal/files/get-me-robux_GM431946152.pdf",
        "https://elearning.manicp.sch.id/__statics/gudangsoal/files/how-to-get-free-robux-with-crome_GM431946152.pdf",
        "https://elearning.manicp.sch.id/__statics/gudangsoal/files/get-free-robux-com_GM431946152.pdf",
        "https://elearning.manicp.sch.id/__statics/gudangsoal/files/cheat-codes-roblox-rocitizens_GM431946152.pdf",
        "https://elearning.manicp.sch.id/__statics/gudangsoal/files/roblox-hack-unlimited-robux_GM431946152.pdf",
        "https://elearning.manicp.sch.id/__statics/gudangsoal/files/roblox-executor-free-download_GM431946152.pdf",
        "https://elearning.manicp.sch.id/__statics/gudangsoal/files/system48-roblox-hack_GM431946152.pdf",
        "https://elearning.manicp.sch.id/__statics/gudangsoal/files/how-to-get-free-snacks-in-coin-master_GM406889139.pdf",
        "https://elearning.manicp.sch.id/__statics/gudangsoal/files/get-free-robux-no-verification_GM431946152.pdf",
        "https://elearning.manicp.sch.id/__statics/gudangsoal/files/free-coin-master-link-2021_GM406889139.pdf",
        "https://elearning.manicp.sch.id/__statics/gudangsoal/files/coin-master-free-spinv1-0apkpure-com-apk_GM406889139.pdf",
        "https://elearning.manicp.sch.id/__statics/gudangsoal/files/free-robux-generator-2021-no-human-verification-or-survey_GM431946152.pdf",
        "https://elearning.manicp.sch.id/__statics/gudangsoal/files/working-free-robux-hack_GM431946152.pdf",
        "https://elearning.manicp.sch.id/__statics/gudangsoal/files/free-spins-coin-master-2021_GM406889139.pdf"
    ],
    "regex_uris": [
        "http://netcdn.co/app/431946152/how-to-get-free-robux-iphone-5-game-hack",
        "http://netcdn.co/app/431946152/how-to-get-free-robux-iphone-5-game-hack",
        "https://elearning.manicp.sch.id/__statics/gudangsoal/files/guuud-info-robux-hack_GM431946152.pdf",
        "https://elearning.manicp.sch.id/__statics/gudangsoal/files/how-to-get-free-robux-by-playing-games_GM431946152.pdf",
        "https://elearning.manicp.sch.id/__statics/gudangsoal/files/free-minecraft-hacks_GM479516143.pdf",
        "https://elearning.manicp.sch.id/__statics/gudangsoal/files/coin-master-free-spins-link-blogspot_GM406889139.pdf",
        "https://elearning.manicp.sch.id/__statics/gudangsoal/files/free-spin-hack-coin-master-2021_GM406889139.pdf",
        "https://elearning.manicp.sch.id/__statics/gudangsoal/files/free-obfuscator-2021-roblox_GM431946152.pdf",
        "https://elearning.manicp.sch.id/__statics/gudangsoal/files/get-me-robux_GM431946152.pdf",
        "https://elearning.manicp.sch.id/__statics/gudangsoal/files/how-to-get-free-robux-with-crome_GM431946152.pdf",
        "https://elearning.manicp.sch.id/__statics/gudangsoal/files/get-free-robux-com_GM431946152.pdf",
        "https://elearning.manicp.sch.id/__statics/gudangsoal/files/cheat-codes-roblox-rocitizens_GM431946152.pdf",
        "https://elearning.manicp.sch.id/__statics/gudangsoal/files/roblox-hack-unlimited-robux_GM431946152.pdf",
        "https://elearning.manicp.sch.id/__statics/gudangsoal/files/roblox-executor-free-download_GM431946152.pdf",
        "https://elearning.manicp.sch.id/__statics/gudangsoal/files/system48-roblox-hack_GM431946152.pdf",
        "https://elearning.manicp.sch.id/__statics/gudangsoal/files/how-to-get-free-snacks-in-coin-master_GM406889139.pdf",
        "https://elearning.manicp.sch.id/__statics/gudangsoal/files/get-free-robux-no-verification_GM431946152.pdf",
        "https://elearning.manicp.sch.id/__statics/gudangsoal/files/free-coin-master-link-2021_GM406889139.pdf",
        "https://elearning.manicp.sch.id/__statics/gudangsoal/files/coin-master-free-spinv1-0apkpure-com-apk_GM406889139.pdf",
        "https://elearning.manicp.sch.id/__statics/gudangsoal/files/free-robux-generator-2021-no-human-verification-or-survey_GM431946152.pdf",
        "https://elearning.manicp.sch.id/__statics/gudangsoal/files/working-free-robux-hack_GM431946152.pdf",
        "https://elearning.manicp.sch.id/__statics/gudangsoal/files/free-spins-coin-master-2021_GM406889139.pdf"
    ],
    "regex_urls": [
        "http://netcdn.co/app/431946152/how-to-get-free-robux-iphone-5-game-hack",
        "http://netcdn.co/app/431946152/how-to-get-free-robux-iphone-5-game-hack",
        "https",
        "https",
        "https",
        "https",
        "https",
        "https",
        "https",
        "https",
        "https",
        "https",
        "https",
        "https",
        "https",
        "https",
        "https",
        "https",
        "https",
        "https",
        "https",
        "https"
    ],
    "scripts": {
        "iframe": [],
        "urls": []
    },
    "static_properties": {
        "JBIG2Decode": "0",
        "XML_forms": "0",
        "acro_form": "0",
        "auto_action": "0",
        "colors": "0",
        "cross_reference_table": "1",
        "embedded_files": "0",
        "file_size": "36",
        "java_script": "0",
        "js": "0",
        "launch_action": "0",
        "object_end": "55",
        "object_start": "55",
        "object_streams": "0",
        "open_action": "0",
        "page_count": "2",
        "rich_media": "0",
        "start_cross_reference_table": "1",
        "stream_end": "6",
        "stream_start": "6",
        "trailer_dictionary": "1"
    },
    "yara_signatures": [
        "without_attachments",
        "without_images",
        "with_urls",
        "invalid_trailer_structure",
        "contentis_base64"
    ]
}