{
    "exif_signatures": {},
    "file_size": 500916,
    "pdfid_signatures": {},
    "pypdf_uris": [
        "http://joopsoa.com/c3?utm_term=hotel+california+tabs+for+ukulele+pdf+free",
        "https://static1.squarespace.com/static/604aec14af289a5f7a539cf5/t/62c326dded3f530d5d53b64c/1656956638535/my_dog_has_green_stuff_coming_out_of.pdf",
        "https://static1.squarespace.com/static/604aebe5436e397a99d53e8a/t/62c1435f3c0ea87b40dd09c7/1656832864094/wright_state_university_hotels.pdf",
        "http://csc-028.com/userfiles/file/20220614081036_b525da.pdf",
        "https://static1.squarespace.com/static/60aaf27c8bac0413e6f804fa/t/62b4a418e1da1172acb6a3d6/1656005656641/bundelkhand_university_jhansi_online_form_2018.pdf",
        "http://tanphatinst.com/vietkiendo/upload/file/luwotonaxudo.pdf",
        "https://static1.squarespace.com/static/604aeb86718479732845b7b4/t/62c0b4220bf4cc740f302934/1656796195378/bc337_transistor_datasheet.pdf",
        "https://static1.squarespace.com/static/604aec14af289a5f7a539cf5/t/62c233fd6b8df8606bc67d8d/1656894461804/48412192226.pdf",
        "https://static1.squarespace.com/static/604aea6a97201213e037dc4e/t/62cbc56d2acf6c18d719cf5b/1657521518552/keganewawemuselozajamew.pdf",
        "https://static1.squarespace.com/static/604aebe5436e397a99d53e8a/t/62bff7ac87c438141743ae9b/1656747948229/.pdf",
        "https://static1.squarespace.com/static/604aeb86718479732845b7b4/t/62cc4214ebea6125b1c6eba6/1657553428782/7961811518.pdf",
        "https://static1.squarespace.com/static/604aeb86718479732845b7b4/t/62c72ee7d8962701d80d1a14/1657220839325/21704852940.pdf",
        "https://static1.squarespace.com/static/604aebe5436e397a99d53e8a/t/62bfa43cf1042d119e9286ac/1656726589082/jimmy_neutron_league_of_villains_wiki.pdf",
        "https://static1.squarespace.com/static/60aaf27c8bac0413e6f804fa/t/62b2ec8104201c7bb6c4c60c/1655893122189/video_brand_guidelines_examples.pdf",
        "https://static1.squarespace.com/static/60aaf27c8bac0413e6f804fa/t/62be4fd805510f17cb5831cf/1656639449113/the_complete_gmat_sentence_correction_guide.pdf",
        "https://static1.squarespace.com/static/60aaf27c8bac0413e6f804fa/t/62cbd5fc04d310783bad3b1e/1657525757010/sorinarosa.pdf",
        "https://static1.squarespace.com/static/604aea6a97201213e037dc4e/t/62ba48c2cde4a34a4a51ac50/1656375491298/kigadixoworol.pdf",
        "https://static1.squarespace.com/static/604aeb86718479732845b7b4/t/62c4f8740004622d56e0e166/1657075829260/70176499777.pdf",
        "https://static1.squarespace.com/static/60aaf27c8bac0413e6f804fa/t/62b2ed9982094e7263f8c311/1655893401362/blaze_tv_uk_guide.pdf",
        "https://static1.squarespace.com/static/60aaf27c8bac0413e6f804fa/t/62bb1d55e80f3f39e3b8d529/1656429910195/cassandra_clare.pdf",
        "https://static1.squarespace.com/static/60aaf27c8bac0413e6f804fa/t/62c68cf9c175df309d7bc594/1657179385696/onayum_aatukuttiyum_full_movie.pdf",
        "https://static1.squarespace.com/static/604aec14af289a5f7a539cf5/t/62c4a411dadfb87f473e94a2/1657054226175/83689699097.pdf",
        "https://static1.squarespace.com/static/60aaf25e42d7b60106dc17aa/t/62b5cbe6c46219731301e95f/1656081383014/55729685582.pdf",
        "https://static1.squarespace.com/static/604aea6a97201213e037dc4e/t/62cd6fbf277bd06cad93ddf9/1657630655653/new_jersey_hookers.pdf",
        "https://static1.squarespace.com/static/60aaf25e42d7b60106dc17aa/t/62b66868a2f61203023f8520/1656121448490/nonobepazupukitudit.pdf",
        "https://static1.squarespace.com/static/60aaf27c8bac0413e6f804fa/t/62bbe5c138628f6991467909/1656481217887/wooldridge_panel_data.pdf",
        "https://static1.squarespace.com/static/60aaf27c8bac0413e6f804fa/t/62c3cd47fbeebf438ee8ffe3/1656999239653/gonujijiwibebupigusixov.pdf",
        "https://static1.squarespace.com/static/604aeb86718479732845b7b4/t/62cab50f0690575463794903/1657451792345/dovekakakin.pdf",
        "https://static1.squarespace.com/static/60aaf25e42d7b60106dc17aa/t/62ba247a3ee16a1d921d658c/1656366202990/media_guide_template.pdf",
        "https://ingrape.ru/files/attach/files/namagixad.pdf",
        "https://static1.squarespace.com/static/604aeb86718479732845b7b4/t/62c25b25aa306b38b26ba759/1656904485678/gizmos_answer_key.pdf",
        "https://static1.squarespace.com/static/60aaf25e42d7b60106dc17aa/t/62b67420cf4ca952123a8547/1656124449618/50904984583.pdf",
        "https://static1.squarespace.com/static/604aeb86718479732845b7b4/t/62c870fa94fe024bb7651477/1657303291150/75943476943.pdf",
        "https://static1.squarespace.com/static/604aebe5436e397a99d53e8a/t/62bf3e33ffd54c460557b850/1656700468304/the_hunter_call_of_the_wild_beginners_guide.pdf",
        "https://static1.squarespace.com/static/60aaf27c8bac0413e6f804fa/t/62b8c7620c91e93baf0daedc/1656276835219/cant_download_attachments_from_yahoo.pdf",
        "https://static1.squarespace.com/static/604aea6a97201213e037dc4e/t/62c5cd51b63997286adc230b/1657130321919/xawuligufuliteketusonedek.pdf",
        "https://static1.squarespace.com/static/604aeb86718479732845b7b4/t/62c9e9e3bc2e9652fd705f51/1657399780408/resumo_do_livro_dirio_de_ana_frank.pdf"
    ],
    "regex_uris": [
        "http://joopsoa.com/c3?utm_term=hotel+california+tabs+for+ukulele+pdf+free",
        "https://static1.squarespace.com/static/604aec14af289a5f7a539cf5/t/62c326dded3f530d5d53b64c/1656956638535/my_dog_has_green_stuff_coming_out_of.pdf",
        "https://static1.squarespace.com/static/604aebe5436e397a99d53e8a/t/62c1435f3c0ea87b40dd09c7/1656832864094/wright_state_university_hotels.pdf",
        "http://csc-028.com/userfiles/file/20220614081036_b525da.pdf",
        "https://static1.squarespace.com/static/60aaf27c8bac0413e6f804fa/t/62b4a418e1da1172acb6a3d6/1656005656641/bundelkhand_university_jhansi_online_form_2018.pdf",
        "http://tanphatinst.com/vietkiendo/upload/file/luwotonaxudo.pdf",
        "https://static1.squarespace.com/static/604aeb86718479732845b7b4/t/62c0b4220bf4cc740f302934/1656796195378/bc337_transistor_datasheet.pdf",
        "https://static1.squarespace.com/static/604aec14af289a5f7a539cf5/t/62c233fd6b8df8606bc67d8d/1656894461804/48412192226.pdf",
        "https://static1.squarespace.com/static/604aea6a97201213e037dc4e/t/62cbc56d2acf6c18d719cf5b/1657521518552/keganewawemuselozajamew.pdf",
        "https://static1.squarespace.com/static/604aebe5436e397a99d53e8a/t/62bff7ac87c438141743ae9b/1656747948229/.pdf",
        "https://static1.squarespace.com/static/604aeb86718479732845b7b4/t/62cc4214ebea6125b1c6eba6/1657553428782/7961811518.pdf",
        "https://static1.squarespace.com/static/604aeb86718479732845b7b4/t/62c72ee7d8962701d80d1a14/1657220839325/21704852940.pdf",
        "https://static1.squarespace.com/static/604aebe5436e397a99d53e8a/t/62bfa43cf1042d119e9286ac/1656726589082/jimmy_neutron_league_of_villains_wiki.pdf",
        "https://static1.squarespace.com/static/60aaf27c8bac0413e6f804fa/t/62b2ec8104201c7bb6c4c60c/1655893122189/video_brand_guidelines_examples.pdf",
        "https://static1.squarespace.com/static/60aaf27c8bac0413e6f804fa/t/62be4fd805510f17cb5831cf/1656639449113/the_complete_gmat_sentence_correction_guide.pdf",
        "https://static1.squarespace.com/static/60aaf27c8bac0413e6f804fa/t/62cbd5fc04d310783bad3b1e/1657525757010/sorinarosa.pdf",
        "https://static1.squarespace.com/static/604aea6a97201213e037dc4e/t/62ba48c2cde4a34a4a51ac50/1656375491298/kigadixoworol.pdf",
        "https://static1.squarespace.com/static/604aeb86718479732845b7b4/t/62c4f8740004622d56e0e166/1657075829260/70176499777.pdf",
        "https://static1.squarespace.com/static/60aaf27c8bac0413e6f804fa/t/62b2ed9982094e7263f8c311/1655893401362/blaze_tv_uk_guide.pdf",
        "https://static1.squarespace.com/static/60aaf27c8bac0413e6f804fa/t/62bb1d55e80f3f39e3b8d529/1656429910195/cassandra_clare.pdf",
        "https://static1.squarespace.com/static/60aaf27c8bac0413e6f804fa/t/62c68cf9c175df309d7bc594/1657179385696/onayum_aatukuttiyum_full_movie.pdf",
        "https://static1.squarespace.com/static/604aec14af289a5f7a539cf5/t/62c4a411dadfb87f473e94a2/1657054226175/83689699097.pdf",
        "https://static1.squarespace.com/static/60aaf25e42d7b60106dc17aa/t/62b5cbe6c46219731301e95f/1656081383014/55729685582.pdf",
        "https://static1.squarespace.com/static/604aea6a97201213e037dc4e/t/62cd6fbf277bd06cad93ddf9/1657630655653/new_jersey_hookers.pdf",
        "https://static1.squarespace.com/static/60aaf25e42d7b60106dc17aa/t/62b66868a2f61203023f8520/1656121448490/nonobepazupukitudit.pdf",
        "https://static1.squarespace.com/static/60aaf27c8bac0413e6f804fa/t/62bbe5c138628f6991467909/1656481217887/wooldridge_panel_data.pdf",
        "https://static1.squarespace.com/static/60aaf27c8bac0413e6f804fa/t/62c3cd47fbeebf438ee8ffe3/1656999239653/gonujijiwibebupigusixov.pdf",
        "https://static1.squarespace.com/static/604aeb86718479732845b7b4/t/62cab50f0690575463794903/1657451792345/dovekakakin.pdf",
        "https://static1.squarespace.com/static/60aaf25e42d7b60106dc17aa/t/62ba247a3ee16a1d921d658c/1656366202990/media_guide_template.pdf",
        "https://ingrape.ru/files/attach/files/namagixad.pdf",
        "https://static1.squarespace.com/static/604aeb86718479732845b7b4/t/62c25b25aa306b38b26ba759/1656904485678/gizmos_answer_key.pdf",
        "https://static1.squarespace.com/static/60aaf25e42d7b60106dc17aa/t/62b67420cf4ca952123a8547/1656124449618/50904984583.pdf",
        "https://static1.squarespace.com/static/604aeb86718479732845b7b4/t/62c870fa94fe024bb7651477/1657303291150/75943476943.pdf",
        "https://static1.squarespace.com/static/604aebe5436e397a99d53e8a/t/62bf3e33ffd54c460557b850/1656700468304/the_hunter_call_of_the_wild_beginners_guide.pdf",
        "https://static1.squarespace.com/static/60aaf27c8bac0413e6f804fa/t/62b8c7620c91e93baf0daedc/1656276835219/cant_download_attachments_from_yahoo.pdf",
        "https://static1.squarespace.com/static/604aea6a97201213e037dc4e/t/62c5cd51b63997286adc230b/1657130321919/xawuligufuliteketusonedek.pdf",
        "https://static1.squarespace.com/static/604aeb86718479732845b7b4/t/62c9e9e3bc2e9652fd705f51/1657399780408/resumo_do_livro_dirio_de_ana_frank.pdf"
    ],
    "regex_urls": [
        "http://joopsoa.com/c3?utm_term=hotel+california+tabs+for+ukulele+pdf+free",
        "https",
        "https",
        "http://csc-028.com/userfiles/file/20220614081036_b525da.pdf",
        "https",
        "http://tanphatinst.com/vietkiendo/upload/file/luwotonaxudo.pdf",
        "https",
        "https",
        "https",
        "https",
        "https",
        "https",
        "https",
        "https",
        "https",
        "https",
        "https",
        "https",
        "https",
        "https",
        "https",
        "https",
        "https",
        "https",
        "https",
        "https",
        "https",
        "https",
        "https",
        "https",
        "https",
        "https",
        "https",
        "https",
        "https",
        "https",
        "https",
        "http://www.w3.org/1999/02/22-rdf-syntax-ns#",
        "http://purl.org/dc/elements/1.1/",
        "http://ns.adobe.com/pdf/1.3/",
        "http://ns.adobe.com/xap/1.0/",
        "http://ns.adobe.com/xap/1.0/mm/",
        "http://ns.adobe.com/xap/1.0/rights/"
    ],
    "scripts": {
        "iframe": [],
        "urls": []
    },
    "static_properties": {
        "JBIG2Decode": "0",
        "XML_forms": "0",
        "acro_form": "0",
        "auto_action": "0",
        "colors": "0",
        "cross_reference_table": "2",
        "embedded_files": "0",
        "file_size": "501",
        "java_script": "0",
        "js": "0",
        "launch_action": "0",
        "object_end": "98",
        "object_start": "98",
        "object_streams": "0",
        "open_action": "0",
        "page_count": "4",
        "rich_media": "0",
        "start_cross_reference_table": "2",
        "stream_end": "20",
        "stream_start": "20",
        "trailer_dictionary": "2"
    },
    "yara_signatures": [
        "without_attachments",
        "without_images",
        "with_urls",
        "invalid_trailer_structure",
        "multiple_versions",
        "contentis_base64"
    ]
}