{
    "exif_signatures": {},
    "file_size": 35223,
    "pdfid_signatures": {},
    "pypdf_uris": [
        "http://netcdn.co/app/431946152/its-free-real-estate-roblox-id-game-hack",
        "http://netcdn.co/app/431946152/its-free-real-estate-roblox-id-game-hack",
        "https://elearning.manbatam.sch.id/__statics/gudangsoal/files/coin-master-homepage_GM406889139.pdf",
        "https://elearning.manbatam.sch.id/__statics/gudangsoal/files/minecraft-bedrock-free-download-pc_GM479516143.pdf",
        "https://elearning.manbatam.sch.id/__statics/gudangsoal/files/free-robux-hack-generator_GM431946152.pdf",
        "https://elearning.manbatam.sch.id/__statics/gudangsoal/files/how-to-sue-roblox_GM431946152.pdf",
        "https://elearning.manbatam.sch.id/__statics/gudangsoal/files/hackear-coin-master-2021_GM406889139.pdf",
        "https://elearning.manbatam.sch.id/__statics/gudangsoal/files/twitter-coin-master-free-spins_GM406889139.pdf",
        "https://elearning.manbatam.sch.id/__statics/gudangsoal/files/roblox-premium-free_GM431946152.pdf",
        "https://elearning.manbatam.sch.id/__statics/gudangsoal/files/minecraft-xbox-one-code-free_GM479516143.pdf",
        "https://elearning.manbatam.sch.id/__statics/gudangsoal/files/buy-robux-free_GM431946152.pdf",
        "https://elearning.manbatam.sch.id/__statics/gudangsoal/files/how-to-hack-coin-master-spin_GM406889139.pdf",
        "https://elearning.manbatam.sch.id/__statics/gudangsoal/files/coin-master-hack-spins-and-coins-unlimited-free-download_GM406889139.pdf",
        "https://elearning.manbatam.sch.id/__statics/gudangsoal/files/how-to-get-free-items-on-roblox_GM431946152.pdf",
        "https://elearning.manbatam.sch.id/__statics/gudangsoal/files/free-roblox-accounts-2021-with-robux_GM431946152.pdf",
        "https://elearning.manbatam.sch.id/__statics/gudangsoal/files/free-spins-on-coin-master-app_GM406889139.pdf",
        "https://elearning.manbatam.sch.id/__statics/gudangsoal/files/coin-master-village-3_GM406889139.pdf",
        "https://elearning.manbatam.sch.id/__statics/gudangsoal/files/robux-hack-ios_GM431946152.pdf",
        "https://elearning.manbatam.sch.id/__statics/gudangsoal/files/free-robux-place_GM431946152.pdf",
        "https://elearning.manbatam.sch.id/__statics/gudangsoal/files/roblox-generator-no-human-verification_GM431946152.pdf",
        "https://elearning.manbatam.sch.id/__statics/gudangsoal/files/mistplay-robux_GM431946152.pdf",
        "https://elearning.manbatam.sch.id/__statics/gudangsoal/files/how-to-get-free-robux-without-downloading-any-apps_GM431946152.pdf"
    ],
    "regex_uris": [
        "http://netcdn.co/app/431946152/its-free-real-estate-roblox-id-game-hack",
        "http://netcdn.co/app/431946152/its-free-real-estate-roblox-id-game-hack",
        "https://elearning.manbatam.sch.id/__statics/gudangsoal/files/coin-master-homepage_GM406889139.pdf",
        "https://elearning.manbatam.sch.id/__statics/gudangsoal/files/minecraft-bedrock-free-download-pc_GM479516143.pdf",
        "https://elearning.manbatam.sch.id/__statics/gudangsoal/files/free-robux-hack-generator_GM431946152.pdf",
        "https://elearning.manbatam.sch.id/__statics/gudangsoal/files/how-to-sue-roblox_GM431946152.pdf",
        "https://elearning.manbatam.sch.id/__statics/gudangsoal/files/hackear-coin-master-2021_GM406889139.pdf",
        "https://elearning.manbatam.sch.id/__statics/gudangsoal/files/twitter-coin-master-free-spins_GM406889139.pdf",
        "https://elearning.manbatam.sch.id/__statics/gudangsoal/files/roblox-premium-free_GM431946152.pdf",
        "https://elearning.manbatam.sch.id/__statics/gudangsoal/files/minecraft-xbox-one-code-free_GM479516143.pdf",
        "https://elearning.manbatam.sch.id/__statics/gudangsoal/files/buy-robux-free_GM431946152.pdf",
        "https://elearning.manbatam.sch.id/__statics/gudangsoal/files/how-to-hack-coin-master-spin_GM406889139.pdf",
        "https://elearning.manbatam.sch.id/__statics/gudangsoal/files/coin-master-hack-spins-and-coins-unlimited-free-download_GM406889139.pdf",
        "https://elearning.manbatam.sch.id/__statics/gudangsoal/files/how-to-get-free-items-on-roblox_GM431946152.pdf",
        "https://elearning.manbatam.sch.id/__statics/gudangsoal/files/free-roblox-accounts-2021-with-robux_GM431946152.pdf",
        "https://elearning.manbatam.sch.id/__statics/gudangsoal/files/free-spins-on-coin-master-app_GM406889139.pdf",
        "https://elearning.manbatam.sch.id/__statics/gudangsoal/files/coin-master-village-3_GM406889139.pdf",
        "https://elearning.manbatam.sch.id/__statics/gudangsoal/files/robux-hack-ios_GM431946152.pdf",
        "https://elearning.manbatam.sch.id/__statics/gudangsoal/files/free-robux-place_GM431946152.pdf",
        "https://elearning.manbatam.sch.id/__statics/gudangsoal/files/roblox-generator-no-human-verification_GM431946152.pdf",
        "https://elearning.manbatam.sch.id/__statics/gudangsoal/files/mistplay-robux_GM431946152.pdf",
        "https://elearning.manbatam.sch.id/__statics/gudangsoal/files/how-to-get-free-robux-without-downloading-any-apps_GM431946152.pdf"
    ],
    "regex_urls": [
        "http://netcdn.co/app/431946152/its-free-real-estate-roblox-id-game-hack",
        "http://netcdn.co/app/431946152/its-free-real-estate-roblox-id-game-hack",
        "https",
        "https",
        "https",
        "https",
        "https",
        "https",
        "https",
        "https",
        "https",
        "https",
        "https",
        "https",
        "https",
        "https",
        "https",
        "https",
        "https",
        "https",
        "https",
        "https"
    ],
    "scripts": {
        "iframe": [],
        "urls": []
    },
    "static_properties": {
        "JBIG2Decode": "0",
        "XML_forms": "0",
        "acro_form": "0",
        "auto_action": "0",
        "colors": "0",
        "cross_reference_table": "1",
        "embedded_files": "0",
        "file_size": "35",
        "java_script": "0",
        "js": "0",
        "launch_action": "0",
        "object_end": "55",
        "object_start": "55",
        "object_streams": "0",
        "open_action": "0",
        "page_count": "2",
        "rich_media": "0",
        "start_cross_reference_table": "1",
        "stream_end": "6",
        "stream_start": "6",
        "trailer_dictionary": "1"
    },
    "yara_signatures": [
        "without_attachments",
        "without_images",
        "with_urls",
        "invalid_trailer_structure",
        "contentis_base64"
    ]
}