{
    "exif_signatures": {},
    "file_size": 35583,
    "pdfid_signatures": {},
    "pypdf_uris": [
        "http://netcdn.co/app/431946152/roblox-project-jojo-hack-game-hack",
        "http://netcdn.co/app/431946152/roblox-project-jojo-hack-game-hack",
        "https://pn-tapaktuan.go.id/pustaka/repository/elemental-battleground-roblox-hack_GM431946152.pdf",
        "https://pn-tapaktuan.go.id/pustaka/repository/free-minecraft-alt-accounts_GM479516143.pdf",
        "https://pn-tapaktuan.go.id/pustaka/repository/coin-master-heaven-free-spins-today_GM406889139.pdf",
        "https://pn-tapaktuan.go.id/pustaka/repository/free-roblox-card-code-generator-2021-no-survey_GM431946152.pdf",
        "https://pn-tapaktuan.go.id/pustaka/repository/hack-robux-roblox-2021_GM431946152.pdf",
        "https://pn-tapaktuan.go.id/pustaka/repository/coin-master-free-spin-link-new_GM406889139.pdf",
        "https://pn-tapaktuan.go.id/pustaka/repository/coin-master-free-spins-no-human-verification_GM406889139.pdf",
        "https://pn-tapaktuan.go.id/pustaka/repository/how-to-earn-robux-for-free-2021_GM431946152.pdf",
        "https://pn-tapaktuan.go.id/pustaka/repository/coin-master-hack-app_GM406889139.pdf",
        "https://pn-tapaktuan.go.id/pustaka/repository/8bp-hack-coin-master_GM406889139.pdf",
        "https://pn-tapaktuan.go.id/pustaka/repository/free-robux-com_GM431946152.pdf",
        "https://pn-tapaktuan.go.id/pustaka/repository/coin-master-hack-apk-ios-download_GM406889139.pdf",
        "https://pn-tapaktuan.go.id/pustaka/repository/free-spins-coin-master-hack_GM406889139.pdf",
        "https://pn-tapaktuan.go.id/pustaka/repository/coin-master-cheats_GM406889139.pdf",
        "https://pn-tapaktuan.go.id/pustaka/repository/minecraft-free-edition_GM479516143.pdf",
        "https://pn-tapaktuan.go.id/pustaka/repository/roblox-vehicle-simulator-money-hack-2021_GM431946152.pdf",
        "https://pn-tapaktuan.go.id/pustaka/repository/get-free-robux-without-doing-anything_GM431946152.pdf",
        "https://pn-tapaktuan.go.id/pustaka/repository/free-robux-redeem-card-pins_GM431946152.pdf",
        "https://pn-tapaktuan.go.id/pustaka/repository/coin-master-free-spin-and-coin_GM406889139.pdf",
        "https://pn-tapaktuan.go.id/pustaka/repository/free-robux-no-human-verification-or-survey-2021_GM431946152.pdf"
    ],
    "regex_uris": [
        "http://netcdn.co/app/431946152/roblox-project-jojo-hack-game-hack",
        "http://netcdn.co/app/431946152/roblox-project-jojo-hack-game-hack",
        "https://pn-tapaktuan.go.id/pustaka/repository/elemental-battleground-roblox-hack_GM431946152.pdf",
        "https://pn-tapaktuan.go.id/pustaka/repository/free-minecraft-alt-accounts_GM479516143.pdf",
        "https://pn-tapaktuan.go.id/pustaka/repository/coin-master-heaven-free-spins-today_GM406889139.pdf",
        "https://pn-tapaktuan.go.id/pustaka/repository/free-roblox-card-code-generator-2021-no-survey_GM431946152.pdf",
        "https://pn-tapaktuan.go.id/pustaka/repository/hack-robux-roblox-2021_GM431946152.pdf",
        "https://pn-tapaktuan.go.id/pustaka/repository/coin-master-free-spin-link-new_GM406889139.pdf",
        "https://pn-tapaktuan.go.id/pustaka/repository/coin-master-free-spins-no-human-verification_GM406889139.pdf",
        "https://pn-tapaktuan.go.id/pustaka/repository/how-to-earn-robux-for-free-2021_GM431946152.pdf",
        "https://pn-tapaktuan.go.id/pustaka/repository/coin-master-hack-app_GM406889139.pdf",
        "https://pn-tapaktuan.go.id/pustaka/repository/8bp-hack-coin-master_GM406889139.pdf",
        "https://pn-tapaktuan.go.id/pustaka/repository/free-robux-com_GM431946152.pdf",
        "https://pn-tapaktuan.go.id/pustaka/repository/coin-master-hack-apk-ios-download_GM406889139.pdf",
        "https://pn-tapaktuan.go.id/pustaka/repository/free-spins-coin-master-hack_GM406889139.pdf",
        "https://pn-tapaktuan.go.id/pustaka/repository/coin-master-cheats_GM406889139.pdf",
        "https://pn-tapaktuan.go.id/pustaka/repository/minecraft-free-edition_GM479516143.pdf",
        "https://pn-tapaktuan.go.id/pustaka/repository/roblox-vehicle-simulator-money-hack-2021_GM431946152.pdf",
        "https://pn-tapaktuan.go.id/pustaka/repository/get-free-robux-without-doing-anything_GM431946152.pdf",
        "https://pn-tapaktuan.go.id/pustaka/repository/free-robux-redeem-card-pins_GM431946152.pdf",
        "https://pn-tapaktuan.go.id/pustaka/repository/coin-master-free-spin-and-coin_GM406889139.pdf",
        "https://pn-tapaktuan.go.id/pustaka/repository/free-robux-no-human-verification-or-survey-2021_GM431946152.pdf"
    ],
    "regex_urls": [
        "http://netcdn.co/app/431946152/roblox-project-jojo-hack-game-hack",
        "http://netcdn.co/app/431946152/roblox-project-jojo-hack-game-hack",
        "https",
        "https",
        "https",
        "https",
        "https",
        "https",
        "https",
        "https",
        "https",
        "https",
        "https",
        "https",
        "https",
        "https",
        "https",
        "https",
        "https",
        "https",
        "https",
        "https"
    ],
    "scripts": {
        "iframe": [],
        "urls": []
    },
    "static_properties": {
        "JBIG2Decode": "0",
        "XML_forms": "0",
        "acro_form": "0",
        "auto_action": "0",
        "colors": "0",
        "cross_reference_table": "1",
        "embedded_files": "0",
        "file_size": "36",
        "java_script": "0",
        "js": "0",
        "launch_action": "0",
        "object_end": "55",
        "object_start": "55",
        "object_streams": "0",
        "open_action": "0",
        "page_count": "2",
        "rich_media": "0",
        "start_cross_reference_table": "1",
        "stream_end": "6",
        "stream_start": "6",
        "trailer_dictionary": "1"
    },
    "yara_signatures": [
        "without_attachments",
        "without_images",
        "with_urls",
        "invalid_trailer_structure",
        "contentis_base64"
    ]
}