{
    "exif_signatures": {},
    "file_size": 35543,
    "pdfid_signatures": {},
    "pypdf_uris": [
        "http://netcdn.tw/app/406889139/get-free-spins-coin-master-2021-game-hack",
        "http://netcdn.tw/app/406889139/get-free-spins-coin-master-2021-game-hack",
        "https://man1tuban.sch.id/__statics/gudangsoal/files/pubg-600-uc-price-in-pakistan_GM1330123889.pdf",
        "https://man1tuban.sch.id/__statics/gudangsoal/files/is-nexusus-roblox-hack_GM431946152.pdf",
        "https://man1tuban.sch.id/__statics/gudangsoal/files/hack-coin-master-net_GM406889139.pdf",
        "https://man1tuban.sch.id/__statics/gudangsoal/files/minecraft-bedrock-free_GM479516143.pdf",
        "https://man1tuban.sch.id/__statics/gudangsoal/files/free-roblox-injector_GM431946152.pdf",
        "https://man1tuban.sch.id/__statics/gudangsoal/files/how-to-get-free-t-shirt-in-roblox_GM431946152.pdf",
        "https://man1tuban.sch.id/__statics/gudangsoal/files/roblox-free-hair-codes_GM431946152.pdf",
        "https://man1tuban.sch.id/__statics/gudangsoal/files/robux-free-in-roblox_GM431946152.pdf",
        "https://man1tuban.sch.id/__statics/gudangsoal/files/coin-master-hacks_GM406889139.pdf",
        "https://man1tuban.sch.id/__statics/gudangsoal/files/scaffold-minecraft-hack_GM479516143.pdf",
        "https://man1tuban.sch.id/__statics/gudangsoal/files/free-minecraft-account-list_GM479516143.pdf",
        "https://man1tuban.sch.id/__statics/gudangsoal/files/how-to-get-free-robux-no-human-verification_GM431946152.pdf",
        "https://man1tuban.sch.id/__statics/gudangsoal/files/coin-master-free-daily-spins-link_GM406889139.pdf",
        "https://man1tuban.sch.id/__statics/gudangsoal/files/minecraft-survival-hacks_GM479516143.pdf",
        "https://man1tuban.sch.id/__statics/gudangsoal/files/how-to-hack-someones-roblox-account_GM431946152.pdf",
        "https://man1tuban.sch.id/__statics/gudangsoal/files/is-java-minecraft-free_GM479516143.pdf",
        "https://man1tuban.sch.id/__statics/gudangsoal/files/free-hacks-for-coin-master_GM406889139.pdf",
        "https://man1tuban.sch.id/__statics/gudangsoal/files/free-coin-master-spins-and-coins_GM406889139.pdf",
        "https://man1tuban.sch.id/__statics/gudangsoal/files/clean-master-coins-hack_GM406889139.pdf",
        "https://man1tuban.sch.id/__statics/gudangsoal/files/roblox-re_GM431946152.pdf"
    ],
    "regex_uris": [
        "http://netcdn.tw/app/406889139/get-free-spins-coin-master-2021-game-hack",
        "http://netcdn.tw/app/406889139/get-free-spins-coin-master-2021-game-hack",
        "https://man1tuban.sch.id/__statics/gudangsoal/files/pubg-600-uc-price-in-pakistan_GM1330123889.pdf",
        "https://man1tuban.sch.id/__statics/gudangsoal/files/is-nexusus-roblox-hack_GM431946152.pdf",
        "https://man1tuban.sch.id/__statics/gudangsoal/files/hack-coin-master-net_GM406889139.pdf",
        "https://man1tuban.sch.id/__statics/gudangsoal/files/minecraft-bedrock-free_GM479516143.pdf",
        "https://man1tuban.sch.id/__statics/gudangsoal/files/free-roblox-injector_GM431946152.pdf",
        "https://man1tuban.sch.id/__statics/gudangsoal/files/how-to-get-free-t-shirt-in-roblox_GM431946152.pdf",
        "https://man1tuban.sch.id/__statics/gudangsoal/files/roblox-free-hair-codes_GM431946152.pdf",
        "https://man1tuban.sch.id/__statics/gudangsoal/files/robux-free-in-roblox_GM431946152.pdf",
        "https://man1tuban.sch.id/__statics/gudangsoal/files/coin-master-hacks_GM406889139.pdf",
        "https://man1tuban.sch.id/__statics/gudangsoal/files/scaffold-minecraft-hack_GM479516143.pdf",
        "https://man1tuban.sch.id/__statics/gudangsoal/files/free-minecraft-account-list_GM479516143.pdf",
        "https://man1tuban.sch.id/__statics/gudangsoal/files/how-to-get-free-robux-no-human-verification_GM431946152.pdf",
        "https://man1tuban.sch.id/__statics/gudangsoal/files/coin-master-free-daily-spins-link_GM406889139.pdf",
        "https://man1tuban.sch.id/__statics/gudangsoal/files/minecraft-survival-hacks_GM479516143.pdf",
        "https://man1tuban.sch.id/__statics/gudangsoal/files/how-to-hack-someones-roblox-account_GM431946152.pdf",
        "https://man1tuban.sch.id/__statics/gudangsoal/files/is-java-minecraft-free_GM479516143.pdf",
        "https://man1tuban.sch.id/__statics/gudangsoal/files/free-hacks-for-coin-master_GM406889139.pdf",
        "https://man1tuban.sch.id/__statics/gudangsoal/files/free-coin-master-spins-and-coins_GM406889139.pdf",
        "https://man1tuban.sch.id/__statics/gudangsoal/files/clean-master-coins-hack_GM406889139.pdf",
        "https://man1tuban.sch.id/__statics/gudangsoal/files/roblox-re_GM431946152.pdf"
    ],
    "regex_urls": [
        "http://netcdn.tw/app/406889139/get-free-spins-coin-master-2021-game-hack",
        "http://netcdn.tw/app/406889139/get-free-spins-coin-master-2021-game-hack",
        "https",
        "https",
        "https",
        "https",
        "https",
        "https",
        "https",
        "https",
        "https",
        "https",
        "https",
        "https",
        "https",
        "https",
        "https",
        "https",
        "https",
        "https",
        "https",
        "https"
    ],
    "scripts": {
        "iframe": [],
        "urls": []
    },
    "static_properties": {
        "JBIG2Decode": "0",
        "XML_forms": "0",
        "acro_form": "0",
        "auto_action": "0",
        "colors": "0",
        "cross_reference_table": "1",
        "embedded_files": "0",
        "file_size": "36",
        "java_script": "0",
        "js": "0",
        "launch_action": "0",
        "object_end": "55",
        "object_start": "55",
        "object_streams": "0",
        "open_action": "0",
        "page_count": "2",
        "rich_media": "0",
        "start_cross_reference_table": "1",
        "stream_end": "6",
        "stream_start": "6",
        "trailer_dictionary": "1"
    },
    "yara_signatures": [
        "without_attachments",
        "without_images",
        "with_urls",
        "invalid_trailer_structure",
        "contentis_base64"
    ]
}