{
    "exif_signatures": {},
    "file_size": 43234,
    "pdfid_signatures": {},
    "pypdf_uris": [
        "https://netcdn.xyz/app/431946152/getrobux-info-game-hack",
        "https://netcdn.xyz/app/431946152/getrobux-info-game-hack",
        "https://elearning.manbatam.sch.id/__statics/gudangsoal/files/how-to-hack-coin-master-ios-2021_GM406889139.pdf",
        "https://elearning.manbatam.sch.id/__statics/gudangsoal/files/hey-google-how-do-you-get-free-robux_GM431946152.pdf",
        "https://elearning.manbatam.sch.id/__statics/gudangsoal/files/how-to-hack-peoples-roblox-accounts_GM431946152.pdf",
        "https://elearning.manbatam.sch.id/__statics/gudangsoal/files/are-minecraft-realms-free_GM479516143.pdf",
        "https://elearning.manbatam.sch.id/__statics/gudangsoal/files/free-minecraft-alt-accounts_GM479516143.pdf",
        "https://elearning.manbatam.sch.id/__statics/gudangsoal/files/roblox-sign-in-free_GM431946152.pdf",
        "https://elearning.manbatam.sch.id/__statics/gudangsoal/files/robux-free-c_GM431946152.pdf",
        "https://elearning.manbatam.sch.id/__statics/gudangsoal/files/coin-master-spins-gratis_GM406889139.pdf",
        "https://elearning.manbatam.sch.id/__statics/gudangsoal/files/coin-master-free-link-2021_GM406889139.pdf",
        "https://elearning.manbatam.sch.id/__statics/gudangsoal/files/hacked-client-for-minecraft-bedrock_GM479516143.pdf",
        "https://elearning.manbatam.sch.id/__statics/gudangsoal/files/how-to-hack-coin-master-apkmody_GM406889139.pdf",
        "https://elearning.manbatam.sch.id/__statics/gudangsoal/files/how-to-get-robux-for-free-2021_GM431946152.pdf",
        "https://elearning.manbatam.sch.id/__statics/gudangsoal/files/coin-master-free-spins-23-march-2021_GM406889139.pdf",
        "https://elearning.manbatam.sch.id/__statics/gudangsoal/files/hack-coin-master-without-root_GM406889139.pdf",
        "https://elearning.manbatam.sch.id/__statics/gudangsoal/files/how-to-get-robux-easy_GM431946152.pdf",
        "https://elearning.manbatam.sch.id/__statics/gudangsoal/files/coin-master-free-spin-2912-2021_GM406889139.pdf",
        "https://elearning.manbatam.sch.id/__statics/gudangsoal/files/100-robux_GM431946152.pdf",
        "https://elearning.manbatam.sch.id/__statics/gudangsoal/files/how-to-hack-roblox-accounts-for-robux_GM431946152.pdf",
        "https://elearning.manbatam.sch.id/__statics/gudangsoal/files/minecraft-free-download-pc_GM479516143.pdf",
        "https://elearning.manbatam.sch.id/__statics/gudangsoal/files/collect-free-spins-coin-master_GM406889139.pdf"
    ],
    "regex_uris": [
        "https://netcdn.xyz/app/431946152/getrobux-info-game-hack",
        "https://netcdn.xyz/app/431946152/getrobux-info-game-hack",
        "https://elearning.manbatam.sch.id/__statics/gudangsoal/files/how-to-hack-coin-master-ios-2021_GM406889139.pdf",
        "https://elearning.manbatam.sch.id/__statics/gudangsoal/files/hey-google-how-do-you-get-free-robux_GM431946152.pdf",
        "https://elearning.manbatam.sch.id/__statics/gudangsoal/files/how-to-hack-peoples-roblox-accounts_GM431946152.pdf",
        "https://elearning.manbatam.sch.id/__statics/gudangsoal/files/are-minecraft-realms-free_GM479516143.pdf",
        "https://elearning.manbatam.sch.id/__statics/gudangsoal/files/free-minecraft-alt-accounts_GM479516143.pdf",
        "https://elearning.manbatam.sch.id/__statics/gudangsoal/files/roblox-sign-in-free_GM431946152.pdf",
        "https://elearning.manbatam.sch.id/__statics/gudangsoal/files/robux-free-c_GM431946152.pdf",
        "https://elearning.manbatam.sch.id/__statics/gudangsoal/files/coin-master-spins-gratis_GM406889139.pdf",
        "https://elearning.manbatam.sch.id/__statics/gudangsoal/files/coin-master-free-link-2021_GM406889139.pdf",
        "https://elearning.manbatam.sch.id/__statics/gudangsoal/files/hacked-client-for-minecraft-bedrock_GM479516143.pdf",
        "https://elearning.manbatam.sch.id/__statics/gudangsoal/files/how-to-hack-coin-master-apkmody_GM406889139.pdf",
        "https://elearning.manbatam.sch.id/__statics/gudangsoal/files/how-to-get-robux-for-free-2021_GM431946152.pdf",
        "https://elearning.manbatam.sch.id/__statics/gudangsoal/files/coin-master-free-spins-23-march-2021_GM406889139.pdf",
        "https://elearning.manbatam.sch.id/__statics/gudangsoal/files/hack-coin-master-without-root_GM406889139.pdf",
        "https://elearning.manbatam.sch.id/__statics/gudangsoal/files/how-to-get-robux-easy_GM431946152.pdf",
        "https://elearning.manbatam.sch.id/__statics/gudangsoal/files/coin-master-free-spin-2912-2021_GM406889139.pdf",
        "https://elearning.manbatam.sch.id/__statics/gudangsoal/files/100-robux_GM431946152.pdf",
        "https://elearning.manbatam.sch.id/__statics/gudangsoal/files/how-to-hack-roblox-accounts-for-robux_GM431946152.pdf",
        "https://elearning.manbatam.sch.id/__statics/gudangsoal/files/minecraft-free-download-pc_GM479516143.pdf",
        "https://elearning.manbatam.sch.id/__statics/gudangsoal/files/collect-free-spins-coin-master_GM406889139.pdf"
    ],
    "regex_urls": [
        "https",
        "https",
        "https",
        "https",
        "https",
        "https",
        "https",
        "https",
        "https",
        "https",
        "https",
        "https",
        "https",
        "https",
        "https",
        "https",
        "https",
        "https",
        "https",
        "https",
        "https",
        "https"
    ],
    "scripts": {
        "iframe": [],
        "urls": []
    },
    "static_properties": {
        "JBIG2Decode": "0",
        "XML_forms": "0",
        "acro_form": "0",
        "auto_action": "0",
        "colors": "0",
        "cross_reference_table": "1",
        "embedded_files": "0",
        "file_size": "43",
        "java_script": "0",
        "js": "0",
        "launch_action": "0",
        "object_end": "60",
        "object_start": "60",
        "object_streams": "0",
        "open_action": "0",
        "page_count": "3",
        "rich_media": "0",
        "start_cross_reference_table": "1",
        "stream_end": "7",
        "stream_start": "7",
        "trailer_dictionary": "1"
    },
    "yara_signatures": [
        "without_attachments",
        "without_images",
        "with_urls",
        "invalid_trailer_structure",
        "contentis_base64"
    ]
}