{
    "exif_signatures": {},
    "file_size": 138961,
    "pdfid_signatures": {},
    "pypdf_uris": [
        "http://evacdir.com/acne?chance=&ZG93bmxvYWR8SFY2TW5wMGJIeDhNVFkxTlRJNU9UZzBOSHg4TWpVNU1IeDhLRTBwSUZkdmNtUndjbVZ6Y3lCYldFMU1VbEJESUZZeUlGQkVSbDA=&mixer=&UGFydGl0aW9uIE1hbmFnZXIgMTIgU2VydmVyUGF=repayment&melikov=globalisation",
        "https://ithinksew.net/advert/zzbubbleplasma-%d0%ba%d0%bb%d1%8e%d1%87-%d1%81%d0%ba%d0%b0%d1%87%d0%b0%d1%82%d1%8c-x64-latest-2022/",
        "http://thanhphocanho.com/?p=53805",
        "https://coolbreezebeverages.com/xps-to-images-converter-\u00d1\u2020\u00d0\u00ba\u00d0\u00b0\u00d1\u2044\u00d0\u00b0\u00d1\u2021\u00d1\u201e-\u00d0\u00b1\u00d0\u00b5\u00d1\u2020\u00d0\u00bf\u00d0\u00bb\u00d0\u00b0\u00d1\u2021\u00d0\u00bd\u00d0\u00be-\u00d0\u00b1\u00d0\u00b5\u00d0\u00b7-\u00d1\u2022\u00d0\u00b5\u00d0\u00b3\u00d0\u00b8\u00d1\u2020\u00d1\u2021\u00d1\u2022\u00d0\u00b0\u00d1\u0192/",
        "https://mycoopmed.net/wp-content/uploads/2022/06/liviian.pdf",
        "https://fennylaw.com/wp-content/uploads/2022/06/Kill_Watcher.pdf",
        "https://jgbrospaint.com/wp-content/uploads/2022/06/WiFi_Hotspot__.pdf",
        "http://orbeeari.com/?p=19278",
        "https://mentorus.pl/accurate-personality-test-\u00d0\u00ba\u00d0\u00bb\u00d1\u201d\u00d1\u2044-\u00d1\u2020\u00d0\u00ba\u00d0\u00b0\u00d1\u2044\u00d0\u00b0\u00d1\u2021\u00d1\u201e-\u00d0\u00b1\u00d0\u00b5\u00d1\u2020\u00d0\u00bf\u00d0\u00bb\u00d0\u00b0\u00d1\u2021\u00d0\u00bd\u00d0\u00be-\u00d0\u00b1\u00d0\u00b5\u00d0\u00b7-\u00d1\u2022\u00d0\u00b5\u00d0\u00b3\u00d0\u00b8/",
        "https://serippyshop.com/qfx2qif-\u00d0\u00ba\u00d1\u2022\u00d1\u2018\u00d0\u00ba-serial-number-full-torrent-\u00d1\u2020\u00d0\u00ba\u00d0\u00b0\u00d1\u2044\u00d0\u00b0\u00d1\u2021\u00d1\u201e/",
        "http://www.ndvadvisers.com/?p=",
        "http://tlcme.org/wp-content/uploads/2022/06/audhek.pdf",
        "http://mytown247.com/?p=57532",
        "https://kasujjaelizabeth.com/projectile-motion-\u00d0\u00ba\u00d0\u00bb\u00d1\u201d\u00d1\u2044-patch-with-serial-key-\u00d1\u2020\u00d0\u00ba\u00d0\u00b0\u00d1\u2044\u00d0\u00b0\u00d1\u2021\u00d1\u201e-pc-windows-latest/",
        "https://kuofficial.com/archives/9762",
        "https://delcohempco.com/2022/06/15/hacker-news-unofficial-serial-number-full-torrent-\u00d1\u2020\u00d0\u00ba\u00d0\u00b0\u00d1\u2044\u00d0\u00b0\u00d1\u2021\u00d1\u201e-\u00d0\u00b1\u00d0\u00b5\u00d1\u2020\u00d0\u00bf\u00d0\u00bb\u00d0\u00b0\u00d1\u2021\u00d0\u00bd\u00d0\u00be-for-pc/",
        "https://dronezone-nrw.2ix.de/advert/digital-dj-dance-manager-%d0%ba%d0%bb%d1%8e%d1%87-torrent-%d1%81%d0%ba%d0%b0%d1%87%d0%b0%d1%82%d1%8c-%d0%b1%d0%b5%d1%81%d0%bf%d0%bb%d0%b0%d1%82%d0%bd%d0%be-%d0%b1%d0%b5%d0%b7-%d1%80%d0%b5%d0%b3/",
        "https://ku6.nl/wp-content/uploads/2022/06/grazwam.pdf",
        "https://empleadental.cl/wp-content/uploads/2022/06/CNamedPipe_With_Keygen___Final_2022.pdf",
        "https://ozdesignhome.lt/email-finder-for-chrome-\u00d0\u00ba\u00d0\u00bb\u00d1\u201d\u00d1\u2044-with-license-code-\u00d1\u2020\u00d0\u00ba\u00d0\u00b0\u00d1\u2044\u00d0\u00b0\u00d1\u2021\u00d1\u201e-\u00d0\u00b1\u00d0\u00b5\u00d1\u2020\u00d0\u00bf\u00d0\u00bb\u00d0\u00b0\u00d1\u2021\u00d0\u00bd\u00d0\u00be-win-mac-latest/",
        "https://eqcompu.com/2022/06/15/lingvosoft-suite-2008-english-arabic-\u00d0\u00b0\u00d0\u00ba\u00d1\u2021\u00d0\u00b8\u00d0\u00b2\u00d0\u00b8\u00d1\u2022\u00d0\u00be\u00d0\u00b2\u00d0\u00b0\u00d0\u00bd\u00d0\u00bd\u00d0\u00b0\u00d1\u2018-\u00d0\u00bf\u00d0\u00be\u00d0\u00bb\u00d0\u00bd\u00d0\u00b0\u00d1\u2018-\u00d0\u00b2\u00d0\u00b5\u00d1\u2022\u00d1\u2020\u00d0\u00b8\u00d1\u2018/",
        "http://www.tcpdf.org"
    ],
    "regex_uris": [
        "http://evacdir.com/acne?chance=&ZG93bmxvYWR8SFY2TW5wMGJIeDhNVFkxTlRJNU9UZzBOSHg4TWpVNU1IeDhLRTBwSUZkdmNtUndjbVZ6Y3lCYldFMU1VbEJESUZZeUlGQkVSbDA=&mixer=&UGFydGl0aW9uIE1hbmFnZXIgMTIgU2VydmVyUGF=repayment&melikov=globalisation",
        "https://ithinksew.net/advert/zzbubbleplasma-%d0%ba%d0%bb%d1%8e%d1%87-%d1%81%d0%ba%d0%b0%d1%87%d0%b0%d1%82%d1%8c-x64-latest-2022/",
        "http://thanhphocanho.com/?p=53805",
        "https://coolbreezebeverages.com/xps-to-images-converter-\u0441\u043a\u0430\u0447\u0430\u0442\u044c-\u0431\u0435\u0441\u043f\u043b\u0430\u0442\u043d\u043e-\u0431\u0435\u0437-\u0440\u0435\u0433\u0438\u0441\u0442\u0440\u0430\u0446/",
        "https://mycoopmed.net/wp-content/uploads/2022/06/liviian.pdf",
        "https://fennylaw.com/wp-content/uploads/2022/06/Kill_Watcher.pdf",
        "https://jgbrospaint.com/wp-content/uploads/2022/06/WiFi_Hotspot__.pdf",
        "http://orbeeari.com/?p=19278",
        "https://mentorus.pl/accurate-personality-test-\u043a\u043b\u044e\u0447-\u0441\u043a\u0430\u0447\u0430\u0442\u044c-\u0431\u0435\u0441\u043f\u043b\u0430\u0442\u043d\u043e-\u0431\u0435\u0437-\u0440\u0435\u0433\u0438/",
        "https://serippyshop.com/qfx2qif-\u043a\u0440\u044f\u043a-serial-number-full-torrent-\u0441\u043a\u0430\u0447\u0430\u0442\u044c/",
        "http://www.ndvadvisers.com/?p=",
        "http://tlcme.org/wp-content/uploads/2022/06/audhek.pdf",
        "http://mytown247.com/?p=57532",
        "https://kasujjaelizabeth.com/projectile-motion-\u043a\u043b\u044e\u0447-patch-with-serial-key-\u0441\u043a\u0430\u0447\u0430\u0442\u044c-pc-windows-latest/",
        "https://kuofficial.com/archives/9762",
        "https://delcohempco.com/2022/06/15/hacker-news-unofficial-serial-number-full-torrent-\u0441\u043a\u0430\u0447\u0430\u0442\u044c-\u0431\u0435\u0441\u043f\u043b\u0430\u0442\u043d\u043e-for-pc/",
        "https://dronezone-nrw.2ix.de/advert/digital-dj-dance-manager-%d0%ba%d0%bb%d1%8e%d1%87-torrent-%d1%81%d0%ba%d0%b0%d1%87%d0%b0%d1%82%d1%8c-%d0%b1%d0%b5%d1%81%d0%bf%d0%bb%d0%b0%d1%82%d0%bd%d0%be-%d0%b1%d0%b5%d0%b7-%d1%80%d0%b5%d0%b3/",
        "https://ku6.nl/wp-content/uploads/2022/06/grazwam.pdf",
        "https://empleadental.cl/wp-content/uploads/2022/06/CNamedPipe_With_Keygen___Final_2022.pdf",
        "https://ozdesignhome.lt/email-finder-for-chrome-\u043a\u043b\u044e\u0447-with-license-code-\u0441\u043a\u0430\u0447\u0430\u0442\u044c-\u0431\u0435\u0441\u043f\u043b\u0430\u0442\u043d\u043e-win-mac-latest/",
        "https://eqcompu.com/2022/06/15/lingvosoft-suite-2008-english-arabic-\u0430\u043a\u0442\u0438\u0432\u0438\u0440\u043e\u0432\u0430\u043d\u043d\u0430\u044f-\u043f\u043e\u043b\u043d\u0430\u044f-\u0432\u0435\u0440\u0441\u0438\u044f/",
        "http://www.tcpdf.org"
    ],
    "regex_urls": [
        "http://evacdir.com/acne?chance=",
        "https",
        "http://thanhphocanho.com/?p=53805",
        "https",
        "https",
        "https",
        "https",
        "http://orbeeari.com/?p=19278",
        "https",
        "https",
        "http://www.ndvadvisers.com/?p=",
        "http://tlcme.org/wp-content/uploads/2022/06/audhek.pdf",
        "http://mytown247.com/?p=57532",
        "https",
        "https",
        "https",
        "https",
        "https",
        "https",
        "https",
        "https",
        "http://www.tcpdf.org",
        "http://www.w3.org/1999/02/22-rdf-syntax-ns#",
        "http://purl.org/dc/elements/1.1/",
        "http://ns.adobe.com/xap/1.0/",
        "http://ns.adobe.com/pdf/1.3/",
        "http://ns.adobe.com/xap/1.0/mm/",
        "http://www.aiim.org/pdfa/ns/extension/",
        "http://www.aiim.org/pdfa/ns/schema#",
        "http://www.aiim.org/pdfa/ns/property#",
        "http://ns.adobe.com/pdf/1.3/",
        "http://ns.adobe.com/xap/1.0/mm/",
        "http://www.aiim.org/pdfa/ns/id/"
    ],
    "scripts": {
        "iframe": [],
        "urls": []
    },
    "static_properties": {
        "JBIG2Decode": "0",
        "XML_forms": "0",
        "acro_form": "0",
        "auto_action": "0",
        "colors": "0",
        "cross_reference_table": "1",
        "embedded_files": "0",
        "file_size": "139",
        "java_script": "0",
        "js": "0",
        "launch_action": "0",
        "object_end": "48",
        "object_start": "48",
        "object_streams": "0",
        "open_action": "1",
        "page_count": "3",
        "rich_media": "0",
        "start_cross_reference_table": "1",
        "stream_end": "11",
        "stream_start": "11",
        "trailer_dictionary": "1"
    },
    "yara_signatures": [
        "without_attachments",
        "without_images",
        "with_urls",
        "contentis_base64",
        "Big_Numbers1"
    ]
}