{
    "exif_signatures": {},
    "file_size": 45149,
    "pdfid_signatures": {},
    "pypdf_uris": [
        "https://netcdn.online/app/431946152/roblox-fun-robux-game-hack",
        "https://netcdn.online/app/431946152/roblox-fun-robux-game-hack",
        "https://digilib-bing.stkip-pgri-sumbar.ac.id/repository/free-24-7-minecraft-server_GM479516143.pdf",
        "https://digilib-bing.stkip-pgri-sumbar.ac.id/repository/my-robux_GM431946152.pdf",
        "https://digilib-bing.stkip-pgri-sumbar.ac.id/repository/coin-master-mod-apk-latest-hack-with-unlimited-free-spins_GM406889139.pdf",
        "https://digilib-bing.stkip-pgri-sumbar.ac.id/repository/pubg-uc-at-cheap-price_GM1330123889.pdf",
        "https://digilib-bing.stkip-pgri-sumbar.ac.id/repository/how-to-get-1-million-robux-for-free-2021_GM431946152.pdf",
        "https://digilib-bing.stkip-pgri-sumbar.ac.id/repository/play-full-version-of-minecraft-for-free-no-download_GM479516143.pdf",
        "https://digilib-bing.stkip-pgri-sumbar.ac.id/repository/coin-master-hack-version-2021_GM406889139.pdf",
        "https://digilib-bing.stkip-pgri-sumbar.ac.id/repository/free-robux-no-verification-no-download_GM431946152.pdf",
        "https://digilib-bing.stkip-pgri-sumbar.ac.id/repository/roblox-executor-free-download_GM431946152.pdf",
        "https://digilib-bing.stkip-pgri-sumbar.ac.id/repository/free-2021-robux_GM431946152.pdf",
        "https://digilib-bing.stkip-pgri-sumbar.ac.id/repository/how-to-earn-robux-for-free-2021_GM431946152.pdf",
        "https://digilib-bing.stkip-pgri-sumbar.ac.id/repository/how-to-hack-roblox-2021_GM431946152.pdf",
        "https://digilib-bing.stkip-pgri-sumbar.ac.id/repository/is-it-possible-to-get-free-robux_GM431946152.pdf",
        "https://digilib-bing.stkip-pgri-sumbar.ac.id/repository/free-spins-for-coin-master-2021_GM406889139.pdf",
        "https://digilib-bing.stkip-pgri-sumbar.ac.id/repository/robux-2021_GM431946152.pdf",
        "https://digilib-bing.stkip-pgri-sumbar.ac.id/repository/free-spins-in-coin-master-without-human-verification_GM406889139.pdf",
        "https://digilib-bing.stkip-pgri-sumbar.ac.id/repository/free-spins-for-coin-master-2021_GM406889139.pdf",
        "https://digilib-bing.stkip-pgri-sumbar.ac.id/repository/roblox-promo-codes-for-free-robux_GM431946152.pdf",
        "https://digilib-bing.stkip-pgri-sumbar.ac.id/repository/coinmaster-blogspot_GM406889139.pdf",
        "https://digilib-bing.stkip-pgri-sumbar.ac.id/repository/free-robux-codes-no-verification-2021_GM431946152.pdf"
    ],
    "regex_uris": [
        "https://netcdn.online/app/431946152/roblox-fun-robux-game-hack",
        "https://netcdn.online/app/431946152/roblox-fun-robux-game-hack",
        "https://digilib-bing.stkip-pgri-sumbar.ac.id/repository/free-24-7-minecraft-server_GM479516143.pdf",
        "https://digilib-bing.stkip-pgri-sumbar.ac.id/repository/my-robux_GM431946152.pdf",
        "https://digilib-bing.stkip-pgri-sumbar.ac.id/repository/coin-master-mod-apk-latest-hack-with-unlimited-free-spins_GM406889139.pdf",
        "https://digilib-bing.stkip-pgri-sumbar.ac.id/repository/pubg-uc-at-cheap-price_GM1330123889.pdf",
        "https://digilib-bing.stkip-pgri-sumbar.ac.id/repository/how-to-get-1-million-robux-for-free-2021_GM431946152.pdf",
        "https://digilib-bing.stkip-pgri-sumbar.ac.id/repository/play-full-version-of-minecraft-for-free-no-download_GM479516143.pdf",
        "https://digilib-bing.stkip-pgri-sumbar.ac.id/repository/coin-master-hack-version-2021_GM406889139.pdf",
        "https://digilib-bing.stkip-pgri-sumbar.ac.id/repository/free-robux-no-verification-no-download_GM431946152.pdf",
        "https://digilib-bing.stkip-pgri-sumbar.ac.id/repository/roblox-executor-free-download_GM431946152.pdf",
        "https://digilib-bing.stkip-pgri-sumbar.ac.id/repository/free-2021-robux_GM431946152.pdf",
        "https://digilib-bing.stkip-pgri-sumbar.ac.id/repository/how-to-earn-robux-for-free-2021_GM431946152.pdf",
        "https://digilib-bing.stkip-pgri-sumbar.ac.id/repository/how-to-hack-roblox-2021_GM431946152.pdf",
        "https://digilib-bing.stkip-pgri-sumbar.ac.id/repository/is-it-possible-to-get-free-robux_GM431946152.pdf",
        "https://digilib-bing.stkip-pgri-sumbar.ac.id/repository/free-spins-for-coin-master-2021_GM406889139.pdf",
        "https://digilib-bing.stkip-pgri-sumbar.ac.id/repository/robux-2021_GM431946152.pdf",
        "https://digilib-bing.stkip-pgri-sumbar.ac.id/repository/free-spins-in-coin-master-without-human-verification_GM406889139.pdf",
        "https://digilib-bing.stkip-pgri-sumbar.ac.id/repository/free-spins-for-coin-master-2021_GM406889139.pdf",
        "https://digilib-bing.stkip-pgri-sumbar.ac.id/repository/roblox-promo-codes-for-free-robux_GM431946152.pdf",
        "https://digilib-bing.stkip-pgri-sumbar.ac.id/repository/coinmaster-blogspot_GM406889139.pdf",
        "https://digilib-bing.stkip-pgri-sumbar.ac.id/repository/free-robux-codes-no-verification-2021_GM431946152.pdf"
    ],
    "regex_urls": [
        "https",
        "https",
        "https",
        "https",
        "https",
        "https",
        "https",
        "https",
        "https",
        "https",
        "https",
        "https",
        "https",
        "https",
        "https",
        "https",
        "https",
        "https",
        "https",
        "https",
        "https",
        "https"
    ],
    "scripts": {
        "iframe": [],
        "urls": []
    },
    "static_properties": {
        "JBIG2Decode": "0",
        "XML_forms": "0",
        "acro_form": "0",
        "auto_action": "0",
        "colors": "0",
        "cross_reference_table": "1",
        "embedded_files": "0",
        "file_size": "45",
        "java_script": "0",
        "js": "0",
        "launch_action": "0",
        "object_end": "65",
        "object_start": "65",
        "object_streams": "0",
        "open_action": "0",
        "page_count": "4",
        "rich_media": "0",
        "start_cross_reference_table": "1",
        "stream_end": "8",
        "stream_start": "8",
        "trailer_dictionary": "1"
    },
    "yara_signatures": [
        "without_attachments",
        "without_images",
        "with_urls",
        "invalid_trailer_structure",
        "contentis_base64"
    ]
}