{
    "exif_signatures": {},
    "file_size": 103734,
    "pdfid_signatures": {},
    "pypdf_uris": [
        "http://getpdf.pw/book?res=123&isbn=9781633450394&kwd=Yayoi%20Kusama:%20From%20Here%20to%20Infinity",
        "http://getpdf.pw/book?res=123&isbn=9781633450394&kwd=Yayoi%20Kusama:%20From%20Here%20to%20Infinity",
        "https://static.s123-cdn-static-c.com/uploads/4660487/normal_61afac38b4b75.pdf",
        "https://uploads.strikinglycdn.com/files/24bb64ef-f214-4168-965a-6361a96a877a/reduce-change-to-increase-improvement-354.pdf"
    ],
    "regex_uris": [
        "http://getpdf.pw/book?res=123&isbn=9781633450394&kwd=Yayoi%20Kusama:%20From%20Here%20to%20Infinity",
        "http://getpdf.pw/book?res=123&isbn=9781633450394&kwd=Yayoi%20Kusama:%20From%20Here%20to%20Infinity",
        "https://static.s123-cdn-static-c.com/uploads/4660487/normal_61afac38b4b75.pdf",
        "https://uploads.strikinglycdn.com/files/24bb64ef-f214-4168-965a-6361a96a877a/reduce-change-to-increase-improvement-354.pdf"
    ],
    "regex_urls": [
        "http://getpdf.pw/book?res=123",
        "http://getpdf.pw/book?res=123",
        "https",
        "https"
    ],
    "scripts": {
        "iframe": [],
        "urls": []
    },
    "static_properties": {
        "JBIG2Decode": "0",
        "XML_forms": "0",
        "acro_form": "0",
        "auto_action": "0",
        "colors": "0",
        "cross_reference_table": "1",
        "embedded_files": "0",
        "file_size": "104",
        "java_script": "0",
        "js": "0",
        "launch_action": "0",
        "object_end": "69",
        "object_start": "69",
        "object_streams": "0",
        "open_action": "0",
        "page_count": "6",
        "rich_media": "0",
        "start_cross_reference_table": "1",
        "stream_end": "13",
        "stream_start": "13",
        "trailer_dictionary": "1"
    },
    "yara_signatures": [
        "without_attachments",
        "without_images",
        "with_urls",
        "invalid_trailer_structure",
        "contentis_base64"
    ]
}