{
    "exif_signatures": {},
    "file_size": 183130,
    "pdfid_signatures": {},
    "pypdf_uris": [
        "https://podar.co.za/XSRYdR1H?utm_term=breast+cancer+ppt+template+free",
        "http://ciudadaniadesdeelaula.com/kcfinder/upload/files/17915841142.pdf",
        "http://wmasgroup.com/userfiles/file/nafisexit.pdf",
        "https://sosuwijanifoval.weebly.com/uploads/1/3/4/5/134515130/padinivafupi-zelimade-nebonobazip-rogujesukasej.pdf",
        "https://kokujefep.weebly.com/uploads/1/3/1/4/131409677/bad5129cdb02.pdf",
        "https://zimagunuraxi.weebly.com/uploads/1/4/1/3/141370592/xonob.pdf",
        "https://puxipevabama.weebly.com/uploads/1/3/4/3/134308905/xugoxa.pdf",
        "https://tavimitujovij.weebly.com/uploads/1/3/0/9/130969957/xabemavofaxareke.pdf",
        "http://thailaundry.com/imgUpload/files/28508676279.pdf",
        "http://journalofcritique.com/ckdosyalari/upload/files/danuzafi.pdf",
        "https://tisivuvuzudopur.weebly.com/uploads/1/3/0/7/130738638/zokufezuwezevik.pdf",
        "http://kazbani.ru/kcfinder/upload/files/91719116996.pdf",
        "https://access-etoile.edecision.fr/userfiles/file/10433458627.pdf",
        "http://reclaimsplus.com/wp-content/plugins/super-forms/uploads/php/files/7c68e4e4390d7c57c426c42e8bf4f957/74853360606.pdf",
        "http://rungruangsteel.com/public/upload/userfiles/files/26351197344.pdf",
        "https://fixitakori.weebly.com/uploads/1/4/1/3/141364726/xakevepiluxev_pavupuj_wenofonezaf.pdf",
        "http://nfc.soo.jp/file/luxawuvubiwi.pdf",
        "https://edu-mate.kr/_UploadFile/Images/file/zufatuzuxuw.pdf",
        "https://noderewowiful.weebly.com/uploads/1/3/4/5/134596184/kewaderovid.pdf",
        "https://kuludiliwalu.weebly.com/uploads/1/3/4/4/134484861/8960465.pdf",
        "https://morupataniseb.weebly.com/uploads/1/3/4/5/134502176/cb1707df.pdf",
        "http://studiomuraca.eu/userfiles/files/pudabi.pdf",
        "https://zolowokixo.weebly.com/uploads/1/3/0/7/130738875/7436634.pdf",
        "http://ekonopuntos.com/campannas/file/73149926969.pdf",
        "https://varozowixofifop.weebly.com/uploads/1/3/0/8/130814066/xasejotododasapasali.pdf",
        "https://wasael.com/userfiles/file/19743316641.pdf",
        "https://pegepefip.weebly.com/uploads/1/3/4/4/134455730/xozuruf.pdf",
        "https://bimstudioinc.com/media/files/tolenegepo.pdf",
        "https://ricoturf.fr/admin/ckeditor/kcfinder/upload/files/6776169467.pdf",
        "https://mipukijomov.weebly.com/uploads/1/3/4/7/134768852/9301044.pdf",
        "https://vavaxumepanev.weebly.com/uploads/1/3/6/0/136097425/de6c8.pdf",
        "http://blfimmobiliare.com/userfiles/files/bezubizipusavolil.pdf",
        "https://www.brunosistemi.com/wp-content/plugins/formcraft/file-upload/server/content/files/1623bc2a209463---60945217283.pdf",
        "https://wulafuxuzezam.weebly.com/uploads/1/3/2/3/132302924/1469673.pdf",
        "https://woperuxotuxolo.weebly.com/uploads/1/3/4/8/134849923/fokiwun.pdf",
        "http://sinice-rasy.cz/files/file/59007240433.pdf",
        "http://studioferrato.it/userfiles/files/junoj.pdf",
        "http://tamlaproject.com/userData/board/file/bulage.pdf",
        "https://janogawe.weebly.com/uploads/1/3/0/7/130776821/biboko_pefanalununufad.pdf",
        "https://luzusuzure.weebly.com/uploads/1/3/0/7/130775685/nufomopenopujobufum.pdf"
    ],
    "regex_uris": [
        "https://podar.co.za/XSRYdR1H?utm_term=breast+cancer+ppt+template+free",
        "http://ciudadaniadesdeelaula.com/kcfinder/upload/files/17915841142.pdf",
        "http://wmasgroup.com/userfiles/file/nafisexit.pdf",
        "https://sosuwijanifoval.weebly.com/uploads/1/3/4/5/134515130/padinivafupi-zelimade-nebonobazip-rogujesukasej.pdf",
        "https://kokujefep.weebly.com/uploads/1/3/1/4/131409677/bad5129cdb02.pdf",
        "https://zimagunuraxi.weebly.com/uploads/1/4/1/3/141370592/xonob.pdf",
        "https://puxipevabama.weebly.com/uploads/1/3/4/3/134308905/xugoxa.pdf",
        "https://tavimitujovij.weebly.com/uploads/1/3/0/9/130969957/xabemavofaxareke.pdf",
        "http://thailaundry.com/imgUpload/files/28508676279.pdf",
        "http://journalofcritique.com/ckdosyalari/upload/files/danuzafi.pdf",
        "https://tisivuvuzudopur.weebly.com/uploads/1/3/0/7/130738638/zokufezuwezevik.pdf",
        "http://kazbani.ru/kcfinder/upload/files/91719116996.pdf",
        "https://access-etoile.edecision.fr/userfiles/file/10433458627.pdf",
        "http://reclaimsplus.com/wp-content/plugins/super-forms/uploads/php/files/7c68e4e4390d7c57c426c42e8bf4f957/74853360606.pdf",
        "http://rungruangsteel.com/public/upload/userfiles/files/26351197344.pdf",
        "https://fixitakori.weebly.com/uploads/1/4/1/3/141364726/xakevepiluxev_pavupuj_wenofonezaf.pdf",
        "http://nfc.soo.jp/file/luxawuvubiwi.pdf",
        "https://edu-mate.kr/_UploadFile/Images/file/zufatuzuxuw.pdf",
        "https://noderewowiful.weebly.com/uploads/1/3/4/5/134596184/kewaderovid.pdf",
        "https://kuludiliwalu.weebly.com/uploads/1/3/4/4/134484861/8960465.pdf",
        "https://morupataniseb.weebly.com/uploads/1/3/4/5/134502176/cb1707df.pdf",
        "http://studiomuraca.eu/userfiles/files/pudabi.pdf",
        "https://zolowokixo.weebly.com/uploads/1/3/0/7/130738875/7436634.pdf",
        "http://ekonopuntos.com/campannas/file/73149926969.pdf",
        "https://varozowixofifop.weebly.com/uploads/1/3/0/8/130814066/xasejotododasapasali.pdf",
        "https://wasael.com/userfiles/file/19743316641.pdf",
        "https://pegepefip.weebly.com/uploads/1/3/4/4/134455730/xozuruf.pdf",
        "https://bimstudioinc.com/media/files/tolenegepo.pdf",
        "https://ricoturf.fr/admin/ckeditor/kcfinder/upload/files/6776169467.pdf",
        "https://mipukijomov.weebly.com/uploads/1/3/4/7/134768852/9301044.pdf",
        "https://vavaxumepanev.weebly.com/uploads/1/3/6/0/136097425/de6c8.pdf",
        "http://blfimmobiliare.com/userfiles/files/bezubizipusavolil.pdf",
        "https://www.brunosistemi.com/wp-content/plugins/formcraft/file-upload/server/content/files/1623bc2a209463---60945217283.pdf",
        "https://wulafuxuzezam.weebly.com/uploads/1/3/2/3/132302924/1469673.pdf",
        "https://woperuxotuxolo.weebly.com/uploads/1/3/4/8/134849923/fokiwun.pdf",
        "http://sinice-rasy.cz/files/file/59007240433.pdf",
        "http://studioferrato.it/userfiles/files/junoj.pdf",
        "http://tamlaproject.com/userData/board/file/bulage.pdf",
        "https://janogawe.weebly.com/uploads/1/3/0/7/130776821/biboko_pefanalununufad.pdf",
        "https://luzusuzure.weebly.com/uploads/1/3/0/7/130775685/nufomopenopujobufum.pdf"
    ],
    "regex_urls": [
        "https",
        "http://ciudadaniadesdeelaula.com/kcfinder/upload/files/17915841142.pdf",
        "http://wmasgroup.com/userfiles/file/nafisexit.pdf",
        "https",
        "https",
        "https",
        "https",
        "https",
        "http://thailaundry.com/imgUpload/files/28508676279.pdf",
        "http://journalofcritique.com/ckdosyalari/upload/files/danuzafi.pdf",
        "https",
        "http://kazbani.ru/kcfinder/upload/files/91719116996.pdf",
        "https",
        "http://reclaimsplus.com/wp-content/plugins/super-forms/uploads/php/files/7c68e4e4390d7c57c426c42e8bf4f957/74853360606.pdf",
        "http://rungruangsteel.com/public/upload/userfiles/files/26351197344.pdf",
        "https",
        "http://nfc.soo.jp/file/luxawuvubiwi.pdf",
        "https",
        "https",
        "https",
        "https",
        "http://studiomuraca.eu/userfiles/files/pudabi.pdf",
        "https",
        "http://ekonopuntos.com/campannas/file/73149926969.pdf",
        "https",
        "https",
        "https",
        "https",
        "https",
        "https",
        "https",
        "http://blfimmobiliare.com/userfiles/files/bezubizipusavolil.pdf",
        "https",
        "www.brunosistemi.com/wp-content/plugins/formcraft/file-upload/server/content/files/1623bc2a209463---60945217283.pdf",
        "https",
        "https",
        "http://sinice-rasy.cz/files/file/59007240433.pdf",
        "http://studioferrato.it/userfiles/files/junoj.pdf",
        "http://tamlaproject.com/userData/board/file/bulage.pdf",
        "https",
        "https",
        "http://www.w3.org/1999/02/22-rdf-syntax-ns#",
        "http://purl.org/dc/elements/1.1/",
        "http://ns.adobe.com/pdf/1.3/",
        "http://ns.adobe.com/xap/1.0/",
        "http://ns.adobe.com/xap/1.0/mm/",
        "http://ns.adobe.com/xap/1.0/rights/"
    ],
    "scripts": {
        "iframe": [],
        "urls": []
    },
    "static_properties": {
        "JBIG2Decode": "0",
        "XML_forms": "0",
        "acro_form": "0",
        "auto_action": "0",
        "colors": "0",
        "cross_reference_table": "2",
        "embedded_files": "0",
        "file_size": "183",
        "java_script": "0",
        "js": "0",
        "launch_action": "0",
        "object_end": "96",
        "object_start": "96",
        "object_streams": "0",
        "open_action": "0",
        "page_count": "3",
        "rich_media": "0",
        "start_cross_reference_table": "2",
        "stream_end": "19",
        "stream_start": "19",
        "trailer_dictionary": "2"
    },
    "yara_signatures": [
        "without_attachments",
        "without_images",
        "with_urls",
        "invalid_trailer_structure",
        "multiple_versions",
        "contentis_base64",
        "Big_Numbers1"
    ]
}