{
    "exif_signatures": {},
    "file_size": 46851,
    "pdfid_signatures": {},
    "pypdf_uris": [
        "https://netcdn.tw/app/431946152/how-to-get-catalog-items-for-free-in-roblox-game-hack",
        "https://netcdn.tw/app/431946152/how-to-get-catalog-items-for-free-in-roblox-game-hack",
        "https://elearning.manposo.sch.id/__statics/gudangsoal/files/install-free-game-coin-master_GM406889139.pdf",
        "https://elearning.manposo.sch.id/__statics/gudangsoal/files/how-to-get-robux-for-free-2021_GM431946152.pdf",
        "https://elearning.manposo.sch.id/__statics/gudangsoal/files/how-to-get-free-premium-roblox_GM431946152.pdf",
        "https://elearning.manposo.sch.id/__statics/gudangsoal/files/free-roblox-dominus_GM431946152.pdf",
        "https://elearning.manposo.sch.id/__statics/gudangsoal/files/how-to-get-free-robux-easy-2021_GM431946152.pdf",
        "https://elearning.manposo.sch.id/__statics/gudangsoal/files/free-roblox-intros_GM431946152.pdf",
        "https://elearning.manposo.sch.id/__statics/gudangsoal/files/free-spins-coin-master-2021-hack_GM406889139.pdf",
        "https://elearning.manposo.sch.id/__statics/gudangsoal/files/free-roblox-girl-clothes_GM431946152.pdf",
        "https://elearning.manposo.sch.id/__statics/gudangsoal/files/how-to-get-minecraft-realms-for-free_GM479516143.pdf",
        "https://elearning.manposo.sch.id/__statics/gudangsoal/files/how-do-you-get-free-roblox_GM431946152.pdf",
        "https://elearning.manposo.sch.id/__statics/gudangsoal/files/roblox-com-free-play_GM431946152.pdf",
        "https://elearning.manposo.sch.id/__statics/gudangsoal/files/how-to-get-minecraft-windows-10-edition-for-free_GM479516143.pdf",
        "https://elearning.manposo.sch.id/__statics/gudangsoal/files/free-robux-with-no-human-verification_GM431946152.pdf",
        "https://elearning.manposo.sch.id/__statics/gudangsoal/files/tiktok-free-coins-apk_GM835599320.pdf",
        "https://elearning.manposo.sch.id/__statics/gudangsoal/files/make-your-own-minecraft-server-free_GM479516143.pdf",
        "https://elearning.manposo.sch.id/__statics/gudangsoal/files/free-spin-coin-master-2021_GM406889139.pdf",
        "https://elearning.manposo.sch.id/__statics/gudangsoal/files/free-robux-gift-card-generator_GM431946152.pdf",
        "https://elearning.manposo.sch.id/__statics/gudangsoal/files/games-in-roblox-that-give-you-robux_GM431946152.pdf",
        "https://elearning.manposo.sch.id/__statics/gudangsoal/files/how-to-put-shirts-for-free-on-roblox_GM431946152.pdf",
        "https://elearning.manposo.sch.id/__statics/gudangsoal/files/toolbox-for-mcpe_GM479516143.pdf"
    ],
    "regex_uris": [
        "https://netcdn.tw/app/431946152/how-to-get-catalog-items-for-free-in-roblox-game-hack",
        "https://netcdn.tw/app/431946152/how-to-get-catalog-items-for-free-in-roblox-game-hack",
        "https://elearning.manposo.sch.id/__statics/gudangsoal/files/install-free-game-coin-master_GM406889139.pdf",
        "https://elearning.manposo.sch.id/__statics/gudangsoal/files/how-to-get-robux-for-free-2021_GM431946152.pdf",
        "https://elearning.manposo.sch.id/__statics/gudangsoal/files/how-to-get-free-premium-roblox_GM431946152.pdf",
        "https://elearning.manposo.sch.id/__statics/gudangsoal/files/free-roblox-dominus_GM431946152.pdf",
        "https://elearning.manposo.sch.id/__statics/gudangsoal/files/how-to-get-free-robux-easy-2021_GM431946152.pdf",
        "https://elearning.manposo.sch.id/__statics/gudangsoal/files/free-roblox-intros_GM431946152.pdf",
        "https://elearning.manposo.sch.id/__statics/gudangsoal/files/free-spins-coin-master-2021-hack_GM406889139.pdf",
        "https://elearning.manposo.sch.id/__statics/gudangsoal/files/free-roblox-girl-clothes_GM431946152.pdf",
        "https://elearning.manposo.sch.id/__statics/gudangsoal/files/how-to-get-minecraft-realms-for-free_GM479516143.pdf",
        "https://elearning.manposo.sch.id/__statics/gudangsoal/files/how-do-you-get-free-roblox_GM431946152.pdf",
        "https://elearning.manposo.sch.id/__statics/gudangsoal/files/roblox-com-free-play_GM431946152.pdf",
        "https://elearning.manposo.sch.id/__statics/gudangsoal/files/how-to-get-minecraft-windows-10-edition-for-free_GM479516143.pdf",
        "https://elearning.manposo.sch.id/__statics/gudangsoal/files/free-robux-with-no-human-verification_GM431946152.pdf",
        "https://elearning.manposo.sch.id/__statics/gudangsoal/files/tiktok-free-coins-apk_GM835599320.pdf",
        "https://elearning.manposo.sch.id/__statics/gudangsoal/files/make-your-own-minecraft-server-free_GM479516143.pdf",
        "https://elearning.manposo.sch.id/__statics/gudangsoal/files/free-spin-coin-master-2021_GM406889139.pdf",
        "https://elearning.manposo.sch.id/__statics/gudangsoal/files/free-robux-gift-card-generator_GM431946152.pdf",
        "https://elearning.manposo.sch.id/__statics/gudangsoal/files/games-in-roblox-that-give-you-robux_GM431946152.pdf",
        "https://elearning.manposo.sch.id/__statics/gudangsoal/files/how-to-put-shirts-for-free-on-roblox_GM431946152.pdf",
        "https://elearning.manposo.sch.id/__statics/gudangsoal/files/toolbox-for-mcpe_GM479516143.pdf"
    ],
    "regex_urls": [
        "https",
        "https",
        "https",
        "https",
        "https",
        "https",
        "https",
        "https",
        "https",
        "https",
        "https",
        "https",
        "https",
        "https",
        "https",
        "https",
        "https",
        "https",
        "https",
        "https",
        "https",
        "https"
    ],
    "scripts": {
        "iframe": [],
        "urls": []
    },
    "static_properties": {
        "JBIG2Decode": "0",
        "XML_forms": "0",
        "acro_form": "0",
        "auto_action": "0",
        "colors": "0",
        "cross_reference_table": "1",
        "embedded_files": "0",
        "file_size": "47",
        "java_script": "0",
        "js": "0",
        "launch_action": "0",
        "object_end": "65",
        "object_start": "65",
        "object_streams": "0",
        "open_action": "0",
        "page_count": "4",
        "rich_media": "0",
        "start_cross_reference_table": "1",
        "stream_end": "8",
        "stream_start": "8",
        "trailer_dictionary": "1"
    },
    "yara_signatures": [
        "without_attachments",
        "without_images",
        "with_urls",
        "invalid_trailer_structure",
        "contentis_base64"
    ]
}