{
    "exif_signatures": {},
    "file_size": 37822,
    "pdfid_signatures": {},
    "pypdf_uris": [
        "http://netcdn.co/app/431946152/how-to-get-robux-back-if-i-was-hacked-2021-game-hack",
        "http://netcdn.co/app/431946152/how-to-get-robux-back-if-i-was-hacked-2021-game-hack",
        "https://elearning.man1tuban.sch.id/__statics/gudangsoal/files/how-to-get-free-robux-no-verification_GM431946152.pdf",
        "https://elearning.man1tuban.sch.id/__statics/gudangsoal/files/how-to-make-cheats-for-roblox-in-visual-studio_GM431946152.pdf",
        "https://elearning.man1tuban.sch.id/__statics/gudangsoal/files/free-spins-coins-coin-master_GM406889139.pdf",
        "https://elearning.man1tuban.sch.id/__statics/gudangsoal/files/robux-hack-patch_GM431946152.pdf",
        "https://elearning.man1tuban.sch.id/__statics/gudangsoal/files/best-free-roblox-level-7-full-lua-eecutor-august-2021_GM431946152.pdf",
        "https://elearning.man1tuban.sch.id/__statics/gudangsoal/files/free-roblox-shirt-file_GM431946152.pdf",
        "https://elearning.man1tuban.sch.id/__statics/gudangsoal/files/free-robux-pastebin-console_GM431946152.pdf",
        "https://elearning.man1tuban.sch.id/__statics/gudangsoal/files/free-roblox-for-6-year-old_GM431946152.pdf",
        "https://elearning.man1tuban.sch.id/__statics/gudangsoal/files/minecraft-on-computer-free_GM479516143.pdf",
        "https://elearning.man1tuban.sch.id/__statics/gudangsoal/files/how-to-make-free-roblox-bloxburg_GM431946152.pdf",
        "https://elearning.man1tuban.sch.id/__statics/gudangsoal/files/roblox-money-script-hack_GM431946152.pdf",
        "https://elearning.man1tuban.sch.id/__statics/gudangsoal/files/how-to-get-minecraft-windows-10-edition-for-free_GM479516143.pdf",
        "https://elearning.man1tuban.sch.id/__statics/gudangsoal/files/free-robux-codes-no-survey-or-human-verification_GM431946152.pdf",
        "https://elearning.man1tuban.sch.id/__statics/gudangsoal/files/minecraft-pe-free-download_GM479516143.pdf",
        "https://elearning.man1tuban.sch.id/__statics/gudangsoal/files/free-roblox-hack-no-virus_GM431946152.pdf",
        "https://elearning.man1tuban.sch.id/__statics/gudangsoal/files/roblox-pokemon-bronze-brick-cheats_GM431946152.pdf",
        "https://elearning.man1tuban.sch.id/__statics/gudangsoal/files/free-robux-without-human-verification-real_GM431946152.pdf",
        "https://elearning.man1tuban.sch.id/__statics/gudangsoal/files/roblox-the-conquerors-3-hack-2021_GM431946152.pdf",
        "https://elearning.man1tuban.sch.id/__statics/gudangsoal/files/minecraft-online-free-download_GM479516143.pdf",
        "https://elearning.man1tuban.sch.id/__statics/gudangsoal/files/how-to-hack-a-roblox-account-with-cheat-engine_GM431946152.pdf"
    ],
    "regex_uris": [
        "http://netcdn.co/app/431946152/how-to-get-robux-back-if-i-was-hacked-2021-game-hack",
        "http://netcdn.co/app/431946152/how-to-get-robux-back-if-i-was-hacked-2021-game-hack",
        "https://elearning.man1tuban.sch.id/__statics/gudangsoal/files/how-to-get-free-robux-no-verification_GM431946152.pdf",
        "https://elearning.man1tuban.sch.id/__statics/gudangsoal/files/how-to-make-cheats-for-roblox-in-visual-studio_GM431946152.pdf",
        "https://elearning.man1tuban.sch.id/__statics/gudangsoal/files/free-spins-coins-coin-master_GM406889139.pdf",
        "https://elearning.man1tuban.sch.id/__statics/gudangsoal/files/robux-hack-patch_GM431946152.pdf",
        "https://elearning.man1tuban.sch.id/__statics/gudangsoal/files/best-free-roblox-level-7-full-lua-eecutor-august-2021_GM431946152.pdf",
        "https://elearning.man1tuban.sch.id/__statics/gudangsoal/files/free-roblox-shirt-file_GM431946152.pdf",
        "https://elearning.man1tuban.sch.id/__statics/gudangsoal/files/free-robux-pastebin-console_GM431946152.pdf",
        "https://elearning.man1tuban.sch.id/__statics/gudangsoal/files/free-roblox-for-6-year-old_GM431946152.pdf",
        "https://elearning.man1tuban.sch.id/__statics/gudangsoal/files/minecraft-on-computer-free_GM479516143.pdf",
        "https://elearning.man1tuban.sch.id/__statics/gudangsoal/files/how-to-make-free-roblox-bloxburg_GM431946152.pdf",
        "https://elearning.man1tuban.sch.id/__statics/gudangsoal/files/roblox-money-script-hack_GM431946152.pdf",
        "https://elearning.man1tuban.sch.id/__statics/gudangsoal/files/how-to-get-minecraft-windows-10-edition-for-free_GM479516143.pdf",
        "https://elearning.man1tuban.sch.id/__statics/gudangsoal/files/free-robux-codes-no-survey-or-human-verification_GM431946152.pdf",
        "https://elearning.man1tuban.sch.id/__statics/gudangsoal/files/minecraft-pe-free-download_GM479516143.pdf",
        "https://elearning.man1tuban.sch.id/__statics/gudangsoal/files/free-roblox-hack-no-virus_GM431946152.pdf",
        "https://elearning.man1tuban.sch.id/__statics/gudangsoal/files/roblox-pokemon-bronze-brick-cheats_GM431946152.pdf",
        "https://elearning.man1tuban.sch.id/__statics/gudangsoal/files/free-robux-without-human-verification-real_GM431946152.pdf",
        "https://elearning.man1tuban.sch.id/__statics/gudangsoal/files/roblox-the-conquerors-3-hack-2021_GM431946152.pdf",
        "https://elearning.man1tuban.sch.id/__statics/gudangsoal/files/minecraft-online-free-download_GM479516143.pdf",
        "https://elearning.man1tuban.sch.id/__statics/gudangsoal/files/how-to-hack-a-roblox-account-with-cheat-engine_GM431946152.pdf"
    ],
    "regex_urls": [
        "http://netcdn.co/app/431946152/how-to-get-robux-back-if-i-was-hacked-2021-game-hack",
        "http://netcdn.co/app/431946152/how-to-get-robux-back-if-i-was-hacked-2021-game-hack",
        "https",
        "https",
        "https",
        "https",
        "https",
        "https",
        "https",
        "https",
        "https",
        "https",
        "https",
        "https",
        "https",
        "https",
        "https",
        "https",
        "https",
        "https",
        "https",
        "https"
    ],
    "scripts": {
        "iframe": [],
        "urls": []
    },
    "static_properties": {
        "JBIG2Decode": "0",
        "XML_forms": "0",
        "acro_form": "0",
        "auto_action": "0",
        "colors": "0",
        "cross_reference_table": "1",
        "embedded_files": "0",
        "file_size": "38",
        "java_script": "0",
        "js": "0",
        "launch_action": "0",
        "object_end": "55",
        "object_start": "55",
        "object_streams": "0",
        "open_action": "0",
        "page_count": "2",
        "rich_media": "0",
        "start_cross_reference_table": "1",
        "stream_end": "6",
        "stream_start": "6",
        "trailer_dictionary": "1"
    },
    "yara_signatures": [
        "without_attachments",
        "without_images",
        "with_urls",
        "invalid_trailer_structure",
        "contentis_base64"
    ]
}