{
    "exif_signatures": {},
    "file_size": 37035,
    "pdfid_signatures": {},
    "pypdf_uris": [
        "http://netcdn.co/app/431946152/roblox-free-robux-enter-password-game-hack",
        "http://netcdn.co/app/431946152/roblox-free-robux-enter-password-game-hack",
        "https://pn-tapaktuan.go.id/pustaka/repository/free-robux-generator_GM431946152.pdf",
        "https://pn-tapaktuan.go.id/pustaka/repository/free-robux-offers_GM431946152.pdf",
        "https://pn-tapaktuan.go.id/pustaka/repository/claim-free-spins-coin-master_GM406889139.pdf",
        "https://pn-tapaktuan.go.id/pustaka/repository/coin-master-free-spins-2021_GM406889139.pdf",
        "https://pn-tapaktuan.go.id/pustaka/repository/minecraft-server-hacks_GM479516143.pdf",
        "https://pn-tapaktuan.go.id/pustaka/repository/free-spins-coin-master-links-blogger_GM406889139.pdf",
        "https://pn-tapaktuan.go.id/pustaka/repository/how-to-speed-hack-on-roblox-2021_GM431946152.pdf",
        "https://pn-tapaktuan.go.id/pustaka/repository/how-to-get-free-robux-2021-without-builders-club_GM431946152.pdf",
        "https://pn-tapaktuan.go.id/pustaka/repository/slurp-roblox-hack-2021_GM431946152.pdf",
        "https://pn-tapaktuan.go.id/pustaka/repository/temple-free-roblox_GM431946152.pdf",
        "https://pn-tapaktuan.go.id/pustaka/repository/level-6-hack-roblox_GM431946152.pdf",
        "https://pn-tapaktuan.go.id/pustaka/repository/roblox-hack-2021_GM431946152.pdf",
        "https://pn-tapaktuan.go.id/pustaka/repository/script-hack-roblox-ro-ghoul_GM431946152.pdf",
        "https://pn-tapaktuan.go.id/pustaka/repository/coin-master-free-spins-link-download-for-iphone_GM406889139.pdf",
        "https://pn-tapaktuan.go.id/pustaka/repository/roblox-bloxburg-hack-script_GM431946152.pdf",
        "https://pn-tapaktuan.go.id/pustaka/repository/free-free-robux_GM431946152.pdf",
        "https://pn-tapaktuan.go.id/pustaka/repository/gameoffice-net-hack-coin-master_GM406889139.pdf",
        "https://pn-tapaktuan.go.id/pustaka/repository/free-robux-generator-for-xbox-one_GM431946152.pdf",
        "https://pn-tapaktuan.go.id/pustaka/repository/hacker-wed-robux_GM431946152.pdf",
        "https://pn-tapaktuan.go.id/pustaka/repository/minecraft-free-games-no-download_GM479516143.pdf"
    ],
    "regex_uris": [
        "http://netcdn.co/app/431946152/roblox-free-robux-enter-password-game-hack",
        "http://netcdn.co/app/431946152/roblox-free-robux-enter-password-game-hack",
        "https://pn-tapaktuan.go.id/pustaka/repository/free-robux-generator_GM431946152.pdf",
        "https://pn-tapaktuan.go.id/pustaka/repository/free-robux-offers_GM431946152.pdf",
        "https://pn-tapaktuan.go.id/pustaka/repository/claim-free-spins-coin-master_GM406889139.pdf",
        "https://pn-tapaktuan.go.id/pustaka/repository/coin-master-free-spins-2021_GM406889139.pdf",
        "https://pn-tapaktuan.go.id/pustaka/repository/minecraft-server-hacks_GM479516143.pdf",
        "https://pn-tapaktuan.go.id/pustaka/repository/free-spins-coin-master-links-blogger_GM406889139.pdf",
        "https://pn-tapaktuan.go.id/pustaka/repository/how-to-speed-hack-on-roblox-2021_GM431946152.pdf",
        "https://pn-tapaktuan.go.id/pustaka/repository/how-to-get-free-robux-2021-without-builders-club_GM431946152.pdf",
        "https://pn-tapaktuan.go.id/pustaka/repository/slurp-roblox-hack-2021_GM431946152.pdf",
        "https://pn-tapaktuan.go.id/pustaka/repository/temple-free-roblox_GM431946152.pdf",
        "https://pn-tapaktuan.go.id/pustaka/repository/level-6-hack-roblox_GM431946152.pdf",
        "https://pn-tapaktuan.go.id/pustaka/repository/roblox-hack-2021_GM431946152.pdf",
        "https://pn-tapaktuan.go.id/pustaka/repository/script-hack-roblox-ro-ghoul_GM431946152.pdf",
        "https://pn-tapaktuan.go.id/pustaka/repository/coin-master-free-spins-link-download-for-iphone_GM406889139.pdf",
        "https://pn-tapaktuan.go.id/pustaka/repository/roblox-bloxburg-hack-script_GM431946152.pdf",
        "https://pn-tapaktuan.go.id/pustaka/repository/free-free-robux_GM431946152.pdf",
        "https://pn-tapaktuan.go.id/pustaka/repository/gameoffice-net-hack-coin-master_GM406889139.pdf",
        "https://pn-tapaktuan.go.id/pustaka/repository/free-robux-generator-for-xbox-one_GM431946152.pdf",
        "https://pn-tapaktuan.go.id/pustaka/repository/hacker-wed-robux_GM431946152.pdf",
        "https://pn-tapaktuan.go.id/pustaka/repository/minecraft-free-games-no-download_GM479516143.pdf"
    ],
    "regex_urls": [
        "http://netcdn.co/app/431946152/roblox-free-robux-enter-password-game-hack",
        "http://netcdn.co/app/431946152/roblox-free-robux-enter-password-game-hack",
        "https",
        "https",
        "https",
        "https",
        "https",
        "https",
        "https",
        "https",
        "https",
        "https",
        "https",
        "https",
        "https",
        "https",
        "https",
        "https",
        "https",
        "https",
        "https",
        "https"
    ],
    "scripts": {
        "iframe": [],
        "urls": []
    },
    "static_properties": {
        "JBIG2Decode": "0",
        "XML_forms": "0",
        "acro_form": "0",
        "auto_action": "0",
        "colors": "0",
        "cross_reference_table": "1",
        "embedded_files": "0",
        "file_size": "37",
        "java_script": "0",
        "js": "0",
        "launch_action": "0",
        "object_end": "55",
        "object_start": "55",
        "object_streams": "0",
        "open_action": "0",
        "page_count": "2",
        "rich_media": "0",
        "start_cross_reference_table": "1",
        "stream_end": "6",
        "stream_start": "6",
        "trailer_dictionary": "1"
    },
    "yara_signatures": [
        "without_attachments",
        "without_images",
        "with_urls",
        "invalid_trailer_structure",
        "contentis_base64"
    ]
}