{
    "exif_signatures": {},
    "file_size": 71207,
    "pdfid_signatures": {},
    "pypdf_uris": [
        "https://crophysi.ru/123?utm_term=shaman+pathfinder+guide+archetypes",
        "https://cdn-cms.f-static.net/uploads/4410190/normal_5fe7802abef99.pdf",
        "https://static.s123-cdn-static.com/uploads/4389097/normal_5fe5ed441e147.pdf",
        "https://static.s123-cdn-static.com/uploads/4392864/normal_5fdee16ddce6c.pdf",
        "https://guzaxogovi.weebly.com/uploads/1/3/4/6/134651677/saniranorezumuzogek.pdf",
        "https://cdn.sqhk.co/vovewotutal/ejdichj/51195672124.pdf",
        "https://static.s123-cdn-static.com/uploads/4405895/normal_5fec6cd2c70bf.pdf",
        "https://static.s123-cdn-static.com/uploads/4473056/normal_5fe227b3e65e1.pdf",
        "https://static.s123-cdn-static.com/uploads/4413120/normal_60073d1120209.pdf",
        "https://s3.amazonaws.com/kawotexulozax/kahoot_app_iphone.pdf",
        "https://cdn-cms.f-static.net/uploads/4403120/normal_5fd3d26999fb6.pdf",
        "http://fortuneocredit.com/wuwuzor5tr3x.pdf",
        "https://lekemevegov.weebly.com/uploads/1/3/1/4/131410090/779836.pdf",
        "http://beststudent.space/weriladinasevazabomubaw78tbn.pdf"
    ],
    "regex_uris": [
        "https://crophysi.ru/123?utm_term=shaman+pathfinder+guide+archetypes",
        "https://cdn-cms.f-static.net/uploads/4410190/normal_5fe7802abef99.pdf",
        "https://static.s123-cdn-static.com/uploads/4389097/normal_5fe5ed441e147.pdf",
        "https://static.s123-cdn-static.com/uploads/4392864/normal_5fdee16ddce6c.pdf",
        "https://guzaxogovi.weebly.com/uploads/1/3/4/6/134651677/saniranorezumuzogek.pdf",
        "https://cdn.sqhk.co/vovewotutal/ejdichj/51195672124.pdf",
        "https://static.s123-cdn-static.com/uploads/4405895/normal_5fec6cd2c70bf.pdf",
        "https://static.s123-cdn-static.com/uploads/4473056/normal_5fe227b3e65e1.pdf",
        "https://static.s123-cdn-static.com/uploads/4413120/normal_60073d1120209.pdf",
        "https://s3.amazonaws.com/kawotexulozax/kahoot_app_iphone.pdf",
        "https://cdn-cms.f-static.net/uploads/4403120/normal_5fd3d26999fb6.pdf",
        "http://fortuneocredit.com/wuwuzor5tr3x.pdf",
        "https://lekemevegov.weebly.com/uploads/1/3/1/4/131410090/779836.pdf",
        "http://beststudent.space/weriladinasevazabomubaw78tbn.pdf"
    ],
    "regex_urls": [
        "https",
        "https",
        "https",
        "https",
        "https",
        "https",
        "https",
        "https",
        "https",
        "https",
        "https",
        "http://fortuneocredit.com/wuwuzor5tr3x.pdf",
        "https",
        "http://beststudent.space/weriladinasevazabomubaw78tbn.pdf",
        "http://www.w3.org/1999/02/22-rdf-syntax-ns#",
        "http://purl.org/dc/elements/1.1/",
        "http://ns.adobe.com/pdf/1.3/",
        "http://ns.adobe.com/xap/1.0/",
        "http://ns.adobe.com/xap/1.0/mm/",
        "http://ns.adobe.com/xap/1.0/rights/"
    ],
    "scripts": {
        "iframe": [],
        "urls": []
    },
    "static_properties": {
        "JBIG2Decode": "0",
        "XML_forms": "0",
        "acro_form": "0",
        "auto_action": "0",
        "colors": "0",
        "cross_reference_table": "2",
        "embedded_files": "0",
        "file_size": "71",
        "java_script": "0",
        "js": "0",
        "launch_action": "0",
        "object_end": "50",
        "object_start": "50",
        "object_streams": "0",
        "open_action": "0",
        "page_count": "2",
        "rich_media": "0",
        "start_cross_reference_table": "2",
        "stream_end": "8",
        "stream_start": "8",
        "trailer_dictionary": "2"
    },
    "yara_signatures": [
        "without_attachments",
        "without_images",
        "with_urls",
        "invalid_trailer_structure",
        "multiple_versions",
        "contentis_base64"
    ]
}