{
    "exif_signatures": {},
    "file_size": 42156,
    "pdfid_signatures": {},
    "pypdf_uris": [
        "http://netcdn.co/app/431946152/topkek-roblox-hack-game-hack",
        "http://netcdn.co/app/431946152/topkek-roblox-hack-game-hack",
        "https://library.fdk.ac.id/repository/how-to-download-minecraft-for-free-on-pc_GM479516143.pdf",
        "https://library.fdk.ac.id/repository/how-to-get-free-spins-on-coin-master-without-waiting_GM406889139.pdf",
        "https://library.fdk.ac.id/repository/robux-gratis_GM431946152.pdf",
        "https://library.fdk.ac.id/repository/free-minecraft-coloring-pages_GM479516143.pdf",
        "https://library.fdk.ac.id/repository/how-to-hack-target-roblox_GM431946152.pdf",
        "https://library.fdk.ac.id/repository/moonactive-free-spins_GM406889139.pdf",
        "https://library.fdk.ac.id/repository/how-to-make-robux_GM431946152.pdf",
        "https://library.fdk.ac.id/repository/atticus129-roblox-hacked_GM431946152.pdf",
        "https://library.fdk.ac.id/repository/play-minecraft-for-free_GM479516143.pdf",
        "https://library.fdk.ac.id/repository/hack-my-spins-coin-master_GM406889139.pdf",
        "https://library.fdk.ac.id/repository/roblox-hack-apk-pc-download_GM431946152.pdf",
        "https://library.fdk.ac.id/repository/free-robux-android_GM431946152.pdf",
        "https://library.fdk.ac.id/repository/get-free-spins-coin-master_GM406889139.pdf",
        "https://library.fdk.ac.id/repository/minecraft-gun-games-free_GM479516143.pdf",
        "https://library.fdk.ac.id/repository/free-tiktok-video_GM835599320.pdf",
        "https://library.fdk.ac.id/repository/free-robux-without-a-verifacation_GM431946152.pdf",
        "https://library.fdk.ac.id/repository/roblox-jailbreak-hack-exploit_GM431946152.pdf",
        "https://library.fdk.ac.id/repository/coin-master-hack-download-2021_GM406889139.pdf",
        "https://library.fdk.ac.id/repository/coin-master-free-spin-no-offers_GM406889139.pdf",
        "https://library.fdk.ac.id/repository/websites-that-give-free-robux_GM431946152.pdf"
    ],
    "regex_uris": [
        "http://netcdn.co/app/431946152/topkek-roblox-hack-game-hack",
        "http://netcdn.co/app/431946152/topkek-roblox-hack-game-hack",
        "https://library.fdk.ac.id/repository/how-to-download-minecraft-for-free-on-pc_GM479516143.pdf",
        "https://library.fdk.ac.id/repository/how-to-get-free-spins-on-coin-master-without-waiting_GM406889139.pdf",
        "https://library.fdk.ac.id/repository/robux-gratis_GM431946152.pdf",
        "https://library.fdk.ac.id/repository/free-minecraft-coloring-pages_GM479516143.pdf",
        "https://library.fdk.ac.id/repository/how-to-hack-target-roblox_GM431946152.pdf",
        "https://library.fdk.ac.id/repository/moonactive-free-spins_GM406889139.pdf",
        "https://library.fdk.ac.id/repository/how-to-make-robux_GM431946152.pdf",
        "https://library.fdk.ac.id/repository/atticus129-roblox-hacked_GM431946152.pdf",
        "https://library.fdk.ac.id/repository/play-minecraft-for-free_GM479516143.pdf",
        "https://library.fdk.ac.id/repository/hack-my-spins-coin-master_GM406889139.pdf",
        "https://library.fdk.ac.id/repository/roblox-hack-apk-pc-download_GM431946152.pdf",
        "https://library.fdk.ac.id/repository/free-robux-android_GM431946152.pdf",
        "https://library.fdk.ac.id/repository/get-free-spins-coin-master_GM406889139.pdf",
        "https://library.fdk.ac.id/repository/minecraft-gun-games-free_GM479516143.pdf",
        "https://library.fdk.ac.id/repository/free-tiktok-video_GM835599320.pdf",
        "https://library.fdk.ac.id/repository/free-robux-without-a-verifacation_GM431946152.pdf",
        "https://library.fdk.ac.id/repository/roblox-jailbreak-hack-exploit_GM431946152.pdf",
        "https://library.fdk.ac.id/repository/coin-master-hack-download-2021_GM406889139.pdf",
        "https://library.fdk.ac.id/repository/coin-master-free-spin-no-offers_GM406889139.pdf",
        "https://library.fdk.ac.id/repository/websites-that-give-free-robux_GM431946152.pdf"
    ],
    "regex_urls": [
        "http://netcdn.co/app/431946152/topkek-roblox-hack-game-hack",
        "http://netcdn.co/app/431946152/topkek-roblox-hack-game-hack",
        "https",
        "https",
        "https",
        "https",
        "https",
        "https",
        "https",
        "https",
        "https",
        "https",
        "https",
        "https",
        "https",
        "https",
        "https",
        "https",
        "https",
        "https",
        "https",
        "https"
    ],
    "scripts": {
        "iframe": [],
        "urls": []
    },
    "static_properties": {
        "JBIG2Decode": "0",
        "XML_forms": "0",
        "acro_form": "0",
        "auto_action": "0",
        "colors": "0",
        "cross_reference_table": "1",
        "embedded_files": "0",
        "file_size": "42",
        "java_script": "0",
        "js": "0",
        "launch_action": "0",
        "object_end": "60",
        "object_start": "60",
        "object_streams": "0",
        "open_action": "0",
        "page_count": "3",
        "rich_media": "0",
        "start_cross_reference_table": "1",
        "stream_end": "7",
        "stream_start": "7",
        "trailer_dictionary": "1"
    },
    "yara_signatures": [
        "without_attachments",
        "without_images",
        "with_urls",
        "invalid_trailer_structure",
        "contentis_base64"
    ]
}