{
    "exif_signatures": {},
    "file_size": 162523,
    "pdfid_signatures": {},
    "pypdf_uris": [
        "http://yftejum.com/wb3?utm_term=harry%20potter%20quiz%20with%20answers%20pdf%20printable%20full%20text%20answers",
        "https://lasonitukaxo.weebly.com/uploads/1/3/4/8/134889758/1156280.pdf",
        "https://bemijeze.weebly.com/uploads/1/3/5/3/135302335/pinapejivizoridis.pdf",
        "https://difekubo.weebly.com/uploads/1/3/4/7/134714923/4971e89afc6.pdf",
        "https://tobinuwevi.weebly.com/uploads/1/4/2/3/142394402/fekimin.pdf",
        "https://sudarotabodubig.weebly.com/uploads/1/3/1/4/131407445/benedukewiw.pdf",
        "http://thefamilyaddressbook.com/userfiles/files/56376035350.pdf",
        "http://krakow4you.pl/krakow/files/76885921887.pdf",
        "https://zulafadosulivi.weebly.com/uploads/1/3/4/3/134305332/5507597.pdf",
        "https://denibemexe.weebly.com/uploads/1/3/4/5/134597338/nolejepen.pdf",
        "http://stinpo.com/ckfinder/userfiles/files/57951238316.pdf",
        "https://vojimefijizudi.weebly.com/uploads/1/3/4/3/134310580/8832534.pdf",
        "https://zowezogereb.weebly.com/uploads/1/4/1/2/141256487/wefog.pdf",
        "https://tipavexosore.weebly.com/uploads/1/4/1/4/141434858/dazame.pdf",
        "https://jajixawu.weebly.com/uploads/1/3/5/9/135992574/bugidorujezuz-nokupibigudib-tejolowujefide.pdf",
        "http://familiegravesen.dk/ckfinder/userfiles/files/mijudegupagajorob.pdf",
        "https://ochronaskory.pl/pliki_user/File/kasipifasapiwodebamuzepi.pdf",
        "https://pidibetusamupo.weebly.com/uploads/1/4/2/4/142404363/a21e95f32b4e8d.pdf",
        "http://ban-dong-ban-mat.theonejsc.com/userfiles/file/sakezoxunozesuluxanenuv.pdf",
        "https://sofupikibir.weebly.com/uploads/1/3/5/3/135302021/5796863.pdf",
        "https://junipupupu.weebly.com/uploads/1/3/4/7/134739756/7996675.pdf",
        "https://zurelasodi.weebly.com/uploads/1/4/1/9/141979734/5490897.pdf",
        "https://www.phoenixdentalacademy.co.uk/wp-content/plugins/super-forms/uploads/php/files/5ef3b4c04a892e37aa74d65869273e7b/jasubukobuxopebizoritozuk.pdf"
    ],
    "regex_uris": [
        "http://yftejum.com/wb3?utm_term=harry%20potter%20quiz%20with%20answers%20pdf%20printable%20full%20text%20answers",
        "https://lasonitukaxo.weebly.com/uploads/1/3/4/8/134889758/1156280.pdf",
        "https://bemijeze.weebly.com/uploads/1/3/5/3/135302335/pinapejivizoridis.pdf",
        "https://difekubo.weebly.com/uploads/1/3/4/7/134714923/4971e89afc6.pdf",
        "https://tobinuwevi.weebly.com/uploads/1/4/2/3/142394402/fekimin.pdf",
        "https://sudarotabodubig.weebly.com/uploads/1/3/1/4/131407445/benedukewiw.pdf",
        "http://thefamilyaddressbook.com/userfiles/files/56376035350.pdf",
        "http://krakow4you.pl/krakow/files/76885921887.pdf",
        "https://zulafadosulivi.weebly.com/uploads/1/3/4/3/134305332/5507597.pdf",
        "https://denibemexe.weebly.com/uploads/1/3/4/5/134597338/nolejepen.pdf",
        "http://stinpo.com/ckfinder/userfiles/files/57951238316.pdf",
        "https://vojimefijizudi.weebly.com/uploads/1/3/4/3/134310580/8832534.pdf",
        "https://zowezogereb.weebly.com/uploads/1/4/1/2/141256487/wefog.pdf",
        "https://tipavexosore.weebly.com/uploads/1/4/1/4/141434858/dazame.pdf",
        "https://jajixawu.weebly.com/uploads/1/3/5/9/135992574/bugidorujezuz-nokupibigudib-tejolowujefide.pdf",
        "http://familiegravesen.dk/ckfinder/userfiles/files/mijudegupagajorob.pdf",
        "https://ochronaskory.pl/pliki_user/File/kasipifasapiwodebamuzepi.pdf",
        "https://pidibetusamupo.weebly.com/uploads/1/4/2/4/142404363/a21e95f32b4e8d.pdf",
        "http://ban-dong-ban-mat.theonejsc.com/userfiles/file/sakezoxunozesuluxanenuv.pdf",
        "https://sofupikibir.weebly.com/uploads/1/3/5/3/135302021/5796863.pdf",
        "https://junipupupu.weebly.com/uploads/1/3/4/7/134739756/7996675.pdf",
        "https://zurelasodi.weebly.com/uploads/1/4/1/9/141979734/5490897.pdf",
        "https://www.phoenixdentalacademy.co.uk/wp-content/plugins/super-forms/uploads/php/files/5ef3b4c04a892e37aa74d65869273e7b/jasubukobuxopebizoritozuk.pdf"
    ],
    "regex_urls": [
        "http://yftejum.com/wb3?utm_term=harry%20potter%20quiz%20with%20answers%20pdf%20printable%20full%20text%20answers",
        "https",
        "https",
        "https",
        "https",
        "https",
        "http://thefamilyaddressbook.com/userfiles/files/56376035350.pdf",
        "http://krakow4you.pl/krakow/files/76885921887.pdf",
        "https",
        "https",
        "http://stinpo.com/ckfinder/userfiles/files/57951238316.pdf",
        "https",
        "https",
        "https",
        "https",
        "http://familiegravesen.dk/ckfinder/userfiles/files/mijudegupagajorob.pdf",
        "https",
        "https",
        "http://ban-dong-ban-mat.theonejsc.com/userfiles/file/sakezoxunozesuluxanenuv.pdf",
        "https",
        "https",
        "https",
        "https",
        "www.phoenixdentalacademy.co.uk/wp-content/plugins/super-forms/uploads/php/files/5ef3b4c04a892e37aa74d65869273e7b/jasubukobuxopebizoritozuk.pdf",
        "http://www.w3.org/1999/02/22-rdf-syntax-ns#",
        "http://purl.org/dc/elements/1.1/",
        "http://ns.adobe.com/pdf/1.3/",
        "http://ns.adobe.com/xap/1.0/",
        "http://ns.adobe.com/xap/1.0/mm/",
        "http://ns.adobe.com/xap/1.0/rights/"
    ],
    "scripts": {
        "iframe": [],
        "urls": []
    },
    "static_properties": {
        "JBIG2Decode": "0",
        "XML_forms": "0",
        "acro_form": "0",
        "auto_action": "0",
        "colors": "0",
        "cross_reference_table": "2",
        "embedded_files": "0",
        "file_size": "163",
        "java_script": "0",
        "js": "0",
        "launch_action": "0",
        "object_end": "93",
        "object_start": "93",
        "object_streams": "0",
        "open_action": "0",
        "page_count": "5",
        "rich_media": "0",
        "start_cross_reference_table": "2",
        "stream_end": "22",
        "stream_start": "22",
        "trailer_dictionary": "2"
    },
    "yara_signatures": [
        "without_attachments",
        "without_images",
        "with_urls",
        "invalid_trailer_structure",
        "multiple_versions",
        "contentis_base64",
        "Big_Numbers1"
    ]
}