{
    "exif_signatures": {},
    "file_size": 48125,
    "pdfid_signatures": {},
    "pypdf_uris": [
        "https://traffset.ru/123?keyword=school+within+a+school+wash+dc",
        "https://xufuluzigi.weebly.com/uploads/1/3/4/2/134266078/9558265.pdf",
        "https://s3.amazonaws.com/jiguwuzobozobaz/ansiedad_en_adolescentes_causas.pdf",
        "https://digonowokeke.weebly.com/uploads/1/3/1/8/131856318/valedakivoxi.pdf",
        "https://s3.amazonaws.com/leguvefu/lol_client_in_korean.pdf",
        "https://cdn-cms.f-static.net/uploads/4401691/normal_5fa3d92643f60.pdf",
        "https://rojusonevupa.weebly.com/uploads/1/3/0/8/130814232/pinidabijuzuna_pubuwe_vagezasafadi_ravew.pdf",
        "https://s3.amazonaws.com/henghuili-files/analytical_geometry_3d_book.pdf",
        "https://s3.amazonaws.com/zetare/bidawozosenuxujasigol.pdf",
        "https://giwopavaka.files.wordpress.com/2020/11/astm_a325_14.pdf",
        "https://uploads.strikinglycdn.com/files/443dffe5-d0a8-4c5a-8511-262e6952db9e/xijabifuxorumatopuke.pdf",
        "https://s3.amazonaws.com/kelukakeb/25598649519.pdf",
        "https://guvemixekowarov.weebly.com/uploads/1/3/4/6/134686109/9407901.pdf",
        "https://rixilokif.weebly.com/uploads/1/3/4/1/134109141/0618015b8f.pdf",
        "https://uploads.strikinglycdn.com/files/65281b06-7129-4988-99e5-074e73911a75/94500590592.pdf"
    ],
    "regex_uris": [
        "https://traffset.ru/123?keyword=school+within+a+school+wash+dc",
        "https://xufuluzigi.weebly.com/uploads/1/3/4/2/134266078/9558265.pdf",
        "https://s3.amazonaws.com/jiguwuzobozobaz/ansiedad_en_adolescentes_causas.pdf",
        "https://digonowokeke.weebly.com/uploads/1/3/1/8/131856318/valedakivoxi.pdf",
        "https://s3.amazonaws.com/leguvefu/lol_client_in_korean.pdf",
        "https://cdn-cms.f-static.net/uploads/4401691/normal_5fa3d92643f60.pdf",
        "https://rojusonevupa.weebly.com/uploads/1/3/0/8/130814232/pinidabijuzuna_pubuwe_vagezasafadi_ravew.pdf",
        "https://s3.amazonaws.com/henghuili-files/analytical_geometry_3d_book.pdf",
        "https://s3.amazonaws.com/zetare/bidawozosenuxujasigol.pdf",
        "https://giwopavaka.files.wordpress.com/2020/11/astm_a325_14.pdf",
        "https://uploads.strikinglycdn.com/files/443dffe5-d0a8-4c5a-8511-262e6952db9e/xijabifuxorumatopuke.pdf",
        "https://s3.amazonaws.com/kelukakeb/25598649519.pdf",
        "https://guvemixekowarov.weebly.com/uploads/1/3/4/6/134686109/9407901.pdf",
        "https://rixilokif.weebly.com/uploads/1/3/4/1/134109141/0618015b8f.pdf",
        "https://uploads.strikinglycdn.com/files/65281b06-7129-4988-99e5-074e73911a75/94500590592.pdf"
    ],
    "regex_urls": [
        "https",
        "https",
        "https",
        "https",
        "https",
        "https",
        "https",
        "https",
        "https",
        "https",
        "https",
        "https",
        "https",
        "https",
        "https",
        "http://www.w3.org/1999/02/22-rdf-syntax-ns#",
        "http://purl.org/dc/elements/1.1/",
        "http://ns.adobe.com/pdf/1.3/",
        "http://ns.adobe.com/xap/1.0/",
        "http://ns.adobe.com/xap/1.0/mm/",
        "http://ns.adobe.com/xap/1.0/rights/"
    ],
    "scripts": {
        "iframe": [],
        "urls": []
    },
    "static_properties": {
        "JBIG2Decode": "0",
        "XML_forms": "0",
        "acro_form": "0",
        "auto_action": "0",
        "colors": "0",
        "cross_reference_table": "2",
        "embedded_files": "0",
        "file_size": "48",
        "java_script": "0",
        "js": "0",
        "launch_action": "0",
        "object_end": "51",
        "object_start": "51",
        "object_streams": "0",
        "open_action": "0",
        "page_count": "2",
        "rich_media": "0",
        "start_cross_reference_table": "2",
        "stream_end": "8",
        "stream_start": "8",
        "trailer_dictionary": "2"
    },
    "yara_signatures": [
        "without_attachments",
        "without_images",
        "with_urls",
        "invalid_trailer_structure",
        "multiple_versions",
        "contentis_base64"
    ]
}