{
    "exif_signatures": {},
    "file_size": 36400,
    "pdfid_signatures": {},
    "pypdf_uris": [
        "http://netcdn.co/app/431946152/hack-para-scp-site-61-roblox-game-hack",
        "http://netcdn.co/app/431946152/hack-para-scp-site-61-roblox-game-hack",
        "https://elearning.manbatam.sch.id/__statics/gudangsoal/files/how-to-get-coin-master-free-spins-in-email_GM406889139.pdf",
        "https://elearning.manbatam.sch.id/__statics/gudangsoal/files/20210-robux_GM431946152.pdf",
        "https://elearning.manbatam.sch.id/__statics/gudangsoal/files/how-to-buy-robux-for-free_GM431946152.pdf",
        "https://elearning.manbatam.sch.id/__statics/gudangsoal/files/hack-roba-cuentas-roblox_GM431946152.pdf",
        "https://elearning.manbatam.sch.id/__statics/gudangsoal/files/roblox-booga-booga-hack_GM431946152.pdf",
        "https://elearning.manbatam.sch.id/__statics/gudangsoal/files/how-to-get-free-followers-on-roblox_GM431946152.pdf",
        "https://elearning.manbatam.sch.id/__statics/gudangsoal/files/how-to-make-shirts-for-free-roblox_GM431946152.pdf",
        "https://elearning.manbatam.sch.id/__statics/gudangsoal/files/beast-mode-roblox-free_GM431946152.pdf",
        "https://elearning.manbatam.sch.id/__statics/gudangsoal/files/free-roblox-hacks-co_GM431946152.pdf",
        "https://elearning.manbatam.sch.id/__statics/gudangsoal/files/coin-master-free-spins-daily-2021_GM406889139.pdf",
        "https://elearning.manbatam.sch.id/__statics/gudangsoal/files/blogspot-free-spins-coin-master_GM406889139.pdf",
        "https://elearning.manbatam.sch.id/__statics/gudangsoal/files/how-to-get-free-coins-in-coin-master_GM406889139.pdf",
        "https://elearning.manbatam.sch.id/__statics/gudangsoal/files/how-to-get-free-robux-without-doing-anything-2021_GM431946152.pdf",
        "https://elearning.manbatam.sch.id/__statics/gudangsoal/files/how-to-make-your-own-minecraft-pe-server-for-free_GM479516143.pdf",
        "https://elearning.manbatam.sch.id/__statics/gudangsoal/files/coin-master-daily-free-spins-link_GM406889139.pdf",
        "https://elearning.manbatam.sch.id/__statics/gudangsoal/files/free-spins-coin-master-2021_GM406889139.pdf",
        "https://elearning.manbatam.sch.id/__statics/gudangsoal/files/uprobuxcom-free-robux_GM431946152.pdf",
        "https://elearning.manbatam.sch.id/__statics/gudangsoal/files/mcpe-master-free-coins_GM406889139.pdf",
        "https://elearning.manbatam.sch.id/__statics/gudangsoal/files/free-spin-link-of-coin-master_GM406889139.pdf",
        "https://elearning.manbatam.sch.id/__statics/gudangsoal/files/hack-robux-not-patched-2021_GM431946152.pdf"
    ],
    "regex_uris": [
        "http://netcdn.co/app/431946152/hack-para-scp-site-61-roblox-game-hack",
        "http://netcdn.co/app/431946152/hack-para-scp-site-61-roblox-game-hack",
        "https://elearning.manbatam.sch.id/__statics/gudangsoal/files/how-to-get-coin-master-free-spins-in-email_GM406889139.pdf",
        "https://elearning.manbatam.sch.id/__statics/gudangsoal/files/20210-robux_GM431946152.pdf",
        "https://elearning.manbatam.sch.id/__statics/gudangsoal/files/how-to-buy-robux-for-free_GM431946152.pdf",
        "https://elearning.manbatam.sch.id/__statics/gudangsoal/files/hack-roba-cuentas-roblox_GM431946152.pdf",
        "https://elearning.manbatam.sch.id/__statics/gudangsoal/files/roblox-booga-booga-hack_GM431946152.pdf",
        "https://elearning.manbatam.sch.id/__statics/gudangsoal/files/how-to-get-free-followers-on-roblox_GM431946152.pdf",
        "https://elearning.manbatam.sch.id/__statics/gudangsoal/files/how-to-make-shirts-for-free-roblox_GM431946152.pdf",
        "https://elearning.manbatam.sch.id/__statics/gudangsoal/files/beast-mode-roblox-free_GM431946152.pdf",
        "https://elearning.manbatam.sch.id/__statics/gudangsoal/files/free-roblox-hacks-co_GM431946152.pdf",
        "https://elearning.manbatam.sch.id/__statics/gudangsoal/files/coin-master-free-spins-daily-2021_GM406889139.pdf",
        "https://elearning.manbatam.sch.id/__statics/gudangsoal/files/blogspot-free-spins-coin-master_GM406889139.pdf",
        "https://elearning.manbatam.sch.id/__statics/gudangsoal/files/how-to-get-free-coins-in-coin-master_GM406889139.pdf",
        "https://elearning.manbatam.sch.id/__statics/gudangsoal/files/how-to-get-free-robux-without-doing-anything-2021_GM431946152.pdf",
        "https://elearning.manbatam.sch.id/__statics/gudangsoal/files/how-to-make-your-own-minecraft-pe-server-for-free_GM479516143.pdf",
        "https://elearning.manbatam.sch.id/__statics/gudangsoal/files/coin-master-daily-free-spins-link_GM406889139.pdf",
        "https://elearning.manbatam.sch.id/__statics/gudangsoal/files/free-spins-coin-master-2021_GM406889139.pdf",
        "https://elearning.manbatam.sch.id/__statics/gudangsoal/files/uprobuxcom-free-robux_GM431946152.pdf",
        "https://elearning.manbatam.sch.id/__statics/gudangsoal/files/mcpe-master-free-coins_GM406889139.pdf",
        "https://elearning.manbatam.sch.id/__statics/gudangsoal/files/free-spin-link-of-coin-master_GM406889139.pdf",
        "https://elearning.manbatam.sch.id/__statics/gudangsoal/files/hack-robux-not-patched-2021_GM431946152.pdf"
    ],
    "regex_urls": [
        "http://netcdn.co/app/431946152/hack-para-scp-site-61-roblox-game-hack",
        "http://netcdn.co/app/431946152/hack-para-scp-site-61-roblox-game-hack",
        "https",
        "https",
        "https",
        "https",
        "https",
        "https",
        "https",
        "https",
        "https",
        "https",
        "https",
        "https",
        "https",
        "https",
        "https",
        "https",
        "https",
        "https",
        "https",
        "https"
    ],
    "scripts": {
        "iframe": [],
        "urls": []
    },
    "static_properties": {
        "JBIG2Decode": "0",
        "XML_forms": "0",
        "acro_form": "0",
        "auto_action": "0",
        "colors": "0",
        "cross_reference_table": "1",
        "embedded_files": "0",
        "file_size": "36",
        "java_script": "0",
        "js": "0",
        "launch_action": "0",
        "object_end": "55",
        "object_start": "55",
        "object_streams": "0",
        "open_action": "0",
        "page_count": "2",
        "rich_media": "0",
        "start_cross_reference_table": "1",
        "stream_end": "6",
        "stream_start": "6",
        "trailer_dictionary": "1"
    },
    "yara_signatures": [
        "without_attachments",
        "without_images",
        "with_urls",
        "invalid_trailer_structure",
        "contentis_base64"
    ]
}