{
    "exif_signatures": {},
    "file_size": 45359,
    "pdfid_signatures": {},
    "pypdf_uris": [
        "https://netcdn.online/app/406889139/i-cant-get-free-spins-coin-master-game-hack",
        "https://netcdn.online/app/406889139/i-cant-get-free-spins-coin-master-game-hack",
        "https://www.wearmyspex.com/uploaded_files/userfiles/files/how-to-make-free-robux_GM431946152.pdf",
        "https://www.wearmyspex.com/uploaded_files/userfiles/files/roblox-free-items-2021_GM431946152.pdf",
        "https://www.wearmyspex.com/uploaded_files/userfiles/files/minecraft-book-collection_GM479516143.pdf",
        "https://www.wearmyspex.com/uploaded_files/userfiles/files/free-robux-without-any-verification_GM431946152.pdf",
        "https://www.wearmyspex.com/uploaded_files/userfiles/files/www-robux-com_GM431946152.pdf",
        "https://www.wearmyspex.com/uploaded_files/userfiles/files/free-robux-generator-2021-no-human-verification-or-survey_GM431946152.pdf",
        "https://www.wearmyspex.com/uploaded_files/userfiles/files/roblox-login-hack_GM431946152.pdf",
        "https://www.wearmyspex.com/uploaded_files/userfiles/files/free-spins-coins-coin-master_GM406889139.pdf",
        "https://www.wearmyspex.com/uploaded_files/userfiles/files/free-robux-quiz_GM431946152.pdf",
        "https://www.wearmyspex.com/uploaded_files/userfiles/files/free-roblox-jailbreak-private-servers_GM431946152.pdf",
        "https://www.wearmyspex.com/uploaded_files/userfiles/files/free-robux-safe_GM431946152.pdf",
        "https://www.wearmyspex.com/uploaded_files/userfiles/files/how-to-hack-people-in-roblox_GM431946152.pdf",
        "https://www.wearmyspex.com/uploaded_files/userfiles/files/coin-master-free-spins-through-coin-pop_GM406889139.pdf",
        "https://www.wearmyspex.com/uploaded_files/userfiles/files/minecraft-hacks-for-2b2t_GM479516143.pdf",
        "https://www.wearmyspex.com/uploaded_files/userfiles/files/free-robux-without-survey_GM431946152.pdf",
        "https://www.wearmyspex.com/uploaded_files/userfiles/files/working-coin-master-hack-2021_GM406889139.pdf",
        "https://www.wearmyspex.com/uploaded_files/userfiles/files/how-to-earn-free-robux_GM431946152.pdf",
        "https://www.wearmyspex.com/uploaded_files/userfiles/files/minecraft-com-free_GM479516143.pdf",
        "https://www.wearmyspex.com/uploaded_files/userfiles/files/how-to-install-minecraft-for-free-on-ios_GM479516143.pdf",
        "https://www.wearmyspex.com/uploaded_files/userfiles/files/roblox-free-robux-com_GM431946152.pdf"
    ],
    "regex_uris": [
        "https://netcdn.online/app/406889139/i-cant-get-free-spins-coin-master-game-hack",
        "https://netcdn.online/app/406889139/i-cant-get-free-spins-coin-master-game-hack",
        "https://www.wearmyspex.com/uploaded_files/userfiles/files/how-to-make-free-robux_GM431946152.pdf",
        "https://www.wearmyspex.com/uploaded_files/userfiles/files/roblox-free-items-2021_GM431946152.pdf",
        "https://www.wearmyspex.com/uploaded_files/userfiles/files/minecraft-book-collection_GM479516143.pdf",
        "https://www.wearmyspex.com/uploaded_files/userfiles/files/free-robux-without-any-verification_GM431946152.pdf",
        "https://www.wearmyspex.com/uploaded_files/userfiles/files/www-robux-com_GM431946152.pdf",
        "https://www.wearmyspex.com/uploaded_files/userfiles/files/free-robux-generator-2021-no-human-verification-or-survey_GM431946152.pdf",
        "https://www.wearmyspex.com/uploaded_files/userfiles/files/roblox-login-hack_GM431946152.pdf",
        "https://www.wearmyspex.com/uploaded_files/userfiles/files/free-spins-coins-coin-master_GM406889139.pdf",
        "https://www.wearmyspex.com/uploaded_files/userfiles/files/free-robux-quiz_GM431946152.pdf",
        "https://www.wearmyspex.com/uploaded_files/userfiles/files/free-roblox-jailbreak-private-servers_GM431946152.pdf",
        "https://www.wearmyspex.com/uploaded_files/userfiles/files/free-robux-safe_GM431946152.pdf",
        "https://www.wearmyspex.com/uploaded_files/userfiles/files/how-to-hack-people-in-roblox_GM431946152.pdf",
        "https://www.wearmyspex.com/uploaded_files/userfiles/files/coin-master-free-spins-through-coin-pop_GM406889139.pdf",
        "https://www.wearmyspex.com/uploaded_files/userfiles/files/minecraft-hacks-for-2b2t_GM479516143.pdf",
        "https://www.wearmyspex.com/uploaded_files/userfiles/files/free-robux-without-survey_GM431946152.pdf",
        "https://www.wearmyspex.com/uploaded_files/userfiles/files/working-coin-master-hack-2021_GM406889139.pdf",
        "https://www.wearmyspex.com/uploaded_files/userfiles/files/how-to-earn-free-robux_GM431946152.pdf",
        "https://www.wearmyspex.com/uploaded_files/userfiles/files/minecraft-com-free_GM479516143.pdf",
        "https://www.wearmyspex.com/uploaded_files/userfiles/files/how-to-install-minecraft-for-free-on-ios_GM479516143.pdf",
        "https://www.wearmyspex.com/uploaded_files/userfiles/files/roblox-free-robux-com_GM431946152.pdf"
    ],
    "regex_urls": [
        "https",
        "https",
        "https",
        "www.wearmyspex.com/uploaded_files/userfiles/files/how-to-make-free-robux_GM431946152.pdf",
        "https",
        "www.wearmyspex.com/uploaded_files/userfiles/files/roblox-free-items-2021_GM431946152.pdf",
        "https",
        "www.wearmyspex.com/uploaded_files/userfiles/files/minecraft-book-collection_GM479516143.pdf",
        "https",
        "www.wearmyspex.com/uploaded_files/userfiles/files/free-robux-without-any-verification_GM431946152.pdf",
        "https",
        "www.wearmyspex.com/uploaded_files/userfiles/files/www-robux-com_GM431946152.pdf",
        "https",
        "www.wearmyspex.com/uploaded_files/userfiles/files/free-robux-generator-2021-no-human-verification-or-survey_GM431946152.pdf",
        "https",
        "www.wearmyspex.com/uploaded_files/userfiles/files/roblox-login-hack_GM431946152.pdf",
        "https",
        "www.wearmyspex.com/uploaded_files/userfiles/files/free-spins-coins-coin-master_GM406889139.pdf",
        "https",
        "www.wearmyspex.com/uploaded_files/userfiles/files/free-robux-quiz_GM431946152.pdf",
        "https",
        "www.wearmyspex.com/uploaded_files/userfiles/files/free-roblox-jailbreak-private-servers_GM431946152.pdf",
        "https",
        "www.wearmyspex.com/uploaded_files/userfiles/files/free-robux-safe_GM431946152.pdf",
        "https",
        "www.wearmyspex.com/uploaded_files/userfiles/files/how-to-hack-people-in-roblox_GM431946152.pdf",
        "https",
        "www.wearmyspex.com/uploaded_files/userfiles/files/coin-master-free-spins-through-coin-pop_GM406889139.pdf",
        "https",
        "www.wearmyspex.com/uploaded_files/userfiles/files/minecraft-hacks-for-2b2t_GM479516143.pdf",
        "https",
        "www.wearmyspex.com/uploaded_files/userfiles/files/free-robux-without-survey_GM431946152.pdf",
        "https",
        "www.wearmyspex.com/uploaded_files/userfiles/files/working-coin-master-hack-2021_GM406889139.pdf",
        "https",
        "www.wearmyspex.com/uploaded_files/userfiles/files/how-to-earn-free-robux_GM431946152.pdf",
        "https",
        "www.wearmyspex.com/uploaded_files/userfiles/files/minecraft-com-free_GM479516143.pdf",
        "https",
        "www.wearmyspex.com/uploaded_files/userfiles/files/how-to-install-minecraft-for-free-on-ios_GM479516143.pdf",
        "https",
        "www.wearmyspex.com/uploaded_files/userfiles/files/roblox-free-robux-com_GM431946152.pdf"
    ],
    "scripts": {
        "iframe": [],
        "urls": []
    },
    "static_properties": {
        "JBIG2Decode": "0",
        "XML_forms": "0",
        "acro_form": "0",
        "auto_action": "0",
        "colors": "0",
        "cross_reference_table": "1",
        "embedded_files": "0",
        "file_size": "45",
        "java_script": "0",
        "js": "0",
        "launch_action": "0",
        "object_end": "65",
        "object_start": "65",
        "object_streams": "0",
        "open_action": "0",
        "page_count": "4",
        "rich_media": "0",
        "start_cross_reference_table": "1",
        "stream_end": "8",
        "stream_start": "8",
        "trailer_dictionary": "1"
    },
    "yara_signatures": [
        "without_attachments",
        "without_images",
        "with_urls",
        "invalid_trailer_structure",
        "contentis_base64"
    ]
}