{
    "exif_signatures": {},
    "file_size": 43424,
    "pdfid_signatures": {},
    "pypdf_uris": [
        "https://netcdn.xyz/app/479516143/free-to-play-minecraft-servers-game-hack",
        "https://netcdn.xyz/app/479516143/free-to-play-minecraft-servers-game-hack",
        "https://s4sbrochure.org.uk/admin/ckfinder/userfiles/files/buxblast-com-robux_GM431946152.pdf",
        "https://s4sbrochure.org.uk/admin/ckfinder/userfiles/files/coin-master-70-spin-link-today_GM406889139.pdf",
        "https://s4sbrochure.org.uk/admin/ckfinder/userfiles/files/150-free-spins-coin-master_GM406889139.pdf",
        "https://s4sbrochure.org.uk/admin/ckfinder/userfiles/files/coin-master-free-spins-hack-download_GM406889139.pdf",
        "https://s4sbrochure.org.uk/admin/ckfinder/userfiles/files/minecraft-windows-10-code-free_GM479516143.pdf",
        "https://s4sbrochure.org.uk/admin/ckfinder/userfiles/files/coin-master-heaven-free-spins-and-coins_GM406889139.pdf",
        "https://s4sbrochure.org.uk/admin/ckfinder/userfiles/files/free-fire-coin-master_GM406889139.pdf",
        "https://s4sbrochure.org.uk/admin/ckfinder/userfiles/files/free-robux-codes_GM431946152.pdf",
        "https://s4sbrochure.org.uk/admin/ckfinder/userfiles/files/how-to-get-free-robux-app_GM431946152.pdf",
        "https://s4sbrochure.org.uk/admin/ckfinder/userfiles/files/coin-master-free-spin-app-2021_GM406889139.pdf",
        "https://s4sbrochure.org.uk/admin/ckfinder/userfiles/files/coin-master-hack-apk-with-fb-login-2021_GM406889139.pdf",
        "https://s4sbrochure.org.uk/admin/ckfinder/userfiles/files/coin-master-hack-activegamer_GM406889139.pdf",
        "https://s4sbrochure.org.uk/admin/ckfinder/userfiles/files/coin-master-free-coins-spins_GM406889139.pdf",
        "https://s4sbrochure.org.uk/admin/ckfinder/userfiles/files/how-to-get-free-robux-without-human-verification_GM431946152.pdf",
        "https://s4sbrochure.org.uk/admin/ckfinder/userfiles/files/coin-master-hack-without-downloading-apps_GM406889139.pdf",
        "https://s4sbrochure.org.uk/admin/ckfinder/userfiles/files/cm-free-spin-link-today_GM406889139.pdf",
        "https://s4sbrochure.org.uk/admin/ckfinder/userfiles/files/free-robux-microsoft_GM431946152.pdf",
        "https://s4sbrochure.org.uk/admin/ckfinder/userfiles/files/roblox-free-clothes-hack_GM431946152.pdf",
        "https://s4sbrochure.org.uk/admin/ckfinder/userfiles/files/minecraft-free-ios-2021_GM479516143.pdf",
        "https://s4sbrochure.org.uk/admin/ckfinder/userfiles/files/roblox-free-vip-server_GM431946152.pdf"
    ],
    "regex_uris": [
        "https://netcdn.xyz/app/479516143/free-to-play-minecraft-servers-game-hack",
        "https://netcdn.xyz/app/479516143/free-to-play-minecraft-servers-game-hack",
        "https://s4sbrochure.org.uk/admin/ckfinder/userfiles/files/buxblast-com-robux_GM431946152.pdf",
        "https://s4sbrochure.org.uk/admin/ckfinder/userfiles/files/coin-master-70-spin-link-today_GM406889139.pdf",
        "https://s4sbrochure.org.uk/admin/ckfinder/userfiles/files/150-free-spins-coin-master_GM406889139.pdf",
        "https://s4sbrochure.org.uk/admin/ckfinder/userfiles/files/coin-master-free-spins-hack-download_GM406889139.pdf",
        "https://s4sbrochure.org.uk/admin/ckfinder/userfiles/files/minecraft-windows-10-code-free_GM479516143.pdf",
        "https://s4sbrochure.org.uk/admin/ckfinder/userfiles/files/coin-master-heaven-free-spins-and-coins_GM406889139.pdf",
        "https://s4sbrochure.org.uk/admin/ckfinder/userfiles/files/free-fire-coin-master_GM406889139.pdf",
        "https://s4sbrochure.org.uk/admin/ckfinder/userfiles/files/free-robux-codes_GM431946152.pdf",
        "https://s4sbrochure.org.uk/admin/ckfinder/userfiles/files/how-to-get-free-robux-app_GM431946152.pdf",
        "https://s4sbrochure.org.uk/admin/ckfinder/userfiles/files/coin-master-free-spin-app-2021_GM406889139.pdf",
        "https://s4sbrochure.org.uk/admin/ckfinder/userfiles/files/coin-master-hack-apk-with-fb-login-2021_GM406889139.pdf",
        "https://s4sbrochure.org.uk/admin/ckfinder/userfiles/files/coin-master-hack-activegamer_GM406889139.pdf",
        "https://s4sbrochure.org.uk/admin/ckfinder/userfiles/files/coin-master-free-coins-spins_GM406889139.pdf",
        "https://s4sbrochure.org.uk/admin/ckfinder/userfiles/files/how-to-get-free-robux-without-human-verification_GM431946152.pdf",
        "https://s4sbrochure.org.uk/admin/ckfinder/userfiles/files/coin-master-hack-without-downloading-apps_GM406889139.pdf",
        "https://s4sbrochure.org.uk/admin/ckfinder/userfiles/files/cm-free-spin-link-today_GM406889139.pdf",
        "https://s4sbrochure.org.uk/admin/ckfinder/userfiles/files/free-robux-microsoft_GM431946152.pdf",
        "https://s4sbrochure.org.uk/admin/ckfinder/userfiles/files/roblox-free-clothes-hack_GM431946152.pdf",
        "https://s4sbrochure.org.uk/admin/ckfinder/userfiles/files/minecraft-free-ios-2021_GM479516143.pdf",
        "https://s4sbrochure.org.uk/admin/ckfinder/userfiles/files/roblox-free-vip-server_GM431946152.pdf"
    ],
    "regex_urls": [
        "https",
        "https",
        "https",
        "https",
        "https",
        "https",
        "https",
        "https",
        "https",
        "https",
        "https",
        "https",
        "https",
        "https",
        "https",
        "https",
        "https",
        "https",
        "https",
        "https",
        "https",
        "https"
    ],
    "scripts": {
        "iframe": [],
        "urls": []
    },
    "static_properties": {
        "JBIG2Decode": "0",
        "XML_forms": "0",
        "acro_form": "0",
        "auto_action": "0",
        "colors": "0",
        "cross_reference_table": "1",
        "embedded_files": "0",
        "file_size": "43",
        "java_script": "0",
        "js": "0",
        "launch_action": "0",
        "object_end": "60",
        "object_start": "60",
        "object_streams": "0",
        "open_action": "0",
        "page_count": "3",
        "rich_media": "0",
        "start_cross_reference_table": "1",
        "stream_end": "7",
        "stream_start": "7",
        "trailer_dictionary": "1"
    },
    "yara_signatures": [
        "without_attachments",
        "without_images",
        "with_urls",
        "invalid_trailer_structure",
        "contentis_base64"
    ]
}