{
    "exif_signatures": {},
    "file_size": 44759,
    "pdfid_signatures": {},
    "pypdf_uris": [
        "https://netcdn.xyz/app/431946152/codes-to-get-robux-for-free-game-hack",
        "https://netcdn.xyz/app/431946152/codes-to-get-robux-for-free-game-hack",
        "https://www.imagevideo.info/images/roblox-free-robux-download-2021_GM431946152.pdf",
        "https://www.imagevideo.info/images/how-to-get-robux-for-free-2021_GM431946152.pdf",
        "https://www.imagevideo.info/images/how-to-get-free-unlimited-robux_GM431946152.pdf",
        "https://www.imagevideo.info/images/free-tiktok-accounts_GM835599320.pdf",
        "https://www.imagevideo.info/images/coin-master-hack-2021_GM406889139.pdf",
        "https://www.imagevideo.info/images/free-robux-no-human-verification-generator_GM431946152.pdf",
        "https://www.imagevideo.info/images/roblox-tracker_GM431946152.pdf",
        "https://www.imagevideo.info/images/coin-master-hack-co_GM406889139.pdf",
        "https://www.imagevideo.info/images/can-you-get-minecraft-for-free_GM479516143.pdf",
        "https://www.imagevideo.info/images/coin-master-daily-free-spins-link-app_GM406889139.pdf",
        "https://www.imagevideo.info/images/free-dominus-roblox_GM431946152.pdf",
        "https://www.imagevideo.info/images/how-to-hack-roblox-accounts-2021_GM431946152.pdf",
        "https://www.imagevideo.info/images/roblox-login-hack_GM431946152.pdf",
        "https://www.imagevideo.info/images/hack-coin-master-apk_GM406889139.pdf",
        "https://www.imagevideo.info/images/coin-master-time-hack-ios_GM406889139.pdf",
        "https://www.imagevideo.info/images/coin-master-free-spins-link-today-2021_GM406889139.pdf",
        "https://www.imagevideo.info/images/free-spins-for-coin-master_GM406889139.pdf",
        "https://www.imagevideo.info/images/roblox-avatar-girl_GM431946152.pdf",
        "https://www.imagevideo.info/images/coin-master-free-cards-link_GM406889139.pdf",
        "https://www.imagevideo.info/images/coin-master-golden-cards-hack_GM406889139.pdf"
    ],
    "regex_uris": [
        "https://netcdn.xyz/app/431946152/codes-to-get-robux-for-free-game-hack",
        "https://netcdn.xyz/app/431946152/codes-to-get-robux-for-free-game-hack",
        "https://www.imagevideo.info/images/roblox-free-robux-download-2021_GM431946152.pdf",
        "https://www.imagevideo.info/images/how-to-get-robux-for-free-2021_GM431946152.pdf",
        "https://www.imagevideo.info/images/how-to-get-free-unlimited-robux_GM431946152.pdf",
        "https://www.imagevideo.info/images/free-tiktok-accounts_GM835599320.pdf",
        "https://www.imagevideo.info/images/coin-master-hack-2021_GM406889139.pdf",
        "https://www.imagevideo.info/images/free-robux-no-human-verification-generator_GM431946152.pdf",
        "https://www.imagevideo.info/images/roblox-tracker_GM431946152.pdf",
        "https://www.imagevideo.info/images/coin-master-hack-co_GM406889139.pdf",
        "https://www.imagevideo.info/images/can-you-get-minecraft-for-free_GM479516143.pdf",
        "https://www.imagevideo.info/images/coin-master-daily-free-spins-link-app_GM406889139.pdf",
        "https://www.imagevideo.info/images/free-dominus-roblox_GM431946152.pdf",
        "https://www.imagevideo.info/images/how-to-hack-roblox-accounts-2021_GM431946152.pdf",
        "https://www.imagevideo.info/images/roblox-login-hack_GM431946152.pdf",
        "https://www.imagevideo.info/images/hack-coin-master-apk_GM406889139.pdf",
        "https://www.imagevideo.info/images/coin-master-time-hack-ios_GM406889139.pdf",
        "https://www.imagevideo.info/images/coin-master-free-spins-link-today-2021_GM406889139.pdf",
        "https://www.imagevideo.info/images/free-spins-for-coin-master_GM406889139.pdf",
        "https://www.imagevideo.info/images/roblox-avatar-girl_GM431946152.pdf",
        "https://www.imagevideo.info/images/coin-master-free-cards-link_GM406889139.pdf",
        "https://www.imagevideo.info/images/coin-master-golden-cards-hack_GM406889139.pdf"
    ],
    "regex_urls": [
        "https",
        "https",
        "https",
        "www.imagevideo.info/images/roblox-free-robux-download-2021_GM431946152.pdf",
        "https",
        "www.imagevideo.info/images/how-to-get-robux-for-free-2021_GM431946152.pdf",
        "https",
        "www.imagevideo.info/images/how-to-get-free-unlimited-robux_GM431946152.pdf",
        "https",
        "www.imagevideo.info/images/free-tiktok-accounts_GM835599320.pdf",
        "https",
        "www.imagevideo.info/images/coin-master-hack-2021_GM406889139.pdf",
        "https",
        "www.imagevideo.info/images/free-robux-no-human-verification-generator_GM431946152.pdf",
        "https",
        "www.imagevideo.info/images/roblox-tracker_GM431946152.pdf",
        "https",
        "www.imagevideo.info/images/coin-master-hack-co_GM406889139.pdf",
        "https",
        "www.imagevideo.info/images/can-you-get-minecraft-for-free_GM479516143.pdf",
        "https",
        "www.imagevideo.info/images/coin-master-daily-free-spins-link-app_GM406889139.pdf",
        "https",
        "www.imagevideo.info/images/free-dominus-roblox_GM431946152.pdf",
        "https",
        "www.imagevideo.info/images/how-to-hack-roblox-accounts-2021_GM431946152.pdf",
        "https",
        "www.imagevideo.info/images/roblox-login-hack_GM431946152.pdf",
        "https",
        "www.imagevideo.info/images/hack-coin-master-apk_GM406889139.pdf",
        "https",
        "www.imagevideo.info/images/coin-master-time-hack-ios_GM406889139.pdf",
        "https",
        "www.imagevideo.info/images/coin-master-free-spins-link-today-2021_GM406889139.pdf",
        "https",
        "www.imagevideo.info/images/free-spins-for-coin-master_GM406889139.pdf",
        "https",
        "www.imagevideo.info/images/roblox-avatar-girl_GM431946152.pdf",
        "https",
        "www.imagevideo.info/images/coin-master-free-cards-link_GM406889139.pdf",
        "https",
        "www.imagevideo.info/images/coin-master-golden-cards-hack_GM406889139.pdf"
    ],
    "scripts": {
        "iframe": [],
        "urls": []
    },
    "static_properties": {
        "JBIG2Decode": "0",
        "XML_forms": "0",
        "acro_form": "0",
        "auto_action": "0",
        "colors": "0",
        "cross_reference_table": "1",
        "embedded_files": "0",
        "file_size": "45",
        "java_script": "0",
        "js": "0",
        "launch_action": "0",
        "object_end": "65",
        "object_start": "65",
        "object_streams": "0",
        "open_action": "0",
        "page_count": "4",
        "rich_media": "0",
        "start_cross_reference_table": "1",
        "stream_end": "8",
        "stream_start": "8",
        "trailer_dictionary": "1"
    },
    "yara_signatures": [
        "without_attachments",
        "without_images",
        "with_urls",
        "invalid_trailer_structure",
        "contentis_base64"
    ]
}