{
    "exif_signatures": {},
    "file_size": 236841,
    "pdfid_signatures": {},
    "pypdf_uris": [
        "http://tds.advtraff2014.ru/wp1?sub_id_1=%D1%80%D0%B5%D0%B0%D0%BB%D1%8C%D0%BD%D1%8B%D0%B5+%D0%B2%D0%B0%D1%80%D0%B8%D0%B0%D0%BD%D1%82%D1%8B+%D0%B5%D0%B3%D1%8D+%D0%BF%D0%BE+%D0%B0%D0%BD%D0%B3%D0%BB%D0%B8%D0%B9%D1%81%D0%BA%D0%BE%D0%BC%D1%83+%D1%8F%D0%B7%D1%8B%D0%BA%D1%83+2016+%D1%81+%D0%BE%D1%82%D0%B2%D0%B5%D1%82%D0%B0%D0%BC%D0%B8",
        "https://niememapa1982.files.wordpress.com/2018/04/xizevolase-polevye-tranzistory-doklad-sazidisug.pdf",
        "https://inpetfipen1982.files.wordpress.com/2018/04/fuzeliso-besprotsentnyi-zaim-mezhdu-iuridicheskim-i-fizicheskim-litsom-obrazets-suzebinu.pdf",
        "https://killhinlikid1987.files.wordpress.com/2018/04/damixevin-mioo-diagnosticheskie-raboty-po-matematike-ege-2015-wuseromufabe.pdf",
        "https://fettimicut1978.files.wordpress.com/2018/04/niwoxizu-skachat-russkie-subtitry-dlia-l-a-noire-ps3-vepuxeto.pdf",
        "https://hoebelema1977.files.wordpress.com/2018/04/bagodu-film-kremen-skachat-besplatno-gojumet.pdf",
        "https://laulupcofor1974.files.wordpress.com/2018/04/zazavak-podgotovka-k-ege-po-russkomu-iazyku-2017-testy-pilavadamutixel.pdf",
        "https://unazadbit1973.files.wordpress.com/2018/04/bulozap-gdz-po-matematike-5-klass-i-i-zubareva-a-g-mordkovich-1chast-2012-benosiz.pdf",
        "https://hoebelema1977.files.wordpress.com/2018/04/jebijasawupi-skachat-muzyku-fomina-kiwopuli.pdf",
        "https://boitididen1985.files.wordpress.com/2018/04/kabapawi-gdz-po-russkomu-fgos-8-klass-buzina-roruw.pdf",
        "https://zdajicparvio1983.files.wordpress.com/2018/04/noxevizeve-amigurumi-skhemy-viazaniia-minon-kak-sviazatsia-s-operatorom-japaresona.pdf",
        "https://fettimicut1978.files.wordpress.com/2018/04/bosasetorewal-gdz-po-russkomu-1-klass-rabochaia-tetrad-ivanova-kaxozelimoluta.pdf",
        "https://spattamati1988.files.wordpress.com/2018/04/fegerafa-kratkoe-soderzhanie-filma-dom-farfora-chitat-razuvejuwikubaf.pdf",
        "https://unkonebac1973.files.wordpress.com/2018/04/jasumi-reshebnik-vereshchagina-2-klass-2-chast-urok-68-jujipelafen.pdf",
        "https://boitididen1985.files.wordpress.com/2018/04/wefozopevided-reshebnik-po-russkomu-iazyku-rabochii-tetrad-4-klass-kanakina-goretskii-2-chast-labitim.pdf",
        "https://gereterfgo1983.files.wordpress.com/2018/04/bekifajaselud-skachat-mody-na-fermer-simuliator-2015-karta-polevoe-2-0-dasufez.pdf"
    ],
    "regex_uris": [
        "http://tds.advtraff2014.ru/wp1?sub_id_1=%D1%80%D0%B5%D0%B0%D0%BB%D1%8C%D0%BD%D1%8B%D0%B5+%D0%B2%D0%B0%D1%80%D0%B8%D0%B0%D0%BD%D1%82%D1%8B+%D0%B5%D0%B3%D1%8D+%D0%BF%D0%BE+%D0%B0%D0%BD%D0%B3%D0%BB%D0%B8%D0%B9%D1%81%D0%BA%D0%BE%D0%BC%D1%83+%D1%8F%D0%B7%D1%8B%D0%BA%D1%83+2016+%D1%81+%D0%BE%D1%82%D0%B2%D0%B5%D1%82%D0%B0%D0%BC%D0%B8",
        "https://niememapa1982.files.wordpress.com/2018/04/xizevolase-polevye-tranzistory-doklad-sazidisug.pdf",
        "https://inpetfipen1982.files.wordpress.com/2018/04/fuzeliso-besprotsentnyi-zaim-mezhdu-iuridicheskim-i-fizicheskim-litsom-obrazets-suzebinu.pdf",
        "https://killhinlikid1987.files.wordpress.com/2018/04/damixevin-mioo-diagnosticheskie-raboty-po-matematike-ege-2015-wuseromufabe.pdf",
        "https://fettimicut1978.files.wordpress.com/2018/04/niwoxizu-skachat-russkie-subtitry-dlia-l-a-noire-ps3-vepuxeto.pdf",
        "https://hoebelema1977.files.wordpress.com/2018/04/bagodu-film-kremen-skachat-besplatno-gojumet.pdf",
        "https://laulupcofor1974.files.wordpress.com/2018/04/zazavak-podgotovka-k-ege-po-russkomu-iazyku-2017-testy-pilavadamutixel.pdf",
        "https://unazadbit1973.files.wordpress.com/2018/04/bulozap-gdz-po-matematike-5-klass-i-i-zubareva-a-g-mordkovich-1chast-2012-benosiz.pdf",
        "https://hoebelema1977.files.wordpress.com/2018/04/jebijasawupi-skachat-muzyku-fomina-kiwopuli.pdf",
        "https://boitididen1985.files.wordpress.com/2018/04/kabapawi-gdz-po-russkomu-fgos-8-klass-buzina-roruw.pdf",
        "https://zdajicparvio1983.files.wordpress.com/2018/04/noxevizeve-amigurumi-skhemy-viazaniia-minon-kak-sviazatsia-s-operatorom-japaresona.pdf",
        "https://fettimicut1978.files.wordpress.com/2018/04/bosasetorewal-gdz-po-russkomu-1-klass-rabochaia-tetrad-ivanova-kaxozelimoluta.pdf",
        "https://spattamati1988.files.wordpress.com/2018/04/fegerafa-kratkoe-soderzhanie-filma-dom-farfora-chitat-razuvejuwikubaf.pdf",
        "https://unkonebac1973.files.wordpress.com/2018/04/jasumi-reshebnik-vereshchagina-2-klass-2-chast-urok-68-jujipelafen.pdf",
        "https://boitididen1985.files.wordpress.com/2018/04/wefozopevided-reshebnik-po-russkomu-iazyku-rabochii-tetrad-4-klass-kanakina-goretskii-2-chast-labitim.pdf",
        "https://gereterfgo1983.files.wordpress.com/2018/04/bekifajaselud-skachat-mody-na-fermer-simuliator-2015-karta-polevoe-2-0-dasufez.pdf"
    ],
    "regex_urls": [
        "http://tds.advtraff2014.ru/wp1?sub_id_1=%D1%80%D0%B5%D0%B0%D0%BB%D1%8C%D0%BD%D1%8B%D0%B5+%D0%B2%D0%B0%D1%80%D0%B8%D0%B0%D0%BD%D1%82%D1%8B+%D0%B5%D0%B3%D1%8D+%D0%BF%D0%BE+%D0%B0%D0%BD%D0%B3%D0%BB%D0%B8%D0%B9%D1%81%D0%BA%D0%BE%D0%BC%D1%83+%D1%8F%D0%B7%D1%8B%D0%BA%D1%83+2016+%D1%81+%D0%BE%D1%82%D0%B2%D0%B5%D1%82%D0%B0%D0%BC%D0%B8",
        "https",
        "https",
        "https",
        "https",
        "https",
        "https",
        "https",
        "https",
        "https",
        "https",
        "https",
        "https",
        "https",
        "https",
        "https"
    ],
    "scripts": {
        "iframe": [],
        "urls": []
    },
    "static_properties": {
        "JBIG2Decode": "0",
        "XML_forms": "0",
        "acro_form": "0",
        "auto_action": "0",
        "colors": "0",
        "cross_reference_table": "1",
        "embedded_files": "0",
        "file_size": "237",
        "java_script": "0",
        "js": "0",
        "launch_action": "0",
        "object_end": "73",
        "object_start": "73",
        "object_streams": "0",
        "open_action": "0",
        "page_count": "6",
        "rich_media": "0",
        "start_cross_reference_table": "1",
        "stream_end": "13",
        "stream_start": "13",
        "trailer_dictionary": "1"
    },
    "yara_signatures": [
        "without_attachments",
        "without_images",
        "with_urls",
        "invalid_trailer_structure",
        "contentis_base64"
    ]
}