{
    "exif_signatures": {},
    "file_size": 46760,
    "pdfid_signatures": {},
    "pypdf_uris": [
        "https://netcdn.tw/app/431946152/how-to-bring-in-to-roblox-school-hack-game-hack",
        "https://netcdn.tw/app/431946152/how-to-bring-in-to-roblox-school-hack-game-hack",
        "https://www.wearmyspex.com/uploaded_files/userfiles/files/best-free-spins-link-coin-master_GM406889139.pdf",
        "https://www.wearmyspex.com/uploaded_files/userfiles/files/free-robux-exe_GM431946152.pdf",
        "https://www.wearmyspex.com/uploaded_files/userfiles/files/static-moonactive_GM406889139.pdf",
        "https://www.wearmyspex.com/uploaded_files/userfiles/files/minecraft-survival-hacks_GM479516143.pdf",
        "https://www.wearmyspex.com/uploaded_files/userfiles/files/tiktok-free-textbooks_GM835599320.pdf",
        "https://www.wearmyspex.com/uploaded_files/userfiles/files/robux-free-robux_GM431946152.pdf",
        "https://www.wearmyspex.com/uploaded_files/userfiles/files/get-roebucks-com_GM431946152.pdf",
        "https://www.wearmyspex.com/uploaded_files/userfiles/files/roblox-free-robux-website_GM431946152.pdf",
        "https://www.wearmyspex.com/uploaded_files/userfiles/files/free-robux-stream_GM431946152.pdf",
        "https://www.wearmyspex.com/uploaded_files/userfiles/files/how-to-get-free-spins-on-coin-master-2021_GM406889139.pdf",
        "https://www.wearmyspex.com/uploaded_files/userfiles/files/infinite-robux_GM431946152.pdf",
        "https://www.wearmyspex.com/uploaded_files/userfiles/files/pokemon-go-free-bag-upgrade_GM1094591345.pdf",
        "https://www.wearmyspex.com/uploaded_files/userfiles/files/coin-master-free-spins-link-2021_GM406889139.pdf",
        "https://www.wearmyspex.com/uploaded_files/userfiles/files/free-roblox-hack-us_GM431946152.pdf",
        "https://www.wearmyspex.com/uploaded_files/userfiles/files/coin-master-free-coins_GM406889139.pdf",
        "https://www.wearmyspex.com/uploaded_files/userfiles/files/games-that-give-free-robux_GM431946152.pdf",
        "https://www.wearmyspex.com/uploaded_files/userfiles/files/coin-master-hack-tool-apk-download_GM406889139.pdf",
        "https://www.wearmyspex.com/uploaded_files/userfiles/files/ultimate-driving-roblox-cheats_GM431946152.pdf",
        "https://www.wearmyspex.com/uploaded_files/userfiles/files/free-robux-no-human-verification-or-survey-2021_GM431946152.pdf",
        "https://www.wearmyspex.com/uploaded_files/userfiles/files/google-coin-master-free-spins_GM406889139.pdf"
    ],
    "regex_uris": [
        "https://netcdn.tw/app/431946152/how-to-bring-in-to-roblox-school-hack-game-hack",
        "https://netcdn.tw/app/431946152/how-to-bring-in-to-roblox-school-hack-game-hack",
        "https://www.wearmyspex.com/uploaded_files/userfiles/files/best-free-spins-link-coin-master_GM406889139.pdf",
        "https://www.wearmyspex.com/uploaded_files/userfiles/files/free-robux-exe_GM431946152.pdf",
        "https://www.wearmyspex.com/uploaded_files/userfiles/files/static-moonactive_GM406889139.pdf",
        "https://www.wearmyspex.com/uploaded_files/userfiles/files/minecraft-survival-hacks_GM479516143.pdf",
        "https://www.wearmyspex.com/uploaded_files/userfiles/files/tiktok-free-textbooks_GM835599320.pdf",
        "https://www.wearmyspex.com/uploaded_files/userfiles/files/robux-free-robux_GM431946152.pdf",
        "https://www.wearmyspex.com/uploaded_files/userfiles/files/get-roebucks-com_GM431946152.pdf",
        "https://www.wearmyspex.com/uploaded_files/userfiles/files/roblox-free-robux-website_GM431946152.pdf",
        "https://www.wearmyspex.com/uploaded_files/userfiles/files/free-robux-stream_GM431946152.pdf",
        "https://www.wearmyspex.com/uploaded_files/userfiles/files/how-to-get-free-spins-on-coin-master-2021_GM406889139.pdf",
        "https://www.wearmyspex.com/uploaded_files/userfiles/files/infinite-robux_GM431946152.pdf",
        "https://www.wearmyspex.com/uploaded_files/userfiles/files/pokemon-go-free-bag-upgrade_GM1094591345.pdf",
        "https://www.wearmyspex.com/uploaded_files/userfiles/files/coin-master-free-spins-link-2021_GM406889139.pdf",
        "https://www.wearmyspex.com/uploaded_files/userfiles/files/free-roblox-hack-us_GM431946152.pdf",
        "https://www.wearmyspex.com/uploaded_files/userfiles/files/coin-master-free-coins_GM406889139.pdf",
        "https://www.wearmyspex.com/uploaded_files/userfiles/files/games-that-give-free-robux_GM431946152.pdf",
        "https://www.wearmyspex.com/uploaded_files/userfiles/files/coin-master-hack-tool-apk-download_GM406889139.pdf",
        "https://www.wearmyspex.com/uploaded_files/userfiles/files/ultimate-driving-roblox-cheats_GM431946152.pdf",
        "https://www.wearmyspex.com/uploaded_files/userfiles/files/free-robux-no-human-verification-or-survey-2021_GM431946152.pdf",
        "https://www.wearmyspex.com/uploaded_files/userfiles/files/google-coin-master-free-spins_GM406889139.pdf"
    ],
    "regex_urls": [
        "https",
        "https",
        "https",
        "www.wearmyspex.com/uploaded_files/userfiles/files/best-free-spins-link-coin-master_GM406889139.pdf",
        "https",
        "www.wearmyspex.com/uploaded_files/userfiles/files/free-robux-exe_GM431946152.pdf",
        "https",
        "www.wearmyspex.com/uploaded_files/userfiles/files/static-moonactive_GM406889139.pdf",
        "https",
        "www.wearmyspex.com/uploaded_files/userfiles/files/minecraft-survival-hacks_GM479516143.pdf",
        "https",
        "www.wearmyspex.com/uploaded_files/userfiles/files/tiktok-free-textbooks_GM835599320.pdf",
        "https",
        "www.wearmyspex.com/uploaded_files/userfiles/files/robux-free-robux_GM431946152.pdf",
        "https",
        "www.wearmyspex.com/uploaded_files/userfiles/files/get-roebucks-com_GM431946152.pdf",
        "https",
        "www.wearmyspex.com/uploaded_files/userfiles/files/roblox-free-robux-website_GM431946152.pdf",
        "https",
        "www.wearmyspex.com/uploaded_files/userfiles/files/free-robux-stream_GM431946152.pdf",
        "https",
        "www.wearmyspex.com/uploaded_files/userfiles/files/how-to-get-free-spins-on-coin-master-2021_GM406889139.pdf",
        "https",
        "www.wearmyspex.com/uploaded_files/userfiles/files/infinite-robux_GM431946152.pdf",
        "https",
        "www.wearmyspex.com/uploaded_files/userfiles/files/pokemon-go-free-bag-upgrade_GM1094591345.pdf",
        "https",
        "www.wearmyspex.com/uploaded_files/userfiles/files/coin-master-free-spins-link-2021_GM406889139.pdf",
        "https",
        "www.wearmyspex.com/uploaded_files/userfiles/files/free-roblox-hack-us_GM431946152.pdf",
        "https",
        "www.wearmyspex.com/uploaded_files/userfiles/files/coin-master-free-coins_GM406889139.pdf",
        "https",
        "www.wearmyspex.com/uploaded_files/userfiles/files/games-that-give-free-robux_GM431946152.pdf",
        "https",
        "www.wearmyspex.com/uploaded_files/userfiles/files/coin-master-hack-tool-apk-download_GM406889139.pdf",
        "https",
        "www.wearmyspex.com/uploaded_files/userfiles/files/ultimate-driving-roblox-cheats_GM431946152.pdf",
        "https",
        "www.wearmyspex.com/uploaded_files/userfiles/files/free-robux-no-human-verification-or-survey-2021_GM431946152.pdf",
        "https",
        "www.wearmyspex.com/uploaded_files/userfiles/files/google-coin-master-free-spins_GM406889139.pdf"
    ],
    "scripts": {
        "iframe": [],
        "urls": []
    },
    "static_properties": {
        "JBIG2Decode": "0",
        "XML_forms": "0",
        "acro_form": "0",
        "auto_action": "0",
        "colors": "0",
        "cross_reference_table": "1",
        "embedded_files": "0",
        "file_size": "47",
        "java_script": "0",
        "js": "0",
        "launch_action": "0",
        "object_end": "65",
        "object_start": "65",
        "object_streams": "0",
        "open_action": "0",
        "page_count": "4",
        "rich_media": "0",
        "start_cross_reference_table": "1",
        "stream_end": "8",
        "stream_start": "9",
        "trailer_dictionary": "1"
    },
    "yara_signatures": [
        "without_attachments",
        "without_images",
        "with_urls",
        "invalid_trailer_structure",
        "contentis_base64"
    ]
}