{
    "exif_signatures": {},
    "file_size": 87115,
    "pdfid_signatures": {},
    "pypdf_uris": [
        "https://jumiwimov.ru/wix?keyword=new+idea+manure+spreader+specs",
        "https://uploads.strikinglycdn.com/files/c99498db-9ddc-4664-ac6d-82a8a5dd8760/24716758647.pdf",
        "https://s3.amazonaws.com/jasipefulaxiduj/barimosusobinufixilorus.pdf",
        "https://uploads.strikinglycdn.com/files/8124fae9-1d7d-4dfc-9450-18d86e4db494/radekiwuxar.pdf",
        "https://uploads.strikinglycdn.com/files/5bc8fa81-cfb7-432b-9fc0-7111d62e657d/analisis_literario_del_libro_el_caballero_de_la_armadura_oxidada.pdf",
        "https://uploads.strikinglycdn.com/files/87396579-7d3b-45af-b4a4-c738ee4f34fe/how_do_i_forward_calls_on_my_avaya_phone_6408d.pdf",
        "https://uploads.strikinglycdn.com/files/0458a2f4-7360-4313-99b1-22d62c5e093a/47810691200.pdf",
        "https://700ceb37-22d2-47c5-9888-d858af679aee.filesusr.com/ugd/c345b0_e46e4aa7b43a4e7e8d47e6170e0fb94a.pdf?index=true",
        "https://cdn.sqhk.co/palevisi/gX6Ghhq/traductor_de_43_idiomas_por_voz.pdf",
        "https://cdn.sqhk.co/numovasovev/jiKyPQC/nukuzenirajazel.pdf",
        "https://uploads.strikinglycdn.com/files/1b9682a3-9903-4a9d-a4dc-fd644d712f7c/ac_error_code_e0.pdf",
        "https://cdn.sqhk.co/mofosalamo/Bgh3qvS/vunumanolebibalul.pdf",
        "https://cdn.sqhk.co/wuwosexed/8jfidgg/super_boy_adventure_jungle_world_2019.pdf",
        "https://s3.amazonaws.com/jezaxojipevu/ielts_fever_listening_test_4_answers.pdf",
        "https://uploads.strikinglycdn.com/files/60966a3e-a605-4408-a4fa-c046e04bbf3a/what_is_the_short_run_cost_function.pdf",
        "https://uploads.strikinglycdn.com/files/7728561d-6339-46af-89c9-46bc1d6ea088/baldurs_gate_2_switch.pdf",
        "https://uploads.strikinglycdn.com/files/ad197172-47a9-412e-b4bd-196ee38fe5c9/magoteteb.pdf",
        "https://75e6061f-eb7a-4ce8-b546-077bf96366c3.filesusr.com/ugd/2dfd19_d21cab0eef6f494aa4d7f2fea0a288fb.pdf?index=true",
        "https://uploads.strikinglycdn.com/files/8c493dff-5e58-488f-9003-9f4fb66c7cea/70680504130.pdf",
        "https://uploads.strikinglycdn.com/files/a9ffd4a2-538e-417c-aca4-93751afd0aeb/16232763908.pdf",
        "https://42cc6f6d-9125-48bc-bce4-1bf15f49b1be.filesusr.com/ugd/7c30af_86096057f7d14df1b04bd29b9690f554.pdf?index=true",
        "https://s3.amazonaws.com/fuwawibu/snes_emulator_roms_pack.pdf",
        "https://01d67eed-50ba-4ccb-8f82-c1581f7ed07e.filesusr.com/ugd/e3325f_af6bbc7b7844435aa7b03e046a3e4135.pdf?index=true"
    ],
    "regex_uris": [
        "https://jumiwimov.ru/wix?keyword=new+idea+manure+spreader+specs",
        "https://uploads.strikinglycdn.com/files/c99498db-9ddc-4664-ac6d-82a8a5dd8760/24716758647.pdf",
        "https://s3.amazonaws.com/jasipefulaxiduj/barimosusobinufixilorus.pdf",
        "https://uploads.strikinglycdn.com/files/8124fae9-1d7d-4dfc-9450-18d86e4db494/radekiwuxar.pdf",
        "https://uploads.strikinglycdn.com/files/5bc8fa81-cfb7-432b-9fc0-7111d62e657d/analisis_literario_del_libro_el_caballero_de_la_armadura_oxidada.pdf",
        "https://uploads.strikinglycdn.com/files/87396579-7d3b-45af-b4a4-c738ee4f34fe/how_do_i_forward_calls_on_my_avaya_phone_6408d.pdf",
        "https://uploads.strikinglycdn.com/files/0458a2f4-7360-4313-99b1-22d62c5e093a/47810691200.pdf",
        "https://700ceb37-22d2-47c5-9888-d858af679aee.filesusr.com/ugd/c345b0_e46e4aa7b43a4e7e8d47e6170e0fb94a.pdf?index=true",
        "https://cdn.sqhk.co/palevisi/gX6Ghhq/traductor_de_43_idiomas_por_voz.pdf",
        "https://cdn.sqhk.co/numovasovev/jiKyPQC/nukuzenirajazel.pdf",
        "https://uploads.strikinglycdn.com/files/1b9682a3-9903-4a9d-a4dc-fd644d712f7c/ac_error_code_e0.pdf",
        "https://cdn.sqhk.co/mofosalamo/Bgh3qvS/vunumanolebibalul.pdf",
        "https://cdn.sqhk.co/wuwosexed/8jfidgg/super_boy_adventure_jungle_world_2019.pdf",
        "https://s3.amazonaws.com/jezaxojipevu/ielts_fever_listening_test_4_answers.pdf",
        "https://uploads.strikinglycdn.com/files/60966a3e-a605-4408-a4fa-c046e04bbf3a/what_is_the_short_run_cost_function.pdf",
        "https://uploads.strikinglycdn.com/files/7728561d-6339-46af-89c9-46bc1d6ea088/baldurs_gate_2_switch.pdf",
        "https://uploads.strikinglycdn.com/files/ad197172-47a9-412e-b4bd-196ee38fe5c9/magoteteb.pdf",
        "https://75e6061f-eb7a-4ce8-b546-077bf96366c3.filesusr.com/ugd/2dfd19_d21cab0eef6f494aa4d7f2fea0a288fb.pdf?index=true",
        "https://uploads.strikinglycdn.com/files/8c493dff-5e58-488f-9003-9f4fb66c7cea/70680504130.pdf",
        "https://uploads.strikinglycdn.com/files/a9ffd4a2-538e-417c-aca4-93751afd0aeb/16232763908.pdf",
        "https://42cc6f6d-9125-48bc-bce4-1bf15f49b1be.filesusr.com/ugd/7c30af_86096057f7d14df1b04bd29b9690f554.pdf?index=true",
        "https://s3.amazonaws.com/fuwawibu/snes_emulator_roms_pack.pdf",
        "https://01d67eed-50ba-4ccb-8f82-c1581f7ed07e.filesusr.com/ugd/e3325f_af6bbc7b7844435aa7b03e046a3e4135.pdf?index=true"
    ],
    "regex_urls": [
        "https",
        "https",
        "https",
        "https",
        "https",
        "https",
        "https",
        "https",
        "https",
        "https",
        "https",
        "https",
        "https",
        "https",
        "https",
        "https",
        "https",
        "https",
        "https",
        "https",
        "https",
        "https",
        "https",
        "http://www.w3.org/1999/02/22-rdf-syntax-ns#",
        "http://purl.org/dc/elements/1.1/",
        "http://ns.adobe.com/pdf/1.3/",
        "http://ns.adobe.com/xap/1.0/",
        "http://ns.adobe.com/xap/1.0/mm/",
        "http://ns.adobe.com/xap/1.0/rights/"
    ],
    "scripts": {
        "iframe": [],
        "urls": []
    },
    "static_properties": {
        "JBIG2Decode": "0",
        "XML_forms": "0",
        "acro_form": "0",
        "auto_action": "0",
        "colors": "0",
        "cross_reference_table": "2",
        "embedded_files": "0",
        "file_size": "87",
        "java_script": "0",
        "js": "0",
        "launch_action": "0",
        "object_end": "59",
        "object_start": "59",
        "object_streams": "0",
        "open_action": "0",
        "page_count": "2",
        "rich_media": "0",
        "start_cross_reference_table": "2",
        "stream_end": "8",
        "stream_start": "8",
        "trailer_dictionary": "2"
    },
    "yara_signatures": [
        "suspicious_packer_section",
        "without_attachments",
        "without_images",
        "with_urls",
        "invalid_trailer_structure",
        "multiple_versions",
        "contentis_base64",
        "Big_Numbers1"
    ]
}