{
    "exif_signatures": {},
    "file_size": 35684,
    "pdfid_signatures": {},
    "pypdf_uris": [
        "https://netcdn.xyz/app/835599320/tiktok-bots-free-game-hack",
        "https://netcdn.xyz/app/835599320/tiktok-bots-free-game-hack",
        "https://elearning.manicp.sch.id/__statics/gudangsoal/files/how-do-i-get-free-robux-on-roblox_GM431946152.pdf",
        "https://elearning.manicp.sch.id/__statics/gudangsoal/files/free-robux-hacks-no-verification_GM431946152.pdf",
        "https://elearning.manicp.sch.id/__statics/gudangsoal/files/coin-master-hack-without-verification-code_GM406889139.pdf",
        "https://elearning.manicp.sch.id/__statics/gudangsoal/files/coin-master-hack-app_GM406889139.pdf",
        "https://elearning.manicp.sch.id/__statics/gudangsoal/files/free-robux-for-kids_GM431946152.pdf"
    ],
    "regex_uris": [
        "https://netcdn.xyz/app/835599320/tiktok-bots-free-game-hack",
        "https://netcdn.xyz/app/835599320/tiktok-bots-free-game-hack",
        "https://elearning.manicp.sch.id/__statics/gudangsoal/files/how-do-i-get-free-robux-on-roblox_GM431946152.pdf",
        "https://elearning.manicp.sch.id/__statics/gudangsoal/files/free-robux-hacks-no-verification_GM431946152.pdf",
        "https://elearning.manicp.sch.id/__statics/gudangsoal/files/coin-master-hack-without-verification-code_GM406889139.pdf",
        "https://elearning.manicp.sch.id/__statics/gudangsoal/files/coin-master-hack-app_GM406889139.pdf",
        "https://elearning.manicp.sch.id/__statics/gudangsoal/files/free-robux-for-kids_GM431946152.pdf"
    ],
    "regex_urls": [
        "https",
        "https",
        "https",
        "https",
        "https",
        "https",
        "https"
    ],
    "scripts": {
        "iframe": [],
        "urls": []
    },
    "static_properties": {
        "JBIG2Decode": "0",
        "XML_forms": "0",
        "acro_form": "0",
        "auto_action": "0",
        "colors": "0",
        "cross_reference_table": "1",
        "embedded_files": "0",
        "file_size": "36",
        "java_script": "0",
        "js": "0",
        "launch_action": "0",
        "object_end": "40",
        "object_start": "40",
        "object_streams": "0",
        "open_action": "0",
        "page_count": "2",
        "rich_media": "0",
        "start_cross_reference_table": "1",
        "stream_end": "6",
        "stream_start": "6",
        "trailer_dictionary": "1"
    },
    "yara_signatures": [
        "without_attachments",
        "without_images",
        "with_urls",
        "invalid_trailer_structure",
        "contentis_base64"
    ]
}