{
    "exif_signatures": {},
    "file_size": 44684,
    "pdfid_signatures": {},
    "pypdf_uris": [
        "https://netcdn.xyz/app/431946152/kuso-icu-roblox-hack-game-hack",
        "https://netcdn.xyz/app/431946152/kuso-icu-roblox-hack-game-hack",
        "https://elearning.mtsn2pml.sch.id/__statics/gudangsoal/files/coin-master-free-spins-link-download-hack_GM406889139.pdf",
        "https://elearning.mtsn2pml.sch.id/__statics/gudangsoal/files/robux-generator-2021_GM431946152.pdf",
        "https://elearning.mtsn2pml.sch.id/__statics/gudangsoal/files/where-can-i-get-free-spins-for-coin-master_GM406889139.pdf",
        "https://elearning.mtsn2pml.sch.id/__statics/gudangsoal/files/coin-master-free-spins-link-no-verification-2021_GM406889139.pdf",
        "https://elearning.mtsn2pml.sch.id/__statics/gudangsoal/files/coin-master-hacking-news_GM406889139.pdf",
        "https://elearning.mtsn2pml.sch.id/__statics/gudangsoal/files/minecraft-free-download-mac_GM479516143.pdf",
        "https://elearning.mtsn2pml.sch.id/__statics/gudangsoal/files/free-promo-codes-for-robux_GM431946152.pdf",
        "https://elearning.mtsn2pml.sch.id/__statics/gudangsoal/files/how-to-get-roblox-credit-for-free_GM431946152.pdf",
        "https://elearning.mtsn2pml.sch.id/__statics/gudangsoal/files/how-to-get-free-robux-without-downloading-apps_GM431946152.pdf",
        "https://elearning.mtsn2pml.sch.id/__statics/gudangsoal/files/free-coin-master-game_GM406889139.pdf",
        "https://elearning.mtsn2pml.sch.id/__statics/gudangsoal/files/how-to-make-free-robux_GM431946152.pdf",
        "https://elearning.mtsn2pml.sch.id/__statics/gudangsoal/files/robux-free-online_GM431946152.pdf",
        "https://elearning.mtsn2pml.sch.id/__statics/gudangsoal/files/free-robux-websites-that-work_GM431946152.pdf",
        "https://elearning.mtsn2pml.sch.id/__statics/gudangsoal/files/how-to-get-free-robux-promo-codes_GM431946152.pdf",
        "https://elearning.mtsn2pml.sch.id/__statics/gudangsoal/files/client-minecraft_GM479516143.pdf",
        "https://elearning.mtsn2pml.sch.id/__statics/gudangsoal/files/fast-robux-online_GM431946152.pdf",
        "https://elearning.mtsn2pml.sch.id/__statics/gudangsoal/files/coin-master-fan-page-free-spins_GM406889139.pdf",
        "https://elearning.mtsn2pml.sch.id/__statics/gudangsoal/files/daily-free-spin-link-for-coin-master_GM406889139.pdf",
        "https://elearning.mtsn2pml.sch.id/__statics/gudangsoal/files/best-free-minecraft-hacked-client_GM479516143.pdf",
        "https://elearning.mtsn2pml.sch.id/__statics/gudangsoal/files/coin-master-daily-rewards_GM406889139.pdf"
    ],
    "regex_uris": [
        "https://netcdn.xyz/app/431946152/kuso-icu-roblox-hack-game-hack",
        "https://netcdn.xyz/app/431946152/kuso-icu-roblox-hack-game-hack",
        "https://elearning.mtsn2pml.sch.id/__statics/gudangsoal/files/coin-master-free-spins-link-download-hack_GM406889139.pdf",
        "https://elearning.mtsn2pml.sch.id/__statics/gudangsoal/files/robux-generator-2021_GM431946152.pdf",
        "https://elearning.mtsn2pml.sch.id/__statics/gudangsoal/files/where-can-i-get-free-spins-for-coin-master_GM406889139.pdf",
        "https://elearning.mtsn2pml.sch.id/__statics/gudangsoal/files/coin-master-free-spins-link-no-verification-2021_GM406889139.pdf",
        "https://elearning.mtsn2pml.sch.id/__statics/gudangsoal/files/coin-master-hacking-news_GM406889139.pdf",
        "https://elearning.mtsn2pml.sch.id/__statics/gudangsoal/files/minecraft-free-download-mac_GM479516143.pdf",
        "https://elearning.mtsn2pml.sch.id/__statics/gudangsoal/files/free-promo-codes-for-robux_GM431946152.pdf",
        "https://elearning.mtsn2pml.sch.id/__statics/gudangsoal/files/how-to-get-roblox-credit-for-free_GM431946152.pdf",
        "https://elearning.mtsn2pml.sch.id/__statics/gudangsoal/files/how-to-get-free-robux-without-downloading-apps_GM431946152.pdf",
        "https://elearning.mtsn2pml.sch.id/__statics/gudangsoal/files/free-coin-master-game_GM406889139.pdf",
        "https://elearning.mtsn2pml.sch.id/__statics/gudangsoal/files/how-to-make-free-robux_GM431946152.pdf",
        "https://elearning.mtsn2pml.sch.id/__statics/gudangsoal/files/robux-free-online_GM431946152.pdf",
        "https://elearning.mtsn2pml.sch.id/__statics/gudangsoal/files/free-robux-websites-that-work_GM431946152.pdf",
        "https://elearning.mtsn2pml.sch.id/__statics/gudangsoal/files/how-to-get-free-robux-promo-codes_GM431946152.pdf",
        "https://elearning.mtsn2pml.sch.id/__statics/gudangsoal/files/client-minecraft_GM479516143.pdf",
        "https://elearning.mtsn2pml.sch.id/__statics/gudangsoal/files/fast-robux-online_GM431946152.pdf",
        "https://elearning.mtsn2pml.sch.id/__statics/gudangsoal/files/coin-master-fan-page-free-spins_GM406889139.pdf",
        "https://elearning.mtsn2pml.sch.id/__statics/gudangsoal/files/daily-free-spin-link-for-coin-master_GM406889139.pdf",
        "https://elearning.mtsn2pml.sch.id/__statics/gudangsoal/files/best-free-minecraft-hacked-client_GM479516143.pdf",
        "https://elearning.mtsn2pml.sch.id/__statics/gudangsoal/files/coin-master-daily-rewards_GM406889139.pdf"
    ],
    "regex_urls": [
        "https",
        "https",
        "https",
        "https",
        "https",
        "https",
        "https",
        "https",
        "https",
        "https",
        "https",
        "https",
        "https",
        "https",
        "https",
        "https",
        "https",
        "https",
        "https",
        "https",
        "https",
        "https"
    ],
    "scripts": {
        "iframe": [],
        "urls": []
    },
    "static_properties": {
        "JBIG2Decode": "0",
        "XML_forms": "0",
        "acro_form": "0",
        "auto_action": "0",
        "colors": "0",
        "cross_reference_table": "1",
        "embedded_files": "0",
        "file_size": "45",
        "java_script": "0",
        "js": "0",
        "launch_action": "0",
        "object_end": "60",
        "object_start": "60",
        "object_streams": "0",
        "open_action": "0",
        "page_count": "3",
        "rich_media": "0",
        "start_cross_reference_table": "1",
        "stream_end": "7",
        "stream_start": "7",
        "trailer_dictionary": "1"
    },
    "yara_signatures": [
        "without_attachments",
        "without_images",
        "with_urls",
        "invalid_trailer_structure",
        "contentis_base64"
    ]
}