{
    "exif_signatures": {},
    "file_size": 566161,
    "pdfid_signatures": {},
    "pypdf_uris": [
        "https://lovig.co.za/XSRYdR1H?utm_term=tener+worksheet+resources+3rd+graders+free+printables",
        "http://street.bpv.su/content/files/files/44826000856.pdf",
        "https://tuinvandecruys.be/file/38373301110.pdf",
        "https://oilspecchem.com/files/ludotesakem.pdf",
        "https://motiwalainstitutes.org/userfiles/file/tubomaxarufofi.pdf",
        "https://gebejisidimi.weebly.com/uploads/1/3/5/3/135302949/mitoziw-bavodipamo-bijilepofo.pdf",
        "https://kfk-dekoration.dk/images/uploadedimages/file/4195072196.pdf",
        "http://www.1atlanticfunding.com/wp-content/plugins/formcraft/file-upload/server/content/files/16232a16384d77---20855667603.pdf",
        "https://agrovita.by/upload/editor/files/15614156155.pdf",
        "https://gexamamolaro.weebly.com/uploads/1/3/4/6/134640589/7523521.pdf",
        "https://sakovoten.weebly.com/uploads/1/4/1/8/141851728/b8212813f0.pdf",
        "https://jeneifogaszat.hu/cikkdata/files/1991366348.pdf",
        "https://nanejebowobo.weebly.com/uploads/1/3/1/1/131163631/d09809bc63d7.pdf",
        "https://ragidogatekanex.weebly.com/uploads/1/3/4/3/134388076/sibupomemajilox-vaweriwadepi.pdf",
        "https://degodowaserujes.weebly.com/uploads/1/3/4/4/134494515/pafapetujuzav.pdf",
        "http://www.1000ena.com/wp-content/plugins/formcraft/file-upload/server/content/files/1629b281016fd9---zakepepeximatapusojosiw.pdf",
        "http://xyr59.com/filespath/files/20220502012301.pdf",
        "https://commonlawhouse.in/userfiles/file/85540363302.pdf",
        "https://gakukejof.weebly.com/uploads/1/4/1/3/141376024/zawane-pidisotosedemun.pdf",
        "https://pilituxasi.weebly.com/uploads/1/3/4/6/134685590/2dcc40135f.pdf",
        "http://africamusicindex.com/images/files/sirogudorununusemeposibe.pdf",
        "https://petrovsky14.ru/docs/files/zikogepovas.pdf",
        "https://finirawex.weebly.com/uploads/1/3/2/7/132741073/zimigopovib.pdf",
        "http://travelweeklearningcenter.com/app/webroot/upload/files/kopozanape.pdf",
        "http://baltyk.recykling-rejs.pl/imgturysta/files/1216569741.pdf",
        "https://dalosetog.weebly.com/uploads/1/3/1/4/131412235/totoser.pdf",
        "https://reflectionsseries.gilmorgenstern.com/userfiles/File/16144309980.pdf",
        "https://braviengenharia.com.br/wp-content/plugins/super-forms/uploads/php/files/ci8craef3qmjru1tpsfbn286rc/98690318480.pdf",
        "https://defugelunek.weebly.com/uploads/1/3/4/5/134524545/1393988.pdf",
        "https://pamibatofenowa.weebly.com/uploads/1/3/4/5/134525539/7258217.pdf",
        "https://nimimemuxigu.weebly.com/uploads/1/3/4/4/134488465/f0f325bbd.pdf",
        "http://parmalab.it/userfiles/files/67117300060.pdf",
        "https://butalakozabamej.weebly.com/uploads/1/4/1/8/141856985/wixifugomifotat_nisujofelunali.pdf",
        "https://pebenari.weebly.com/uploads/1/3/4/5/134518206/6059955.pdf",
        "https://xegogebereduxu.weebly.com/uploads/1/3/1/1/131164392/zijamesuxo.pdf"
    ],
    "regex_uris": [
        "https://lovig.co.za/XSRYdR1H?utm_term=tener+worksheet+resources+3rd+graders+free+printables",
        "http://street.bpv.su/content/files/files/44826000856.pdf",
        "https://tuinvandecruys.be/file/38373301110.pdf",
        "https://oilspecchem.com/files/ludotesakem.pdf",
        "https://motiwalainstitutes.org/userfiles/file/tubomaxarufofi.pdf",
        "https://gebejisidimi.weebly.com/uploads/1/3/5/3/135302949/mitoziw-bavodipamo-bijilepofo.pdf",
        "https://kfk-dekoration.dk/images/uploadedimages/file/4195072196.pdf",
        "http://www.1atlanticfunding.com/wp-content/plugins/formcraft/file-upload/server/content/files/16232a16384d77---20855667603.pdf",
        "https://agrovita.by/upload/editor/files/15614156155.pdf",
        "https://gexamamolaro.weebly.com/uploads/1/3/4/6/134640589/7523521.pdf",
        "https://sakovoten.weebly.com/uploads/1/4/1/8/141851728/b8212813f0.pdf",
        "https://jeneifogaszat.hu/cikkdata/files/1991366348.pdf",
        "https://nanejebowobo.weebly.com/uploads/1/3/1/1/131163631/d09809bc63d7.pdf",
        "https://ragidogatekanex.weebly.com/uploads/1/3/4/3/134388076/sibupomemajilox-vaweriwadepi.pdf",
        "https://degodowaserujes.weebly.com/uploads/1/3/4/4/134494515/pafapetujuzav.pdf",
        "http://www.1000ena.com/wp-content/plugins/formcraft/file-upload/server/content/files/1629b281016fd9---zakepepeximatapusojosiw.pdf",
        "http://xyr59.com/filespath/files/20220502012301.pdf",
        "https://commonlawhouse.in/userfiles/file/85540363302.pdf",
        "https://gakukejof.weebly.com/uploads/1/4/1/3/141376024/zawane-pidisotosedemun.pdf",
        "https://pilituxasi.weebly.com/uploads/1/3/4/6/134685590/2dcc40135f.pdf",
        "http://africamusicindex.com/images/files/sirogudorununusemeposibe.pdf",
        "https://petrovsky14.ru/docs/files/zikogepovas.pdf",
        "https://finirawex.weebly.com/uploads/1/3/2/7/132741073/zimigopovib.pdf",
        "http://travelweeklearningcenter.com/app/webroot/upload/files/kopozanape.pdf",
        "http://baltyk.recykling-rejs.pl/imgturysta/files/1216569741.pdf",
        "https://dalosetog.weebly.com/uploads/1/3/1/4/131412235/totoser.pdf",
        "https://reflectionsseries.gilmorgenstern.com/userfiles/File/16144309980.pdf",
        "https://braviengenharia.com.br/wp-content/plugins/super-forms/uploads/php/files/ci8craef3qmjru1tpsfbn286rc/98690318480.pdf",
        "https://defugelunek.weebly.com/uploads/1/3/4/5/134524545/1393988.pdf",
        "https://pamibatofenowa.weebly.com/uploads/1/3/4/5/134525539/7258217.pdf",
        "https://nimimemuxigu.weebly.com/uploads/1/3/4/4/134488465/f0f325bbd.pdf",
        "http://parmalab.it/userfiles/files/67117300060.pdf",
        "https://butalakozabamej.weebly.com/uploads/1/4/1/8/141856985/wixifugomifotat_nisujofelunali.pdf",
        "https://pebenari.weebly.com/uploads/1/3/4/5/134518206/6059955.pdf",
        "https://xegogebereduxu.weebly.com/uploads/1/3/1/1/131164392/zijamesuxo.pdf"
    ],
    "regex_urls": [
        "https",
        "http://street.bpv.su/content/files/files/44826000856.pdf",
        "https",
        "https",
        "https",
        "https",
        "https",
        "http://www.1atlanticfunding.com/wp-content/plugins/formcraft/file-upload/server/content/files/16232a16384d77---20855667603.pdf",
        "https",
        "https",
        "https",
        "https",
        "https",
        "https",
        "https",
        "http://www.1000ena.com/wp-content/plugins/formcraft/file-upload/server/content/files/1629b281016fd9---zakepepeximatapusojosiw.pdf",
        "http://xyr59.com/filespath/files/20220502012301.pdf",
        "https",
        "https",
        "https",
        "http://africamusicindex.com/images/files/sirogudorununusemeposibe.pdf",
        "https",
        "https",
        "http://travelweeklearningcenter.com/app/webroot/upload/files/kopozanape.pdf",
        "http://baltyk.recykling-rejs.pl/imgturysta/files/1216569741.pdf",
        "https",
        "https",
        "https",
        "https",
        "https",
        "https",
        "http://parmalab.it/userfiles/files/67117300060.pdf",
        "https",
        "https",
        "https",
        "http://www.w3.org/1999/02/22-rdf-syntax-ns#",
        "http://purl.org/dc/elements/1.1/",
        "http://ns.adobe.com/pdf/1.3/",
        "http://ns.adobe.com/xap/1.0/",
        "http://ns.adobe.com/xap/1.0/mm/",
        "http://ns.adobe.com/xap/1.0/rights/"
    ],
    "scripts": {
        "iframe": [],
        "urls": []
    },
    "static_properties": {
        "JBIG2Decode": "0",
        "XML_forms": "0",
        "acro_form": "0",
        "auto_action": "0",
        "colors": "0",
        "cross_reference_table": "2",
        "embedded_files": "0",
        "file_size": "566",
        "java_script": "0",
        "js": "0",
        "launch_action": "0",
        "object_end": "98",
        "object_start": "98",
        "object_streams": "0",
        "open_action": "0",
        "page_count": "4",
        "rich_media": "0",
        "start_cross_reference_table": "2",
        "stream_end": "21",
        "stream_start": "21",
        "trailer_dictionary": "2"
    },
    "yara_signatures": []
}