{
    "exif_signatures": {},
    "file_size": 258955,
    "pdfid_signatures": {},
    "pypdf_uris": [
        "https://loheb.co.za/XSRYdR1H?utm_term=beyond+compare+for+windows+7+free",
        "https://zovavofesaduj.weebly.com/uploads/1/3/4/7/134770402/5023751.pdf",
        "https://gumabudisipinef.weebly.com/uploads/1/3/2/7/132712006/f29b44b.pdf",
        "https://mibiduzomezo.weebly.com/uploads/1/3/5/3/135327428/reridudozukin.pdf",
        "https://taguraridefukal.weebly.com/uploads/1/3/4/4/134446716/gulibisaxotoxov.pdf",
        "https://jubiporosevuzu.weebly.com/uploads/1/3/2/6/132695682/dalur.pdf",
        "https://tapegunufega.weebly.com/uploads/1/3/4/6/134649957/nazek.pdf",
        "https://bamewubi.weebly.com/uploads/1/3/2/3/132303354/tumifuvegewafi.pdf",
        "https://dadekubezaxinis.weebly.com/uploads/1/3/2/7/132740399/pakuguxipokide-fetaf.pdf",
        "https://wezawelo.weebly.com/uploads/1/3/0/8/130813956/47d28e.pdf",
        "https://fexemefamerera.weebly.com/uploads/1/3/4/2/134236105/1845671.pdf",
        "https://musaseruvadix.weebly.com/uploads/1/3/4/5/134581888/marorigamolufebolaru.pdf",
        "https://jokinelowele.weebly.com/uploads/1/4/1/2/141281788/a7b21e3b401.pdf",
        "https://verobegami.weebly.com/uploads/1/3/0/8/130814611/3322979.pdf",
        "https://zawukidunizilo.weebly.com/uploads/1/4/1/3/141344262/9615695.pdf",
        "https://zedafirulatako.weebly.com/uploads/1/3/4/5/134584693/1658a43106eca.pdf",
        "https://mibugekokedepi.weebly.com/uploads/1/3/2/6/132682655/5b802ae5316aa3.pdf",
        "http://www.banzolaassociati.com/gestlab/kcfinder/upload/files/komorakuzanomogonijesed.pdf",
        "https://sukojafura.weebly.com/uploads/1/3/4/6/134632918/resetanodixodog_jovikojezesipow.pdf",
        "https://laxonetamaj.weebly.com/uploads/1/3/4/0/134096763/03abea.pdf",
        "https://minadefimufev.weebly.com/uploads/1/3/4/6/134635785/19072bc082418.pdf",
        "https://jawuwezovik.weebly.com/uploads/1/4/1/2/141257201/3475840.pdf",
        "https://dutajidadu.weebly.com/uploads/1/3/4/7/134730474/nofida.pdf",
        "https://livesagu.weebly.com/uploads/1/3/1/4/131437401/1040715.pdf",
        "http://thecpg.org/kcfinder/upload/files/xeritukaz.pdf",
        "https://funavekun.weebly.com/uploads/1/3/0/9/130969801/3026d6d82d6f9.pdf",
        "https://mumojugaweweran.weebly.com/uploads/1/3/1/0/131070520/safim_muwiv.pdf",
        "https://kilosite.weebly.com/uploads/1/3/0/7/130739696/9ba9e6.pdf",
        "https://nomukemometikuf.weebly.com/uploads/1/3/1/4/131483138/6272d867a6164.pdf"
    ],
    "regex_uris": [
        "https://loheb.co.za/XSRYdR1H?utm_term=beyond+compare+for+windows+7+free",
        "https://zovavofesaduj.weebly.com/uploads/1/3/4/7/134770402/5023751.pdf",
        "https://gumabudisipinef.weebly.com/uploads/1/3/2/7/132712006/f29b44b.pdf",
        "https://mibiduzomezo.weebly.com/uploads/1/3/5/3/135327428/reridudozukin.pdf",
        "https://taguraridefukal.weebly.com/uploads/1/3/4/4/134446716/gulibisaxotoxov.pdf",
        "https://jubiporosevuzu.weebly.com/uploads/1/3/2/6/132695682/dalur.pdf",
        "https://tapegunufega.weebly.com/uploads/1/3/4/6/134649957/nazek.pdf",
        "https://bamewubi.weebly.com/uploads/1/3/2/3/132303354/tumifuvegewafi.pdf",
        "https://dadekubezaxinis.weebly.com/uploads/1/3/2/7/132740399/pakuguxipokide-fetaf.pdf",
        "https://wezawelo.weebly.com/uploads/1/3/0/8/130813956/47d28e.pdf",
        "https://fexemefamerera.weebly.com/uploads/1/3/4/2/134236105/1845671.pdf",
        "https://musaseruvadix.weebly.com/uploads/1/3/4/5/134581888/marorigamolufebolaru.pdf",
        "https://jokinelowele.weebly.com/uploads/1/4/1/2/141281788/a7b21e3b401.pdf",
        "https://verobegami.weebly.com/uploads/1/3/0/8/130814611/3322979.pdf",
        "https://zawukidunizilo.weebly.com/uploads/1/4/1/3/141344262/9615695.pdf",
        "https://zedafirulatako.weebly.com/uploads/1/3/4/5/134584693/1658a43106eca.pdf",
        "https://mibugekokedepi.weebly.com/uploads/1/3/2/6/132682655/5b802ae5316aa3.pdf",
        "http://www.banzolaassociati.com/gestlab/kcfinder/upload/files/komorakuzanomogonijesed.pdf",
        "https://sukojafura.weebly.com/uploads/1/3/4/6/134632918/resetanodixodog_jovikojezesipow.pdf",
        "https://laxonetamaj.weebly.com/uploads/1/3/4/0/134096763/03abea.pdf",
        "https://minadefimufev.weebly.com/uploads/1/3/4/6/134635785/19072bc082418.pdf",
        "https://jawuwezovik.weebly.com/uploads/1/4/1/2/141257201/3475840.pdf",
        "https://dutajidadu.weebly.com/uploads/1/3/4/7/134730474/nofida.pdf",
        "https://livesagu.weebly.com/uploads/1/3/1/4/131437401/1040715.pdf",
        "http://thecpg.org/kcfinder/upload/files/xeritukaz.pdf",
        "https://funavekun.weebly.com/uploads/1/3/0/9/130969801/3026d6d82d6f9.pdf",
        "https://mumojugaweweran.weebly.com/uploads/1/3/1/0/131070520/safim_muwiv.pdf",
        "https://kilosite.weebly.com/uploads/1/3/0/7/130739696/9ba9e6.pdf",
        "https://nomukemometikuf.weebly.com/uploads/1/3/1/4/131483138/6272d867a6164.pdf"
    ],
    "regex_urls": [
        "https",
        "https",
        "https",
        "https",
        "https",
        "https",
        "https",
        "https",
        "https",
        "https",
        "https",
        "https",
        "https",
        "https",
        "https",
        "https",
        "https",
        "http://www.banzolaassociati.com/gestlab/kcfinder/upload/files/komorakuzanomogonijesed.pdf",
        "https",
        "https",
        "https",
        "https",
        "https",
        "https",
        "http://thecpg.org/kcfinder/upload/files/xeritukaz.pdf",
        "https",
        "https",
        "https",
        "https",
        "http://www.w3.org/1999/02/22-rdf-syntax-ns#",
        "http://purl.org/dc/elements/1.1/",
        "http://ns.adobe.com/pdf/1.3/",
        "http://ns.adobe.com/xap/1.0/",
        "http://ns.adobe.com/xap/1.0/mm/",
        "http://ns.adobe.com/xap/1.0/rights/"
    ],
    "scripts": {
        "iframe": [],
        "urls": []
    },
    "static_properties": {
        "JBIG2Decode": "0",
        "XML_forms": "0",
        "acro_form": "0",
        "auto_action": "0",
        "colors": "0",
        "cross_reference_table": "2",
        "embedded_files": "0",
        "file_size": "259",
        "java_script": "0",
        "js": "0",
        "launch_action": "0",
        "object_end": "85",
        "object_start": "85",
        "object_streams": "0",
        "open_action": "0",
        "page_count": "3",
        "rich_media": "0",
        "start_cross_reference_table": "2",
        "stream_end": "19",
        "stream_start": "19",
        "trailer_dictionary": "2"
    },
    "yara_signatures": [
        "without_attachments",
        "without_images",
        "with_urls",
        "invalid_trailer_structure",
        "multiple_versions",
        "contentis_base64"
    ]
}