{
    "exif_signatures": {},
    "file_size": 35299,
    "pdfid_signatures": {},
    "pypdf_uris": [
        "http://netcdn.tw/app/431946152/free-robux-without-human-verification-game-hack",
        "http://netcdn.tw/app/431946152/free-robux-without-human-verification-game-hack",
        "https://www.tvoyo.tv/ckfinder/userfiles/files/roblox-tuto-hack_GM431946152.pdf",
        "https://www.tvoyo.tv/ckfinder/userfiles/files/free-robux-accounts_GM431946152.pdf",
        "https://www.tvoyo.tv/ckfinder/userfiles/files/real-free-robux-generator_GM431946152.pdf",
        "https://www.tvoyo.tv/ckfinder/userfiles/files/jailbreak-roblox-hack_GM431946152.pdf",
        "https://www.tvoyo.tv/ckfinder/userfiles/files/coin-master-free-spins-link-2021_GM406889139.pdf",
        "https://www.tvoyo.tv/ckfinder/userfiles/files/coin-master-hack-mod-apk-free-download_GM406889139.pdf",
        "https://www.tvoyo.tv/ckfinder/userfiles/files/op-rewards-robux_GM431946152.pdf",
        "https://www.tvoyo.tv/ckfinder/userfiles/files/how-to-get-20210-robux-for-free_GM431946152.pdf",
        "https://www.tvoyo.tv/ckfinder/userfiles/files/hack-crack-for-coin-master-currency_GM406889139.pdf",
        "https://www.tvoyo.tv/ckfinder/userfiles/files/how-to-change-name-in-roblox-for-free_GM431946152.pdf",
        "https://www.tvoyo.tv/ckfinder/userfiles/files/daily-free-spins-for-coin-master_GM406889139.pdf",
        "https://www.tvoyo.tv/ckfinder/userfiles/files/how-to-get-more-robux_GM431946152.pdf",
        "https://www.tvoyo.tv/ckfinder/userfiles/files/how-to-win-free-robux_GM431946152.pdf",
        "https://www.tvoyo.tv/ckfinder/userfiles/files/how-to-get-free-robux-no-glitch_GM431946152.pdf",
        "https://www.tvoyo.tv/ckfinder/userfiles/files/coin-master-free-spins-link-blogspot-today_GM406889139.pdf",
        "https://www.tvoyo.tv/ckfinder/userfiles/files/free-coin-master-hacks-no-verification_GM406889139.pdf",
        "https://www.tvoyo.tv/ckfinder/userfiles/files/hacking-into-a-online-account-roblox_GM431946152.pdf",
        "https://www.tvoyo.tv/ckfinder/userfiles/files/coin-master-2021-free-spins-link-2021_GM406889139.pdf",
        "https://www.tvoyo.tv/ckfinder/userfiles/files/legit-coin-master-hack_GM406889139.pdf",
        "https://www.tvoyo.tv/ckfinder/userfiles/files/minecraft-apk-free-download_GM479516143.pdf"
    ],
    "regex_uris": [
        "http://netcdn.tw/app/431946152/free-robux-without-human-verification-game-hack",
        "http://netcdn.tw/app/431946152/free-robux-without-human-verification-game-hack",
        "https://www.tvoyo.tv/ckfinder/userfiles/files/roblox-tuto-hack_GM431946152.pdf",
        "https://www.tvoyo.tv/ckfinder/userfiles/files/free-robux-accounts_GM431946152.pdf",
        "https://www.tvoyo.tv/ckfinder/userfiles/files/real-free-robux-generator_GM431946152.pdf",
        "https://www.tvoyo.tv/ckfinder/userfiles/files/jailbreak-roblox-hack_GM431946152.pdf",
        "https://www.tvoyo.tv/ckfinder/userfiles/files/coin-master-free-spins-link-2021_GM406889139.pdf",
        "https://www.tvoyo.tv/ckfinder/userfiles/files/coin-master-hack-mod-apk-free-download_GM406889139.pdf",
        "https://www.tvoyo.tv/ckfinder/userfiles/files/op-rewards-robux_GM431946152.pdf",
        "https://www.tvoyo.tv/ckfinder/userfiles/files/how-to-get-20210-robux-for-free_GM431946152.pdf",
        "https://www.tvoyo.tv/ckfinder/userfiles/files/hack-crack-for-coin-master-currency_GM406889139.pdf",
        "https://www.tvoyo.tv/ckfinder/userfiles/files/how-to-change-name-in-roblox-for-free_GM431946152.pdf",
        "https://www.tvoyo.tv/ckfinder/userfiles/files/daily-free-spins-for-coin-master_GM406889139.pdf",
        "https://www.tvoyo.tv/ckfinder/userfiles/files/how-to-get-more-robux_GM431946152.pdf",
        "https://www.tvoyo.tv/ckfinder/userfiles/files/how-to-win-free-robux_GM431946152.pdf",
        "https://www.tvoyo.tv/ckfinder/userfiles/files/how-to-get-free-robux-no-glitch_GM431946152.pdf",
        "https://www.tvoyo.tv/ckfinder/userfiles/files/coin-master-free-spins-link-blogspot-today_GM406889139.pdf",
        "https://www.tvoyo.tv/ckfinder/userfiles/files/free-coin-master-hacks-no-verification_GM406889139.pdf",
        "https://www.tvoyo.tv/ckfinder/userfiles/files/hacking-into-a-online-account-roblox_GM431946152.pdf",
        "https://www.tvoyo.tv/ckfinder/userfiles/files/coin-master-2021-free-spins-link-2021_GM406889139.pdf",
        "https://www.tvoyo.tv/ckfinder/userfiles/files/legit-coin-master-hack_GM406889139.pdf",
        "https://www.tvoyo.tv/ckfinder/userfiles/files/minecraft-apk-free-download_GM479516143.pdf"
    ],
    "regex_urls": [
        "http://netcdn.tw/app/431946152/free-robux-without-human-verification-game-hack",
        "http://netcdn.tw/app/431946152/free-robux-without-human-verification-game-hack",
        "https",
        "www.tvoyo.tv/ckfinder/userfiles/files/roblox-tuto-hack_GM431946152.pdf",
        "https",
        "www.tvoyo.tv/ckfinder/userfiles/files/free-robux-accounts_GM431946152.pdf",
        "https",
        "www.tvoyo.tv/ckfinder/userfiles/files/real-free-robux-generator_GM431946152.pdf",
        "https",
        "www.tvoyo.tv/ckfinder/userfiles/files/jailbreak-roblox-hack_GM431946152.pdf",
        "https",
        "www.tvoyo.tv/ckfinder/userfiles/files/coin-master-free-spins-link-2021_GM406889139.pdf",
        "https",
        "www.tvoyo.tv/ckfinder/userfiles/files/coin-master-hack-mod-apk-free-download_GM406889139.pdf",
        "https",
        "www.tvoyo.tv/ckfinder/userfiles/files/op-rewards-robux_GM431946152.pdf",
        "https",
        "www.tvoyo.tv/ckfinder/userfiles/files/how-to-get-20210-robux-for-free_GM431946152.pdf",
        "https",
        "www.tvoyo.tv/ckfinder/userfiles/files/hack-crack-for-coin-master-currency_GM406889139.pdf",
        "https",
        "www.tvoyo.tv/ckfinder/userfiles/files/how-to-change-name-in-roblox-for-free_GM431946152.pdf",
        "https",
        "www.tvoyo.tv/ckfinder/userfiles/files/daily-free-spins-for-coin-master_GM406889139.pdf",
        "https",
        "www.tvoyo.tv/ckfinder/userfiles/files/how-to-get-more-robux_GM431946152.pdf",
        "https",
        "www.tvoyo.tv/ckfinder/userfiles/files/how-to-win-free-robux_GM431946152.pdf",
        "https",
        "www.tvoyo.tv/ckfinder/userfiles/files/how-to-get-free-robux-no-glitch_GM431946152.pdf",
        "https",
        "www.tvoyo.tv/ckfinder/userfiles/files/coin-master-free-spins-link-blogspot-today_GM406889139.pdf",
        "https",
        "www.tvoyo.tv/ckfinder/userfiles/files/free-coin-master-hacks-no-verification_GM406889139.pdf",
        "https",
        "www.tvoyo.tv/ckfinder/userfiles/files/hacking-into-a-online-account-roblox_GM431946152.pdf",
        "https",
        "www.tvoyo.tv/ckfinder/userfiles/files/coin-master-2021-free-spins-link-2021_GM406889139.pdf",
        "https",
        "www.tvoyo.tv/ckfinder/userfiles/files/legit-coin-master-hack_GM406889139.pdf",
        "https",
        "www.tvoyo.tv/ckfinder/userfiles/files/minecraft-apk-free-download_GM479516143.pdf"
    ],
    "scripts": {
        "iframe": [],
        "urls": []
    },
    "static_properties": {
        "JBIG2Decode": "0",
        "XML_forms": "0",
        "acro_form": "0",
        "auto_action": "0",
        "colors": "0",
        "cross_reference_table": "1",
        "embedded_files": "0",
        "file_size": "35",
        "java_script": "0",
        "js": "0",
        "launch_action": "0",
        "object_end": "55",
        "object_start": "55",
        "object_streams": "0",
        "open_action": "0",
        "page_count": "2",
        "rich_media": "0",
        "start_cross_reference_table": "1",
        "stream_end": "6",
        "stream_start": "6",
        "trailer_dictionary": "1"
    },
    "yara_signatures": [
        "without_attachments",
        "without_images",
        "with_urls",
        "invalid_trailer_structure",
        "contentis_base64"
    ]
}