{
    "exif_signatures": {},
    "file_size": 118063,
    "pdfid_signatures": {},
    "pypdf_uris": [
        "http://dawnloadonline.com/discovered]/degenerated/modulating?cG93ZXJtYXAgejkgdGhhaWxhbmQgbWFwIEZVTEwgVmVyc2lvbiBkb3dubG9hZAcG9=landscapers&playfulness=ZG93bmxvYWR8V1QzYkRjNWRYeDhNVFkyTWpZNE1ETTVNSHg4TWpVNU1IeDhLRTBwSUZkdmNtUndjbVZ6Y3lCYldFMU1VbEJESUZZeUlGQkVSbDA",
        "https://www.chimfab.com/bascom-avr-2-0-7-5-crack-new/",
        "https://keephush.net/wp-content/uploads/2022/09/Dehn_Software_Crack.pdf",
        "https://www.vakantiehuiswinkel.nl/mega-man-legacy-collection-trainer/",
        "https://jbmparish.com/photo-galleries/choudenshi-bioman-ep-1-51-english-subbed-1-link",
        "http://contabeissemsegredos.com/dynasty-warriors-6-nude-modgolkes/",
        "https://nightshow.pro/wp-content/uploads/2022/09/Silabus_Rpp_Fiqih_Berkarakter_Mts_Kelas_Vii_Viii_Ix__Tested.pdf",
        "http://1room.dk/wp-content/uploads/2022/09/The_Fastest_Fist_Full_Crack_torrent_Full_HOT.pdf",
        "http://www.dblxxposure.com/wp-content/uploads/2022/09/leaces.pdf",
        "https://oceanofcourses.com/adobe-illustrator-cc-2014-19-0-0-64-bit-crack-free-link-download/",
        "https://emsalat.ru/wp-content/uploads/2022/09/mamades.pdf",
        "http://fixforpc.ru/disc-1-gta-v-download-free/",
        "http://shaeasyaccounting.com/air-explorer-pro-2-9-0-portable-\u00c2\u2022/",
        "https://www.santafe-roma.it/wp-content/uploads/2022/09/trevgin.pdf",
        "https://www.duemmeggi.com/wp-content/uploads/2022/09/ugioon.pdf",
        "http://texocommunications.com/wp-content/uploads/2022/09/Shunya_Yamashita_Beautiful_Noise.pdf",
        "https://fajas.club/wp-content/uploads/2022/09/Eamcet_Physics_Deepthi_Publicationsrar.pdf",
        "https://thedecwizard.com/wp-content/uploads/2022/09/demonbuddy_diablo_3_crack_key.pdf",
        "http://archlooks.com/?p=21686",
        "https://endlessflyt.com/discografia-evaldo-freire-torrent-14-fixed/",
        "https://bodhibliss.org/prisma-puzzle-timer-download-for-pc-better/",
        "http://www.tcpdf.org"
    ],
    "regex_uris": [
        "http://dawnloadonline.com/discovered]/degenerated/modulating?cG93ZXJtYXAgejkgdGhhaWxhbmQgbWFwIEZVTEwgVmVyc2lvbiBkb3dubG9hZAcG9=landscapers&playfulness=ZG93bmxvYWR8V1QzYkRjNWRYeDhNVFkyTWpZNE1ETTVNSHg4TWpVNU1IeDhLRTBwSUZkdmNtUndjbVZ6Y3lCYldFMU1VbEJESUZZeUlGQkVSbDA",
        "https://www.chimfab.com/bascom-avr-2-0-7-5-crack-new/",
        "https://keephush.net/wp-content/uploads/2022/09/Dehn_Software_Crack.pdf",
        "https://www.vakantiehuiswinkel.nl/mega-man-legacy-collection-trainer/",
        "https://jbmparish.com/photo-galleries/choudenshi-bioman-ep-1-51-english-subbed-1-link",
        "http://contabeissemsegredos.com/dynasty-warriors-6-nude-modgolkes/",
        "https://nightshow.pro/wp-content/uploads/2022/09/Silabus_Rpp_Fiqih_Berkarakter_Mts_Kelas_Vii_Viii_Ix__Tested.pdf",
        "http://1room.dk/wp-content/uploads/2022/09/The_Fastest_Fist_Full_Crack_torrent_Full_HOT.pdf",
        "http://www.dblxxposure.com/wp-content/uploads/2022/09/leaces.pdf",
        "https://oceanofcourses.com/adobe-illustrator-cc-2014-19-0-0-64-bit-crack-free-link-download/",
        "https://emsalat.ru/wp-content/uploads/2022/09/mamades.pdf",
        "http://fixforpc.ru/disc-1-gta-v-download-free/",
        "http://shaeasyaccounting.com/air-explorer-pro-2-9-0-portable-\u0080/",
        "https://www.santafe-roma.it/wp-content/uploads/2022/09/trevgin.pdf",
        "https://www.duemmeggi.com/wp-content/uploads/2022/09/ugioon.pdf",
        "http://texocommunications.com/wp-content/uploads/2022/09/Shunya_Yamashita_Beautiful_Noise.pdf",
        "https://fajas.club/wp-content/uploads/2022/09/Eamcet_Physics_Deepthi_Publicationsrar.pdf",
        "https://thedecwizard.com/wp-content/uploads/2022/09/demonbuddy_diablo_3_crack_key.pdf",
        "http://archlooks.com/?p=21686",
        "https://endlessflyt.com/discografia-evaldo-freire-torrent-14-fixed/",
        "https://bodhibliss.org/prisma-puzzle-timer-download-for-pc-better/",
        "http://www.tcpdf.org"
    ],
    "regex_urls": [
        "http://dawnloadonline.com/discovered",
        "https",
        "www.chimfab.com/bascom-avr-2-0-7-5-crack-new/",
        "https",
        "https",
        "www.vakantiehuiswinkel.nl/mega-man-legacy-collection-trainer/",
        "https",
        "http://contabeissemsegredos.com/dynasty-warriors-6-nude-modgolkes/",
        "https",
        "http://1room.dk/wp-content/uploads/2022/09/The_Fastest_Fist_Full_Crack_torrent_Full_HOT.pdf",
        "http://www.dblxxposure.com/wp-content/uploads/2022/09/leaces.pdf",
        "https",
        "https",
        "http://fixforpc.ru/disc-1-gta-v-download-free/",
        "http://shaeasyaccounting.com/air-explorer-pro-2-9-0-portable-",
        "https",
        "www.santafe-roma.it/wp-content/uploads/2022/09/trevgin.pdf",
        "https",
        "www.duemmeggi.com/wp-content/uploads/2022/09/ugioon.pdf",
        "http://texocommunications.com/wp-content/uploads/2022/09/Shunya_Yamashita_Beautiful_Noise.pdf",
        "https",
        "https",
        "http://archlooks.com/?p=21686",
        "https",
        "https",
        "http://www.tcpdf.org",
        "http://www.w3.org/1999/02/22-rdf-syntax-ns#",
        "http://purl.org/dc/elements/1.1/",
        "http://ns.adobe.com/xap/1.0/",
        "http://ns.adobe.com/pdf/1.3/",
        "http://ns.adobe.com/xap/1.0/mm/",
        "http://www.aiim.org/pdfa/ns/extension/",
        "http://www.aiim.org/pdfa/ns/schema#",
        "http://www.aiim.org/pdfa/ns/property#",
        "http://ns.adobe.com/pdf/1.3/",
        "http://ns.adobe.com/xap/1.0/mm/",
        "http://www.aiim.org/pdfa/ns/id/"
    ],
    "scripts": {
        "iframe": [],
        "urls": []
    },
    "static_properties": {
        "JBIG2Decode": "0",
        "XML_forms": "0",
        "acro_form": "0",
        "auto_action": "0",
        "colors": "0",
        "cross_reference_table": "1",
        "embedded_files": "0",
        "file_size": "118",
        "java_script": "0",
        "js": "0",
        "launch_action": "0",
        "object_end": "46",
        "object_start": "46",
        "object_streams": "0",
        "open_action": "1",
        "page_count": "2",
        "rich_media": "0",
        "start_cross_reference_table": "1",
        "stream_end": "10",
        "stream_start": "10",
        "trailer_dictionary": "1"
    },
    "yara_signatures": [
        "without_attachments",
        "without_images",
        "with_urls",
        "contentis_base64",
        "Big_Numbers1"
    ]
}