{
    "exif_signatures": {},
    "file_size": 90130,
    "pdfid_signatures": {},
    "pypdf_uris": [
        "http://getpdf.pw/book?res=123&isbn=9781909976733&kwd=The%20Little%20Book%20of%20Market%20Manipulation%20:%20An%20Essential%20Guide%20to%20the%20Law",
        "http://getpdf.pw/book?res=123&isbn=9781909976733&kwd=The%20Little%20Book%20of%20Market%20Manipulation%20:%20An%20Essential%20Guide%20to%20the%20Law",
        "https://uploads.strikinglycdn.com/files/5ee2db92-cf0f-4e81-88e1-9c13d04aeb4c/full-throttle-robert-dunlop-road-racing-and-me-752.pdf",
        "https://files8.webydo.com/9589001/UploadedFiles/5C6D4B19-73BD-E132-5FBB-A79A5C215438.pdf"
    ],
    "regex_uris": [
        "http://getpdf.pw/book?res=123&isbn=9781909976733&kwd=The%20Little%20Book%20of%20Market%20Manipulation%20:%20An%20Essential%20Guide%20to%20the%20Law",
        "http://getpdf.pw/book?res=123&isbn=9781909976733&kwd=The%20Little%20Book%20of%20Market%20Manipulation%20:%20An%20Essential%20Guide%20to%20the%20Law",
        "https://uploads.strikinglycdn.com/files/5ee2db92-cf0f-4e81-88e1-9c13d04aeb4c/full-throttle-robert-dunlop-road-racing-and-me-752.pdf",
        "https://files8.webydo.com/9589001/UploadedFiles/5C6D4B19-73BD-E132-5FBB-A79A5C215438.pdf"
    ],
    "regex_urls": [
        "http://getpdf.pw/book?res=123",
        "http://getpdf.pw/book?res=123",
        "https",
        "https"
    ],
    "scripts": {
        "iframe": [],
        "urls": []
    },
    "static_properties": {
        "JBIG2Decode": "0",
        "XML_forms": "0",
        "acro_form": "0",
        "auto_action": "0",
        "colors": "0",
        "cross_reference_table": "1",
        "embedded_files": "0",
        "file_size": "90",
        "java_script": "0",
        "js": "0",
        "launch_action": "0",
        "object_end": "59",
        "object_start": "59",
        "object_streams": "0",
        "open_action": "0",
        "page_count": "4",
        "rich_media": "0",
        "start_cross_reference_table": "1",
        "stream_end": "11",
        "stream_start": "11",
        "trailer_dictionary": "1"
    },
    "yara_signatures": [
        "without_attachments",
        "without_images",
        "with_urls",
        "invalid_trailer_structure",
        "contentis_base64"
    ]
}