{
    "exif_signatures": {},
    "file_size": 35288,
    "pdfid_signatures": {},
    "pypdf_uris": [
        "http://netcdn.co/app/431946152/free-roblox-gift-card-generator-pastebin-game-hack",
        "http://netcdn.co/app/431946152/free-roblox-gift-card-generator-pastebin-game-hack",
        "https://elearning.manposo.sch.id/__statics/gudangsoal/files/free-robux-for-free_GM431946152.pdf",
        "https://elearning.manposo.sch.id/__statics/gudangsoal/files/50-free-tiktok-likes-trial_GM835599320.pdf",
        "https://elearning.manposo.sch.id/__statics/gudangsoal/files/wurst-hacked-client_GM479516143.pdf",
        "https://elearning.manposo.sch.id/__statics/gudangsoal/files/minecraft-for-free-on-phone_GM479516143.pdf",
        "https://elearning.manposo.sch.id/__statics/gudangsoal/files/games-that-give-you-free-robux_GM431946152.pdf",
        "https://elearning.manposo.sch.id/__statics/gudangsoal/files/coin-master-free-coins-link-march-2021_GM406889139.pdf",
        "https://elearning.manposo.sch.id/__statics/gudangsoal/files/daily-free-spins-for-coin-master_GM406889139.pdf",
        "https://elearning.manposo.sch.id/__statics/gudangsoal/files/twitter-coin-master-free-spins-link_GM406889139.pdf",
        "https://elearning.manposo.sch.id/__statics/gudangsoal/files/minecraft-iphone-free_GM479516143.pdf",
        "https://elearning.manposo.sch.id/__statics/gudangsoal/files/minecraft-windows-10-hack-client-2021_GM479516143.pdf",
        "https://elearning.manposo.sch.id/__statics/gudangsoal/files/minecraft-hack-download_GM479516143.pdf",
        "https://elearning.manposo.sch.id/__statics/gudangsoal/files/free-minecraft-account-generator_GM479516143.pdf",
        "https://elearning.manposo.sch.id/__statics/gudangsoal/files/how-do-you-get-free-roblox_GM431946152.pdf",
        "https://elearning.manposo.sch.id/__statics/gudangsoal/files/how-to-win-robux_GM431946152.pdf",
        "https://elearning.manposo.sch.id/__statics/gudangsoal/files/wurst_GM479516143.pdf",
        "https://elearning.manposo.sch.id/__statics/gudangsoal/files/free-robux-site_GM431946152.pdf",
        "https://elearning.manposo.sch.id/__statics/gudangsoal/files/free-spins-coin-master-without-survey_GM406889139.pdf",
        "https://elearning.manposo.sch.id/__statics/gudangsoal/files/pop-slots-free-vegas-casino-slots-machine-game-coin-master_GM406889139.pdf",
        "https://elearning.manposo.sch.id/__statics/gudangsoal/files/ash-greninja-free-shopping-in-roblox-on-robloxshopping_GM431946152.pdf",
        "https://elearning.manposo.sch.id/__statics/gudangsoal/files/minecraft-complete-handbook_GM479516143.pdf"
    ],
    "regex_uris": [
        "http://netcdn.co/app/431946152/free-roblox-gift-card-generator-pastebin-game-hack",
        "http://netcdn.co/app/431946152/free-roblox-gift-card-generator-pastebin-game-hack",
        "https://elearning.manposo.sch.id/__statics/gudangsoal/files/free-robux-for-free_GM431946152.pdf",
        "https://elearning.manposo.sch.id/__statics/gudangsoal/files/50-free-tiktok-likes-trial_GM835599320.pdf",
        "https://elearning.manposo.sch.id/__statics/gudangsoal/files/wurst-hacked-client_GM479516143.pdf",
        "https://elearning.manposo.sch.id/__statics/gudangsoal/files/minecraft-for-free-on-phone_GM479516143.pdf",
        "https://elearning.manposo.sch.id/__statics/gudangsoal/files/games-that-give-you-free-robux_GM431946152.pdf",
        "https://elearning.manposo.sch.id/__statics/gudangsoal/files/coin-master-free-coins-link-march-2021_GM406889139.pdf",
        "https://elearning.manposo.sch.id/__statics/gudangsoal/files/daily-free-spins-for-coin-master_GM406889139.pdf",
        "https://elearning.manposo.sch.id/__statics/gudangsoal/files/twitter-coin-master-free-spins-link_GM406889139.pdf",
        "https://elearning.manposo.sch.id/__statics/gudangsoal/files/minecraft-iphone-free_GM479516143.pdf",
        "https://elearning.manposo.sch.id/__statics/gudangsoal/files/minecraft-windows-10-hack-client-2021_GM479516143.pdf",
        "https://elearning.manposo.sch.id/__statics/gudangsoal/files/minecraft-hack-download_GM479516143.pdf",
        "https://elearning.manposo.sch.id/__statics/gudangsoal/files/free-minecraft-account-generator_GM479516143.pdf",
        "https://elearning.manposo.sch.id/__statics/gudangsoal/files/how-do-you-get-free-roblox_GM431946152.pdf",
        "https://elearning.manposo.sch.id/__statics/gudangsoal/files/how-to-win-robux_GM431946152.pdf",
        "https://elearning.manposo.sch.id/__statics/gudangsoal/files/wurst_GM479516143.pdf",
        "https://elearning.manposo.sch.id/__statics/gudangsoal/files/free-robux-site_GM431946152.pdf",
        "https://elearning.manposo.sch.id/__statics/gudangsoal/files/free-spins-coin-master-without-survey_GM406889139.pdf",
        "https://elearning.manposo.sch.id/__statics/gudangsoal/files/pop-slots-free-vegas-casino-slots-machine-game-coin-master_GM406889139.pdf",
        "https://elearning.manposo.sch.id/__statics/gudangsoal/files/ash-greninja-free-shopping-in-roblox-on-robloxshopping_GM431946152.pdf",
        "https://elearning.manposo.sch.id/__statics/gudangsoal/files/minecraft-complete-handbook_GM479516143.pdf"
    ],
    "regex_urls": [
        "http://netcdn.co/app/431946152/free-roblox-gift-card-generator-pastebin-game-hack",
        "http://netcdn.co/app/431946152/free-roblox-gift-card-generator-pastebin-game-hack",
        "https",
        "https",
        "https",
        "https",
        "https",
        "https",
        "https",
        "https",
        "https",
        "https",
        "https",
        "https",
        "https",
        "https",
        "https",
        "https",
        "https",
        "https",
        "https",
        "https"
    ],
    "scripts": {
        "iframe": [],
        "urls": []
    },
    "static_properties": {
        "JBIG2Decode": "0",
        "XML_forms": "0",
        "acro_form": "0",
        "auto_action": "0",
        "colors": "0",
        "cross_reference_table": "1",
        "embedded_files": "0",
        "file_size": "35",
        "java_script": "0",
        "js": "0",
        "launch_action": "0",
        "object_end": "55",
        "object_start": "55",
        "object_streams": "0",
        "open_action": "0",
        "page_count": "2",
        "rich_media": "0",
        "start_cross_reference_table": "1",
        "stream_end": "6",
        "stream_start": "6",
        "trailer_dictionary": "1"
    },
    "yara_signatures": [
        "without_attachments",
        "without_images",
        "with_urls",
        "invalid_trailer_structure",
        "contentis_base64"
    ]
}