{
    "exif_signatures": {},
    "file_size": 42284,
    "pdfid_signatures": {},
    "pypdf_uris": [
        "https://netcdn.xyz/app/431946152/free-robux-no-offers-game-hack",
        "https://netcdn.xyz/app/431946152/free-robux-no-offers-game-hack",
        "http://elearning.mtsn8kuningan.sch.id/__statics/gudangsoal/files/coin-master-hack-tool-pc-download_GM406889139.pdf",
        "http://elearning.mtsn8kuningan.sch.id/__statics/gudangsoal/files/how-to-get-roebucks-on-roblox_GM431946152.pdf",
        "http://elearning.mtsn8kuningan.sch.id/__statics/gudangsoal/files/how-to-get-free-robux-on-roblox_GM431946152.pdf",
        "http://elearning.mtsn8kuningan.sch.id/__statics/gudangsoal/files/free-coin-coin-master_GM406889139.pdf",
        "http://elearning.mtsn8kuningan.sch.id/__statics/gudangsoal/files/daily-free-spins-on-coin-master_GM406889139.pdf",
        "http://elearning.mtsn8kuningan.sch.id/__statics/gudangsoal/files/free-minecraft-pe-server_GM479516143.pdf",
        "http://elearning.mtsn8kuningan.sch.id/__statics/gudangsoal/files/free-minecraft-server-hosting_GM479516143.pdf",
        "http://elearning.mtsn8kuningan.sch.id/__statics/gudangsoal/files/coin-master-daily-free-spins-and-coins_GM406889139.pdf",
        "http://elearning.mtsn8kuningan.sch.id/__statics/gudangsoal/files/minecraft-hack-2021_GM479516143.pdf",
        "http://elearning.mtsn8kuningan.sch.id/__statics/gudangsoal/files/roblox-sign-in-free_GM431946152.pdf",
        "http://elearning.mtsn8kuningan.sch.id/__statics/gudangsoal/files/roblox-hack-2021_GM431946152.pdf",
        "http://elearning.mtsn8kuningan.sch.id/__statics/gudangsoal/files/roblox-avatar-editor-free_GM431946152.pdf",
        "http://elearning.mtsn8kuningan.sch.id/__statics/gudangsoal/files/coin-master-free-spins-link-2021-today_GM406889139.pdf",
        "http://elearning.mtsn8kuningan.sch.id/__statics/gudangsoal/files/can-you-give-me-free-robux_GM431946152.pdf",
        "http://elearning.mtsn8kuningan.sch.id/__statics/gudangsoal/files/coin-master-daily-free-spins-link-blogspot_GM406889139.pdf",
        "http://elearning.mtsn8kuningan.sch.id/__statics/gudangsoal/files/coin-master-free-spins-and-coins-2021_GM406889139.pdf",
        "http://elearning.mtsn8kuningan.sch.id/__statics/gudangsoal/files/how-to-free-robux_GM431946152.pdf",
        "http://elearning.mtsn8kuningan.sch.id/__statics/gudangsoal/files/free-exploits-for-roblox_GM431946152.pdf",
        "http://elearning.mtsn8kuningan.sch.id/__statics/gudangsoal/files/roblox-games-com-free_GM431946152.pdf",
        "http://elearning.mtsn8kuningan.sch.id/__statics/gudangsoal/files/rbxoffers-earn-free-robux_GM431946152.pdf"
    ],
    "regex_uris": [
        "https://netcdn.xyz/app/431946152/free-robux-no-offers-game-hack",
        "https://netcdn.xyz/app/431946152/free-robux-no-offers-game-hack",
        "http://elearning.mtsn8kuningan.sch.id/__statics/gudangsoal/files/coin-master-hack-tool-pc-download_GM406889139.pdf",
        "http://elearning.mtsn8kuningan.sch.id/__statics/gudangsoal/files/how-to-get-roebucks-on-roblox_GM431946152.pdf",
        "http://elearning.mtsn8kuningan.sch.id/__statics/gudangsoal/files/how-to-get-free-robux-on-roblox_GM431946152.pdf",
        "http://elearning.mtsn8kuningan.sch.id/__statics/gudangsoal/files/free-coin-coin-master_GM406889139.pdf",
        "http://elearning.mtsn8kuningan.sch.id/__statics/gudangsoal/files/daily-free-spins-on-coin-master_GM406889139.pdf",
        "http://elearning.mtsn8kuningan.sch.id/__statics/gudangsoal/files/free-minecraft-pe-server_GM479516143.pdf",
        "http://elearning.mtsn8kuningan.sch.id/__statics/gudangsoal/files/free-minecraft-server-hosting_GM479516143.pdf",
        "http://elearning.mtsn8kuningan.sch.id/__statics/gudangsoal/files/coin-master-daily-free-spins-and-coins_GM406889139.pdf",
        "http://elearning.mtsn8kuningan.sch.id/__statics/gudangsoal/files/minecraft-hack-2021_GM479516143.pdf",
        "http://elearning.mtsn8kuningan.sch.id/__statics/gudangsoal/files/roblox-sign-in-free_GM431946152.pdf",
        "http://elearning.mtsn8kuningan.sch.id/__statics/gudangsoal/files/roblox-hack-2021_GM431946152.pdf",
        "http://elearning.mtsn8kuningan.sch.id/__statics/gudangsoal/files/roblox-avatar-editor-free_GM431946152.pdf",
        "http://elearning.mtsn8kuningan.sch.id/__statics/gudangsoal/files/coin-master-free-spins-link-2021-today_GM406889139.pdf",
        "http://elearning.mtsn8kuningan.sch.id/__statics/gudangsoal/files/can-you-give-me-free-robux_GM431946152.pdf",
        "http://elearning.mtsn8kuningan.sch.id/__statics/gudangsoal/files/coin-master-daily-free-spins-link-blogspot_GM406889139.pdf",
        "http://elearning.mtsn8kuningan.sch.id/__statics/gudangsoal/files/coin-master-free-spins-and-coins-2021_GM406889139.pdf",
        "http://elearning.mtsn8kuningan.sch.id/__statics/gudangsoal/files/how-to-free-robux_GM431946152.pdf",
        "http://elearning.mtsn8kuningan.sch.id/__statics/gudangsoal/files/free-exploits-for-roblox_GM431946152.pdf",
        "http://elearning.mtsn8kuningan.sch.id/__statics/gudangsoal/files/roblox-games-com-free_GM431946152.pdf",
        "http://elearning.mtsn8kuningan.sch.id/__statics/gudangsoal/files/rbxoffers-earn-free-robux_GM431946152.pdf"
    ],
    "regex_urls": [
        "https",
        "https",
        "http://elearning.mtsn8kuningan.sch.id/__statics/gudangsoal/files/coin-master-hack-tool-pc-download_GM406889139.pdf",
        "http://elearning.mtsn8kuningan.sch.id/__statics/gudangsoal/files/how-to-get-roebucks-on-roblox_GM431946152.pdf",
        "http://elearning.mtsn8kuningan.sch.id/__statics/gudangsoal/files/how-to-get-free-robux-on-roblox_GM431946152.pdf",
        "http://elearning.mtsn8kuningan.sch.id/__statics/gudangsoal/files/free-coin-coin-master_GM406889139.pdf",
        "http://elearning.mtsn8kuningan.sch.id/__statics/gudangsoal/files/daily-free-spins-on-coin-master_GM406889139.pdf",
        "http://elearning.mtsn8kuningan.sch.id/__statics/gudangsoal/files/free-minecraft-pe-server_GM479516143.pdf",
        "http://elearning.mtsn8kuningan.sch.id/__statics/gudangsoal/files/free-minecraft-server-hosting_GM479516143.pdf",
        "http://elearning.mtsn8kuningan.sch.id/__statics/gudangsoal/files/coin-master-daily-free-spins-and-coins_GM406889139.pdf",
        "http://elearning.mtsn8kuningan.sch.id/__statics/gudangsoal/files/minecraft-hack-2021_GM479516143.pdf",
        "http://elearning.mtsn8kuningan.sch.id/__statics/gudangsoal/files/roblox-sign-in-free_GM431946152.pdf",
        "http://elearning.mtsn8kuningan.sch.id/__statics/gudangsoal/files/roblox-hack-2021_GM431946152.pdf",
        "http://elearning.mtsn8kuningan.sch.id/__statics/gudangsoal/files/roblox-avatar-editor-free_GM431946152.pdf",
        "http://elearning.mtsn8kuningan.sch.id/__statics/gudangsoal/files/coin-master-free-spins-link-2021-today_GM406889139.pdf",
        "http://elearning.mtsn8kuningan.sch.id/__statics/gudangsoal/files/can-you-give-me-free-robux_GM431946152.pdf",
        "http://elearning.mtsn8kuningan.sch.id/__statics/gudangsoal/files/coin-master-daily-free-spins-link-blogspot_GM406889139.pdf",
        "http://elearning.mtsn8kuningan.sch.id/__statics/gudangsoal/files/coin-master-free-spins-and-coins-2021_GM406889139.pdf",
        "http://elearning.mtsn8kuningan.sch.id/__statics/gudangsoal/files/how-to-free-robux_GM431946152.pdf",
        "http://elearning.mtsn8kuningan.sch.id/__statics/gudangsoal/files/free-exploits-for-roblox_GM431946152.pdf",
        "http://elearning.mtsn8kuningan.sch.id/__statics/gudangsoal/files/roblox-games-com-free_GM431946152.pdf",
        "http://elearning.mtsn8kuningan.sch.id/__statics/gudangsoal/files/rbxoffers-earn-free-robux_GM431946152.pdf"
    ],
    "scripts": {
        "iframe": [],
        "urls": []
    },
    "static_properties": {
        "JBIG2Decode": "0",
        "XML_forms": "0",
        "acro_form": "0",
        "auto_action": "0",
        "colors": "0",
        "cross_reference_table": "1",
        "embedded_files": "0",
        "file_size": "42",
        "java_script": "0",
        "js": "0",
        "launch_action": "0",
        "object_end": "60",
        "object_start": "60",
        "object_streams": "0",
        "open_action": "0",
        "page_count": "3",
        "rich_media": "0",
        "start_cross_reference_table": "1",
        "stream_end": "7",
        "stream_start": "7",
        "trailer_dictionary": "1"
    },
    "yara_signatures": [
        "without_attachments",
        "without_images",
        "with_urls",
        "invalid_trailer_structure",
        "contentis_base64"
    ]
}