{
    "exif_signatures": {},
    "file_size": 35251,
    "pdfid_signatures": {},
    "pypdf_uris": [
        "http://netcdn.tw/app/479516143/how-to-get-minecraft-for-free-on-iphone-game-hack",
        "http://netcdn.tw/app/479516143/how-to-get-minecraft-for-free-on-iphone-game-hack",
        "https://knj.com.tw/image/data/files/free-minecraft-survival-server_GM479516143.pdf",
        "https://knj.com.tw/image/data/files/inappropriate-roblox-games-2021_GM431946152.pdf",
        "https://knj.com.tw/image/data/files/coin-master-free-coin-hack_GM406889139.pdf",
        "https://knj.com.tw/image/data/files/how-to-get-free-things-on-roblox_GM431946152.pdf",
        "https://knj.com.tw/image/data/files/coin-master-free-spins-promo-code_GM406889139.pdf",
        "https://knj.com.tw/image/data/files/how-to-sell-an-item-for-free-on-roblox_GM431946152.pdf",
        "https://knj.com.tw/image/data/files/roblox-hack-hide-and-seek_GM431946152.pdf",
        "https://knj.com.tw/image/data/files/how-to-get-free-roebucks-without-verification_GM431946152.pdf",
        "https://knj.com.tw/image/data/files/minecraft-modded-client_GM479516143.pdf",
        "https://knj.com.tw/image/data/files/monttechscom-coin-master-free-spins_GM406889139.pdf",
        "https://knj.com.tw/image/data/files/orewards-com-free-robux_GM431946152.pdf",
        "https://knj.com.tw/image/data/files/pubg-uc-kart_GM1330123889.pdf",
        "https://knj.com.tw/image/data/files/roblox-sword-fighting-tournament-money-hack_GM431946152.pdf",
        "https://knj.com.tw/image/data/files/hacking-pesonn-roblox-script_GM431946152.pdf",
        "https://knj.com.tw/image/data/files/roblox-player-radar-script-hack_GM431946152.pdf",
        "https://knj.com.tw/image/data/files/hey-google-how-do-you-get-free-robux_GM431946152.pdf",
        "https://knj.com.tw/image/data/files/roblox-spiderman-package-full-suit-free_GM431946152.pdf",
        "https://knj.com.tw/image/data/files/hack-zombi-rush-roblox_GM431946152.pdf",
        "https://knj.com.tw/image/data/files/set-hack-robux_GM431946152.pdf",
        "https://knj.com.tw/image/data/files/how-to-get-minecraft-for-free-on-xbox-360_GM479516143.pdf"
    ],
    "regex_uris": [
        "http://netcdn.tw/app/479516143/how-to-get-minecraft-for-free-on-iphone-game-hack",
        "http://netcdn.tw/app/479516143/how-to-get-minecraft-for-free-on-iphone-game-hack",
        "https://knj.com.tw/image/data/files/free-minecraft-survival-server_GM479516143.pdf",
        "https://knj.com.tw/image/data/files/inappropriate-roblox-games-2021_GM431946152.pdf",
        "https://knj.com.tw/image/data/files/coin-master-free-coin-hack_GM406889139.pdf",
        "https://knj.com.tw/image/data/files/how-to-get-free-things-on-roblox_GM431946152.pdf",
        "https://knj.com.tw/image/data/files/coin-master-free-spins-promo-code_GM406889139.pdf",
        "https://knj.com.tw/image/data/files/how-to-sell-an-item-for-free-on-roblox_GM431946152.pdf",
        "https://knj.com.tw/image/data/files/roblox-hack-hide-and-seek_GM431946152.pdf",
        "https://knj.com.tw/image/data/files/how-to-get-free-roebucks-without-verification_GM431946152.pdf",
        "https://knj.com.tw/image/data/files/minecraft-modded-client_GM479516143.pdf",
        "https://knj.com.tw/image/data/files/monttechscom-coin-master-free-spins_GM406889139.pdf",
        "https://knj.com.tw/image/data/files/orewards-com-free-robux_GM431946152.pdf",
        "https://knj.com.tw/image/data/files/pubg-uc-kart_GM1330123889.pdf",
        "https://knj.com.tw/image/data/files/roblox-sword-fighting-tournament-money-hack_GM431946152.pdf",
        "https://knj.com.tw/image/data/files/hacking-pesonn-roblox-script_GM431946152.pdf",
        "https://knj.com.tw/image/data/files/roblox-player-radar-script-hack_GM431946152.pdf",
        "https://knj.com.tw/image/data/files/hey-google-how-do-you-get-free-robux_GM431946152.pdf",
        "https://knj.com.tw/image/data/files/roblox-spiderman-package-full-suit-free_GM431946152.pdf",
        "https://knj.com.tw/image/data/files/hack-zombi-rush-roblox_GM431946152.pdf",
        "https://knj.com.tw/image/data/files/set-hack-robux_GM431946152.pdf",
        "https://knj.com.tw/image/data/files/how-to-get-minecraft-for-free-on-xbox-360_GM479516143.pdf"
    ],
    "regex_urls": [
        "http://netcdn.tw/app/479516143/how-to-get-minecraft-for-free-on-iphone-game-hack",
        "http://netcdn.tw/app/479516143/how-to-get-minecraft-for-free-on-iphone-game-hack",
        "https",
        "https",
        "https",
        "https",
        "https",
        "https",
        "https",
        "https",
        "https",
        "https",
        "https",
        "https",
        "https",
        "https",
        "https",
        "https",
        "https",
        "https",
        "https",
        "https"
    ],
    "scripts": {
        "iframe": [],
        "urls": []
    },
    "static_properties": {
        "JBIG2Decode": "0",
        "XML_forms": "0",
        "acro_form": "0",
        "auto_action": "0",
        "colors": "0",
        "cross_reference_table": "1",
        "embedded_files": "0",
        "file_size": "35",
        "java_script": "0",
        "js": "0",
        "launch_action": "0",
        "object_end": "55",
        "object_start": "55",
        "object_streams": "0",
        "open_action": "0",
        "page_count": "2",
        "rich_media": "0",
        "start_cross_reference_table": "1",
        "stream_end": "6",
        "stream_start": "6",
        "trailer_dictionary": "1"
    },
    "yara_signatures": [
        "without_attachments",
        "without_images",
        "with_urls",
        "invalid_trailer_structure",
        "contentis_base64"
    ]
}