{
    "exif_signatures": {},
    "file_size": 42216,
    "pdfid_signatures": {},
    "pypdf_uris": [
        "https://netcdn.xyz/app/431946152/get-free-robux-gg-game-hack",
        "https://netcdn.xyz/app/431946152/get-free-robux-gg-game-hack",
        "http://deyuan-pc.com.tw/images/free-robux-on-phone_GM431946152.pdf",
        "http://deyuan-pc.com.tw/images/minecraft-free-version-pc_GM479516143.pdf",
        "http://deyuan-pc.com.tw/images/free-robux-rewards_GM431946152.pdf",
        "http://deyuan-pc.com.tw/images/minecraft-cheats-pc-2021_GM479516143.pdf",
        "http://deyuan-pc.com.tw/images/free-robux-legit_GM431946152.pdf",
        "http://deyuan-pc.com.tw/images/free-robux-gift-card-codes-2021_GM431946152.pdf",
        "http://deyuan-pc.com.tw/images/offers-to-get-free-spins-in-coin-master_GM406889139.pdf",
        "http://deyuan-pc.com.tw/images/how-to-get-minecraft-for-free-on-xbox-360_GM479516143.pdf",
        "http://deyuan-pc.com.tw/images/hacks-for-roblox-jailbreak_GM431946152.pdf",
        "http://deyuan-pc.com.tw/images/coin-master-tiradas-gratis_GM406889139.pdf",
        "http://deyuan-pc.com.tw/images/free-spins-for-coin-master-game_GM406889139.pdf",
        "http://deyuan-pc.com.tw/images/roblox-redeem-robux_GM431946152.pdf",
        "http://deyuan-pc.com.tw/images/roblox-generator-no-verification_GM431946152.pdf",
        "http://deyuan-pc.com.tw/images/free-spin-in-coin-master_GM406889139.pdf",
        "http://deyuan-pc.com.tw/images/free-roblox-cards-pin-number_GM431946152.pdf",
        "http://deyuan-pc.com.tw/images/is-minecraft-free-on-pc_GM479516143.pdf",
        "http://deyuan-pc.com.tw/images/coin-master-hacks-for-spins_GM406889139.pdf",
        "http://deyuan-pc.com.tw/images/free-robux-no-verification-at-all_GM431946152.pdf",
        "http://deyuan-pc.com.tw/images/hack-coin-master-for-free_GM406889139.pdf",
        "http://deyuan-pc.com.tw/images/free-robux-no-human-verification-2021_GM431946152.pdf"
    ],
    "regex_uris": [
        "https://netcdn.xyz/app/431946152/get-free-robux-gg-game-hack",
        "https://netcdn.xyz/app/431946152/get-free-robux-gg-game-hack",
        "http://deyuan-pc.com.tw/images/free-robux-on-phone_GM431946152.pdf",
        "http://deyuan-pc.com.tw/images/minecraft-free-version-pc_GM479516143.pdf",
        "http://deyuan-pc.com.tw/images/free-robux-rewards_GM431946152.pdf",
        "http://deyuan-pc.com.tw/images/minecraft-cheats-pc-2021_GM479516143.pdf",
        "http://deyuan-pc.com.tw/images/free-robux-legit_GM431946152.pdf",
        "http://deyuan-pc.com.tw/images/free-robux-gift-card-codes-2021_GM431946152.pdf",
        "http://deyuan-pc.com.tw/images/offers-to-get-free-spins-in-coin-master_GM406889139.pdf",
        "http://deyuan-pc.com.tw/images/how-to-get-minecraft-for-free-on-xbox-360_GM479516143.pdf",
        "http://deyuan-pc.com.tw/images/hacks-for-roblox-jailbreak_GM431946152.pdf",
        "http://deyuan-pc.com.tw/images/coin-master-tiradas-gratis_GM406889139.pdf",
        "http://deyuan-pc.com.tw/images/free-spins-for-coin-master-game_GM406889139.pdf",
        "http://deyuan-pc.com.tw/images/roblox-redeem-robux_GM431946152.pdf",
        "http://deyuan-pc.com.tw/images/roblox-generator-no-verification_GM431946152.pdf",
        "http://deyuan-pc.com.tw/images/free-spin-in-coin-master_GM406889139.pdf",
        "http://deyuan-pc.com.tw/images/free-roblox-cards-pin-number_GM431946152.pdf",
        "http://deyuan-pc.com.tw/images/is-minecraft-free-on-pc_GM479516143.pdf",
        "http://deyuan-pc.com.tw/images/coin-master-hacks-for-spins_GM406889139.pdf",
        "http://deyuan-pc.com.tw/images/free-robux-no-verification-at-all_GM431946152.pdf",
        "http://deyuan-pc.com.tw/images/hack-coin-master-for-free_GM406889139.pdf",
        "http://deyuan-pc.com.tw/images/free-robux-no-human-verification-2021_GM431946152.pdf"
    ],
    "regex_urls": [
        "https",
        "https",
        "http://deyuan-pc.com.tw/images/free-robux-on-phone_GM431946152.pdf",
        "http://deyuan-pc.com.tw/images/minecraft-free-version-pc_GM479516143.pdf",
        "http://deyuan-pc.com.tw/images/free-robux-rewards_GM431946152.pdf",
        "http://deyuan-pc.com.tw/images/minecraft-cheats-pc-2021_GM479516143.pdf",
        "http://deyuan-pc.com.tw/images/free-robux-legit_GM431946152.pdf",
        "http://deyuan-pc.com.tw/images/free-robux-gift-card-codes-2021_GM431946152.pdf",
        "http://deyuan-pc.com.tw/images/offers-to-get-free-spins-in-coin-master_GM406889139.pdf",
        "http://deyuan-pc.com.tw/images/how-to-get-minecraft-for-free-on-xbox-360_GM479516143.pdf",
        "http://deyuan-pc.com.tw/images/hacks-for-roblox-jailbreak_GM431946152.pdf",
        "http://deyuan-pc.com.tw/images/coin-master-tiradas-gratis_GM406889139.pdf",
        "http://deyuan-pc.com.tw/images/free-spins-for-coin-master-game_GM406889139.pdf",
        "http://deyuan-pc.com.tw/images/roblox-redeem-robux_GM431946152.pdf",
        "http://deyuan-pc.com.tw/images/roblox-generator-no-verification_GM431946152.pdf",
        "http://deyuan-pc.com.tw/images/free-spin-in-coin-master_GM406889139.pdf",
        "http://deyuan-pc.com.tw/images/free-roblox-cards-pin-number_GM431946152.pdf",
        "http://deyuan-pc.com.tw/images/is-minecraft-free-on-pc_GM479516143.pdf",
        "http://deyuan-pc.com.tw/images/coin-master-hacks-for-spins_GM406889139.pdf",
        "http://deyuan-pc.com.tw/images/free-robux-no-verification-at-all_GM431946152.pdf",
        "http://deyuan-pc.com.tw/images/hack-coin-master-for-free_GM406889139.pdf",
        "http://deyuan-pc.com.tw/images/free-robux-no-human-verification-2021_GM431946152.pdf"
    ],
    "scripts": {
        "iframe": [],
        "urls": []
    },
    "static_properties": {
        "JBIG2Decode": "0",
        "XML_forms": "0",
        "acro_form": "0",
        "auto_action": "0",
        "colors": "0",
        "cross_reference_table": "1",
        "embedded_files": "0",
        "file_size": "42",
        "java_script": "0",
        "js": "0",
        "launch_action": "0",
        "object_end": "60",
        "object_start": "60",
        "object_streams": "0",
        "open_action": "0",
        "page_count": "3",
        "rich_media": "0",
        "start_cross_reference_table": "1",
        "stream_end": "7",
        "stream_start": "7",
        "trailer_dictionary": "1"
    },
    "yara_signatures": [
        "without_attachments",
        "without_images",
        "with_urls",
        "invalid_trailer_structure",
        "contentis_base64"
    ]
}