{
    "exif_signatures": {},
    "file_size": 36847,
    "pdfid_signatures": {},
    "pypdf_uris": [
        "http://netcdn.tw/app/406889139/coin-master-game-hacking-game-hack",
        "http://netcdn.tw/app/406889139/coin-master-game-hacking-game-hack",
        "https://e-learning.mtsn1klaten.sch.id/__statics/gudangsoal/files/minecraft-ore-finder-mod_GM479516143.pdf",
        "https://e-learning.mtsn1klaten.sch.id/__statics/gudangsoal/files/roblox-free-robux-hack_GM431946152.pdf",
        "https://e-learning.mtsn1klaten.sch.id/__statics/gudangsoal/files/roblox-island-royale-money-hack_GM431946152.pdf",
        "https://e-learning.mtsn1klaten.sch.id/__statics/gudangsoal/files/free-coins-for-coin-master_GM406889139.pdf",
        "https://e-learning.mtsn1klaten.sch.id/__statics/gudangsoal/files/free-robux-pins_GM431946152.pdf",
        "https://e-learning.mtsn1klaten.sch.id/__statics/gudangsoal/files/free-roblox-accounts-with-robux-that-work-not-banned_GM431946152.pdf",
        "https://e-learning.mtsn1klaten.sch.id/__statics/gudangsoal/files/coin-master-free-coins-2021_GM406889139.pdf",
        "https://e-learning.mtsn1klaten.sch.id/__statics/gudangsoal/files/how-to-jump-hack-in-roblox_GM431946152.pdf",
        "https://e-learning.mtsn1klaten.sch.id/__statics/gudangsoal/files/how-to-change-your-name-on-roblox-for-free-2021_GM431946152.pdf",
        "https://e-learning.mtsn1klaten.sch.id/__statics/gudangsoal/files/minecraft-pe-free_GM479516143.pdf",
        "https://e-learning.mtsn1klaten.sch.id/__statics/gudangsoal/files/websites-that-give-you-free-robux_GM431946152.pdf",
        "https://e-learning.mtsn1klaten.sch.id/__statics/gudangsoal/files/free-robux-codes-october-2021_GM431946152.pdf",
        "https://e-learning.mtsn1klaten.sch.id/__statics/gudangsoal/files/free-coin-master-spins-2021_GM406889139.pdf",
        "https://e-learning.mtsn1klaten.sch.id/__statics/gudangsoal/files/how-to-get-roblox-credit-for-free_GM431946152.pdf",
        "https://e-learning.mtsn1klaten.sch.id/__statics/gudangsoal/files/bloxpink-free-robux_GM431946152.pdf",
        "https://e-learning.mtsn1klaten.sch.id/__statics/gudangsoal/files/free-spins-on-coin-master-link_GM406889139.pdf",
        "https://e-learning.mtsn1klaten.sch.id/__statics/gudangsoal/files/www-coin-master-hack_GM406889139.pdf",
        "https://e-learning.mtsn1klaten.sch.id/__statics/gudangsoal/files/free-links-for-free-coins-and-spins-for-coin-master_GM406889139.pdf",
        "https://e-learning.mtsn1klaten.sch.id/__statics/gudangsoal/files/simplysarc_GM479516143.pdf",
        "https://e-learning.mtsn1klaten.sch.id/__statics/gudangsoal/files/how-to-get-free-pets-in-adopt-me-roblox_GM431946152.pdf"
    ],
    "regex_uris": [
        "http://netcdn.tw/app/406889139/coin-master-game-hacking-game-hack",
        "http://netcdn.tw/app/406889139/coin-master-game-hacking-game-hack",
        "https://e-learning.mtsn1klaten.sch.id/__statics/gudangsoal/files/minecraft-ore-finder-mod_GM479516143.pdf",
        "https://e-learning.mtsn1klaten.sch.id/__statics/gudangsoal/files/roblox-free-robux-hack_GM431946152.pdf",
        "https://e-learning.mtsn1klaten.sch.id/__statics/gudangsoal/files/roblox-island-royale-money-hack_GM431946152.pdf",
        "https://e-learning.mtsn1klaten.sch.id/__statics/gudangsoal/files/free-coins-for-coin-master_GM406889139.pdf",
        "https://e-learning.mtsn1klaten.sch.id/__statics/gudangsoal/files/free-robux-pins_GM431946152.pdf",
        "https://e-learning.mtsn1klaten.sch.id/__statics/gudangsoal/files/free-roblox-accounts-with-robux-that-work-not-banned_GM431946152.pdf",
        "https://e-learning.mtsn1klaten.sch.id/__statics/gudangsoal/files/coin-master-free-coins-2021_GM406889139.pdf",
        "https://e-learning.mtsn1klaten.sch.id/__statics/gudangsoal/files/how-to-jump-hack-in-roblox_GM431946152.pdf",
        "https://e-learning.mtsn1klaten.sch.id/__statics/gudangsoal/files/how-to-change-your-name-on-roblox-for-free-2021_GM431946152.pdf",
        "https://e-learning.mtsn1klaten.sch.id/__statics/gudangsoal/files/minecraft-pe-free_GM479516143.pdf",
        "https://e-learning.mtsn1klaten.sch.id/__statics/gudangsoal/files/websites-that-give-you-free-robux_GM431946152.pdf",
        "https://e-learning.mtsn1klaten.sch.id/__statics/gudangsoal/files/free-robux-codes-october-2021_GM431946152.pdf",
        "https://e-learning.mtsn1klaten.sch.id/__statics/gudangsoal/files/free-coin-master-spins-2021_GM406889139.pdf",
        "https://e-learning.mtsn1klaten.sch.id/__statics/gudangsoal/files/how-to-get-roblox-credit-for-free_GM431946152.pdf",
        "https://e-learning.mtsn1klaten.sch.id/__statics/gudangsoal/files/bloxpink-free-robux_GM431946152.pdf",
        "https://e-learning.mtsn1klaten.sch.id/__statics/gudangsoal/files/free-spins-on-coin-master-link_GM406889139.pdf",
        "https://e-learning.mtsn1klaten.sch.id/__statics/gudangsoal/files/www-coin-master-hack_GM406889139.pdf",
        "https://e-learning.mtsn1klaten.sch.id/__statics/gudangsoal/files/free-links-for-free-coins-and-spins-for-coin-master_GM406889139.pdf",
        "https://e-learning.mtsn1klaten.sch.id/__statics/gudangsoal/files/simplysarc_GM479516143.pdf",
        "https://e-learning.mtsn1klaten.sch.id/__statics/gudangsoal/files/how-to-get-free-pets-in-adopt-me-roblox_GM431946152.pdf"
    ],
    "regex_urls": [
        "http://netcdn.tw/app/406889139/coin-master-game-hacking-game-hack",
        "http://netcdn.tw/app/406889139/coin-master-game-hacking-game-hack",
        "https",
        "https",
        "https",
        "https",
        "https",
        "https",
        "https",
        "https",
        "https",
        "https",
        "https",
        "https",
        "https",
        "https",
        "https",
        "https",
        "https",
        "https",
        "https",
        "https"
    ],
    "scripts": {
        "iframe": [],
        "urls": []
    },
    "static_properties": {
        "JBIG2Decode": "0",
        "XML_forms": "0",
        "acro_form": "0",
        "auto_action": "0",
        "colors": "0",
        "cross_reference_table": "1",
        "embedded_files": "0",
        "file_size": "37",
        "java_script": "0",
        "js": "0",
        "launch_action": "0",
        "object_end": "55",
        "object_start": "55",
        "object_streams": "0",
        "open_action": "0",
        "page_count": "2",
        "rich_media": "0",
        "start_cross_reference_table": "1",
        "stream_end": "6",
        "stream_start": "6",
        "trailer_dictionary": "1"
    },
    "yara_signatures": [
        "without_attachments",
        "without_images",
        "with_urls",
        "invalid_trailer_structure",
        "contentis_base64"
    ]
}