{
    "exif_signatures": {},
    "file_size": 105559,
    "pdfid_signatures": {},
    "pypdf_uris": [
        "http://getpdf.pw/book?res=123&isbn=9780230751941&kwd=Evidence%20of%20Dragons",
        "http://getpdf.pw/book?res=123&isbn=9780230751941&kwd=Evidence%20of%20Dragons",
        "https://cdn-cms.f-static.net/uploads/4649589/normal_61aa8d371c9c3.pdf"
    ],
    "regex_uris": [
        "http://getpdf.pw/book?res=123&isbn=9780230751941&kwd=Evidence%20of%20Dragons",
        "http://getpdf.pw/book?res=123&isbn=9780230751941&kwd=Evidence%20of%20Dragons",
        "https://cdn-cms.f-static.net/uploads/4649589/normal_61aa8d371c9c3.pdf"
    ],
    "regex_urls": [
        "http://getpdf.pw/book?res=123",
        "http://getpdf.pw/book?res=123",
        "https"
    ],
    "scripts": {
        "iframe": [],
        "urls": []
    },
    "static_properties": {
        "JBIG2Decode": "0",
        "XML_forms": "0",
        "acro_form": "0",
        "auto_action": "0",
        "colors": "0",
        "cross_reference_table": "1",
        "embedded_files": "0",
        "file_size": "106",
        "java_script": "0",
        "js": "0",
        "launch_action": "0",
        "object_end": "68",
        "object_start": "68",
        "object_streams": "0",
        "open_action": "0",
        "page_count": "6",
        "rich_media": "0",
        "start_cross_reference_table": "1",
        "stream_end": "13",
        "stream_start": "13",
        "trailer_dictionary": "1"
    },
    "yara_signatures": [
        "without_attachments",
        "without_images",
        "with_urls",
        "invalid_trailer_structure",
        "contentis_base64"
    ]
}