{
    "exif_signatures": {},
    "file_size": 122758,
    "pdfid_signatures": {},
    "pypdf_uris": [
        "https://urllio.com/2l04t7",
        "https://urllio.com/2l04t7",
        "https://vee.red/upload/files/2022/05/ZFbbnWvk3EuZdFKKJu9u_19_8cc0238d72392a91ae08645859442bb2_file.pdf",
        "https://ex0-sys.app/upload/files/2022/05/VIHndUCCwgyyoOC79EZ7_19_8cc0238d72392a91ae08645859442bb2_file.pdf",
        "https://wanaly.com/upload/files/2022/05/gQNS7IAe3T9buBkLQjvb_19_8cc0238d72392a91ae08645859442bb2_file.pdf",
        "https://evahno.com/upload/files/2022/05/IaUjPLere79QvLVkYkIY_19_e42ead70aa35d8a81ac22a6a6f703536_file.pdf",
        "http://traumliebe24.de/upload/files/2022/05/GYDigJPZnsnvmIyBVtQm_19_f4246b77a775d2290d936f55d4e42cda_file.pdf",
        "https://vibescort.com/upload/files/2022/05/uYtVje22hWOv8KwpHRLq_19_8c737a5cd42f0f0ae0cd8bed4a234097_file.pdf",
        "https://community.tccwpg.com/upload/files/2022/05/CPABp7RH5zt37XcDsoKi_19_00588100481338854ce7d9cefedba819_file.pdf",
        "https://community.tccwpg.com/upload/files/2022/05/Q1WvJUTNZnIWg2RgDKKq_19_059349d877ad4a42984c741b80318ebc_file.pdf",
        "https://www.you-nation.com/upload/files/2022/05/TMB9WDXZU5eSEhqEYB2i_19_e42ead70aa35d8a81ac22a6a6f703536_file.pdf",
        "http://humlog.social/upload/files/2022/05/RWa9SPyG649tyHcaMcAA_19_b32c1cb091dd01cb75a08ac791d1808d_file.pdf",
        "http://www.tcpdf.org"
    ],
    "regex_uris": [
        "https://urllio.com/2l04t7",
        "https://urllio.com/2l04t7",
        "https://vee.red/upload/files/2022/05/ZFbbnWvk3EuZdFKKJu9u_19_8cc0238d72392a91ae08645859442bb2_file.pdf",
        "https://ex0-sys.app/upload/files/2022/05/VIHndUCCwgyyoOC79EZ7_19_8cc0238d72392a91ae08645859442bb2_file.pdf",
        "https://wanaly.com/upload/files/2022/05/gQNS7IAe3T9buBkLQjvb_19_8cc0238d72392a91ae08645859442bb2_file.pdf",
        "https://evahno.com/upload/files/2022/05/IaUjPLere79QvLVkYkIY_19_e42ead70aa35d8a81ac22a6a6f703536_file.pdf",
        "http://traumliebe24.de/upload/files/2022/05/GYDigJPZnsnvmIyBVtQm_19_f4246b77a775d2290d936f55d4e42cda_file.pdf",
        "https://vibescort.com/upload/files/2022/05/uYtVje22hWOv8KwpHRLq_19_8c737a5cd42f0f0ae0cd8bed4a234097_file.pdf",
        "https://community.tccwpg.com/upload/files/2022/05/CPABp7RH5zt37XcDsoKi_19_00588100481338854ce7d9cefedba819_file.pdf",
        "https://community.tccwpg.com/upload/files/2022/05/Q1WvJUTNZnIWg2RgDKKq_19_059349d877ad4a42984c741b80318ebc_file.pdf",
        "https://www.you-nation.com/upload/files/2022/05/TMB9WDXZU5eSEhqEYB2i_19_e42ead70aa35d8a81ac22a6a6f703536_file.pdf",
        "http://humlog.social/upload/files/2022/05/RWa9SPyG649tyHcaMcAA_19_b32c1cb091dd01cb75a08ac791d1808d_file.pdf",
        "http://www.tcpdf.org"
    ],
    "regex_urls": [
        "https",
        "https",
        "https",
        "https",
        "https",
        "https",
        "http://traumliebe24.de/upload/files/2022/05/GYDigJPZnsnvmIyBVtQm_19_f4246b77a775d2290d936f55d4e42cda_file.pdf",
        "https",
        "https",
        "https",
        "https",
        "www.you-nation.com/upload/files/2022/05/TMB9WDXZU5eSEhqEYB2i_19_e42ead70aa35d8a81ac22a6a6f703536_file.pdf",
        "http://humlog.social/upload/files/2022/05/RWa9SPyG649tyHcaMcAA_19_b32c1cb091dd01cb75a08ac791d1808d_file.pdf",
        "http://www.tcpdf.org",
        "http://www.w3.org/1999/02/22-rdf-syntax-ns#",
        "http://purl.org/dc/elements/1.1/",
        "http://ns.adobe.com/xap/1.0/",
        "http://ns.adobe.com/pdf/1.3/",
        "http://ns.adobe.com/xap/1.0/mm/",
        "http://www.aiim.org/pdfa/ns/extension/",
        "http://www.aiim.org/pdfa/ns/schema#",
        "http://www.aiim.org/pdfa/ns/property#",
        "http://ns.adobe.com/pdf/1.3/",
        "http://ns.adobe.com/xap/1.0/mm/",
        "http://www.aiim.org/pdfa/ns/id/"
    ],
    "scripts": {
        "iframe": [],
        "urls": []
    },
    "static_properties": {
        "JBIG2Decode": "0",
        "XML_forms": "0",
        "acro_form": "0",
        "auto_action": "0",
        "colors": "0",
        "cross_reference_table": "1",
        "embedded_files": "0",
        "file_size": "123",
        "java_script": "0",
        "js": "0",
        "launch_action": "0",
        "object_end": "37",
        "object_start": "37",
        "object_streams": "0",
        "open_action": "1",
        "page_count": "2",
        "rich_media": "0",
        "start_cross_reference_table": "1",
        "stream_end": "10",
        "stream_start": "10",
        "trailer_dictionary": "1"
    },
    "yara_signatures": [
        "without_attachments",
        "without_images",
        "with_urls",
        "contentis_base64",
        "Big_Numbers1"
    ]
}