{
    "exif_signatures": {},
    "file_size": 52191,
    "pdfid_signatures": {},
    "pypdf_uris": [
        "http://tds.advtraff2014.ru/wp2?keyword=adobe+flash+player+12+free+download+for+windows+8+64+bit+cnet",
        "https://mapsanahar1988.files.wordpress.com/2018/04/kudixexes-action-new-games-free-download-for-mobile-samsung-wave-525-fugaluvobaxe.pdf",
        "https://ahefafnel1976.files.wordpress.com/2018/04/gewevukobivapar-acrylic-download-64-bit-windows-8-winrar-freeware-dojubuxijadinik.pdf",
        "https://img0.liveinternet.ru/images/attach/d/0//5928/5928899_pubwhatsagoodmusicdownloadappforiphone6plusjaju.pdf",
        "https://misthafijo1988.files.wordpress.com/2018/04/tabarebezedo-free-download-driver-dell-optiplex-755-for-windows-7-vaseraximefogon.pdf",
        "https://sandfarmheathcza1979.files.wordpress.com/2018/04/damevesufexowi-8-3-jailbreak-download-mac-os-x-yosemite-for-pc-dinapevikagomav.pdf",
        "https://inelnapho1974.files.wordpress.com/2018/04/nuraxokom-download-action-themes-for-pc-windows-7-3d-cricket-games-pedemi.pdf",
        "https://nodonaper1972.files.wordpress.com/2018/04/xejasamipidigon-adobe-flash-player-12-full-download-free-for-windows-xp-32-bit-sp2-gofopamawe.pdf",
        "https://taslowido1984.files.wordpress.com/2018/04/xusanisinetadob-zindagi-aa-raha-hoon-main-download-full-video-song-mivuvebevige.pdf",
        "https://alluhoscard1974.files.wordpress.com/2018/04/xogamasaf-a-thousand-suns-linkin-park-download-zip-zepisibazuge.pdf",
        "https://niememapa1982.files.wordpress.com/2018/04/rurutodes-camera-360-update-download-samsung-galaxy-note-3-lollipops-dorob.pdf",
        "https://img1.liveinternet.ru/images/attach/d/0//5931/5931743_suxipif100gamedownloadforpccricket2009mix.pdf",
        "https://ostirapi1970.files.wordpress.com/2018/04/tuturuxe-24-season-2-episode-15-download-free-streaming-sagego.pdf",
        "https://scalheartjudgli1971.files.wordpress.com/2018/04/wujulokozixob-2008-internet-explorer-download-not-working-after-update-salemo.pdf",
        "https://poiforlinews1978.files.wordpress.com/2018/04/tavuvevatusip-download-adobe-reader-x-free-for-windows-xp-doler.pdf",
        "https://clasvastmava1973.files.wordpress.com/2018/04/xoxoja-mozilla-firefox-version-4-0-1-free-download-pudofurol.pdf"
    ],
    "regex_uris": [
        "http://tds.advtraff2014.ru/wp2?keyword=adobe+flash+player+12+free+download+for+windows+8+64+bit+cnet",
        "https://mapsanahar1988.files.wordpress.com/2018/04/kudixexes-action-new-games-free-download-for-mobile-samsung-wave-525-fugaluvobaxe.pdf",
        "https://ahefafnel1976.files.wordpress.com/2018/04/gewevukobivapar-acrylic-download-64-bit-windows-8-winrar-freeware-dojubuxijadinik.pdf",
        "https://img0.liveinternet.ru/images/attach/d/0//5928/5928899_pubwhatsagoodmusicdownloadappforiphone6plusjaju.pdf",
        "https://misthafijo1988.files.wordpress.com/2018/04/tabarebezedo-free-download-driver-dell-optiplex-755-for-windows-7-vaseraximefogon.pdf",
        "https://sandfarmheathcza1979.files.wordpress.com/2018/04/damevesufexowi-8-3-jailbreak-download-mac-os-x-yosemite-for-pc-dinapevikagomav.pdf",
        "https://inelnapho1974.files.wordpress.com/2018/04/nuraxokom-download-action-themes-for-pc-windows-7-3d-cricket-games-pedemi.pdf",
        "https://nodonaper1972.files.wordpress.com/2018/04/xejasamipidigon-adobe-flash-player-12-full-download-free-for-windows-xp-32-bit-sp2-gofopamawe.pdf",
        "https://taslowido1984.files.wordpress.com/2018/04/xusanisinetadob-zindagi-aa-raha-hoon-main-download-full-video-song-mivuvebevige.pdf",
        "https://alluhoscard1974.files.wordpress.com/2018/04/xogamasaf-a-thousand-suns-linkin-park-download-zip-zepisibazuge.pdf",
        "https://niememapa1982.files.wordpress.com/2018/04/rurutodes-camera-360-update-download-samsung-galaxy-note-3-lollipops-dorob.pdf",
        "https://img1.liveinternet.ru/images/attach/d/0//5931/5931743_suxipif100gamedownloadforpccricket2009mix.pdf",
        "https://ostirapi1970.files.wordpress.com/2018/04/tuturuxe-24-season-2-episode-15-download-free-streaming-sagego.pdf",
        "https://scalheartjudgli1971.files.wordpress.com/2018/04/wujulokozixob-2008-internet-explorer-download-not-working-after-update-salemo.pdf",
        "https://poiforlinews1978.files.wordpress.com/2018/04/tavuvevatusip-download-adobe-reader-x-free-for-windows-xp-doler.pdf",
        "https://clasvastmava1973.files.wordpress.com/2018/04/xoxoja-mozilla-firefox-version-4-0-1-free-download-pudofurol.pdf"
    ],
    "regex_urls": [
        "http://tds.advtraff2014.ru/wp2?keyword=adobe+flash+player+12+free+download+for+windows+8+64+bit+cnet",
        "https",
        "https",
        "https",
        "https",
        "https",
        "https",
        "https",
        "https",
        "https",
        "https",
        "https",
        "https",
        "https",
        "https",
        "https"
    ],
    "scripts": {
        "iframe": [],
        "urls": []
    },
    "static_properties": {
        "JBIG2Decode": "0",
        "XML_forms": "0",
        "acro_form": "0",
        "auto_action": "0",
        "colors": "0",
        "cross_reference_table": "1",
        "embedded_files": "0",
        "file_size": "52",
        "java_script": "0",
        "js": "0",
        "launch_action": "0",
        "object_end": "56",
        "object_start": "56",
        "object_streams": "0",
        "open_action": "0",
        "page_count": "3",
        "rich_media": "0",
        "start_cross_reference_table": "1",
        "stream_end": "9",
        "stream_start": "9",
        "trailer_dictionary": "1"
    },
    "yara_signatures": [
        "without_attachments",
        "without_images",
        "with_urls",
        "invalid_trailer_structure",
        "contentis_base64"
    ]
}