{
    "exif_signatures": {},
    "file_size": 46739,
    "pdfid_signatures": {},
    "pypdf_uris": [
        "https://netcdn.tw/app/431946152/how-to-get-free-300-robux-2021-game-hack",
        "https://netcdn.tw/app/431946152/how-to-get-free-300-robux-2021-game-hack",
        "https://www.imagevideo.info/images/minecraft-app-store-free_GM479516143.pdf",
        "https://www.imagevideo.info/images/roblox-hack-with-robux_GM431946152.pdf",
        "https://www.imagevideo.info/images/google-how-do-you-get-robux_GM431946152.pdf",
        "https://www.imagevideo.info/images/how-to-get-free-robux-on-ipad-mini-2021_GM431946152.pdf",
        "https://www.imagevideo.info/images/how-to-hack-roblox-2021_GM431946152.pdf",
        "https://www.imagevideo.info/images/free-spins-coin-master-2021_GM406889139.pdf",
        "https://www.imagevideo.info/images/how-to-hack-minecraft_GM479516143.pdf",
        "https://www.imagevideo.info/images/free-coin-coin-master_GM406889139.pdf",
        "https://www.imagevideo.info/images/trucos-de-hacker-en-roblox_GM431946152.pdf",
        "https://www.imagevideo.info/images/free-24-7-minecraft-server_GM479516143.pdf",
        "https://www.imagevideo.info/images/is-minecraft-free-on-ps4_GM479516143.pdf",
        "https://www.imagevideo.info/images/free-coins-and-spins-2021_GM406889139.pdf",
        "https://www.imagevideo.info/images/where-can-i-get-free-coins-for-coin-master_GM406889139.pdf",
        "https://www.imagevideo.info/images/pubg-300-uc-price-in-india_GM1330123889.pdf",
        "https://www.imagevideo.info/images/robux-link_GM431946152.pdf",
        "https://www.imagevideo.info/images/how-to-get-free-robux-without-verification-2021_GM431946152.pdf",
        "https://www.imagevideo.info/images/free-coins-and-spins-for-coin-master-game_GM406889139.pdf",
        "https://www.imagevideo.info/images/free-tiktok-followers-no-human-verification-or-survey-2021_GM835599320.pdf",
        "https://www.imagevideo.info/images/free-robux-games-that-actually-work-2021_GM431946152.pdf",
        "https://www.imagevideo.info/images/tiktok-free-fans_GM835599320.pdf"
    ],
    "regex_uris": [
        "https://netcdn.tw/app/431946152/how-to-get-free-300-robux-2021-game-hack",
        "https://netcdn.tw/app/431946152/how-to-get-free-300-robux-2021-game-hack",
        "https://www.imagevideo.info/images/minecraft-app-store-free_GM479516143.pdf",
        "https://www.imagevideo.info/images/roblox-hack-with-robux_GM431946152.pdf",
        "https://www.imagevideo.info/images/google-how-do-you-get-robux_GM431946152.pdf",
        "https://www.imagevideo.info/images/how-to-get-free-robux-on-ipad-mini-2021_GM431946152.pdf",
        "https://www.imagevideo.info/images/how-to-hack-roblox-2021_GM431946152.pdf",
        "https://www.imagevideo.info/images/free-spins-coin-master-2021_GM406889139.pdf",
        "https://www.imagevideo.info/images/how-to-hack-minecraft_GM479516143.pdf",
        "https://www.imagevideo.info/images/free-coin-coin-master_GM406889139.pdf",
        "https://www.imagevideo.info/images/trucos-de-hacker-en-roblox_GM431946152.pdf",
        "https://www.imagevideo.info/images/free-24-7-minecraft-server_GM479516143.pdf",
        "https://www.imagevideo.info/images/is-minecraft-free-on-ps4_GM479516143.pdf",
        "https://www.imagevideo.info/images/free-coins-and-spins-2021_GM406889139.pdf",
        "https://www.imagevideo.info/images/where-can-i-get-free-coins-for-coin-master_GM406889139.pdf",
        "https://www.imagevideo.info/images/pubg-300-uc-price-in-india_GM1330123889.pdf",
        "https://www.imagevideo.info/images/robux-link_GM431946152.pdf",
        "https://www.imagevideo.info/images/how-to-get-free-robux-without-verification-2021_GM431946152.pdf",
        "https://www.imagevideo.info/images/free-coins-and-spins-for-coin-master-game_GM406889139.pdf",
        "https://www.imagevideo.info/images/free-tiktok-followers-no-human-verification-or-survey-2021_GM835599320.pdf",
        "https://www.imagevideo.info/images/free-robux-games-that-actually-work-2021_GM431946152.pdf",
        "https://www.imagevideo.info/images/tiktok-free-fans_GM835599320.pdf"
    ],
    "regex_urls": [
        "https",
        "https",
        "https",
        "www.imagevideo.info/images/minecraft-app-store-free_GM479516143.pdf",
        "https",
        "www.imagevideo.info/images/roblox-hack-with-robux_GM431946152.pdf",
        "https",
        "www.imagevideo.info/images/google-how-do-you-get-robux_GM431946152.pdf",
        "https",
        "www.imagevideo.info/images/how-to-get-free-robux-on-ipad-mini-2021_GM431946152.pdf",
        "https",
        "www.imagevideo.info/images/how-to-hack-roblox-2021_GM431946152.pdf",
        "https",
        "www.imagevideo.info/images/free-spins-coin-master-2021_GM406889139.pdf",
        "https",
        "www.imagevideo.info/images/how-to-hack-minecraft_GM479516143.pdf",
        "https",
        "www.imagevideo.info/images/free-coin-coin-master_GM406889139.pdf",
        "https",
        "www.imagevideo.info/images/trucos-de-hacker-en-roblox_GM431946152.pdf",
        "https",
        "www.imagevideo.info/images/free-24-7-minecraft-server_GM479516143.pdf",
        "https",
        "www.imagevideo.info/images/is-minecraft-free-on-ps4_GM479516143.pdf",
        "https",
        "www.imagevideo.info/images/free-coins-and-spins-2021_GM406889139.pdf",
        "https",
        "www.imagevideo.info/images/where-can-i-get-free-coins-for-coin-master_GM406889139.pdf",
        "https",
        "www.imagevideo.info/images/pubg-300-uc-price-in-india_GM1330123889.pdf",
        "https",
        "www.imagevideo.info/images/robux-link_GM431946152.pdf",
        "https",
        "www.imagevideo.info/images/how-to-get-free-robux-without-verification-2021_GM431946152.pdf",
        "https",
        "www.imagevideo.info/images/free-coins-and-spins-for-coin-master-game_GM406889139.pdf",
        "https",
        "www.imagevideo.info/images/free-tiktok-followers-no-human-verification-or-survey-2021_GM835599320.pdf",
        "https",
        "www.imagevideo.info/images/free-robux-games-that-actually-work-2021_GM431946152.pdf",
        "https",
        "www.imagevideo.info/images/tiktok-free-fans_GM835599320.pdf"
    ],
    "scripts": {
        "iframe": [],
        "urls": []
    },
    "static_properties": {
        "JBIG2Decode": "0",
        "XML_forms": "0",
        "acro_form": "0",
        "auto_action": "0",
        "colors": "0",
        "cross_reference_table": "1",
        "embedded_files": "0",
        "file_size": "47",
        "java_script": "0",
        "js": "0",
        "launch_action": "0",
        "object_end": "65",
        "object_start": "65",
        "object_streams": "0",
        "open_action": "0",
        "page_count": "4",
        "rich_media": "0",
        "start_cross_reference_table": "1",
        "stream_end": "8",
        "stream_start": "8",
        "trailer_dictionary": "1"
    },
    "yara_signatures": [
        "without_attachments",
        "without_images",
        "with_urls",
        "invalid_trailer_structure",
        "contentis_base64"
    ]
}