{
    "exif_signatures": {},
    "file_size": 333508,
    "pdfid_signatures": {},
    "pypdf_uris": [
        "http://gluvoob.com/c3?utm_term=company%27+s+financial+reporting+activities",
        "http://www.oknookna.pl/wp-content/plugins/formcraft/file-upload/server/content/files/1622a4eb134b84---megebevup.pdf",
        "https://static1.squarespace.com/static/604aec14af289a5f7a539cf5/t/62cb155eb3a4074e211b9cec/1657476447174/kekesaselogovolajawajasa.pdf",
        "https://semuzotefol.weebly.com/uploads/1/3/1/4/131437619/sodara.pdf",
        "https://bifepafu.weebly.com/uploads/1/3/5/3/135315465/7013099.pdf",
        "https://wujojafo.weebly.com/uploads/1/4/2/1/142127315/fozijapazi_wemat.pdf",
        "https://monarchwinemerchants.com/wp-content/plugins/super-forms/uploads/php/files/cce4b16834aa5a54ef10cb8ecf562a5b/50877126515.pdf",
        "https://static1.squarespace.com/static/604aeb86718479732845b7b4/t/62de5a4c3fd0fe1bf7d49e07/1658739276551/habsburgos_y_borbones.pdf",
        "http://club-integra.ru/userfiles/file/96418889353.pdf",
        "https://hud101.vn/webroot/img/posts/files/kebixajukutakijigadi.pdf",
        "https://static1.squarespace.com/static/604aebe5436e397a99d53e8a/t/62d52fd3e2628b1e3bfff3df/1658138579813/2016_colorado_z71_owners_manual.pdf",
        "https://static1.squarespace.com/static/60aaf27c8bac0413e6f804fa/t/62b5dcd7d8f7b00a3a21d7ab/1656085720117/cisco_networking_tutorial_for_beginners.pdf",
        "http://business-plan-capalpha.fr/mbp/upload/images/images/upload/ckfinder/mekasedoluzumirivesip.pdf",
        "https://investkwik.com/userfiles/file/jefawonafolif.pdf",
        "https://alusol-kw.com/ckfinder/userfiles/files/zisuwilasisosilonap.pdf",
        "https://static1.squarespace.com/static/604aea6a97201213e037dc4e/t/62e3804e01e165785249c495/1659076686929/sajelotabanukubotazuzo.pdf",
        "https://xanifinutevafux.weebly.com/uploads/1/3/0/7/130739814/3723524.pdf",
        "https://vutibije.weebly.com/uploads/1/3/4/6/134672754/ruwog_devoxevu.pdf",
        "https://manastrim.com/ckfinder/userfiles/files/32205168720.pdf",
        "https://static1.squarespace.com/static/604aeb86718479732845b7b4/t/62d2b6430c16a32f75322498/1657976388256/android_oyun_club_clash_of_clans.pdf",
        "https://static1.squarespace.com/static/604aea6a97201213e037dc4e/t/62de01b5d8ef74312bc0bdf8/1658716598579/ill_give_you_the_sun_jandy_nelson.pdf",
        "https://static1.squarespace.com/static/604aec14af289a5f7a539cf5/t/62d0473b3edd090d6f85089a/1657816892299/7829140209.pdf",
        "https://gujumuwix.weebly.com/uploads/1/4/1/2/141293320/9659132.pdf",
        "https://static1.squarespace.com/static/60aaf27c8bac0413e6f804fa/t/62d62235d504df19a6bb4cf0/1658200629597/24477193507.pdf",
        "https://static1.squarespace.com/static/60aaf27c8bac0413e6f804fa/t/62de78587462aa2237689631/1658746969621/ikanzi_wireless_earbuds_manual.pdf",
        "https://static1.squarespace.com/static/60aaf25e42d7b60106dc17aa/t/62d05a2fb26ba91c9bb18ccc/1657821743819/ejercicios_con_polinomios.pdf",
        "https://wejalunasusipiw.weebly.com/uploads/1/4/2/1/142163147/3550559.pdf",
        "https://zajoxewamabovi.weebly.com/uploads/1/3/7/5/137503144/2793189.pdf",
        "http://vytvarnyobchod.cz/UserFiles/File/zilexiregunogodagekes.pdf",
        "https://static1.squarespace.com/static/604aea6a97201213e037dc4e/t/62e7492abec3777260923487/1659324715111/activinspire_board_software_free.pdf"
    ],
    "regex_uris": [
        "http://gluvoob.com/c3?utm_term=company%27+s+financial+reporting+activities",
        "http://www.oknookna.pl/wp-content/plugins/formcraft/file-upload/server/content/files/1622a4eb134b84---megebevup.pdf",
        "https://static1.squarespace.com/static/604aec14af289a5f7a539cf5/t/62cb155eb3a4074e211b9cec/1657476447174/kekesaselogovolajawajasa.pdf",
        "https://semuzotefol.weebly.com/uploads/1/3/1/4/131437619/sodara.pdf",
        "https://bifepafu.weebly.com/uploads/1/3/5/3/135315465/7013099.pdf",
        "https://wujojafo.weebly.com/uploads/1/4/2/1/142127315/fozijapazi_wemat.pdf",
        "https://monarchwinemerchants.com/wp-content/plugins/super-forms/uploads/php/files/cce4b16834aa5a54ef10cb8ecf562a5b/50877126515.pdf",
        "https://static1.squarespace.com/static/604aeb86718479732845b7b4/t/62de5a4c3fd0fe1bf7d49e07/1658739276551/habsburgos_y_borbones.pdf",
        "http://club-integra.ru/userfiles/file/96418889353.pdf",
        "https://hud101.vn/webroot/img/posts/files/kebixajukutakijigadi.pdf",
        "https://static1.squarespace.com/static/604aebe5436e397a99d53e8a/t/62d52fd3e2628b1e3bfff3df/1658138579813/2016_colorado_z71_owners_manual.pdf",
        "https://static1.squarespace.com/static/60aaf27c8bac0413e6f804fa/t/62b5dcd7d8f7b00a3a21d7ab/1656085720117/cisco_networking_tutorial_for_beginners.pdf",
        "http://business-plan-capalpha.fr/mbp/upload/images/images/upload/ckfinder/mekasedoluzumirivesip.pdf",
        "https://investkwik.com/userfiles/file/jefawonafolif.pdf",
        "https://alusol-kw.com/ckfinder/userfiles/files/zisuwilasisosilonap.pdf",
        "https://static1.squarespace.com/static/604aea6a97201213e037dc4e/t/62e3804e01e165785249c495/1659076686929/sajelotabanukubotazuzo.pdf",
        "https://xanifinutevafux.weebly.com/uploads/1/3/0/7/130739814/3723524.pdf",
        "https://vutibije.weebly.com/uploads/1/3/4/6/134672754/ruwog_devoxevu.pdf",
        "https://manastrim.com/ckfinder/userfiles/files/32205168720.pdf",
        "https://static1.squarespace.com/static/604aeb86718479732845b7b4/t/62d2b6430c16a32f75322498/1657976388256/android_oyun_club_clash_of_clans.pdf",
        "https://static1.squarespace.com/static/604aea6a97201213e037dc4e/t/62de01b5d8ef74312bc0bdf8/1658716598579/ill_give_you_the_sun_jandy_nelson.pdf",
        "https://static1.squarespace.com/static/604aec14af289a5f7a539cf5/t/62d0473b3edd090d6f85089a/1657816892299/7829140209.pdf",
        "https://gujumuwix.weebly.com/uploads/1/4/1/2/141293320/9659132.pdf",
        "https://static1.squarespace.com/static/60aaf27c8bac0413e6f804fa/t/62d62235d504df19a6bb4cf0/1658200629597/24477193507.pdf",
        "https://static1.squarespace.com/static/60aaf27c8bac0413e6f804fa/t/62de78587462aa2237689631/1658746969621/ikanzi_wireless_earbuds_manual.pdf",
        "https://static1.squarespace.com/static/60aaf25e42d7b60106dc17aa/t/62d05a2fb26ba91c9bb18ccc/1657821743819/ejercicios_con_polinomios.pdf",
        "https://wejalunasusipiw.weebly.com/uploads/1/4/2/1/142163147/3550559.pdf",
        "https://zajoxewamabovi.weebly.com/uploads/1/3/7/5/137503144/2793189.pdf",
        "http://vytvarnyobchod.cz/UserFiles/File/zilexiregunogodagekes.pdf",
        "https://static1.squarespace.com/static/604aea6a97201213e037dc4e/t/62e7492abec3777260923487/1659324715111/activinspire_board_software_free.pdf"
    ],
    "regex_urls": [
        "http://gluvoob.com/c3?utm_term=company%27+s+financial+reporting+activities",
        "http://www.oknookna.pl/wp-content/plugins/formcraft/file-upload/server/content/files/1622a4eb134b84---megebevup.pdf",
        "https",
        "https",
        "https",
        "https",
        "https",
        "https",
        "http://club-integra.ru/userfiles/file/96418889353.pdf",
        "https",
        "https",
        "https",
        "http://business-plan-capalpha.fr/mbp/upload/images/images/upload/ckfinder/mekasedoluzumirivesip.pdf",
        "https",
        "https",
        "https",
        "https",
        "https",
        "https",
        "https",
        "https",
        "https",
        "https",
        "https",
        "https",
        "https",
        "https",
        "https",
        "http://vytvarnyobchod.cz/UserFiles/File/zilexiregunogodagekes.pdf",
        "https",
        "http://www.w3.org/1999/02/22-rdf-syntax-ns#",
        "http://purl.org/dc/elements/1.1/",
        "http://ns.adobe.com/pdf/1.3/",
        "http://ns.adobe.com/xap/1.0/",
        "http://ns.adobe.com/xap/1.0/mm/",
        "http://ns.adobe.com/xap/1.0/rights/"
    ],
    "scripts": {
        "iframe": [],
        "urls": []
    },
    "static_properties": {
        "JBIG2Decode": "0",
        "XML_forms": "0",
        "acro_form": "0",
        "auto_action": "0",
        "colors": "0",
        "cross_reference_table": "2",
        "embedded_files": "0",
        "file_size": "334",
        "java_script": "0",
        "js": "0",
        "launch_action": "0",
        "object_end": "84",
        "object_start": "84",
        "object_streams": "0",
        "open_action": "0",
        "page_count": "4",
        "rich_media": "0",
        "start_cross_reference_table": "2",
        "stream_end": "17",
        "stream_start": "17",
        "trailer_dictionary": "2"
    },
    "yara_signatures": [
        "without_attachments",
        "without_images",
        "with_urls",
        "invalid_trailer_structure",
        "multiple_versions",
        "contentis_base64",
        "Big_Numbers1"
    ]
}