{
    "exif_signatures": {},
    "file_size": 96072,
    "pdfid_signatures": {},
    "pypdf_uris": [
        "http://getpdf.pw/book?res=123&isbn=9780864318367&kwd=Scaffolding%20Literacy%20:%20An%20Integrated%20and%20Sequential%20Approach%20to%20teaching%20Reading,%20Spelling%20&%20Writing",
        "http://getpdf.pw/book?res=123&isbn=9780864318367&kwd=Scaffolding%20Literacy%20:%20An%20Integrated%20and%20Sequential%20Approach%20to%20teaching%20Reading,%20Spelling%20&%20Writing",
        "https://files8.webydo.com/9588493/UploadedFiles/F91AF5B5-A949-6C2B-1434-D1D7884103EF.pdf",
        "https://files8.webydo.com/9588383/UploadedFiles/FBBAD4B2-34EE-1E67-8E4F-F29BBA8C4ED0.pdf"
    ],
    "regex_uris": [
        "http://getpdf.pw/book?res=123&isbn=9780864318367&kwd=Scaffolding%20Literacy%20:%20An%20Integrated%20and%20Sequential%20Approach%20to%20teaching%20Reading,%20Spelling%20&%20Writing",
        "http://getpdf.pw/book?res=123&isbn=9780864318367&kwd=Scaffolding%20Literacy%20:%20An%20Integrated%20and%20Sequential%20Approach%20to%20teaching%20Reading,%20Spelling%20&%20Writing",
        "https://files8.webydo.com/9588493/UploadedFiles/F91AF5B5-A949-6C2B-1434-D1D7884103EF.pdf",
        "https://files8.webydo.com/9588383/UploadedFiles/FBBAD4B2-34EE-1E67-8E4F-F29BBA8C4ED0.pdf"
    ],
    "regex_urls": [
        "http://getpdf.pw/book?res=123",
        "http://getpdf.pw/book?res=123",
        "https",
        "https"
    ],
    "scripts": {
        "iframe": [],
        "urls": []
    },
    "static_properties": {
        "JBIG2Decode": "0",
        "XML_forms": "0",
        "acro_form": "0",
        "auto_action": "0",
        "colors": "0",
        "cross_reference_table": "1",
        "embedded_files": "0",
        "file_size": "96",
        "java_script": "0",
        "js": "0",
        "launch_action": "0",
        "object_end": "64",
        "object_start": "64",
        "object_streams": "0",
        "open_action": "0",
        "page_count": "5",
        "rich_media": "0",
        "start_cross_reference_table": "1",
        "stream_end": "12",
        "stream_start": "12",
        "trailer_dictionary": "1"
    },
    "yara_signatures": [
        "without_attachments",
        "without_images",
        "with_urls",
        "invalid_trailer_structure",
        "contentis_base64"
    ]
}