{
    "exif_signatures": {},
    "file_size": 37033,
    "pdfid_signatures": {},
    "pypdf_uris": [
        "http://netcdn.tw/app/431946152/roblox-free-account-generator-game-hack",
        "http://netcdn.tw/app/431946152/roblox-free-account-generator-game-hack",
        "https://elearning.mtsn2pml.sch.id/__statics/gudangsoal/files/roblox-rewards_GM431946152.pdf",
        "https://elearning.mtsn2pml.sch.id/__statics/gudangsoal/files/how-do-u-turn-of-the-hacks-on-roblox_GM431946152.pdf",
        "https://elearning.mtsn2pml.sch.id/__statics/gudangsoal/files/extra-ultra-roblox-hack_GM431946152.pdf",
        "https://elearning.mtsn2pml.sch.id/__statics/gudangsoal/files/boku-no-roblox-quirk-hack_GM431946152.pdf",
        "https://elearning.mtsn2pml.sch.id/__statics/gudangsoal/files/minecraft-multiplayer-free_GM479516143.pdf",
        "https://elearning.mtsn2pml.sch.id/__statics/gudangsoal/files/roblox-obby-play-for-free_GM431946152.pdf",
        "https://elearning.mtsn2pml.sch.id/__statics/gudangsoal/files/free-robux-gift-card_GM431946152.pdf",
        "https://elearning.mtsn2pml.sch.id/__statics/gudangsoal/files/free-robux-websites-no-human-verification_GM431946152.pdf",
        "https://elearning.mtsn2pml.sch.id/__statics/gudangsoal/files/coin-master-hacks-and-cheats_GM406889139.pdf",
        "https://elearning.mtsn2pml.sch.id/__statics/gudangsoal/files/coin-master-coins-free_GM406889139.pdf",
        "https://elearning.mtsn2pml.sch.id/__statics/gudangsoal/files/i-cant-get-free-spins-coin-master_GM406889139.pdf",
        "https://elearning.mtsn2pml.sch.id/__statics/gudangsoal/files/how-do-you-get-roblox-money_GM431946152.pdf",
        "https://elearning.mtsn2pml.sch.id/__statics/gudangsoal/files/rblx-city-free-robux_GM431946152.pdf",
        "https://elearning.mtsn2pml.sch.id/__statics/gudangsoal/files/free-robux-no-verification-needed_GM431946152.pdf",
        "https://elearning.mtsn2pml.sch.id/__statics/gudangsoal/files/coin-master-hack-without-verification-code_GM406889139.pdf",
        "https://elearning.mtsn2pml.sch.id/__statics/gudangsoal/files/coin-master-code-for-free-spins_GM406889139.pdf",
        "https://elearning.mtsn2pml.sch.id/__statics/gudangsoal/files/coin-master-free-spin-and-coin-link-haktuts-hacking-news_GM406889139.pdf",
        "https://elearning.mtsn2pml.sch.id/__statics/gudangsoal/files/password-free-roblox-accounts_GM431946152.pdf",
        "https://elearning.mtsn2pml.sch.id/__statics/gudangsoal/files/roblox-games-that-give-you-free-robux_GM431946152.pdf",
        "https://elearning.mtsn2pml.sch.id/__statics/gudangsoal/files/can-i-download-minecraft-for-free_GM479516143.pdf"
    ],
    "regex_uris": [
        "http://netcdn.tw/app/431946152/roblox-free-account-generator-game-hack",
        "http://netcdn.tw/app/431946152/roblox-free-account-generator-game-hack",
        "https://elearning.mtsn2pml.sch.id/__statics/gudangsoal/files/roblox-rewards_GM431946152.pdf",
        "https://elearning.mtsn2pml.sch.id/__statics/gudangsoal/files/how-do-u-turn-of-the-hacks-on-roblox_GM431946152.pdf",
        "https://elearning.mtsn2pml.sch.id/__statics/gudangsoal/files/extra-ultra-roblox-hack_GM431946152.pdf",
        "https://elearning.mtsn2pml.sch.id/__statics/gudangsoal/files/boku-no-roblox-quirk-hack_GM431946152.pdf",
        "https://elearning.mtsn2pml.sch.id/__statics/gudangsoal/files/minecraft-multiplayer-free_GM479516143.pdf",
        "https://elearning.mtsn2pml.sch.id/__statics/gudangsoal/files/roblox-obby-play-for-free_GM431946152.pdf",
        "https://elearning.mtsn2pml.sch.id/__statics/gudangsoal/files/free-robux-gift-card_GM431946152.pdf",
        "https://elearning.mtsn2pml.sch.id/__statics/gudangsoal/files/free-robux-websites-no-human-verification_GM431946152.pdf",
        "https://elearning.mtsn2pml.sch.id/__statics/gudangsoal/files/coin-master-hacks-and-cheats_GM406889139.pdf",
        "https://elearning.mtsn2pml.sch.id/__statics/gudangsoal/files/coin-master-coins-free_GM406889139.pdf",
        "https://elearning.mtsn2pml.sch.id/__statics/gudangsoal/files/i-cant-get-free-spins-coin-master_GM406889139.pdf",
        "https://elearning.mtsn2pml.sch.id/__statics/gudangsoal/files/how-do-you-get-roblox-money_GM431946152.pdf",
        "https://elearning.mtsn2pml.sch.id/__statics/gudangsoal/files/rblx-city-free-robux_GM431946152.pdf",
        "https://elearning.mtsn2pml.sch.id/__statics/gudangsoal/files/free-robux-no-verification-needed_GM431946152.pdf",
        "https://elearning.mtsn2pml.sch.id/__statics/gudangsoal/files/coin-master-hack-without-verification-code_GM406889139.pdf",
        "https://elearning.mtsn2pml.sch.id/__statics/gudangsoal/files/coin-master-code-for-free-spins_GM406889139.pdf",
        "https://elearning.mtsn2pml.sch.id/__statics/gudangsoal/files/coin-master-free-spin-and-coin-link-haktuts-hacking-news_GM406889139.pdf",
        "https://elearning.mtsn2pml.sch.id/__statics/gudangsoal/files/password-free-roblox-accounts_GM431946152.pdf",
        "https://elearning.mtsn2pml.sch.id/__statics/gudangsoal/files/roblox-games-that-give-you-free-robux_GM431946152.pdf",
        "https://elearning.mtsn2pml.sch.id/__statics/gudangsoal/files/can-i-download-minecraft-for-free_GM479516143.pdf"
    ],
    "regex_urls": [
        "http://netcdn.tw/app/431946152/roblox-free-account-generator-game-hack",
        "http://netcdn.tw/app/431946152/roblox-free-account-generator-game-hack",
        "https",
        "https",
        "https",
        "https",
        "https",
        "https",
        "https",
        "https",
        "https",
        "https",
        "https",
        "https",
        "https",
        "https",
        "https",
        "https",
        "https",
        "https",
        "https",
        "https"
    ],
    "scripts": {
        "iframe": [],
        "urls": []
    },
    "static_properties": {
        "JBIG2Decode": "0",
        "XML_forms": "0",
        "acro_form": "0",
        "auto_action": "0",
        "colors": "0",
        "cross_reference_table": "1",
        "embedded_files": "0",
        "file_size": "37",
        "java_script": "0",
        "js": "0",
        "launch_action": "0",
        "object_end": "55",
        "object_start": "55",
        "object_streams": "0",
        "open_action": "0",
        "page_count": "2",
        "rich_media": "0",
        "start_cross_reference_table": "1",
        "stream_end": "6",
        "stream_start": "6",
        "trailer_dictionary": "1"
    },
    "yara_signatures": [
        "without_attachments",
        "without_images",
        "with_urls",
        "invalid_trailer_structure",
        "contentis_base64"
    ]
}