{
    "exif_signatures": {},
    "file_size": 246234,
    "pdfid_signatures": {},
    "pypdf_uris": [
        "http://oapsirs.com/c3?utm_term=balon+gastrico+pdf+free+online+pdf",
        "https://static1.squarespace.com/static/604aeb86718479732845b7b4/t/62c763e253a05d3172d4b07c/1657234402796/drake_l4b_amplifier.pdf",
        "https://static1.squarespace.com/static/60aaf27c8bac0413e6f804fa/t/62c0ccd5bc70193e057ae8f1/1656802518082/57901621475.pdf",
        "https://static1.squarespace.com/static/604aec14af289a5f7a539cf5/t/62c4bd07d2930e01fcee53b2/1657060616753/nodoze.pdf",
        "https://static1.squarespace.com/static/60aaf27c8bac0413e6f804fa/t/62bd101c6411a2180cf6f53a/1656557597258/alleluia_thi_nguyn.pdf",
        "https://static1.squarespace.com/static/604aec14af289a5f7a539cf5/t/62b87f9177148a5bbe79a1c2/1656258449828/xisogavedifuviwa.pdf",
        "https://static1.squarespace.com/static/604aebe5436e397a99d53e8a/t/62c156292773c847a97b7bc3/1656837673694/95584215042.pdf",
        "https://static1.squarespace.com/static/604aeb86718479732845b7b4/t/62c635b09050273ee355017f/1657157041365/medevapavene.pdf",
        "https://static1.squarespace.com/static/604aeb86718479732845b7b4/t/62b69edda2f612030242ae9f/1656135390171/the_ultimate_guide_to_unarmed_self_defense_free_download.pdf",
        "https://static1.squarespace.com/static/604aec14af289a5f7a539cf5/t/62c0773c8ede295f34974d6c/1656780605382/jowemisajatugovu.pdf",
        "https://static1.squarespace.com/static/604aebe5436e397a99d53e8a/t/62bdb64322d1ff355915c173/1656600131844/rurinabedozenimikajepagin.pdf",
        "https://static1.squarespace.com/static/604aea6a97201213e037dc4e/t/62b8a627cd367a2db964b742/1656268328243/92513978449.pdf",
        "https://static1.squarespace.com/static/60aaf25e42d7b60106dc17aa/t/62c0d5ee31a4b61bf016f70a/1656804847151/new_deal_political_cartoons.pdf",
        "https://static1.squarespace.com/static/604aea6a97201213e037dc4e/t/62bd38d8b656b607ec006556/1656568025263/35025865776.pdf",
        "https://static1.squarespace.com/static/60aaf27c8bac0413e6f804fa/t/62b5d5dcfcdc0c207dabb24e/1656083932635/creative_venus_powerpoint_templates_google_drive.pdf",
        "https://static1.squarespace.com/static/60aaf25e42d7b60106dc17aa/t/62c2c20e2773c847a998a490/1656930831005/hydraulic_directional_control_valve_symbols.pdf",
        "https://static1.squarespace.com/static/60aaf27c8bac0413e6f804fa/t/62bd1d9b24ed2a63f30b299e/1656561052864/norma_9000_iso_2015.pdf",
        "https://static1.squarespace.com/static/60aaf27c8bac0413e6f804fa/t/62b2ee98e4d8ad2547a80e5a/1655893657073/dvsa_guide_to_categorisation_of_defects.pdf",
        "https://static1.squarespace.com/static/604aeb86718479732845b7b4/t/62b940f8182c3615845b4265/1656307961136/84210227335.pdf",
        "https://static1.squarespace.com/static/60aaf27c8bac0413e6f804fa/t/62c762f64026fa1a254d2242/1657234167354/street_fighter_2_game_boy_manual.pdf",
        "https://static1.squarespace.com/static/604aeb86718479732845b7b4/t/62c2b863811d3b6056d41259/1656928355475/digabojuwimumikosamo.pdf"
    ],
    "regex_uris": [
        "http://oapsirs.com/c3?utm_term=balon+gastrico+pdf+free+online+pdf",
        "https://static1.squarespace.com/static/604aeb86718479732845b7b4/t/62c763e253a05d3172d4b07c/1657234402796/drake_l4b_amplifier.pdf",
        "https://static1.squarespace.com/static/60aaf27c8bac0413e6f804fa/t/62c0ccd5bc70193e057ae8f1/1656802518082/57901621475.pdf",
        "https://static1.squarespace.com/static/604aec14af289a5f7a539cf5/t/62c4bd07d2930e01fcee53b2/1657060616753/nodoze.pdf",
        "https://static1.squarespace.com/static/60aaf27c8bac0413e6f804fa/t/62bd101c6411a2180cf6f53a/1656557597258/alleluia_thi_nguyn.pdf",
        "https://static1.squarespace.com/static/604aec14af289a5f7a539cf5/t/62b87f9177148a5bbe79a1c2/1656258449828/xisogavedifuviwa.pdf",
        "https://static1.squarespace.com/static/604aebe5436e397a99d53e8a/t/62c156292773c847a97b7bc3/1656837673694/95584215042.pdf",
        "https://static1.squarespace.com/static/604aeb86718479732845b7b4/t/62c635b09050273ee355017f/1657157041365/medevapavene.pdf",
        "https://static1.squarespace.com/static/604aeb86718479732845b7b4/t/62b69edda2f612030242ae9f/1656135390171/the_ultimate_guide_to_unarmed_self_defense_free_download.pdf",
        "https://static1.squarespace.com/static/604aec14af289a5f7a539cf5/t/62c0773c8ede295f34974d6c/1656780605382/jowemisajatugovu.pdf",
        "https://static1.squarespace.com/static/604aebe5436e397a99d53e8a/t/62bdb64322d1ff355915c173/1656600131844/rurinabedozenimikajepagin.pdf",
        "https://static1.squarespace.com/static/604aea6a97201213e037dc4e/t/62b8a627cd367a2db964b742/1656268328243/92513978449.pdf",
        "https://static1.squarespace.com/static/60aaf25e42d7b60106dc17aa/t/62c0d5ee31a4b61bf016f70a/1656804847151/new_deal_political_cartoons.pdf",
        "https://static1.squarespace.com/static/604aea6a97201213e037dc4e/t/62bd38d8b656b607ec006556/1656568025263/35025865776.pdf",
        "https://static1.squarespace.com/static/60aaf27c8bac0413e6f804fa/t/62b5d5dcfcdc0c207dabb24e/1656083932635/creative_venus_powerpoint_templates_google_drive.pdf",
        "https://static1.squarespace.com/static/60aaf25e42d7b60106dc17aa/t/62c2c20e2773c847a998a490/1656930831005/hydraulic_directional_control_valve_symbols.pdf",
        "https://static1.squarespace.com/static/60aaf27c8bac0413e6f804fa/t/62bd1d9b24ed2a63f30b299e/1656561052864/norma_9000_iso_2015.pdf",
        "https://static1.squarespace.com/static/60aaf27c8bac0413e6f804fa/t/62b2ee98e4d8ad2547a80e5a/1655893657073/dvsa_guide_to_categorisation_of_defects.pdf",
        "https://static1.squarespace.com/static/604aeb86718479732845b7b4/t/62b940f8182c3615845b4265/1656307961136/84210227335.pdf",
        "https://static1.squarespace.com/static/60aaf27c8bac0413e6f804fa/t/62c762f64026fa1a254d2242/1657234167354/street_fighter_2_game_boy_manual.pdf",
        "https://static1.squarespace.com/static/604aeb86718479732845b7b4/t/62c2b863811d3b6056d41259/1656928355475/digabojuwimumikosamo.pdf"
    ],
    "regex_urls": [
        "http://oapsirs.com/c3?utm_term=balon+gastrico+pdf+free+online+pdf",
        "https",
        "https",
        "https",
        "https",
        "https",
        "https",
        "https",
        "https",
        "https",
        "https",
        "https",
        "https",
        "https",
        "https",
        "https",
        "https",
        "https",
        "https",
        "https",
        "https",
        "http://www.w3.org/1999/02/22-rdf-syntax-ns#",
        "http://purl.org/dc/elements/1.1/",
        "http://ns.adobe.com/pdf/1.3/",
        "http://ns.adobe.com/xap/1.0/",
        "http://ns.adobe.com/xap/1.0/mm/",
        "http://ns.adobe.com/xap/1.0/rights/"
    ],
    "scripts": {
        "iframe": [],
        "urls": []
    },
    "static_properties": {
        "JBIG2Decode": "0",
        "XML_forms": "0",
        "acro_form": "0",
        "auto_action": "0",
        "colors": "0",
        "cross_reference_table": "2",
        "embedded_files": "0",
        "file_size": "246",
        "java_script": "0",
        "js": "0",
        "launch_action": "0",
        "object_end": "80",
        "object_start": "80",
        "object_streams": "0",
        "open_action": "0",
        "page_count": "5",
        "rich_media": "0",
        "start_cross_reference_table": "2",
        "stream_end": "18",
        "stream_start": "18",
        "trailer_dictionary": "2"
    },
    "yara_signatures": [
        "without_attachments",
        "without_images",
        "with_urls",
        "invalid_trailer_structure",
        "multiple_versions",
        "contentis_base64"
    ]
}