{
    "exif_signatures": {},
    "file_size": 43362,
    "pdfid_signatures": {},
    "pypdf_uris": [
        "https://netcdn.xyz/app/479516143/minecraft-hacks-ps4-game-hack",
        "https://netcdn.xyz/app/479516143/minecraft-hacks-ps4-game-hack",
        "http://floreswindows.com/images/roblox-free-robux-no-human-verification_GM431946152.pdf",
        "http://floreswindows.com/images/how-to-get-free-spins-on-coin-master-2021-ios_GM406889139.pdf",
        "http://floreswindows.com/images/coin-master-free-coins-and-spins_GM406889139.pdf",
        "http://floreswindows.com/images/promo-codes-for-free-robux_GM431946152.pdf",
        "http://floreswindows.com/images/spinuri-gratis-coin-master_GM406889139.pdf",
        "http://floreswindows.com/images/minecraft-xbox-one-edition-digital-code-free_GM479516143.pdf",
        "http://floreswindows.com/images/apps-that-give-you-free-robux_GM431946152.pdf",
        "http://floreswindows.com/images/coin-master-hack-coins_GM406889139.pdf",
        "http://floreswindows.com/images/how-to-get-a-free-minecraft-account_GM479516143.pdf",
        "http://floreswindows.com/images/coin-master-free-spins-link-today-instagram_GM406889139.pdf",
        "http://floreswindows.com/images/minecraft-tower-defense-2-hacked_GM479516143.pdf",
        "http://floreswindows.com/images/free-outfits-roblox_GM431946152.pdf",
        "http://floreswindows.com/images/2021-coin-master-hack-without-verification_GM406889139.pdf",
        "http://floreswindows.com/images/wurst-112-2_GM479516143.pdf",
        "http://floreswindows.com/images/coin-master-hack-app_GM406889139.pdf",
        "http://floreswindows.com/images/how-to-play-minecraft-for-free-on-computer_GM479516143.pdf",
        "http://floreswindows.com/images/how-to-get-minecraft-for-free-on-chromebook_GM479516143.pdf",
        "http://floreswindows.com/images/minecraft-free-app_GM479516143.pdf",
        "http://floreswindows.com/images/how-to-get-free-robux-on-roblox-2021_GM431946152.pdf",
        "http://floreswindows.com/images/apps-for-free-robux_GM431946152.pdf"
    ],
    "regex_uris": [
        "https://netcdn.xyz/app/479516143/minecraft-hacks-ps4-game-hack",
        "https://netcdn.xyz/app/479516143/minecraft-hacks-ps4-game-hack",
        "http://floreswindows.com/images/roblox-free-robux-no-human-verification_GM431946152.pdf",
        "http://floreswindows.com/images/how-to-get-free-spins-on-coin-master-2021-ios_GM406889139.pdf",
        "http://floreswindows.com/images/coin-master-free-coins-and-spins_GM406889139.pdf",
        "http://floreswindows.com/images/promo-codes-for-free-robux_GM431946152.pdf",
        "http://floreswindows.com/images/spinuri-gratis-coin-master_GM406889139.pdf",
        "http://floreswindows.com/images/minecraft-xbox-one-edition-digital-code-free_GM479516143.pdf",
        "http://floreswindows.com/images/apps-that-give-you-free-robux_GM431946152.pdf",
        "http://floreswindows.com/images/coin-master-hack-coins_GM406889139.pdf",
        "http://floreswindows.com/images/how-to-get-a-free-minecraft-account_GM479516143.pdf",
        "http://floreswindows.com/images/coin-master-free-spins-link-today-instagram_GM406889139.pdf",
        "http://floreswindows.com/images/minecraft-tower-defense-2-hacked_GM479516143.pdf",
        "http://floreswindows.com/images/free-outfits-roblox_GM431946152.pdf",
        "http://floreswindows.com/images/2021-coin-master-hack-without-verification_GM406889139.pdf",
        "http://floreswindows.com/images/wurst-112-2_GM479516143.pdf",
        "http://floreswindows.com/images/coin-master-hack-app_GM406889139.pdf",
        "http://floreswindows.com/images/how-to-play-minecraft-for-free-on-computer_GM479516143.pdf",
        "http://floreswindows.com/images/how-to-get-minecraft-for-free-on-chromebook_GM479516143.pdf",
        "http://floreswindows.com/images/minecraft-free-app_GM479516143.pdf",
        "http://floreswindows.com/images/how-to-get-free-robux-on-roblox-2021_GM431946152.pdf",
        "http://floreswindows.com/images/apps-for-free-robux_GM431946152.pdf"
    ],
    "regex_urls": [
        "https",
        "https",
        "http://floreswindows.com/images/roblox-free-robux-no-human-verification_GM431946152.pdf",
        "http://floreswindows.com/images/how-to-get-free-spins-on-coin-master-2021-ios_GM406889139.pdf",
        "http://floreswindows.com/images/coin-master-free-coins-and-spins_GM406889139.pdf",
        "http://floreswindows.com/images/promo-codes-for-free-robux_GM431946152.pdf",
        "http://floreswindows.com/images/spinuri-gratis-coin-master_GM406889139.pdf",
        "http://floreswindows.com/images/minecraft-xbox-one-edition-digital-code-free_GM479516143.pdf",
        "http://floreswindows.com/images/apps-that-give-you-free-robux_GM431946152.pdf",
        "http://floreswindows.com/images/coin-master-hack-coins_GM406889139.pdf",
        "http://floreswindows.com/images/how-to-get-a-free-minecraft-account_GM479516143.pdf",
        "http://floreswindows.com/images/coin-master-free-spins-link-today-instagram_GM406889139.pdf",
        "http://floreswindows.com/images/minecraft-tower-defense-2-hacked_GM479516143.pdf",
        "http://floreswindows.com/images/free-outfits-roblox_GM431946152.pdf",
        "http://floreswindows.com/images/2021-coin-master-hack-without-verification_GM406889139.pdf",
        "http://floreswindows.com/images/wurst-112-2_GM479516143.pdf",
        "http://floreswindows.com/images/coin-master-hack-app_GM406889139.pdf",
        "http://floreswindows.com/images/how-to-play-minecraft-for-free-on-computer_GM479516143.pdf",
        "http://floreswindows.com/images/how-to-get-minecraft-for-free-on-chromebook_GM479516143.pdf",
        "http://floreswindows.com/images/minecraft-free-app_GM479516143.pdf",
        "http://floreswindows.com/images/how-to-get-free-robux-on-roblox-2021_GM431946152.pdf",
        "http://floreswindows.com/images/apps-for-free-robux_GM431946152.pdf"
    ],
    "scripts": {
        "iframe": [],
        "urls": []
    },
    "static_properties": {
        "JBIG2Decode": "0",
        "XML_forms": "0",
        "acro_form": "0",
        "auto_action": "0",
        "colors": "0",
        "cross_reference_table": "1",
        "embedded_files": "0",
        "file_size": "43",
        "java_script": "0",
        "js": "0",
        "launch_action": "0",
        "object_end": "60",
        "object_start": "60",
        "object_streams": "0",
        "open_action": "0",
        "page_count": "3",
        "rich_media": "0",
        "start_cross_reference_table": "1",
        "stream_end": "7",
        "stream_start": "7",
        "trailer_dictionary": "1"
    },
    "yara_signatures": [
        "without_attachments",
        "without_images",
        "with_urls",
        "invalid_trailer_structure",
        "contentis_base64"
    ]
}