{
    "exif_signatures": {},
    "file_size": 47612,
    "pdfid_signatures": {},
    "pypdf_uris": [
        "https://netcdn.xyz/app/406889139/free-spins-coin-master-links-2021-game-hack",
        "https://netcdn.xyz/app/406889139/free-spins-coin-master-links-2021-game-hack",
        "https://elearning.ma-miftahussaadah.sch.id/__statics/gudangsoal/files/apps-for-free-spins-on-coin-master_GM406889139.pdf",
        "https://elearning.ma-miftahussaadah.sch.id/__statics/gudangsoal/files/lazyblocks-com-free-robux_GM431946152.pdf",
        "https://elearning.ma-miftahussaadah.sch.id/__statics/gudangsoal/files/win-free-robux_GM431946152.pdf",
        "https://elearning.ma-miftahussaadah.sch.id/__statics/gudangsoal/files/instantrobux_GM431946152.pdf",
        "https://elearning.ma-miftahussaadah.sch.id/__statics/gudangsoal/files/coin-master-connection-lost-hack_GM406889139.pdf",
        "https://elearning.ma-miftahussaadah.sch.id/__statics/gudangsoal/files/coin-master-blogspot-free-spins_GM406889139.pdf",
        "https://elearning.ma-miftahussaadah.sch.id/__statics/gudangsoal/files/coin-master-3533-android-hack_GM406889139.pdf",
        "https://elearning.ma-miftahussaadah.sch.id/__statics/gudangsoal/files/coin-master-fan-hack_GM406889139.pdf",
        "https://elearning.ma-miftahussaadah.sch.id/__statics/gudangsoal/files/hack-download_GM431946152.pdf",
        "https://elearning.ma-miftahussaadah.sch.id/__statics/gudangsoal/files/how-to-hack-coin-master-root_GM406889139.pdf",
        "https://elearning.ma-miftahussaadah.sch.id/__statics/gudangsoal/files/roblox-but_GM431946152.pdf",
        "https://elearning.ma-miftahussaadah.sch.id/__statics/gudangsoal/files/free-robux-games-that-actually-work-2021_GM431946152.pdf",
        "https://elearning.ma-miftahussaadah.sch.id/__statics/gudangsoal/files/free-spins-for-coin-master-2021_GM406889139.pdf",
        "https://elearning.ma-miftahussaadah.sch.id/__statics/gudangsoal/files/coin-master-free-spins-hack_GM406889139.pdf",
        "https://elearning.ma-miftahussaadah.sch.id/__statics/gudangsoal/files/how-to-hack-coin-master-using-es-filer_GM406889139.pdf",
        "https://elearning.ma-miftahussaadah.sch.id/__statics/gudangsoal/files/free-bling-bling-card-coin-master_GM406889139.pdf",
        "https://elearning.ma-miftahussaadah.sch.id/__statics/gudangsoal/files/prison-life-roblox-hacks_GM431946152.pdf",
        "https://elearning.ma-miftahussaadah.sch.id/__statics/gudangsoal/files/coin-master-pc-hack-download_GM406889139.pdf",
        "https://elearning.ma-miftahussaadah.sch.id/__statics/gudangsoal/files/how-to-hack-roblox-accounts-for-robux_GM431946152.pdf",
        "https://elearning.ma-miftahussaadah.sch.id/__statics/gudangsoal/files/minecraft-116-apk-download_GM479516143.pdf"
    ],
    "regex_uris": [
        "https://netcdn.xyz/app/406889139/free-spins-coin-master-links-2021-game-hack",
        "https://netcdn.xyz/app/406889139/free-spins-coin-master-links-2021-game-hack",
        "https://elearning.ma-miftahussaadah.sch.id/__statics/gudangsoal/files/apps-for-free-spins-on-coin-master_GM406889139.pdf",
        "https://elearning.ma-miftahussaadah.sch.id/__statics/gudangsoal/files/lazyblocks-com-free-robux_GM431946152.pdf",
        "https://elearning.ma-miftahussaadah.sch.id/__statics/gudangsoal/files/win-free-robux_GM431946152.pdf",
        "https://elearning.ma-miftahussaadah.sch.id/__statics/gudangsoal/files/instantrobux_GM431946152.pdf",
        "https://elearning.ma-miftahussaadah.sch.id/__statics/gudangsoal/files/coin-master-connection-lost-hack_GM406889139.pdf",
        "https://elearning.ma-miftahussaadah.sch.id/__statics/gudangsoal/files/coin-master-blogspot-free-spins_GM406889139.pdf",
        "https://elearning.ma-miftahussaadah.sch.id/__statics/gudangsoal/files/coin-master-3533-android-hack_GM406889139.pdf",
        "https://elearning.ma-miftahussaadah.sch.id/__statics/gudangsoal/files/coin-master-fan-hack_GM406889139.pdf",
        "https://elearning.ma-miftahussaadah.sch.id/__statics/gudangsoal/files/hack-download_GM431946152.pdf",
        "https://elearning.ma-miftahussaadah.sch.id/__statics/gudangsoal/files/how-to-hack-coin-master-root_GM406889139.pdf",
        "https://elearning.ma-miftahussaadah.sch.id/__statics/gudangsoal/files/roblox-but_GM431946152.pdf",
        "https://elearning.ma-miftahussaadah.sch.id/__statics/gudangsoal/files/free-robux-games-that-actually-work-2021_GM431946152.pdf",
        "https://elearning.ma-miftahussaadah.sch.id/__statics/gudangsoal/files/free-spins-for-coin-master-2021_GM406889139.pdf",
        "https://elearning.ma-miftahussaadah.sch.id/__statics/gudangsoal/files/coin-master-free-spins-hack_GM406889139.pdf",
        "https://elearning.ma-miftahussaadah.sch.id/__statics/gudangsoal/files/how-to-hack-coin-master-using-es-filer_GM406889139.pdf",
        "https://elearning.ma-miftahussaadah.sch.id/__statics/gudangsoal/files/free-bling-bling-card-coin-master_GM406889139.pdf",
        "https://elearning.ma-miftahussaadah.sch.id/__statics/gudangsoal/files/prison-life-roblox-hacks_GM431946152.pdf",
        "https://elearning.ma-miftahussaadah.sch.id/__statics/gudangsoal/files/coin-master-pc-hack-download_GM406889139.pdf",
        "https://elearning.ma-miftahussaadah.sch.id/__statics/gudangsoal/files/how-to-hack-roblox-accounts-for-robux_GM431946152.pdf",
        "https://elearning.ma-miftahussaadah.sch.id/__statics/gudangsoal/files/minecraft-116-apk-download_GM479516143.pdf"
    ],
    "regex_urls": [
        "https",
        "https",
        "https",
        "https",
        "https",
        "https",
        "https",
        "https",
        "https",
        "https",
        "https",
        "https",
        "https",
        "https",
        "https",
        "https",
        "https",
        "https",
        "https",
        "https",
        "https",
        "https"
    ],
    "scripts": {
        "iframe": [],
        "urls": []
    },
    "static_properties": {
        "JBIG2Decode": "0",
        "XML_forms": "0",
        "acro_form": "0",
        "auto_action": "0",
        "colors": "0",
        "cross_reference_table": "1",
        "embedded_files": "0",
        "file_size": "48",
        "java_script": "0",
        "js": "0",
        "launch_action": "0",
        "object_end": "66",
        "object_start": "66",
        "object_streams": "0",
        "open_action": "0",
        "page_count": "3",
        "rich_media": "0",
        "start_cross_reference_table": "1",
        "stream_end": "9",
        "stream_start": "9",
        "trailer_dictionary": "1"
    },
    "yara_signatures": [
        "without_attachments",
        "without_images",
        "with_urls",
        "invalid_trailer_structure",
        "contentis_base64"
    ]
}