{
    "exif_signatures": {},
    "file_size": 127013,
    "pdfid_signatures": {
        "Page_Count": {
            "description": "This PDF has only one page",
            "families": [],
            "marks": [],
            "name": "Page_Count",
            "references": [],
            "severity": 1
        }
    },
    "pypdf_uris": [
        "https://byltly.com/29ws44",
        "https://byltly.com/29ws44",
        "http://ecrednipa.unblog.fr/2021/11/30/momci-iz-brazil-milorad-ulemek-pdf-41/",
        "https://trello.com/c/jRUqNLLg/17-dolphin-imaging-115-free-download",
        "http://pingliwadti.webblogg.se/2021/november/namo-webeditor-9-serialrar.html",
        "https://nostalgic-galileo-147980.netlify.app/the-Maine-Gandhi-Ko-Nahin-Mara-720p-movies",
        "https://affectionate-lamport-ca5c4a.netlify.app/How-is-Wow-2-full-movie-download-720p-movie",
        "http://www.tcpdf.org"
    ],
    "regex_uris": [
        "https://byltly.com/29ws44",
        "https://byltly.com/29ws44",
        "http://ecrednipa.unblog.fr/2021/11/30/momci-iz-brazil-milorad-ulemek-pdf-41/",
        "https://trello.com/c/jRUqNLLg/17-dolphin-imaging-115-free-download",
        "http://pingliwadti.webblogg.se/2021/november/namo-webeditor-9-serialrar.html",
        "https://nostalgic-galileo-147980.netlify.app/the-Maine-Gandhi-Ko-Nahin-Mara-720p-movies",
        "https://affectionate-lamport-ca5c4a.netlify.app/How-is-Wow-2-full-movie-download-720p-movie",
        "http://www.tcpdf.org"
    ],
    "regex_urls": [
        "https",
        "https",
        "http://ecrednipa.unblog.fr/2021/11/30/momci-iz-brazil-milorad-ulemek-pdf-41/",
        "https",
        "http://pingliwadti.webblogg.se/2021/november/namo-webeditor-9-serialrar.html",
        "https",
        "https",
        "http://www.tcpdf.org",
        "http://www.w3.org/1999/02/22-rdf-syntax-ns#",
        "http://purl.org/dc/elements/1.1/",
        "http://ns.adobe.com/xap/1.0/",
        "http://ns.adobe.com/pdf/1.3/",
        "http://ns.adobe.com/xap/1.0/mm/",
        "http://www.aiim.org/pdfa/ns/extension/",
        "http://www.aiim.org/pdfa/ns/schema#",
        "http://www.aiim.org/pdfa/ns/property#",
        "http://ns.adobe.com/pdf/1.3/",
        "http://ns.adobe.com/xap/1.0/mm/",
        "http://www.aiim.org/pdfa/ns/id/"
    ],
    "scripts": {
        "iframe": [],
        "urls": []
    },
    "static_properties": {
        "JBIG2Decode": "0",
        "XML_forms": "0",
        "acro_form": "0",
        "auto_action": "0",
        "colors": "0",
        "cross_reference_table": "1",
        "embedded_files": "0",
        "file_size": "127",
        "java_script": "0",
        "js": "0",
        "launch_action": "0",
        "object_end": "31",
        "object_start": "31",
        "object_streams": "0",
        "open_action": "1",
        "page_count": "1",
        "rich_media": "0",
        "start_cross_reference_table": "1",
        "stream_end": "10",
        "stream_start": "10",
        "trailer_dictionary": "1"
    },
    "yara_signatures": [
        "without_attachments",
        "without_images",
        "with_urls",
        "contentis_base64",
        "Big_Numbers1"
    ]
}