{
    "exif_signatures": {},
    "file_size": 44663,
    "pdfid_signatures": {},
    "pypdf_uris": [
        "https://netcdn.xyz/app/406889139/coinmaster-free-spins-link-game-hack",
        "https://netcdn.xyz/app/406889139/coinmaster-free-spins-link-game-hack",
        "https://repository.poltekkesgorontalo.ac.id/repository/coin-master-free-spin-2912-2021_GM406889139.pdf",
        "https://repository.poltekkesgorontalo.ac.id/repository/coin-master-spin-blogspot_GM406889139.pdf",
        "https://repository.poltekkesgorontalo.ac.id/repository/roblox-free-play_GM431946152.pdf",
        "https://repository.poltekkesgorontalo.ac.id/repository/free-robux-co_GM431946152.pdf",
        "https://repository.poltekkesgorontalo.ac.id/repository/how-to-hack-m-coins-mcpe-master_GM406889139.pdf",
        "https://repository.poltekkesgorontalo.ac.id/repository/apps-that-give-you-free-robux_GM431946152.pdf",
        "https://repository.poltekkesgorontalo.ac.id/repository/how-to-get-free-robux-as-a-kid_GM431946152.pdf",
        "https://repository.poltekkesgorontalo.ac.id/repository/coin-master-free-spins-and-coins-2021_GM406889139.pdf",
        "https://repository.poltekkesgorontalo.ac.id/repository/coin-master-free-spin-sites_GM406889139.pdf",
        "https://repository.poltekkesgorontalo.ac.id/repository/earn-free-robux-for-roblox_GM431946152.pdf",
        "https://repository.poltekkesgorontalo.ac.id/repository/minecraft-free-download-mac_GM479516143.pdf",
        "https://repository.poltekkesgorontalo.ac.id/repository/free-roblox-premium_GM431946152.pdf",
        "https://repository.poltekkesgorontalo.ac.id/repository/best-free-roblox-outfits_GM431946152.pdf",
        "https://repository.poltekkesgorontalo.ac.id/repository/how-to-become-a-hacker-in-roblox_GM431946152.pdf",
        "https://repository.poltekkesgorontalo.ac.id/repository/roblox-dominus-free_GM431946152.pdf",
        "https://repository.poltekkesgorontalo.ac.id/repository/coin-master-free-spin-app-reviews_GM406889139.pdf",
        "https://repository.poltekkesgorontalo.ac.id/repository/free-robux-generator-2021_GM431946152.pdf",
        "https://repository.poltekkesgorontalo.ac.id/repository/how-do-you-get-free-robux-without-paying_GM431946152.pdf",
        "https://repository.poltekkesgorontalo.ac.id/repository/how-to-get-free-robux-without-downloading-anything_GM431946152.pdf",
        "https://repository.poltekkesgorontalo.ac.id/repository/free-robux-website_GM431946152.pdf"
    ],
    "regex_uris": [
        "https://netcdn.xyz/app/406889139/coinmaster-free-spins-link-game-hack",
        "https://netcdn.xyz/app/406889139/coinmaster-free-spins-link-game-hack",
        "https://repository.poltekkesgorontalo.ac.id/repository/coin-master-free-spin-2912-2021_GM406889139.pdf",
        "https://repository.poltekkesgorontalo.ac.id/repository/coin-master-spin-blogspot_GM406889139.pdf",
        "https://repository.poltekkesgorontalo.ac.id/repository/roblox-free-play_GM431946152.pdf",
        "https://repository.poltekkesgorontalo.ac.id/repository/free-robux-co_GM431946152.pdf",
        "https://repository.poltekkesgorontalo.ac.id/repository/how-to-hack-m-coins-mcpe-master_GM406889139.pdf",
        "https://repository.poltekkesgorontalo.ac.id/repository/apps-that-give-you-free-robux_GM431946152.pdf",
        "https://repository.poltekkesgorontalo.ac.id/repository/how-to-get-free-robux-as-a-kid_GM431946152.pdf",
        "https://repository.poltekkesgorontalo.ac.id/repository/coin-master-free-spins-and-coins-2021_GM406889139.pdf",
        "https://repository.poltekkesgorontalo.ac.id/repository/coin-master-free-spin-sites_GM406889139.pdf",
        "https://repository.poltekkesgorontalo.ac.id/repository/earn-free-robux-for-roblox_GM431946152.pdf",
        "https://repository.poltekkesgorontalo.ac.id/repository/minecraft-free-download-mac_GM479516143.pdf",
        "https://repository.poltekkesgorontalo.ac.id/repository/free-roblox-premium_GM431946152.pdf",
        "https://repository.poltekkesgorontalo.ac.id/repository/best-free-roblox-outfits_GM431946152.pdf",
        "https://repository.poltekkesgorontalo.ac.id/repository/how-to-become-a-hacker-in-roblox_GM431946152.pdf",
        "https://repository.poltekkesgorontalo.ac.id/repository/roblox-dominus-free_GM431946152.pdf",
        "https://repository.poltekkesgorontalo.ac.id/repository/coin-master-free-spin-app-reviews_GM406889139.pdf",
        "https://repository.poltekkesgorontalo.ac.id/repository/free-robux-generator-2021_GM431946152.pdf",
        "https://repository.poltekkesgorontalo.ac.id/repository/how-do-you-get-free-robux-without-paying_GM431946152.pdf",
        "https://repository.poltekkesgorontalo.ac.id/repository/how-to-get-free-robux-without-downloading-anything_GM431946152.pdf",
        "https://repository.poltekkesgorontalo.ac.id/repository/free-robux-website_GM431946152.pdf"
    ],
    "regex_urls": [
        "https",
        "https",
        "https",
        "https",
        "https",
        "https",
        "https",
        "https",
        "https",
        "https",
        "https",
        "https",
        "https",
        "https",
        "https",
        "https",
        "https",
        "https",
        "https",
        "https",
        "https",
        "https"
    ],
    "scripts": {
        "iframe": [],
        "urls": []
    },
    "static_properties": {
        "JBIG2Decode": "0",
        "XML_forms": "0",
        "acro_form": "0",
        "auto_action": "0",
        "colors": "0",
        "cross_reference_table": "1",
        "embedded_files": "0",
        "file_size": "45",
        "java_script": "0",
        "js": "0",
        "launch_action": "0",
        "object_end": "60",
        "object_start": "60",
        "object_streams": "0",
        "open_action": "0",
        "page_count": "3",
        "rich_media": "0",
        "start_cross_reference_table": "1",
        "stream_end": "7",
        "stream_start": "7",
        "trailer_dictionary": "1"
    },
    "yara_signatures": [
        "without_attachments",
        "without_images",
        "with_urls",
        "invalid_trailer_structure",
        "contentis_base64"
    ]
}