{
    "exif_signatures": {},
    "file_size": 36533,
    "pdfid_signatures": {},
    "pypdf_uris": [
        "http://netcdn.tw/app/431946152/roblox-a-game-hack",
        "http://netcdn.tw/app/431946152/roblox-a-game-hack",
        "http://www.biochemix.com/uploaded_files/userfiles/files/coin-master-hack-tool-v1-9-apk_GM406889139.pdf",
        "http://www.biochemix.com/uploaded_files/userfiles/files/free-robux-hacker-us_GM431946152.pdf",
        "http://www.biochemix.com/uploaded_files/userfiles/files/level-7-roblox-free_GM431946152.pdf",
        "http://www.biochemix.com/uploaded_files/userfiles/files/free-coin-master-coins-and-spins_GM406889139.pdf",
        "http://www.biochemix.com/uploaded_files/userfiles/files/minecraft-pe-hack-client-ios_GM479516143.pdf",
        "http://www.biochemix.com/uploaded_files/userfiles/files/como-descargar-hacks-btools-para-jailbreak-roblox_GM431946152.pdf",
        "http://www.biochemix.com/uploaded_files/userfiles/files/roblox-mafia-hack_GM431946152.pdf",
        "http://www.biochemix.com/uploaded_files/userfiles/files/roblox-hacked-version_GM431946152.pdf",
        "http://www.biochemix.com/uploaded_files/userfiles/files/how-to-get-free-coins-on-coin-master_GM406889139.pdf",
        "http://www.biochemix.com/uploaded_files/userfiles/files/roblox-woodland-money-hack_GM431946152.pdf",
        "http://www.biochemix.com/uploaded_files/userfiles/files/coin-master-free-spins-link-download_GM406889139.pdf",
        "http://www.biochemix.com/uploaded_files/userfiles/files/is-free-robux-real_GM431946152.pdf",
        "http://www.biochemix.com/uploaded_files/userfiles/files/coin-master-free-spins-and-coins-for-iphone_GM406889139.pdf",
        "http://www.biochemix.com/uploaded_files/userfiles/files/cheats-roblox-rocitizens_GM431946152.pdf",
        "http://www.biochemix.com/uploaded_files/userfiles/files/how-to-get-free-robux-without-download-apps-or-survey_GM431946152.pdf",
        "http://www.biochemix.com/uploaded_files/userfiles/files/but-link-says-free-robux_GM431946152.pdf",
        "http://www.biochemix.com/uploaded_files/userfiles/files/coin-master-heaven-links-free-spins_GM406889139.pdf",
        "http://www.biochemix.com/uploaded_files/userfiles/files/free-robux-on-ipad_GM431946152.pdf",
        "http://www.biochemix.com/uploaded_files/userfiles/files/hack-coin-master-1_GM406889139.pdf",
        "http://www.biochemix.com/uploaded_files/userfiles/files/minecraft-launcher-free_GM479516143.pdf"
    ],
    "regex_uris": [
        "http://netcdn.tw/app/431946152/roblox-a-game-hack",
        "http://netcdn.tw/app/431946152/roblox-a-game-hack",
        "http://www.biochemix.com/uploaded_files/userfiles/files/coin-master-hack-tool-v1-9-apk_GM406889139.pdf",
        "http://www.biochemix.com/uploaded_files/userfiles/files/free-robux-hacker-us_GM431946152.pdf",
        "http://www.biochemix.com/uploaded_files/userfiles/files/level-7-roblox-free_GM431946152.pdf",
        "http://www.biochemix.com/uploaded_files/userfiles/files/free-coin-master-coins-and-spins_GM406889139.pdf",
        "http://www.biochemix.com/uploaded_files/userfiles/files/minecraft-pe-hack-client-ios_GM479516143.pdf",
        "http://www.biochemix.com/uploaded_files/userfiles/files/como-descargar-hacks-btools-para-jailbreak-roblox_GM431946152.pdf",
        "http://www.biochemix.com/uploaded_files/userfiles/files/roblox-mafia-hack_GM431946152.pdf",
        "http://www.biochemix.com/uploaded_files/userfiles/files/roblox-hacked-version_GM431946152.pdf",
        "http://www.biochemix.com/uploaded_files/userfiles/files/how-to-get-free-coins-on-coin-master_GM406889139.pdf",
        "http://www.biochemix.com/uploaded_files/userfiles/files/roblox-woodland-money-hack_GM431946152.pdf",
        "http://www.biochemix.com/uploaded_files/userfiles/files/coin-master-free-spins-link-download_GM406889139.pdf",
        "http://www.biochemix.com/uploaded_files/userfiles/files/is-free-robux-real_GM431946152.pdf",
        "http://www.biochemix.com/uploaded_files/userfiles/files/coin-master-free-spins-and-coins-for-iphone_GM406889139.pdf",
        "http://www.biochemix.com/uploaded_files/userfiles/files/cheats-roblox-rocitizens_GM431946152.pdf",
        "http://www.biochemix.com/uploaded_files/userfiles/files/how-to-get-free-robux-without-download-apps-or-survey_GM431946152.pdf",
        "http://www.biochemix.com/uploaded_files/userfiles/files/but-link-says-free-robux_GM431946152.pdf",
        "http://www.biochemix.com/uploaded_files/userfiles/files/coin-master-heaven-links-free-spins_GM406889139.pdf",
        "http://www.biochemix.com/uploaded_files/userfiles/files/free-robux-on-ipad_GM431946152.pdf",
        "http://www.biochemix.com/uploaded_files/userfiles/files/hack-coin-master-1_GM406889139.pdf",
        "http://www.biochemix.com/uploaded_files/userfiles/files/minecraft-launcher-free_GM479516143.pdf"
    ],
    "regex_urls": [
        "http://netcdn.tw/app/431946152/roblox-a-game-hack",
        "http://netcdn.tw/app/431946152/roblox-a-game-hack",
        "http://www.biochemix.com/uploaded_files/userfiles/files/coin-master-hack-tool-v1-9-apk_GM406889139.pdf",
        "http://www.biochemix.com/uploaded_files/userfiles/files/free-robux-hacker-us_GM431946152.pdf",
        "http://www.biochemix.com/uploaded_files/userfiles/files/level-7-roblox-free_GM431946152.pdf",
        "http://www.biochemix.com/uploaded_files/userfiles/files/free-coin-master-coins-and-spins_GM406889139.pdf",
        "http://www.biochemix.com/uploaded_files/userfiles/files/minecraft-pe-hack-client-ios_GM479516143.pdf",
        "http://www.biochemix.com/uploaded_files/userfiles/files/como-descargar-hacks-btools-para-jailbreak-roblox_GM431946152.pdf",
        "http://www.biochemix.com/uploaded_files/userfiles/files/roblox-mafia-hack_GM431946152.pdf",
        "http://www.biochemix.com/uploaded_files/userfiles/files/roblox-hacked-version_GM431946152.pdf",
        "http://www.biochemix.com/uploaded_files/userfiles/files/how-to-get-free-coins-on-coin-master_GM406889139.pdf",
        "http://www.biochemix.com/uploaded_files/userfiles/files/roblox-woodland-money-hack_GM431946152.pdf",
        "http://www.biochemix.com/uploaded_files/userfiles/files/coin-master-free-spins-link-download_GM406889139.pdf",
        "http://www.biochemix.com/uploaded_files/userfiles/files/is-free-robux-real_GM431946152.pdf",
        "http://www.biochemix.com/uploaded_files/userfiles/files/coin-master-free-spins-and-coins-for-iphone_GM406889139.pdf",
        "http://www.biochemix.com/uploaded_files/userfiles/files/cheats-roblox-rocitizens_GM431946152.pdf",
        "http://www.biochemix.com/uploaded_files/userfiles/files/how-to-get-free-robux-without-download-apps-or-survey_GM431946152.pdf",
        "http://www.biochemix.com/uploaded_files/userfiles/files/but-link-says-free-robux_GM431946152.pdf",
        "http://www.biochemix.com/uploaded_files/userfiles/files/coin-master-heaven-links-free-spins_GM406889139.pdf",
        "http://www.biochemix.com/uploaded_files/userfiles/files/free-robux-on-ipad_GM431946152.pdf",
        "http://www.biochemix.com/uploaded_files/userfiles/files/hack-coin-master-1_GM406889139.pdf",
        "http://www.biochemix.com/uploaded_files/userfiles/files/minecraft-launcher-free_GM479516143.pdf"
    ],
    "scripts": {
        "iframe": [],
        "urls": []
    },
    "static_properties": {
        "JBIG2Decode": "0",
        "XML_forms": "0",
        "acro_form": "0",
        "auto_action": "0",
        "colors": "0",
        "cross_reference_table": "1",
        "embedded_files": "0",
        "file_size": "37",
        "java_script": "0",
        "js": "0",
        "launch_action": "0",
        "object_end": "55",
        "object_start": "55",
        "object_streams": "0",
        "open_action": "0",
        "page_count": "2",
        "rich_media": "0",
        "start_cross_reference_table": "1",
        "stream_end": "6",
        "stream_start": "6",
        "trailer_dictionary": "1"
    },
    "yara_signatures": [
        "without_attachments",
        "without_images",
        "with_urls",
        "invalid_trailer_structure",
        "contentis_base64"
    ]
}