{
    "exif_signatures": {},
    "file_size": 36399,
    "pdfid_signatures": {},
    "pypdf_uris": [
        "http://netcdn.co/app/431946152/free-accounts-of-roblox-game-hack",
        "http://netcdn.co/app/431946152/free-accounts-of-roblox-game-hack",
        "https://elearning.manposo.sch.id/__statics/gudangsoal/files/coin-master-free-spins-link_GM406889139.pdf",
        "https://elearning.manposo.sch.id/__statics/gudangsoal/files/cheat-codes-for-coin-master_GM406889139.pdf",
        "https://elearning.manposo.sch.id/__statics/gudangsoal/files/ways-to-earn-robux_GM431946152.pdf",
        "https://elearning.manposo.sch.id/__statics/gudangsoal/files/easy-hacking-engine-for-roblox_GM431946152.pdf",
        "https://elearning.manposo.sch.id/__statics/gudangsoal/files/roblox-hack-menu-download-2021_GM431946152.pdf",
        "https://elearning.manposo.sch.id/__statics/gudangsoal/files/coin-master-hacked-apk-download-for-android_GM406889139.pdf",
        "https://elearning.manposo.sch.id/__statics/gudangsoal/files/how-do-you-give-somebody-free-robux_GM431946152.pdf",
        "https://elearning.manposo.sch.id/__statics/gudangsoal/files/coin-master-free-spins-blogspot_GM406889139.pdf",
        "https://elearning.manposo.sch.id/__statics/gudangsoal/files/minecraft-dungeons-free_GM479516143.pdf",
        "https://elearning.manposo.sch.id/__statics/gudangsoal/files/a-lot-of-robux_GM431946152.pdf",
        "https://elearning.manposo.sch.id/__statics/gudangsoal/files/hack-coin-master-free-spins_GM406889139.pdf",
        "https://elearning.manposo.sch.id/__statics/gudangsoal/files/pokemon-go-free-kanto-event_GM1094591345.pdf",
        "https://elearning.manposo.sch.id/__statics/gudangsoal/files/free-robux-pins_GM431946152.pdf",
        "https://elearning.manposo.sch.id/__statics/gudangsoal/files/buy-old-accounts-for-roblox-for-free_GM431946152.pdf",
        "https://elearning.manposo.sch.id/__statics/gudangsoal/files/spin-coin-master-free_GM406889139.pdf",
        "https://elearning.manposo.sch.id/__statics/gudangsoal/files/free-robux-hack-us_GM431946152.pdf",
        "https://elearning.manposo.sch.id/__statics/gudangsoal/files/roblox-piano-hack_GM431946152.pdf",
        "https://elearning.manposo.sch.id/__statics/gudangsoal/files/how-can-i-get-free-spins-on-coin-master_GM406889139.pdf",
        "https://elearning.manposo.sch.id/__statics/gudangsoal/files/hack-coin-master-with-lucky-patcher_GM406889139.pdf",
        "https://elearning.manposo.sch.id/__statics/gudangsoal/files/roblox-pics_GM431946152.pdf"
    ],
    "regex_uris": [
        "http://netcdn.co/app/431946152/free-accounts-of-roblox-game-hack",
        "http://netcdn.co/app/431946152/free-accounts-of-roblox-game-hack",
        "https://elearning.manposo.sch.id/__statics/gudangsoal/files/coin-master-free-spins-link_GM406889139.pdf",
        "https://elearning.manposo.sch.id/__statics/gudangsoal/files/cheat-codes-for-coin-master_GM406889139.pdf",
        "https://elearning.manposo.sch.id/__statics/gudangsoal/files/ways-to-earn-robux_GM431946152.pdf",
        "https://elearning.manposo.sch.id/__statics/gudangsoal/files/easy-hacking-engine-for-roblox_GM431946152.pdf",
        "https://elearning.manposo.sch.id/__statics/gudangsoal/files/roblox-hack-menu-download-2021_GM431946152.pdf",
        "https://elearning.manposo.sch.id/__statics/gudangsoal/files/coin-master-hacked-apk-download-for-android_GM406889139.pdf",
        "https://elearning.manposo.sch.id/__statics/gudangsoal/files/how-do-you-give-somebody-free-robux_GM431946152.pdf",
        "https://elearning.manposo.sch.id/__statics/gudangsoal/files/coin-master-free-spins-blogspot_GM406889139.pdf",
        "https://elearning.manposo.sch.id/__statics/gudangsoal/files/minecraft-dungeons-free_GM479516143.pdf",
        "https://elearning.manposo.sch.id/__statics/gudangsoal/files/a-lot-of-robux_GM431946152.pdf",
        "https://elearning.manposo.sch.id/__statics/gudangsoal/files/hack-coin-master-free-spins_GM406889139.pdf",
        "https://elearning.manposo.sch.id/__statics/gudangsoal/files/pokemon-go-free-kanto-event_GM1094591345.pdf",
        "https://elearning.manposo.sch.id/__statics/gudangsoal/files/free-robux-pins_GM431946152.pdf",
        "https://elearning.manposo.sch.id/__statics/gudangsoal/files/buy-old-accounts-for-roblox-for-free_GM431946152.pdf",
        "https://elearning.manposo.sch.id/__statics/gudangsoal/files/spin-coin-master-free_GM406889139.pdf",
        "https://elearning.manposo.sch.id/__statics/gudangsoal/files/free-robux-hack-us_GM431946152.pdf",
        "https://elearning.manposo.sch.id/__statics/gudangsoal/files/roblox-piano-hack_GM431946152.pdf",
        "https://elearning.manposo.sch.id/__statics/gudangsoal/files/how-can-i-get-free-spins-on-coin-master_GM406889139.pdf",
        "https://elearning.manposo.sch.id/__statics/gudangsoal/files/hack-coin-master-with-lucky-patcher_GM406889139.pdf",
        "https://elearning.manposo.sch.id/__statics/gudangsoal/files/roblox-pics_GM431946152.pdf"
    ],
    "regex_urls": [
        "http://netcdn.co/app/431946152/free-accounts-of-roblox-game-hack",
        "http://netcdn.co/app/431946152/free-accounts-of-roblox-game-hack",
        "https",
        "https",
        "https",
        "https",
        "https",
        "https",
        "https",
        "https",
        "https",
        "https",
        "https",
        "https",
        "https",
        "https",
        "https",
        "https",
        "https",
        "https",
        "https",
        "https"
    ],
    "scripts": {
        "iframe": [],
        "urls": []
    },
    "static_properties": {
        "JBIG2Decode": "0",
        "XML_forms": "0",
        "acro_form": "0",
        "auto_action": "0",
        "colors": "0",
        "cross_reference_table": "1",
        "embedded_files": "0",
        "file_size": "36",
        "java_script": "0",
        "js": "0",
        "launch_action": "0",
        "object_end": "55",
        "object_start": "55",
        "object_streams": "0",
        "open_action": "0",
        "page_count": "2",
        "rich_media": "0",
        "start_cross_reference_table": "1",
        "stream_end": "6",
        "stream_start": "6",
        "trailer_dictionary": "1"
    },
    "yara_signatures": [
        "without_attachments",
        "without_images",
        "with_urls",
        "invalid_trailer_structure",
        "contentis_base64"
    ]
}