{
    "exif_signatures": {},
    "file_size": 45743,
    "pdfid_signatures": {},
    "pypdf_uris": [
        "https://netcdn.xyz/app/431946152/how-to-make-free-robux-game-hack",
        "https://netcdn.xyz/app/431946152/how-to-make-free-robux-game-hack",
        "http://efeikaiwa.net/images/coin-master-gold-cards-hack-english_GM406889139.pdf",
        "http://efeikaiwa.net/images/robux-websites-2021_GM431946152.pdf",
        "http://efeikaiwa.net/images/2021-free-spins-on-coin-master_GM406889139.pdf",
        "http://efeikaiwa.net/images/hack-coin-master-app_GM406889139.pdf",
        "http://efeikaiwa.net/images/can-you-earn-robux_GM431946152.pdf"
    ],
    "regex_uris": [
        "https://netcdn.xyz/app/431946152/how-to-make-free-robux-game-hack",
        "https://netcdn.xyz/app/431946152/how-to-make-free-robux-game-hack",
        "http://efeikaiwa.net/images/coin-master-gold-cards-hack-english_GM406889139.pdf",
        "http://efeikaiwa.net/images/robux-websites-2021_GM431946152.pdf",
        "http://efeikaiwa.net/images/2021-free-spins-on-coin-master_GM406889139.pdf",
        "http://efeikaiwa.net/images/hack-coin-master-app_GM406889139.pdf",
        "http://efeikaiwa.net/images/can-you-earn-robux_GM431946152.pdf"
    ],
    "regex_urls": [
        "https",
        "https",
        "http://efeikaiwa.net/images/coin-master-gold-cards-hack-english_GM406889139.pdf",
        "http://efeikaiwa.net/images/robux-websites-2021_GM431946152.pdf",
        "http://efeikaiwa.net/images/2021-free-spins-on-coin-master_GM406889139.pdf",
        "http://efeikaiwa.net/images/hack-coin-master-app_GM406889139.pdf",
        "http://efeikaiwa.net/images/can-you-earn-robux_GM431946152.pdf"
    ],
    "scripts": {
        "iframe": [],
        "urls": []
    },
    "static_properties": {
        "JBIG2Decode": "0",
        "XML_forms": "0",
        "acro_form": "0",
        "auto_action": "0",
        "colors": "0",
        "cross_reference_table": "1",
        "embedded_files": "0",
        "file_size": "46",
        "java_script": "0",
        "js": "0",
        "launch_action": "0",
        "object_end": "52",
        "object_start": "52",
        "object_streams": "0",
        "open_action": "0",
        "page_count": "2",
        "rich_media": "0",
        "start_cross_reference_table": "1",
        "stream_end": "10",
        "stream_start": "10",
        "trailer_dictionary": "1"
    },
    "yara_signatures": [
        "without_attachments",
        "without_images",
        "with_urls",
        "invalid_trailer_structure",
        "contentis_base64"
    ]
}