{
    "exif_signatures": {},
    "file_size": 35693,
    "pdfid_signatures": {},
    "pypdf_uris": [
        "http://netcdn.tw/app/431946152/i-want-free-robux-game-hack",
        "http://netcdn.tw/app/431946152/i-want-free-robux-game-hack",
        "https://eastwood.co.ke/uploaded_files/userfiles/files/codes-how-to-get-free-robux_GM431946152.pdf",
        "https://eastwood.co.ke/uploaded_files/userfiles/files/spam-hack-for-roblox_GM431946152.pdf",
        "https://eastwood.co.ke/uploaded_files/userfiles/files/how-to-hack-atm-roblox_GM431946152.pdf",
        "https://eastwood.co.ke/uploaded_files/userfiles/files/free-roblox-accounts-with-robux-that-work-2021_GM431946152.pdf",
        "https://eastwood.co.ke/uploaded_files/userfiles/files/legit-coin-master-hack-site-zyngaplayerforumscom_GM406889139.pdf",
        "https://eastwood.co.ke/uploaded_files/userfiles/files/free-scripts-roblox-voidacity_GM431946152.pdf",
        "https://eastwood.co.ke/uploaded_files/userfiles/files/how-to-hack-coin-master-computer_GM406889139.pdf",
        "https://eastwood.co.ke/uploaded_files/userfiles/files/pokemon-go-free-yawn_GM1094591345.pdf",
        "https://eastwood.co.ke/uploaded_files/userfiles/files/get-free-robux-no-verification_GM431946152.pdf",
        "https://eastwood.co.ke/uploaded_files/userfiles/files/coin-master-free-spin-and-coins-links_GM406889139.pdf",
        "https://eastwood.co.ke/uploaded_files/userfiles/files/free-robux-place_GM431946152.pdf",
        "https://eastwood.co.ke/uploaded_files/userfiles/files/how-to-speed-hack-las-vegas-on-roblox_GM431946152.pdf",
        "https://eastwood.co.ke/uploaded_files/userfiles/files/free-robux-codes-2021_GM431946152.pdf",
        "https://eastwood.co.ke/uploaded_files/userfiles/files/how-to-hack-roblox-accounts-for-robux_GM431946152.pdf",
        "https://eastwood.co.ke/uploaded_files/userfiles/files/free-robux-game-verification_GM431946152.pdf",
        "https://eastwood.co.ke/uploaded_files/userfiles/files/free-spin-link-for-coin-master-game_GM406889139.pdf",
        "https://eastwood.co.ke/uploaded_files/userfiles/files/how-to-get-free-robux-no-human-verification-2021_GM431946152.pdf",
        "https://eastwood.co.ke/uploaded_files/userfiles/files/robux-hack-2021-download_GM431946152.pdf",
        "https://eastwood.co.ke/uploaded_files/userfiles/files/roblox-do-you-need-an-anti-cheat_GM431946152.pdf",
        "https://eastwood.co.ke/uploaded_files/userfiles/files/coin-master-shield-hack_GM406889139.pdf"
    ],
    "regex_uris": [
        "http://netcdn.tw/app/431946152/i-want-free-robux-game-hack",
        "http://netcdn.tw/app/431946152/i-want-free-robux-game-hack",
        "https://eastwood.co.ke/uploaded_files/userfiles/files/codes-how-to-get-free-robux_GM431946152.pdf",
        "https://eastwood.co.ke/uploaded_files/userfiles/files/spam-hack-for-roblox_GM431946152.pdf",
        "https://eastwood.co.ke/uploaded_files/userfiles/files/how-to-hack-atm-roblox_GM431946152.pdf",
        "https://eastwood.co.ke/uploaded_files/userfiles/files/free-roblox-accounts-with-robux-that-work-2021_GM431946152.pdf",
        "https://eastwood.co.ke/uploaded_files/userfiles/files/legit-coin-master-hack-site-zyngaplayerforumscom_GM406889139.pdf",
        "https://eastwood.co.ke/uploaded_files/userfiles/files/free-scripts-roblox-voidacity_GM431946152.pdf",
        "https://eastwood.co.ke/uploaded_files/userfiles/files/how-to-hack-coin-master-computer_GM406889139.pdf",
        "https://eastwood.co.ke/uploaded_files/userfiles/files/pokemon-go-free-yawn_GM1094591345.pdf",
        "https://eastwood.co.ke/uploaded_files/userfiles/files/get-free-robux-no-verification_GM431946152.pdf",
        "https://eastwood.co.ke/uploaded_files/userfiles/files/coin-master-free-spin-and-coins-links_GM406889139.pdf",
        "https://eastwood.co.ke/uploaded_files/userfiles/files/free-robux-place_GM431946152.pdf",
        "https://eastwood.co.ke/uploaded_files/userfiles/files/how-to-speed-hack-las-vegas-on-roblox_GM431946152.pdf",
        "https://eastwood.co.ke/uploaded_files/userfiles/files/free-robux-codes-2021_GM431946152.pdf",
        "https://eastwood.co.ke/uploaded_files/userfiles/files/how-to-hack-roblox-accounts-for-robux_GM431946152.pdf",
        "https://eastwood.co.ke/uploaded_files/userfiles/files/free-robux-game-verification_GM431946152.pdf",
        "https://eastwood.co.ke/uploaded_files/userfiles/files/free-spin-link-for-coin-master-game_GM406889139.pdf",
        "https://eastwood.co.ke/uploaded_files/userfiles/files/how-to-get-free-robux-no-human-verification-2021_GM431946152.pdf",
        "https://eastwood.co.ke/uploaded_files/userfiles/files/robux-hack-2021-download_GM431946152.pdf",
        "https://eastwood.co.ke/uploaded_files/userfiles/files/roblox-do-you-need-an-anti-cheat_GM431946152.pdf",
        "https://eastwood.co.ke/uploaded_files/userfiles/files/coin-master-shield-hack_GM406889139.pdf"
    ],
    "regex_urls": [
        "http://netcdn.tw/app/431946152/i-want-free-robux-game-hack",
        "http://netcdn.tw/app/431946152/i-want-free-robux-game-hack",
        "https",
        "https",
        "https",
        "https",
        "https",
        "https",
        "https",
        "https",
        "https",
        "https",
        "https",
        "https",
        "https",
        "https",
        "https",
        "https",
        "https",
        "https",
        "https",
        "https"
    ],
    "scripts": {
        "iframe": [],
        "urls": []
    },
    "static_properties": {
        "JBIG2Decode": "0",
        "XML_forms": "0",
        "acro_form": "0",
        "auto_action": "0",
        "colors": "0",
        "cross_reference_table": "1",
        "embedded_files": "0",
        "file_size": "36",
        "java_script": "0",
        "js": "0",
        "launch_action": "0",
        "object_end": "55",
        "object_start": "55",
        "object_streams": "0",
        "open_action": "0",
        "page_count": "2",
        "rich_media": "0",
        "start_cross_reference_table": "1",
        "stream_end": "6",
        "stream_start": "6",
        "trailer_dictionary": "1"
    },
    "yara_signatures": [
        "without_attachments",
        "without_images",
        "with_urls",
        "invalid_trailer_structure",
        "contentis_base64"
    ]
}