{
    "exif_signatures": {},
    "file_size": 35999,
    "pdfid_signatures": {},
    "pypdf_uris": [
        "http://netcdn.co/app/431946152/free-robux-with-offers-game-hack",
        "http://netcdn.co/app/431946152/free-robux-with-offers-game-hack",
        "https://elearning.manicp.sch.id/__statics/gudangsoal/files/free-roblox-gear_GM431946152.pdf",
        "https://elearning.manicp.sch.id/__statics/gudangsoal/files/minecraft-pvp-hacks_GM479516143.pdf",
        "https://elearning.manicp.sch.id/__statics/gudangsoal/files/ccv3-roblox-hack-download_GM431946152.pdf",
        "https://elearning.manicp.sch.id/__statics/gudangsoal/files/how-do-u-hack-in-roblox_GM431946152.pdf",
        "https://elearning.manicp.sch.id/__statics/gudangsoal/files/bux-gg-robux-free_GM431946152.pdf",
        "https://elearning.manicp.sch.id/__statics/gudangsoal/files/coin-master-free-spins-apk_GM406889139.pdf",
        "https://elearning.manicp.sch.id/__statics/gudangsoal/files/hack-exploit-roblox-2021_GM431946152.pdf",
        "https://elearning.manicp.sch.id/__statics/gudangsoal/files/free-spins-coin-master-2021_GM406889139.pdf",
        "https://elearning.manicp.sch.id/__statics/gudangsoal/files/free-spins-for-coin-master_GM406889139.pdf",
        "https://elearning.manicp.sch.id/__statics/gudangsoal/files/coin-master-fun-free-spins_GM406889139.pdf",
        "https://elearning.manicp.sch.id/__statics/gudangsoal/files/scp-anomaly-breach-roblox-hack_GM431946152.pdf",
        "https://elearning.manicp.sch.id/__statics/gudangsoal/files/how-to-get-free-coins-in-coin-master_GM406889139.pdf",
        "https://elearning.manicp.sch.id/__statics/gudangsoal/files/roblox-why-is-nothing-free_GM431946152.pdf",
        "https://elearning.manicp.sch.id/__statics/gudangsoal/files/free-roblox-outfits-2021_GM431946152.pdf",
        "https://elearning.manicp.sch.id/__statics/gudangsoal/files/roblox-gift-card-codes-free-unused_GM431946152.pdf",
        "https://elearning.manicp.sch.id/__statics/gudangsoal/files/coin-master-free-spins-and-coins-2021_GM406889139.pdf",
        "https://elearning.manicp.sch.id/__statics/gudangsoal/files/app-roblox-hack_GM431946152.pdf",
        "https://elearning.manicp.sch.id/__statics/gudangsoal/files/free-spins-for-coin-master-2021_GM406889139.pdf",
        "https://elearning.manicp.sch.id/__statics/gudangsoal/files/robux-for-surveys_GM431946152.pdf",
        "https://elearning.manicp.sch.id/__statics/gudangsoal/files/free-robux-hack-2021_GM431946152.pdf"
    ],
    "regex_uris": [
        "http://netcdn.co/app/431946152/free-robux-with-offers-game-hack",
        "http://netcdn.co/app/431946152/free-robux-with-offers-game-hack",
        "https://elearning.manicp.sch.id/__statics/gudangsoal/files/free-roblox-gear_GM431946152.pdf",
        "https://elearning.manicp.sch.id/__statics/gudangsoal/files/minecraft-pvp-hacks_GM479516143.pdf",
        "https://elearning.manicp.sch.id/__statics/gudangsoal/files/ccv3-roblox-hack-download_GM431946152.pdf",
        "https://elearning.manicp.sch.id/__statics/gudangsoal/files/how-do-u-hack-in-roblox_GM431946152.pdf",
        "https://elearning.manicp.sch.id/__statics/gudangsoal/files/bux-gg-robux-free_GM431946152.pdf",
        "https://elearning.manicp.sch.id/__statics/gudangsoal/files/coin-master-free-spins-apk_GM406889139.pdf",
        "https://elearning.manicp.sch.id/__statics/gudangsoal/files/hack-exploit-roblox-2021_GM431946152.pdf",
        "https://elearning.manicp.sch.id/__statics/gudangsoal/files/free-spins-coin-master-2021_GM406889139.pdf",
        "https://elearning.manicp.sch.id/__statics/gudangsoal/files/free-spins-for-coin-master_GM406889139.pdf",
        "https://elearning.manicp.sch.id/__statics/gudangsoal/files/coin-master-fun-free-spins_GM406889139.pdf",
        "https://elearning.manicp.sch.id/__statics/gudangsoal/files/scp-anomaly-breach-roblox-hack_GM431946152.pdf",
        "https://elearning.manicp.sch.id/__statics/gudangsoal/files/how-to-get-free-coins-in-coin-master_GM406889139.pdf",
        "https://elearning.manicp.sch.id/__statics/gudangsoal/files/roblox-why-is-nothing-free_GM431946152.pdf",
        "https://elearning.manicp.sch.id/__statics/gudangsoal/files/free-roblox-outfits-2021_GM431946152.pdf",
        "https://elearning.manicp.sch.id/__statics/gudangsoal/files/roblox-gift-card-codes-free-unused_GM431946152.pdf",
        "https://elearning.manicp.sch.id/__statics/gudangsoal/files/coin-master-free-spins-and-coins-2021_GM406889139.pdf",
        "https://elearning.manicp.sch.id/__statics/gudangsoal/files/app-roblox-hack_GM431946152.pdf",
        "https://elearning.manicp.sch.id/__statics/gudangsoal/files/free-spins-for-coin-master-2021_GM406889139.pdf",
        "https://elearning.manicp.sch.id/__statics/gudangsoal/files/robux-for-surveys_GM431946152.pdf",
        "https://elearning.manicp.sch.id/__statics/gudangsoal/files/free-robux-hack-2021_GM431946152.pdf"
    ],
    "regex_urls": [
        "http://netcdn.co/app/431946152/free-robux-with-offers-game-hack",
        "http://netcdn.co/app/431946152/free-robux-with-offers-game-hack",
        "https",
        "https",
        "https",
        "https",
        "https",
        "https",
        "https",
        "https",
        "https",
        "https",
        "https",
        "https",
        "https",
        "https",
        "https",
        "https",
        "https",
        "https",
        "https",
        "https"
    ],
    "scripts": {
        "iframe": [],
        "urls": []
    },
    "static_properties": {
        "JBIG2Decode": "0",
        "XML_forms": "0",
        "acro_form": "0",
        "auto_action": "0",
        "colors": "0",
        "cross_reference_table": "1",
        "embedded_files": "0",
        "file_size": "36",
        "java_script": "0",
        "js": "0",
        "launch_action": "0",
        "object_end": "55",
        "object_start": "55",
        "object_streams": "0",
        "open_action": "0",
        "page_count": "2",
        "rich_media": "0",
        "start_cross_reference_table": "1",
        "stream_end": "6",
        "stream_start": "6",
        "trailer_dictionary": "1"
    },
    "yara_signatures": [
        "without_attachments",
        "without_images",
        "with_urls",
        "invalid_trailer_structure",
        "contentis_base64"
    ]
}