{
    "exif_signatures": {},
    "file_size": 335784,
    "pdfid_signatures": {},
    "pypdf_uris": [
        "http://oapsirs.com/c3?utm_term=types+of+wheat+flour+pdf++free+pdf+download",
        "https://xamilugalaw.weebly.com/uploads/1/3/5/3/135325617/jirud.pdf",
        "https://bixizevabusiku.weebly.com/uploads/1/3/4/4/134403351/d1d0e265b.pdf",
        "https://kemumapuvepuvi.weebly.com/uploads/1/3/4/3/134311950/af3f37.pdf",
        "https://static1.squarespace.com/static/604aec14af289a5f7a539cf5/t/62b98e717e4e280b8602bc1c/1656327793591/bivibuxipebuxa.pdf",
        "https://xitarowax.weebly.com/uploads/1/3/2/6/132681505/dejizosaberawedi.pdf",
        "https://static1.squarespace.com/static/60aaf27c8bac0413e6f804fa/t/62b2edab7c277c29672c00c7/1655893420347/fojuwolo.pdf",
        "https://wasevixafam.weebly.com/uploads/1/4/1/2/141295335/4373117.pdf",
        "https://static1.squarespace.com/static/604aeb86718479732845b7b4/t/62c468e82cca247347e508f8/1657039080303/download_mencari_alasan_mp3.pdf",
        "https://zawobulogu.weebly.com/uploads/1/3/1/0/131070044/952e6297c.pdf",
        "https://luvijarutajimab.weebly.com/uploads/1/4/1/7/141744215/zinawira-vuxoxapigu-vivakevuporam-zapilebobime.pdf",
        "https://jetaganugobemib.weebly.com/uploads/1/3/4/8/134895639/49dcbc.pdf",
        "https://pusenosate.weebly.com/uploads/1/3/5/3/135347115/347e4d9c11f.pdf",
        "https://wigikeketiru.weebly.com/uploads/1/3/1/4/131406435/7647444.pdf",
        "https://static1.squarespace.com/static/60aaf27c8bac0413e6f804fa/t/62b46282b6aa2a64651916c9/1655988866493/char_broil_performance_grill_target.pdf",
        "https://wunimebi.weebly.com/uploads/1/3/4/3/134361225/6693015.pdf",
        "https://dedidolijara.weebly.com/uploads/1/3/4/6/134666782/mizosomitabati.pdf",
        "https://nepibosumu.weebly.com/uploads/1/3/4/3/134363752/3684632.pdf",
        "https://kagepumesafoke.weebly.com/uploads/1/3/4/8/134846889/ceecfd28ccbfd2.pdf",
        "https://getenulezawo.weebly.com/uploads/1/3/4/8/134897364/zitejaxiriluzora.pdf",
        "https://bexifusigaxuzud.weebly.com/uploads/1/4/1/4/141454571/fagifu-betotukuxawevi-jefexapuzof.pdf",
        "https://sanomabekoba.weebly.com/uploads/1/4/1/5/141586288/7824992.pdf",
        "https://static1.squarespace.com/static/60aaf25e42d7b60106dc17aa/t/62b48f1a29a82c3608c35f7c/1656000282723/mastering_chemistry_pearson_answers_chapter_4.pdf",
        "https://xamizozuzubo.weebly.com/uploads/1/3/4/4/134454881/88318.pdf",
        "https://static1.squarespace.com/static/604aebe5436e397a99d53e8a/t/62bff6ab8ede295f348edb2d/1656747692046/14459478785.pdf",
        "https://vipagavufedolaz.weebly.com/uploads/1/3/5/3/135350232/a8352f3775f2a3.pdf",
        "https://static1.squarespace.com/static/604aea6a97201213e037dc4e/t/62be19d907ade023e5f6eb19/1656625626492/histoire_des_styles_mobilier.pdf"
    ],
    "regex_uris": [
        "http://oapsirs.com/c3?utm_term=types+of+wheat+flour+pdf++free+pdf+download",
        "https://xamilugalaw.weebly.com/uploads/1/3/5/3/135325617/jirud.pdf",
        "https://bixizevabusiku.weebly.com/uploads/1/3/4/4/134403351/d1d0e265b.pdf",
        "https://kemumapuvepuvi.weebly.com/uploads/1/3/4/3/134311950/af3f37.pdf",
        "https://static1.squarespace.com/static/604aec14af289a5f7a539cf5/t/62b98e717e4e280b8602bc1c/1656327793591/bivibuxipebuxa.pdf",
        "https://xitarowax.weebly.com/uploads/1/3/2/6/132681505/dejizosaberawedi.pdf",
        "https://static1.squarespace.com/static/60aaf27c8bac0413e6f804fa/t/62b2edab7c277c29672c00c7/1655893420347/fojuwolo.pdf",
        "https://wasevixafam.weebly.com/uploads/1/4/1/2/141295335/4373117.pdf",
        "https://static1.squarespace.com/static/604aeb86718479732845b7b4/t/62c468e82cca247347e508f8/1657039080303/download_mencari_alasan_mp3.pdf",
        "https://zawobulogu.weebly.com/uploads/1/3/1/0/131070044/952e6297c.pdf",
        "https://luvijarutajimab.weebly.com/uploads/1/4/1/7/141744215/zinawira-vuxoxapigu-vivakevuporam-zapilebobime.pdf",
        "https://jetaganugobemib.weebly.com/uploads/1/3/4/8/134895639/49dcbc.pdf",
        "https://pusenosate.weebly.com/uploads/1/3/5/3/135347115/347e4d9c11f.pdf",
        "https://wigikeketiru.weebly.com/uploads/1/3/1/4/131406435/7647444.pdf",
        "https://static1.squarespace.com/static/60aaf27c8bac0413e6f804fa/t/62b46282b6aa2a64651916c9/1655988866493/char_broil_performance_grill_target.pdf",
        "https://wunimebi.weebly.com/uploads/1/3/4/3/134361225/6693015.pdf",
        "https://dedidolijara.weebly.com/uploads/1/3/4/6/134666782/mizosomitabati.pdf",
        "https://nepibosumu.weebly.com/uploads/1/3/4/3/134363752/3684632.pdf",
        "https://kagepumesafoke.weebly.com/uploads/1/3/4/8/134846889/ceecfd28ccbfd2.pdf",
        "https://getenulezawo.weebly.com/uploads/1/3/4/8/134897364/zitejaxiriluzora.pdf",
        "https://bexifusigaxuzud.weebly.com/uploads/1/4/1/4/141454571/fagifu-betotukuxawevi-jefexapuzof.pdf",
        "https://sanomabekoba.weebly.com/uploads/1/4/1/5/141586288/7824992.pdf",
        "https://static1.squarespace.com/static/60aaf25e42d7b60106dc17aa/t/62b48f1a29a82c3608c35f7c/1656000282723/mastering_chemistry_pearson_answers_chapter_4.pdf",
        "https://xamizozuzubo.weebly.com/uploads/1/3/4/4/134454881/88318.pdf",
        "https://static1.squarespace.com/static/604aebe5436e397a99d53e8a/t/62bff6ab8ede295f348edb2d/1656747692046/14459478785.pdf",
        "https://vipagavufedolaz.weebly.com/uploads/1/3/5/3/135350232/a8352f3775f2a3.pdf",
        "https://static1.squarespace.com/static/604aea6a97201213e037dc4e/t/62be19d907ade023e5f6eb19/1656625626492/histoire_des_styles_mobilier.pdf"
    ],
    "regex_urls": [
        "http://oapsirs.com/c3?utm_term=types+of+wheat+flour+pdf++free+pdf+download",
        "https",
        "https",
        "https",
        "https",
        "https",
        "https",
        "https",
        "https",
        "https",
        "https",
        "https",
        "https",
        "https",
        "https",
        "https",
        "https",
        "https",
        "https",
        "https",
        "https",
        "https",
        "https",
        "https",
        "https",
        "https",
        "https",
        "http://www.w3.org/1999/02/22-rdf-syntax-ns#",
        "http://purl.org/dc/elements/1.1/",
        "http://ns.adobe.com/pdf/1.3/",
        "http://ns.adobe.com/xap/1.0/",
        "http://ns.adobe.com/xap/1.0/mm/",
        "http://ns.adobe.com/xap/1.0/rights/"
    ],
    "scripts": {
        "iframe": [],
        "urls": []
    },
    "static_properties": {
        "JBIG2Decode": "0",
        "XML_forms": "0",
        "acro_form": "0",
        "auto_action": "0",
        "colors": "0",
        "cross_reference_table": "2",
        "embedded_files": "0",
        "file_size": "336",
        "java_script": "0",
        "js": "0",
        "launch_action": "0",
        "object_end": "81",
        "object_start": "81",
        "object_streams": "0",
        "open_action": "0",
        "page_count": "4",
        "rich_media": "0",
        "start_cross_reference_table": "2",
        "stream_end": "17",
        "stream_start": "17",
        "trailer_dictionary": "2"
    },
    "yara_signatures": [
        "without_attachments",
        "without_images",
        "with_urls",
        "invalid_trailer_structure",
        "multiple_versions",
        "contentis_base64"
    ]
}