{
    "exif_signatures": {},
    "file_size": 250937,
    "pdfid_signatures": {},
    "pypdf_uris": [
        "http://rocketcarrental.com/filefish.xduplicator?reverted=VFNQdXNzeWh1bnRlcnMtLVRQSC0yNTc2NyBSYWluIERlR3JleSwgVFMgRm94eHksIEV2YSBMaW4gQW5kIEdpYQVFN&rgps=ZG93bmxvYWR8V1U1TVRZNU9YcDhmREUyTlRneU1UazBOek44ZkRJMU9UQjhmQ2hOS1NCWGIzSmtjSEpsYzNNZ1cxaE5URkpRUXlCV01pQlFSRVpk...",
        "https://www.erotikashop.sk/crack-2021-revisionfx-reelsmart-motion-blur-v4-0-4-lz0/",
        "https://alafdaljo.com/pokemon-hoenn-white-3-1-0-__exclusive__-download/",
        "https://www.bourbee.com/wp-content/uploads/2022/07/download_free_true_comp_duplicator_script_extabit135.pdf",
        "https://www.bourbee.com/wp-content/uploads/2022/07/download_free_true_comp_duplicator_script_extabit135.pdf",
        "https://captainseduction.fr/wp-content/uploads/2022/07/Naruto_Ultimate_Ninja_Storm_Trainer.pdf",
        "https://wanoengineeringsystems.com/wp-content/uploads/2022/07/vandfide.pdf",
        "https://kingspremiumhemp.com/wp-content/uploads/2022/07/ANSYS_Fluid_Dynamics_Tutorial_Inputszip.pdf",
        "https://kingspremiumhemp.com/wp-content/uploads/2022/07/ANSYS_Fluid_Dynamics_Tutorial_Inputszip.pdf",
        "http://amlakzamanzadeh.com/wp-content/uploads/2022/07/Cst_Studio_Suite_2014_Sp5_Crack_LINK.pdf",
        "http://amlakzamanzadeh.com/wp-content/uploads/2022/07/Cst_Studio_Suite_2014_Sp5_Crack_LINK.pdf",
        "http://slovenija-lepa.si/wp-content/uploads/2022/07/Microsoft_common_language_runtime_version_40303190.pdf",
        "http://slovenija-lepa.si/wp-content/uploads/2022/07/Microsoft_common_language_runtime_version_40303190.pdf",
        "http://www.tunlive.com/wp-content/uploads/harrrisl.pdf",
        "https://concourse-pharmacy.com/2022/07/29/en-windows-8-x86-dvd-915417-prod/",
        "https://discovery.info/ummy-video-downloader-1-10-7-0-crack-final-portable-keygen-2020/",
        "https://goldplant.ro/wp-content/uploads/2022/07/Incredimail_Plus_Ita_HOT_Crack.pdf",
        "https://timelessflair.com/wp-content/uploads/2022/07/margwhe.pdf",
        "https://ferramentariasc.com/2022/07/29/idm-6-37-build-5-crack-license-key-free-__full__-download-latest/",
        "https://ferramentariasc.com/2022/07/29/idm-6-37-build-5-crack-license-key-free-__full__-download-latest/",
        "https://davidocojewelers.com/free-better-download-second-coming-exe",
        "http://www.ecomsrl.it/darulkitap-v3-indir/",
        "http://sturgeonlakedev.ca/2022/07/29/crack-gillmeister-rename-expert-v5-12-3-__exclusive__/",
        "http://movingservices.us/?p=56307",
        "http://www.giffa.ru/who/citroen-service-box-keygen-free-download-best/",
        "http://www.tcpdf.org"
    ],
    "regex_uris": [
        "http://rocketcarrental.com/filefish.xduplicator?reverted=VFNQdXNzeWh1bnRlcnMtLVRQSC0yNTc2NyBSYWluIERlR3JleSwgVFMgRm94eHksIEV2YSBMaW4gQW5kIEdpYQVFN&rgps=ZG93bmxvYWR8V1U1TVRZNU9YcDhmREUyTlRneU1UazBOek44ZkRJMU9UQjhmQ2hOS1NCWGIzSmtjSEpsYzNNZ1cxaE5URkpRUXlCV01pQlFSRVpk...",
        "https://www.erotikashop.sk/crack-2021-revisionfx-reelsmart-motion-blur-v4-0-4-lz0/",
        "https://alafdaljo.com/pokemon-hoenn-white-3-1-0-__exclusive__-download/",
        "https://www.bourbee.com/wp-content/uploads/2022/07/download_free_true_comp_duplicator_script_extabit135.pdf",
        "https://www.bourbee.com/wp-content/uploads/2022/07/download_free_true_comp_duplicator_script_extabit135.pdf",
        "https://captainseduction.fr/wp-content/uploads/2022/07/Naruto_Ultimate_Ninja_Storm_Trainer.pdf",
        "https://wanoengineeringsystems.com/wp-content/uploads/2022/07/vandfide.pdf",
        "https://kingspremiumhemp.com/wp-content/uploads/2022/07/ANSYS_Fluid_Dynamics_Tutorial_Inputszip.pdf",
        "https://kingspremiumhemp.com/wp-content/uploads/2022/07/ANSYS_Fluid_Dynamics_Tutorial_Inputszip.pdf",
        "http://amlakzamanzadeh.com/wp-content/uploads/2022/07/Cst_Studio_Suite_2014_Sp5_Crack_LINK.pdf",
        "http://amlakzamanzadeh.com/wp-content/uploads/2022/07/Cst_Studio_Suite_2014_Sp5_Crack_LINK.pdf",
        "http://slovenija-lepa.si/wp-content/uploads/2022/07/Microsoft_common_language_runtime_version_40303190.pdf",
        "http://slovenija-lepa.si/wp-content/uploads/2022/07/Microsoft_common_language_runtime_version_40303190.pdf",
        "http://www.tunlive.com/wp-content/uploads/harrrisl.pdf",
        "https://concourse-pharmacy.com/2022/07/29/en-windows-8-x86-dvd-915417-prod/",
        "https://discovery.info/ummy-video-downloader-1-10-7-0-crack-final-portable-keygen-2020/",
        "https://goldplant.ro/wp-content/uploads/2022/07/Incredimail_Plus_Ita_HOT_Crack.pdf",
        "https://timelessflair.com/wp-content/uploads/2022/07/margwhe.pdf",
        "https://ferramentariasc.com/2022/07/29/idm-6-37-build-5-crack-license-key-free-__full__-download-latest/",
        "https://ferramentariasc.com/2022/07/29/idm-6-37-build-5-crack-license-key-free-__full__-download-latest/",
        "https://davidocojewelers.com/free-better-download-second-coming-exe",
        "http://www.ecomsrl.it/darulkitap-v3-indir/",
        "http://sturgeonlakedev.ca/2022/07/29/crack-gillmeister-rename-expert-v5-12-3-__exclusive__/",
        "http://movingservices.us/?p=56307",
        "http://www.giffa.ru/who/citroen-service-box-keygen-free-download-best/",
        "http://www.tcpdf.org"
    ],
    "regex_urls": [
        "http://rocketcarrental.com/filefish.xduplicator?reverted=VFNQdXNzeWh1bnRlcnMtLVRQSC0yNTc2NyBSYWluIERlR3JleSwgVFMgRm94eHksIEV2YSBMaW4gQW5kIEdpYQVFN",
        "https",
        "www.erotikashop.sk/crack-2021-revisionfx-reelsmart-motion-blur-v4-0-4-lz0/",
        "https",
        "https",
        "www.bourbee.com/wp-content/uploads/2022/07/download_free_true_comp_duplicator_script_extabit135.pdf",
        "https",
        "www.bourbee.com/wp-content/uploads/2022/07/download_free_true_comp_duplicator_script_extabit135.pdf",
        "https",
        "https",
        "https",
        "https",
        "http://amlakzamanzadeh.com/wp-content/uploads/2022/07/Cst_Studio_Suite_2014_Sp5_Crack_LINK.pdf",
        "http://amlakzamanzadeh.com/wp-content/uploads/2022/07/Cst_Studio_Suite_2014_Sp5_Crack_LINK.pdf",
        "http://slovenija-lepa.si/wp-content/uploads/2022/07/Microsoft_common_language_runtime_version_40303190.pdf",
        "http://slovenija-lepa.si/wp-content/uploads/2022/07/Microsoft_common_language_runtime_version_40303190.pdf",
        "http://www.tunlive.com/wp-content/uploads/harrrisl.pdf",
        "https",
        "https",
        "https",
        "https",
        "https",
        "https",
        "https",
        "http://www.ecomsrl.it/darulkitap-v3-indir/",
        "http://sturgeonlakedev.ca/2022/07/29/crack-gillmeister-rename-expert-v5-12-3-__exclusive__/",
        "http://movingservices.us/?p=56307",
        "http://www.giffa.ru/who/citroen-service-box-keygen-free-download-best/",
        "http://www.tcpdf.org",
        "http://www.w3.org/1999/02/22-rdf-syntax-ns#",
        "http://purl.org/dc/elements/1.1/",
        "http://ns.adobe.com/xap/1.0/",
        "http://ns.adobe.com/pdf/1.3/",
        "http://ns.adobe.com/xap/1.0/mm/",
        "http://www.aiim.org/pdfa/ns/extension/",
        "http://www.aiim.org/pdfa/ns/schema#",
        "http://www.aiim.org/pdfa/ns/property#",
        "http://ns.adobe.com/pdf/1.3/",
        "http://ns.adobe.com/xap/1.0/mm/",
        "http://www.aiim.org/pdfa/ns/id/"
    ],
    "scripts": {
        "iframe": [],
        "urls": []
    },
    "static_properties": {
        "JBIG2Decode": "0",
        "XML_forms": "0",
        "acro_form": "0",
        "auto_action": "0",
        "colors": "0",
        "cross_reference_table": "1",
        "embedded_files": "0",
        "file_size": "251",
        "java_script": "0",
        "js": "0",
        "launch_action": "0",
        "object_end": "54",
        "object_start": "54",
        "object_streams": "0",
        "open_action": "1",
        "page_count": "3",
        "rich_media": "0",
        "start_cross_reference_table": "1",
        "stream_end": "13",
        "stream_start": "13",
        "trailer_dictionary": "1"
    },
    "yara_signatures": [
        "without_attachments",
        "without_images",
        "with_urls",
        "contentis_base64",
        "Big_Numbers1"
    ]
}