{
    "exif_signatures": {},
    "file_size": 36101,
    "pdfid_signatures": {},
    "pypdf_uris": [
        "http://netcdn.co/app/431946152/como-descargar-hack-para-roblox-de-robux-game-hack",
        "http://netcdn.co/app/431946152/como-descargar-hack-para-roblox-de-robux-game-hack",
        "https://elearning.manposo.sch.id/__statics/gudangsoal/files/free-coins_GM406889139.pdf",
        "https://elearning.manposo.sch.id/__statics/gudangsoal/files/roblox-gang_GM431946152.pdf",
        "https://elearning.manposo.sch.id/__statics/gudangsoal/files/free-minecraft-thumbnails_GM479516143.pdf",
        "https://elearning.manposo.sch.id/__statics/gudangsoal/files/coin-master-daily-spins-and-coins_GM406889139.pdf",
        "https://elearning.manposo.sch.id/__statics/gudangsoal/files/coin-master-hack-review_GM406889139.pdf",
        "https://elearning.manposo.sch.id/__statics/gudangsoal/files/how-to-get-free-robux-codes_GM431946152.pdf",
        "https://elearning.manposo.sch.id/__statics/gudangsoal/files/roblox-lumber-tycoon-2-hack-windows-7_GM431946152.pdf",
        "https://elearning.manposo.sch.id/__statics/gudangsoal/files/free-robux-co_GM431946152.pdf",
        "https://elearning.manposo.sch.id/__statics/gudangsoal/files/roblox-robux_GM431946152.pdf",
        "https://elearning.manposo.sch.id/__statics/gudangsoal/files/hacked-roblox-game_GM431946152.pdf",
        "https://elearning.manposo.sch.id/__statics/gudangsoal/files/using-cheat-engine-with-roblox_GM431946152.pdf",
        "https://elearning.manposo.sch.id/__statics/gudangsoal/files/roblox-hack-android-1-com_GM431946152.pdf",
        "https://elearning.manposo.sch.id/__statics/gudangsoal/files/install-free-game-coin-master_GM406889139.pdf",
        "https://elearning.manposo.sch.id/__statics/gudangsoal/files/offers-for-robux_GM431946152.pdf",
        "https://elearning.manposo.sch.id/__statics/gudangsoal/files/free-robux-codes-no-verification_GM431946152.pdf",
        "https://elearning.manposo.sch.id/__statics/gudangsoal/files/how-to-get-robux-for-free-2021_GM431946152.pdf",
        "https://elearning.manposo.sch.id/__statics/gudangsoal/files/minecraft-xbox-one-free_GM479516143.pdf",
        "https://elearning.manposo.sch.id/__statics/gudangsoal/files/coin-master-free-spins-no-verification_GM406889139.pdf",
        "https://elearning.manposo.sch.id/__statics/gudangsoal/files/roblox-robux-hack-generator_GM431946152.pdf",
        "https://elearning.manposo.sch.id/__statics/gudangsoal/files/promo-codes-for-free-robux_GM431946152.pdf"
    ],
    "regex_uris": [
        "http://netcdn.co/app/431946152/como-descargar-hack-para-roblox-de-robux-game-hack",
        "http://netcdn.co/app/431946152/como-descargar-hack-para-roblox-de-robux-game-hack",
        "https://elearning.manposo.sch.id/__statics/gudangsoal/files/free-coins_GM406889139.pdf",
        "https://elearning.manposo.sch.id/__statics/gudangsoal/files/roblox-gang_GM431946152.pdf",
        "https://elearning.manposo.sch.id/__statics/gudangsoal/files/free-minecraft-thumbnails_GM479516143.pdf",
        "https://elearning.manposo.sch.id/__statics/gudangsoal/files/coin-master-daily-spins-and-coins_GM406889139.pdf",
        "https://elearning.manposo.sch.id/__statics/gudangsoal/files/coin-master-hack-review_GM406889139.pdf",
        "https://elearning.manposo.sch.id/__statics/gudangsoal/files/how-to-get-free-robux-codes_GM431946152.pdf",
        "https://elearning.manposo.sch.id/__statics/gudangsoal/files/roblox-lumber-tycoon-2-hack-windows-7_GM431946152.pdf",
        "https://elearning.manposo.sch.id/__statics/gudangsoal/files/free-robux-co_GM431946152.pdf",
        "https://elearning.manposo.sch.id/__statics/gudangsoal/files/roblox-robux_GM431946152.pdf",
        "https://elearning.manposo.sch.id/__statics/gudangsoal/files/hacked-roblox-game_GM431946152.pdf",
        "https://elearning.manposo.sch.id/__statics/gudangsoal/files/using-cheat-engine-with-roblox_GM431946152.pdf",
        "https://elearning.manposo.sch.id/__statics/gudangsoal/files/roblox-hack-android-1-com_GM431946152.pdf",
        "https://elearning.manposo.sch.id/__statics/gudangsoal/files/install-free-game-coin-master_GM406889139.pdf",
        "https://elearning.manposo.sch.id/__statics/gudangsoal/files/offers-for-robux_GM431946152.pdf",
        "https://elearning.manposo.sch.id/__statics/gudangsoal/files/free-robux-codes-no-verification_GM431946152.pdf",
        "https://elearning.manposo.sch.id/__statics/gudangsoal/files/how-to-get-robux-for-free-2021_GM431946152.pdf",
        "https://elearning.manposo.sch.id/__statics/gudangsoal/files/minecraft-xbox-one-free_GM479516143.pdf",
        "https://elearning.manposo.sch.id/__statics/gudangsoal/files/coin-master-free-spins-no-verification_GM406889139.pdf",
        "https://elearning.manposo.sch.id/__statics/gudangsoal/files/roblox-robux-hack-generator_GM431946152.pdf",
        "https://elearning.manposo.sch.id/__statics/gudangsoal/files/promo-codes-for-free-robux_GM431946152.pdf"
    ],
    "regex_urls": [
        "http://netcdn.co/app/431946152/como-descargar-hack-para-roblox-de-robux-game-hack",
        "http://netcdn.co/app/431946152/como-descargar-hack-para-roblox-de-robux-game-hack",
        "https",
        "https",
        "https",
        "https",
        "https",
        "https",
        "https",
        "https",
        "https",
        "https",
        "https",
        "https",
        "https",
        "https",
        "https",
        "https",
        "https",
        "https",
        "https",
        "https"
    ],
    "scripts": {
        "iframe": [],
        "urls": []
    },
    "static_properties": {
        "JBIG2Decode": "0",
        "XML_forms": "0",
        "acro_form": "0",
        "auto_action": "0",
        "colors": "0",
        "cross_reference_table": "1",
        "embedded_files": "0",
        "file_size": "36",
        "java_script": "0",
        "js": "0",
        "launch_action": "0",
        "object_end": "55",
        "object_start": "55",
        "object_streams": "0",
        "open_action": "0",
        "page_count": "2",
        "rich_media": "0",
        "start_cross_reference_table": "1",
        "stream_end": "6",
        "stream_start": "6",
        "trailer_dictionary": "1"
    },
    "yara_signatures": [
        "without_attachments",
        "without_images",
        "with_urls",
        "invalid_trailer_structure",
        "contentis_base64"
    ]
}