{
    "exif_signatures": {},
    "file_size": 91835,
    "pdfid_signatures": {},
    "pypdf_uris": [
        "http://getpdf.pw/book?res=123&isbn=9780194416290&kwd=Inside%20Reading:%20Level%203:%20Student%20Book",
        "http://getpdf.pw/book?res=123&isbn=9780194416290&kwd=Inside%20Reading:%20Level%203:%20Student%20Book",
        "https://static.s123-cdn-static-b.com/uploads/4660601/normal_61b14ff4b5088.pdf",
        "https://static.s123-cdn-static-a.com/uploads/4660519/normal_61b1700f86527.pdf",
        "https://static.s123-cdn-static-a.com/uploads/4663054/normal_61b250c3cd788.pdf"
    ],
    "regex_uris": [
        "http://getpdf.pw/book?res=123&isbn=9780194416290&kwd=Inside%20Reading:%20Level%203:%20Student%20Book",
        "http://getpdf.pw/book?res=123&isbn=9780194416290&kwd=Inside%20Reading:%20Level%203:%20Student%20Book",
        "https://static.s123-cdn-static-b.com/uploads/4660601/normal_61b14ff4b5088.pdf",
        "https://static.s123-cdn-static-a.com/uploads/4660519/normal_61b1700f86527.pdf",
        "https://static.s123-cdn-static-a.com/uploads/4663054/normal_61b250c3cd788.pdf"
    ],
    "regex_urls": [
        "http://getpdf.pw/book?res=123",
        "http://getpdf.pw/book?res=123",
        "https",
        "https",
        "https"
    ],
    "scripts": {
        "iframe": [],
        "urls": []
    },
    "static_properties": {
        "JBIG2Decode": "0",
        "XML_forms": "0",
        "acro_form": "0",
        "auto_action": "0",
        "colors": "0",
        "cross_reference_table": "1",
        "embedded_files": "0",
        "file_size": "92",
        "java_script": "0",
        "js": "0",
        "launch_action": "0",
        "object_end": "65",
        "object_start": "65",
        "object_streams": "0",
        "open_action": "0",
        "page_count": "5",
        "rich_media": "0",
        "start_cross_reference_table": "1",
        "stream_end": "12",
        "stream_start": "12",
        "trailer_dictionary": "1"
    },
    "yara_signatures": [
        "without_attachments",
        "without_images",
        "with_urls",
        "invalid_trailer_structure",
        "contentis_base64"
    ]
}