{
    "exif_signatures": {},
    "file_size": 43980,
    "pdfid_signatures": {},
    "pypdf_uris": [
        "https://netcdn.xyz/app/406889139/coin-master-3.4-6-hack-game-hack",
        "https://netcdn.xyz/app/406889139/coin-master-3.4-6-hack-game-hack",
        "https://elearning.manicp.sch.id/__statics/gudangsoal/files/haktuts-free-spins_GM406889139.pdf",
        "https://elearning.manicp.sch.id/__statics/gudangsoal/files/real-free-robux-codes_GM431946152.pdf",
        "https://elearning.manicp.sch.id/__statics/gudangsoal/files/free-spins-and-coins-com_GM406889139.pdf",
        "https://elearning.manicp.sch.id/__statics/gudangsoal/files/coin-master-hacks-2021_GM406889139.pdf",
        "https://elearning.manicp.sch.id/__statics/gudangsoal/files/coin-master-free-cards_GM406889139.pdf",
        "https://elearning.manicp.sch.id/__statics/gudangsoal/files/how-to-hack-someone-on-roblox_GM431946152.pdf",
        "https://elearning.manicp.sch.id/__statics/gudangsoal/files/coin-master-free-spins-link-download-free_GM406889139.pdf",
        "https://elearning.manicp.sch.id/__statics/gudangsoal/files/huskybuscom-free-robux_GM431946152.pdf",
        "https://elearning.manicp.sch.id/__statics/gudangsoal/files/optifine-mcpe_GM479516143.pdf",
        "https://elearning.manicp.sch.id/__statics/gudangsoal/files/free-bling-bling-card-coin-master_GM406889139.pdf",
        "https://elearning.manicp.sch.id/__statics/gudangsoal/files/coin-master-hack-2021_GM406889139.pdf",
        "https://elearning.manicp.sch.id/__statics/gudangsoal/files/free-robux-no-anti-bot-verification_GM431946152.pdf",
        "https://elearning.manicp.sch.id/__statics/gudangsoal/files/links-for-coin-master-free-spins_GM406889139.pdf",
        "https://elearning.manicp.sch.id/__statics/gudangsoal/files/how-to-use-redstone_GM479516143.pdf",
        "https://elearning.manicp.sch.id/__statics/gudangsoal/files/free-robux-codes-2021-real_GM431946152.pdf",
        "https://elearning.manicp.sch.id/__statics/gudangsoal/files/coin-master-mod-version-free-download-v344_GM406889139.pdf",
        "https://elearning.manicp.sch.id/__statics/gudangsoal/files/robux-redeem_GM431946152.pdf",
        "https://elearning.manicp.sch.id/__statics/gudangsoal/files/free-coins-and-spins-for-coin-master_GM406889139.pdf",
        "https://elearning.manicp.sch.id/__statics/gudangsoal/files/get-free-spins-coin-master-october-2021_GM406889139.pdf",
        "https://elearning.manicp.sch.id/__statics/gudangsoal/files/robux-fun-hack_GM431946152.pdf"
    ],
    "regex_uris": [
        "https://netcdn.xyz/app/406889139/coin-master-3.4-6-hack-game-hack",
        "https://netcdn.xyz/app/406889139/coin-master-3.4-6-hack-game-hack",
        "https://elearning.manicp.sch.id/__statics/gudangsoal/files/haktuts-free-spins_GM406889139.pdf",
        "https://elearning.manicp.sch.id/__statics/gudangsoal/files/real-free-robux-codes_GM431946152.pdf",
        "https://elearning.manicp.sch.id/__statics/gudangsoal/files/free-spins-and-coins-com_GM406889139.pdf",
        "https://elearning.manicp.sch.id/__statics/gudangsoal/files/coin-master-hacks-2021_GM406889139.pdf",
        "https://elearning.manicp.sch.id/__statics/gudangsoal/files/coin-master-free-cards_GM406889139.pdf",
        "https://elearning.manicp.sch.id/__statics/gudangsoal/files/how-to-hack-someone-on-roblox_GM431946152.pdf",
        "https://elearning.manicp.sch.id/__statics/gudangsoal/files/coin-master-free-spins-link-download-free_GM406889139.pdf",
        "https://elearning.manicp.sch.id/__statics/gudangsoal/files/huskybuscom-free-robux_GM431946152.pdf",
        "https://elearning.manicp.sch.id/__statics/gudangsoal/files/optifine-mcpe_GM479516143.pdf",
        "https://elearning.manicp.sch.id/__statics/gudangsoal/files/free-bling-bling-card-coin-master_GM406889139.pdf",
        "https://elearning.manicp.sch.id/__statics/gudangsoal/files/coin-master-hack-2021_GM406889139.pdf",
        "https://elearning.manicp.sch.id/__statics/gudangsoal/files/free-robux-no-anti-bot-verification_GM431946152.pdf",
        "https://elearning.manicp.sch.id/__statics/gudangsoal/files/links-for-coin-master-free-spins_GM406889139.pdf",
        "https://elearning.manicp.sch.id/__statics/gudangsoal/files/how-to-use-redstone_GM479516143.pdf",
        "https://elearning.manicp.sch.id/__statics/gudangsoal/files/free-robux-codes-2021-real_GM431946152.pdf",
        "https://elearning.manicp.sch.id/__statics/gudangsoal/files/coin-master-mod-version-free-download-v344_GM406889139.pdf",
        "https://elearning.manicp.sch.id/__statics/gudangsoal/files/robux-redeem_GM431946152.pdf",
        "https://elearning.manicp.sch.id/__statics/gudangsoal/files/free-coins-and-spins-for-coin-master_GM406889139.pdf",
        "https://elearning.manicp.sch.id/__statics/gudangsoal/files/get-free-spins-coin-master-october-2021_GM406889139.pdf",
        "https://elearning.manicp.sch.id/__statics/gudangsoal/files/robux-fun-hack_GM431946152.pdf"
    ],
    "regex_urls": [
        "https",
        "https",
        "https",
        "https",
        "https",
        "https",
        "https",
        "https",
        "https",
        "https",
        "https",
        "https",
        "https",
        "https",
        "https",
        "https",
        "https",
        "https",
        "https",
        "https",
        "https",
        "https"
    ],
    "scripts": {
        "iframe": [],
        "urls": []
    },
    "static_properties": {
        "JBIG2Decode": "0",
        "XML_forms": "0",
        "acro_form": "0",
        "auto_action": "0",
        "colors": "0",
        "cross_reference_table": "1",
        "embedded_files": "0",
        "file_size": "44",
        "java_script": "0",
        "js": "0",
        "launch_action": "0",
        "object_end": "60",
        "object_start": "60",
        "object_streams": "0",
        "open_action": "0",
        "page_count": "3",
        "rich_media": "0",
        "start_cross_reference_table": "1",
        "stream_end": "7",
        "stream_start": "7",
        "trailer_dictionary": "1"
    },
    "yara_signatures": [
        "without_attachments",
        "without_images",
        "with_urls",
        "invalid_trailer_structure",
        "contentis_base64"
    ]
}