{
    "exif_signatures": {},
    "file_size": 152812,
    "pdfid_signatures": {},
    "pypdf_uris": [
        "http://dormister.com/fallon/linkdomain/trials/intermediaries.ZG93bmxvYWR8MkRGTm1RMWJYeDhNVFkxTmpVeU1EQTFNSHg4TWpVM05IeDhLRTBwSUhKbFlXUXRZbXh2WnlCYlJtRnpkQ0JIUlU1ZA=QXV0b0NBRAQXV",
        "http://www.vxc.pl/wp-content/uploads/2022/06/faburi.pdf",
        "http://solutionpoint.pk/advert/autodesk-autocad-crack-gratis/",
        "https://arlingtonliquorpackagestore.com/autodesk-autocad-crack-descargar-2022/",
        "https://ikuta-hs19.jp/autocad-20-1-crack-keygen-para-lifetime/",
        "https://jasaborsumurjakarta.com/?p=17268",
        "https://stonerx.me/upload/files/2022/06/3scqyz5MbAa9fA3jmwop_29_61b4b39e5cf7d7beda3372b26a6e2a4f_file.pdf",
        "https://blogup.in/upload/files/2022/06/N4G5AAAoAwoB5HhmuQac_29_61b4b39e5cf7d7beda3372b26a6e2a4f_file.pdf",
        "https://teenmemorywall.com/autocad-2018-22-0-crack-gratis/",
        "https://germanconcept.com/autocad-crack-torrent-codigo-de-activacion-for-pc/",
        "https://asu-bali.jp/wp-content/uploads/2022/06/Autodesk_AutoCAD_Crack__.pdf",
        "http://adomemorial.com/wp-content/uploads/AutoCAD__Descarga_gratis_For_Windows_abril2022.pdf",
        "https://latestnewsharyana.com/autocad-codigo-de-activacion-descarga-gratis-mac-win/",
        "http://clubonlineusacasino.com/wp-content/uploads/2022/06/AutoCAD-61.pdf",
        "http://awaazsachki.com/?p=37899",
        "https://akastars.com/upload/files/2022/06/W5HZ39NMo8jM3dj41phr_30_b9707fd75d75f485f5bcb6e6c89ce85a_file.pdf",
        "https://centraldomarketing.com/autocad-2021-24-0-crack-gratis/",
        "http://t2tnews.com/autodesk-autocad-24-1-crack-clave-de-licencia-llena-descargar/",
        "https://materiaselezioni.com/wp-content/uploads/2022/06/AutoCAD__Crack__Torrente.pdf",
        "http://yotop.ru/2022/06/30/autodesk-autocad-crack-codigo-de-registro-descarga-gratis-for-windows/",
        "http://launchimp.com/autocad-crack-descarga-gratis-3264bit/",
        "http://www.tcpdf.org"
    ],
    "regex_uris": [
        "http://dormister.com/fallon/linkdomain/trials/intermediaries.ZG93bmxvYWR8MkRGTm1RMWJYeDhNVFkxTmpVeU1EQTFNSHg4TWpVM05IeDhLRTBwSUhKbFlXUXRZbXh2WnlCYlJtRnpkQ0JIUlU1ZA=QXV0b0NBRAQXV",
        "http://www.vxc.pl/wp-content/uploads/2022/06/faburi.pdf",
        "http://solutionpoint.pk/advert/autodesk-autocad-crack-gratis/",
        "https://arlingtonliquorpackagestore.com/autodesk-autocad-crack-descargar-2022/",
        "https://ikuta-hs19.jp/autocad-20-1-crack-keygen-para-lifetime/",
        "https://jasaborsumurjakarta.com/?p=17268",
        "https://stonerx.me/upload/files/2022/06/3scqyz5MbAa9fA3jmwop_29_61b4b39e5cf7d7beda3372b26a6e2a4f_file.pdf",
        "https://blogup.in/upload/files/2022/06/N4G5AAAoAwoB5HhmuQac_29_61b4b39e5cf7d7beda3372b26a6e2a4f_file.pdf",
        "https://teenmemorywall.com/autocad-2018-22-0-crack-gratis/",
        "https://germanconcept.com/autocad-crack-torrent-codigo-de-activacion-for-pc/",
        "https://asu-bali.jp/wp-content/uploads/2022/06/Autodesk_AutoCAD_Crack__.pdf",
        "http://adomemorial.com/wp-content/uploads/AutoCAD__Descarga_gratis_For_Windows_abril2022.pdf",
        "https://latestnewsharyana.com/autocad-codigo-de-activacion-descarga-gratis-mac-win/",
        "http://clubonlineusacasino.com/wp-content/uploads/2022/06/AutoCAD-61.pdf",
        "http://awaazsachki.com/?p=37899",
        "https://akastars.com/upload/files/2022/06/W5HZ39NMo8jM3dj41phr_30_b9707fd75d75f485f5bcb6e6c89ce85a_file.pdf",
        "https://centraldomarketing.com/autocad-2021-24-0-crack-gratis/",
        "http://t2tnews.com/autodesk-autocad-24-1-crack-clave-de-licencia-llena-descargar/",
        "https://materiaselezioni.com/wp-content/uploads/2022/06/AutoCAD__Crack__Torrente.pdf",
        "http://yotop.ru/2022/06/30/autodesk-autocad-crack-codigo-de-registro-descarga-gratis-for-windows/",
        "http://launchimp.com/autocad-crack-descarga-gratis-3264bit/",
        "http://www.tcpdf.org"
    ],
    "regex_urls": [
        "http://dormister.com/fallon/linkdomain/trials/intermediaries.ZG93bmxvYWR8MkRGTm1RMWJYeDhNVFkxTmpVeU1EQTFNSHg4TWpVM05IeDhLRTBwSUhKbFlXUXRZbXh2WnlCYlJtRnpkQ0JIUlU1ZA=QXV0b0NBRAQXV",
        "http://www.vxc.pl/wp-content/uploads/2022/06/faburi.pdf",
        "http://solutionpoint.pk/advert/autodesk-autocad-crack-gratis/",
        "https",
        "https",
        "https",
        "https",
        "https",
        "https",
        "https",
        "https",
        "http://adomemorial.com/wp-content/uploads/AutoCAD__Descarga_gratis_For_Windows_abril2022.pdf",
        "https",
        "http://clubonlineusacasino.com/wp-content/uploads/2022/06/AutoCAD-61.pdf",
        "http://awaazsachki.com/?p=37899",
        "https",
        "https",
        "http://t2tnews.com/autodesk-autocad-24-1-crack-clave-de-licencia-llena-descargar/",
        "https",
        "http://yotop.ru/2022/06/30/autodesk-autocad-crack-codigo-de-registro-descarga-gratis-for-windows/",
        "http://launchimp.com/autocad-crack-descarga-gratis-3264bit/",
        "http://www.tcpdf.org",
        "http://www.w3.org/1999/02/22-rdf-syntax-ns#",
        "http://purl.org/dc/elements/1.1/",
        "http://ns.adobe.com/xap/1.0/",
        "http://ns.adobe.com/pdf/1.3/",
        "http://ns.adobe.com/xap/1.0/mm/",
        "http://www.aiim.org/pdfa/ns/extension/",
        "http://www.aiim.org/pdfa/ns/schema#",
        "http://www.aiim.org/pdfa/ns/property#",
        "http://ns.adobe.com/pdf/1.3/",
        "http://ns.adobe.com/xap/1.0/mm/",
        "http://www.aiim.org/pdfa/ns/id/"
    ],
    "scripts": {
        "iframe": [],
        "urls": []
    },
    "static_properties": {
        "JBIG2Decode": "0",
        "XML_forms": "0",
        "acro_form": "0",
        "auto_action": "0",
        "colors": "0",
        "cross_reference_table": "1",
        "embedded_files": "0",
        "file_size": "153",
        "java_script": "0",
        "js": "0",
        "launch_action": "0",
        "object_end": "50",
        "object_start": "50",
        "object_streams": "0",
        "open_action": "1",
        "page_count": "3",
        "rich_media": "0",
        "start_cross_reference_table": "1",
        "stream_end": "13",
        "stream_start": "13",
        "trailer_dictionary": "1"
    },
    "yara_signatures": [
        "without_attachments",
        "without_images",
        "with_urls",
        "contentis_base64",
        "Big_Numbers1"
    ]
}