{
    "exif_signatures": {},
    "file_size": 51474,
    "pdfid_signatures": {},
    "pypdf_uris": [
        "https://netcdn.tw/app/431946152/how-to-get-anything-free-on-roblox-2021-game-hack",
        "https://netcdn.tw/app/431946152/how-to-get-anything-free-on-roblox-2021-game-hack",
        "https://repository.poltekkesgorontalo.ac.id/repository/coin-master-free-coins-amp_GM406889139.pdf",
        "https://repository.poltekkesgorontalo.ac.id/repository/coin-master-free-spin-bonus_GM406889139.pdf",
        "https://repository.poltekkesgorontalo.ac.id/repository/coin-master-free-spins-link-deutsch-ios_GM406889139.pdf",
        "https://repository.poltekkesgorontalo.ac.id/repository/coin-master-daily-free-spins-link-2021-today_GM406889139.pdf",
        "https://repository.poltekkesgorontalo.ac.id/repository/roblox-how-to-get-free-clothes-no-bc_GM431946152.pdf",
        "https://repository.poltekkesgorontalo.ac.id/repository/roblox-speed-hack_GM431946152.pdf",
        "https://repository.poltekkesgorontalo.ac.id/repository/how-to-get-free-robux-without-human-verification-2021_GM431946152.pdf",
        "https://repository.poltekkesgorontalo.ac.id/repository/links-to-get-free-coins-in-coin-master_GM406889139.pdf",
        "https://repository.poltekkesgorontalo.ac.id/repository/coin-master-hacks-no-verification_GM406889139.pdf",
        "https://repository.poltekkesgorontalo.ac.id/repository/how-to-get-minecoins-in-minecraft-for-free_GM479516143.pdf",
        "https://repository.poltekkesgorontalo.ac.id/repository/free-tiktok-followers-generator-no-human-verification_GM835599320.pdf",
        "https://repository.poltekkesgorontalo.ac.id/repository/huskybuckscom-free-robux_GM431946152.pdf",
        "https://repository.poltekkesgorontalo.ac.id/repository/http-bit-ly-coin-master-hack_GM406889139.pdf",
        "https://repository.poltekkesgorontalo.ac.id/repository/how-to-hack-someones-roblox-account-2021_GM431946152.pdf",
        "https://repository.poltekkesgorontalo.ac.id/repository/coin-master_GM406889139.pdf",
        "https://repository.poltekkesgorontalo.ac.id/repository/how-to-hack-roblox-accounts-on-phone_GM431946152.pdf",
        "https://repository.poltekkesgorontalo.ac.id/repository/robuxhub-net_GM431946152.pdf",
        "https://repository.poltekkesgorontalo.ac.id/repository/best-free-roblox-outfits_GM431946152.pdf",
        "https://repository.poltekkesgorontalo.ac.id/repository/blogspot-coin-master-free-spins_GM406889139.pdf",
        "https://repository.poltekkesgorontalo.ac.id/repository/coin-master-hack-2021-without-verification_GM406889139.pdf"
    ],
    "regex_uris": [
        "https://netcdn.tw/app/431946152/how-to-get-anything-free-on-roblox-2021-game-hack",
        "https://netcdn.tw/app/431946152/how-to-get-anything-free-on-roblox-2021-game-hack",
        "https://repository.poltekkesgorontalo.ac.id/repository/coin-master-free-coins-amp_GM406889139.pdf",
        "https://repository.poltekkesgorontalo.ac.id/repository/coin-master-free-spin-bonus_GM406889139.pdf",
        "https://repository.poltekkesgorontalo.ac.id/repository/coin-master-free-spins-link-deutsch-ios_GM406889139.pdf",
        "https://repository.poltekkesgorontalo.ac.id/repository/coin-master-daily-free-spins-link-2021-today_GM406889139.pdf",
        "https://repository.poltekkesgorontalo.ac.id/repository/roblox-how-to-get-free-clothes-no-bc_GM431946152.pdf",
        "https://repository.poltekkesgorontalo.ac.id/repository/roblox-speed-hack_GM431946152.pdf",
        "https://repository.poltekkesgorontalo.ac.id/repository/how-to-get-free-robux-without-human-verification-2021_GM431946152.pdf",
        "https://repository.poltekkesgorontalo.ac.id/repository/links-to-get-free-coins-in-coin-master_GM406889139.pdf",
        "https://repository.poltekkesgorontalo.ac.id/repository/coin-master-hacks-no-verification_GM406889139.pdf",
        "https://repository.poltekkesgorontalo.ac.id/repository/how-to-get-minecoins-in-minecraft-for-free_GM479516143.pdf",
        "https://repository.poltekkesgorontalo.ac.id/repository/free-tiktok-followers-generator-no-human-verification_GM835599320.pdf",
        "https://repository.poltekkesgorontalo.ac.id/repository/huskybuckscom-free-robux_GM431946152.pdf",
        "https://repository.poltekkesgorontalo.ac.id/repository/http-bit-ly-coin-master-hack_GM406889139.pdf",
        "https://repository.poltekkesgorontalo.ac.id/repository/how-to-hack-someones-roblox-account-2021_GM431946152.pdf",
        "https://repository.poltekkesgorontalo.ac.id/repository/coin-master_GM406889139.pdf",
        "https://repository.poltekkesgorontalo.ac.id/repository/how-to-hack-roblox-accounts-on-phone_GM431946152.pdf",
        "https://repository.poltekkesgorontalo.ac.id/repository/robuxhub-net_GM431946152.pdf",
        "https://repository.poltekkesgorontalo.ac.id/repository/best-free-roblox-outfits_GM431946152.pdf",
        "https://repository.poltekkesgorontalo.ac.id/repository/blogspot-coin-master-free-spins_GM406889139.pdf",
        "https://repository.poltekkesgorontalo.ac.id/repository/coin-master-hack-2021-without-verification_GM406889139.pdf"
    ],
    "regex_urls": [
        "https",
        "https",
        "https",
        "https",
        "https",
        "https",
        "https",
        "https",
        "https",
        "https",
        "https",
        "https",
        "https",
        "https",
        "https",
        "https",
        "https",
        "https",
        "https",
        "https",
        "https",
        "https"
    ],
    "scripts": {
        "iframe": [],
        "urls": []
    },
    "static_properties": {
        "JBIG2Decode": "0",
        "XML_forms": "0",
        "acro_form": "0",
        "auto_action": "0",
        "colors": "0",
        "cross_reference_table": "1",
        "embedded_files": "0",
        "file_size": "51",
        "java_script": "0",
        "js": "0",
        "launch_action": "0",
        "object_end": "71",
        "object_start": "71",
        "object_streams": "0",
        "open_action": "0",
        "page_count": "4",
        "rich_media": "0",
        "start_cross_reference_table": "1",
        "stream_end": "10",
        "stream_start": "10",
        "trailer_dictionary": "1"
    },
    "yara_signatures": [
        "without_attachments",
        "without_images",
        "with_urls",
        "invalid_trailer_structure",
        "contentis_base64"
    ]
}