{
    "exif_signatures": {},
    "file_size": 403649,
    "pdfid_signatures": {},
    "pypdf_uris": [
        "http://yftejum.com/c3?utm_term=manual+voucher+numbering+in+tally+sheet+pdf+free+printable",
        "http://pharmorgsyn.com/upload/files/nuturuge.pdf",
        "http://citranco.com/users/files/zosukejasogelonowamile.pdf",
        "http://patrick-jardinage.fr/ckfinder/userfiles/files/88007628754.pdf",
        "https://helices-evra.com/userfiles/file/fonufoxeketikovapivones.pdf",
        "https://static1.squarespace.com/static/604aec14af289a5f7a539cf5/t/62b8dd47b5aade12aef009f6/1656282440169/frases_para_observaciones_de_boletas_de_calificaciones.pdf",
        "https://static1.squarespace.com/static/604aebe5436e397a99d53e8a/t/62b8d4de973d42650ecb4e0f/1656280287277/tom_sawyer_study_guide_questions_by_chapter.pdf",
        "https://static1.squarespace.com/static/604aea6a97201213e037dc4e/t/62b829c0072bf9379e6261fd/1656236480784/56219011134.pdf",
        "https://static1.squarespace.com/static/60aaf25e42d7b60106dc17aa/t/62b514c298101a70100ab667/1656034498635/20114638833.pdf",
        "http://www.a-fairys-choice.com/wp-content/plugins/formcraft/file-upload/server/content/files/16247e380040c3---71337768854.pdf",
        "http://p-energo.ru/content/file/24797930019.pdf",
        "https://static1.squarespace.com/static/604aea6a97201213e037dc4e/t/62b69b26dc7c895918d5c63b/1656134438392/yts_apk_for_pc.pdf",
        "https://static1.squarespace.com/static/604aec14af289a5f7a539cf5/t/62bb01ad68ceee58dd071c51/1656422830086/annene_bak_gr_halini.pdf",
        "https://static1.squarespace.com/static/60aaf27c8bac0413e6f804fa/t/62c5876bc1dbf9277331d32c/1657112428140/lolep.pdf",
        "https://static1.squarespace.com/static/604aea6a97201213e037dc4e/t/62b9b5558297755ad0c1ac9d/1656337750034/19300132313.pdf",
        "http://prime42.ru/userfiles/files/gedimadotepobubibakeboz.pdf",
        "https://static1.squarespace.com/static/60aaf27c8bac0413e6f804fa/t/62b47c4bb15ed05032882101/1655995467862/chewy_regular_font.pdf",
        "https://static1.squarespace.com/static/60aaf27c8bac0413e6f804fa/t/62b8624477148a5bbe7742c2/1656250949127/maxerulidodo.pdf",
        "https://static1.squarespace.com/static/604aebe5436e397a99d53e8a/t/62c1bad4d5ed536879118de9/1656863444907/jakinan.pdf",
        "http://miydz.com/mingyi/images/userfiles/file/44030497028.pdf",
        "https://static1.squarespace.com/static/60aaf27c8bac0413e6f804fa/t/62c334a98ede295f34d1cfef/1656960169691/onifc_album_download.pdf",
        "https://static1.squarespace.com/static/604aebe5436e397a99d53e8a/t/62c3565f31a4b61bf04cd9af/1656968800211/srw_a_portable_english.pdf",
        "https://static1.squarespace.com/static/604aea6a97201213e037dc4e/t/62be74df44738665d71cb9a9/1656648928304/christmas_skits_for_church.pdf",
        "https://mtestbd.com/assets/uploads/files/22853615702.pdf",
        "https://static1.squarespace.com/static/604aebe5436e397a99d53e8a/t/62c36600059e6420920e020c/1656972801530/68016198372.pdf",
        "https://static1.squarespace.com/static/60aaf27c8bac0413e6f804fa/t/62b6a4e173eeca06ef3c9258/1656136929960/xusaxazimajetokimidu.pdf",
        "http://immobilieninvestors.net/userfiles/file/gowoloxulag.pdf",
        "http://honeystraw.getrade.net/uploadfiles/file/wiluwokatu.pdf",
        "http://aadcnfgl.netsociality.com/upload/files/85240626431.pdf",
        "http://fabrykakonwersji.pl/wp-content/plugins/super-forms/uploads/php/files/43a4ea5b35d5c8d228b3d042331e7db2/lirumazitusadaj.pdf",
        "http://gymlesgeants.com/upload/editor/file/viximugubebuket.pdf",
        "http://apexibd.com/uploads/fck_uploads/file/taneroz.pdf",
        "https://static1.squarespace.com/static/604aea6a97201213e037dc4e/t/62b8d353ac75ba003b81bc73/1656279891765/factorizacion_de_radicales.pdf",
        "https://static1.squarespace.com/static/60aaf27c8bac0413e6f804fa/t/62c274311d1c7b72981739c8/1656910898613/denver_broncos_rgb_colors.pdf",
        "https://static1.squarespace.com/static/60aaf27c8bac0413e6f804fa/t/62b2ecd30349b06bf45bc9b6/1655893208932/mosisowoposaf.pdf",
        "https://ce-mi.pl/uploads/userfiles/files/zobajor.pdf",
        "http://inwama4.vn/webroot/img/files/kewamujinoninivujir.pdf"
    ],
    "regex_uris": [
        "http://yftejum.com/c3?utm_term=manual+voucher+numbering+in+tally+sheet+pdf+free+printable",
        "http://pharmorgsyn.com/upload/files/nuturuge.pdf",
        "http://citranco.com/users/files/zosukejasogelonowamile.pdf",
        "http://patrick-jardinage.fr/ckfinder/userfiles/files/88007628754.pdf",
        "https://helices-evra.com/userfiles/file/fonufoxeketikovapivones.pdf",
        "https://static1.squarespace.com/static/604aec14af289a5f7a539cf5/t/62b8dd47b5aade12aef009f6/1656282440169/frases_para_observaciones_de_boletas_de_calificaciones.pdf",
        "https://static1.squarespace.com/static/604aebe5436e397a99d53e8a/t/62b8d4de973d42650ecb4e0f/1656280287277/tom_sawyer_study_guide_questions_by_chapter.pdf",
        "https://static1.squarespace.com/static/604aea6a97201213e037dc4e/t/62b829c0072bf9379e6261fd/1656236480784/56219011134.pdf",
        "https://static1.squarespace.com/static/60aaf25e42d7b60106dc17aa/t/62b514c298101a70100ab667/1656034498635/20114638833.pdf",
        "http://www.a-fairys-choice.com/wp-content/plugins/formcraft/file-upload/server/content/files/16247e380040c3---71337768854.pdf",
        "http://p-energo.ru/content/file/24797930019.pdf",
        "https://static1.squarespace.com/static/604aea6a97201213e037dc4e/t/62b69b26dc7c895918d5c63b/1656134438392/yts_apk_for_pc.pdf",
        "https://static1.squarespace.com/static/604aec14af289a5f7a539cf5/t/62bb01ad68ceee58dd071c51/1656422830086/annene_bak_gr_halini.pdf",
        "https://static1.squarespace.com/static/60aaf27c8bac0413e6f804fa/t/62c5876bc1dbf9277331d32c/1657112428140/lolep.pdf",
        "https://static1.squarespace.com/static/604aea6a97201213e037dc4e/t/62b9b5558297755ad0c1ac9d/1656337750034/19300132313.pdf",
        "http://prime42.ru/userfiles/files/gedimadotepobubibakeboz.pdf",
        "https://static1.squarespace.com/static/60aaf27c8bac0413e6f804fa/t/62b47c4bb15ed05032882101/1655995467862/chewy_regular_font.pdf",
        "https://static1.squarespace.com/static/60aaf27c8bac0413e6f804fa/t/62b8624477148a5bbe7742c2/1656250949127/maxerulidodo.pdf",
        "https://static1.squarespace.com/static/604aebe5436e397a99d53e8a/t/62c1bad4d5ed536879118de9/1656863444907/jakinan.pdf",
        "http://miydz.com/mingyi/images/userfiles/file/44030497028.pdf",
        "https://static1.squarespace.com/static/60aaf27c8bac0413e6f804fa/t/62c334a98ede295f34d1cfef/1656960169691/onifc_album_download.pdf",
        "https://static1.squarespace.com/static/604aebe5436e397a99d53e8a/t/62c3565f31a4b61bf04cd9af/1656968800211/srw_a_portable_english.pdf",
        "https://static1.squarespace.com/static/604aea6a97201213e037dc4e/t/62be74df44738665d71cb9a9/1656648928304/christmas_skits_for_church.pdf",
        "https://mtestbd.com/assets/uploads/files/22853615702.pdf",
        "https://static1.squarespace.com/static/604aebe5436e397a99d53e8a/t/62c36600059e6420920e020c/1656972801530/68016198372.pdf",
        "https://static1.squarespace.com/static/60aaf27c8bac0413e6f804fa/t/62b6a4e173eeca06ef3c9258/1656136929960/xusaxazimajetokimidu.pdf",
        "http://immobilieninvestors.net/userfiles/file/gowoloxulag.pdf",
        "http://honeystraw.getrade.net/uploadfiles/file/wiluwokatu.pdf",
        "http://aadcnfgl.netsociality.com/upload/files/85240626431.pdf",
        "http://fabrykakonwersji.pl/wp-content/plugins/super-forms/uploads/php/files/43a4ea5b35d5c8d228b3d042331e7db2/lirumazitusadaj.pdf",
        "http://gymlesgeants.com/upload/editor/file/viximugubebuket.pdf",
        "http://apexibd.com/uploads/fck_uploads/file/taneroz.pdf",
        "https://static1.squarespace.com/static/604aea6a97201213e037dc4e/t/62b8d353ac75ba003b81bc73/1656279891765/factorizacion_de_radicales.pdf",
        "https://static1.squarespace.com/static/60aaf27c8bac0413e6f804fa/t/62c274311d1c7b72981739c8/1656910898613/denver_broncos_rgb_colors.pdf",
        "https://static1.squarespace.com/static/60aaf27c8bac0413e6f804fa/t/62b2ecd30349b06bf45bc9b6/1655893208932/mosisowoposaf.pdf",
        "https://ce-mi.pl/uploads/userfiles/files/zobajor.pdf",
        "http://inwama4.vn/webroot/img/files/kewamujinoninivujir.pdf"
    ],
    "regex_urls": [
        "http://yftejum.com/c3?utm_term=manual+voucher+numbering+in+tally+sheet+pdf+free+printable",
        "http://pharmorgsyn.com/upload/files/nuturuge.pdf",
        "http://citranco.com/users/files/zosukejasogelonowamile.pdf",
        "http://patrick-jardinage.fr/ckfinder/userfiles/files/88007628754.pdf",
        "https",
        "https",
        "https",
        "https",
        "https",
        "http://www.a-fairys-choice.com/wp-content/plugins/formcraft/file-upload/server/content/files/16247e380040c3---71337768854.pdf",
        "http://p-energo.ru/content/file/24797930019.pdf",
        "https",
        "https",
        "https",
        "https",
        "http://prime42.ru/userfiles/files/gedimadotepobubibakeboz.pdf",
        "https",
        "https",
        "https",
        "http://miydz.com/mingyi/images/userfiles/file/44030497028.pdf",
        "https",
        "https",
        "https",
        "https",
        "https",
        "https",
        "http://immobilieninvestors.net/userfiles/file/gowoloxulag.pdf",
        "http://honeystraw.getrade.net/uploadfiles/file/wiluwokatu.pdf",
        "http://aadcnfgl.netsociality.com/upload/files/85240626431.pdf",
        "http://fabrykakonwersji.pl/wp-content/plugins/super-forms/uploads/php/files/43a4ea5b35d5c8d228b3d042331e7db2/lirumazitusadaj.pdf",
        "http://gymlesgeants.com/upload/editor/file/viximugubebuket.pdf",
        "http://apexibd.com/uploads/fck_uploads/file/taneroz.pdf",
        "https",
        "https",
        "https",
        "https",
        "http://inwama4.vn/webroot/img/files/kewamujinoninivujir.pdf",
        "http://www.w3.org/1999/02/22-rdf-syntax-ns#",
        "http://purl.org/dc/elements/1.1/",
        "http://ns.adobe.com/pdf/1.3/",
        "http://ns.adobe.com/xap/1.0/",
        "http://ns.adobe.com/xap/1.0/mm/",
        "http://ns.adobe.com/xap/1.0/rights/"
    ],
    "scripts": {
        "iframe": [],
        "urls": []
    },
    "static_properties": {
        "JBIG2Decode": "0",
        "XML_forms": "0",
        "acro_form": "0",
        "auto_action": "0",
        "colors": "0",
        "cross_reference_table": "2",
        "embedded_files": "0",
        "file_size": "404",
        "java_script": "0",
        "js": "0",
        "launch_action": "0",
        "object_end": "96",
        "object_start": "96",
        "object_streams": "0",
        "open_action": "0",
        "page_count": "5",
        "rich_media": "0",
        "start_cross_reference_table": "2",
        "stream_end": "18",
        "stream_start": "18",
        "trailer_dictionary": "2"
    },
    "yara_signatures": [
        "without_attachments",
        "without_images",
        "with_urls",
        "invalid_trailer_structure",
        "multiple_versions",
        "contentis_base64",
        "Big_Numbers1"
    ]
}