{
    "exif_signatures": {},
    "file_size": 545415,
    "pdfid_signatures": {},
    "pypdf_uris": [
        "http://joopsoa.com/c3?utm_term=encyclopedia+of+buddhism+pdf",
        "https://static1.squarespace.com/static/604aec14af289a5f7a539cf5/t/62d4f0501798521b4e0a0f3f/1658122320540/72580047685.pdf",
        "https://netwindowvn.com/uploads/userfiles/file/66488581208.pdf",
        "https://static1.squarespace.com/static/604aea6a97201213e037dc4e/t/62cb10eab3a4074e211b1c62/1657475306728/65323999116.pdf",
        "http://x-mobio.com/upload/files/berazudumaku.pdf",
        "https://static1.squarespace.com/static/60aaf25e42d7b60106dc17aa/t/62c22cca605559095628cee6/1656892618512/mixorawosinivapunonun.pdf",
        "https://static1.squarespace.com/static/604aea6a97201213e037dc4e/t/62be2caeb00ed27b0a4099a9/1656630447317/vampire_the_masquerade_redemption_gu.pdf",
        "https://static1.squarespace.com/static/604aec14af289a5f7a539cf5/t/62c1cc2de367581f45ba00c8/1656867885825/pbx_et_pabx.pdf",
        "https://static1.squarespace.com/static/604aebe5436e397a99d53e8a/t/62e4769b0b510e1178110e44/1659139740473/xisewepiruvivawunodu.pdf",
        "https://static1.squarespace.com/static/604aebe5436e397a99d53e8a/t/62c2d92b2ea9432c73708756/1656936748140/wine_bad_exe_format.pdf",
        "https://static1.squarespace.com/static/604aea6a97201213e037dc4e/t/62d8b46a1bd45a79a908f5f8/1658369131151/lubukiridofigidaxidor.pdf",
        "https://static1.squarespace.com/static/60aaf27c8bac0413e6f804fa/t/62e41cc36fa52f5493c80278/1659116740229/suxomuwufar.pdf",
        "https://static1.squarespace.com/static/604aea6a97201213e037dc4e/t/62d9bbd362e9f977d42f9f5c/1658436563998/dimosivafi.pdf",
        "https://cansandientu.net/Images_upload/files/zakudogu.pdf",
        "https://static1.squarespace.com/static/60aaf27c8bac0413e6f804fa/t/62b4ca741daed67c84730fc1/1656015476515/the_verbs_ser_and_estar_continued_answers.pdf",
        "https://static1.squarespace.com/static/604aeb86718479732845b7b4/t/62dac611552d126627709c98/1658504721616/broadwave_streaming_audio_software_c.pdf",
        "https://static1.squarespace.com/static/60aaf27c8bac0413e6f804fa/t/62dc159e98d0b82988d0bdfc/1658590623309/sims_4_hide_ui.pdf",
        "https://static1.squarespace.com/static/604aeb86718479732845b7b4/t/62bb47ae83bfec5ec8872502/1656440750915/webif.pdf",
        "http://ipsaix.com/ckeditor/ckfinder/userfiles/files/32928104800.pdf",
        "https://static1.squarespace.com/static/60aaf25e42d7b60106dc17aa/t/62da1dc20074d605d5b41f4c/1658461634803/tamil_dubbed_thriller_movies_collection.pdf",
        "https://static1.squarespace.com/static/604aea6a97201213e037dc4e/t/62c4e92a73c483043c09a49b/1657071915237/jim_stoppani27_s_shortcut_to_size.pdf",
        "https://static1.squarespace.com/static/60aaf27c8bac0413e6f804fa/t/62da11b96c05d02885a3276e/1658458553947/40183655610.pdf",
        "https://static1.squarespace.com/static/60aaf27c8bac0413e6f804fa/t/62c234f63e63957aeb22678c/1656894711308/fiat_punto_55_manual.pdf",
        "https://www.phuketvillarentalandservices.com/ckfinder/userfiles/files/tugir.pdf",
        "https://static1.squarespace.com/static/60aaf27c8bac0413e6f804fa/t/62bd51cbfbba2d37078a084f/1656574411909/weather_channel_app.pdf",
        "https://static1.squarespace.com/static/604aebe5436e397a99d53e8a/t/62e7af691df8fc47dd645bea/1659350890302/3d_max_models_free_interior_bedroom.pdf",
        "https://static1.squarespace.com/static/60aaf27c8bac0413e6f804fa/t/62c11c852cd25e279ec41661/1656822917861/music_theory_for_dummies_free_do.pdf",
        "https://static1.squarespace.com/static/60aaf25e42d7b60106dc17aa/t/62c9c451c5af0462bb4c01dc/1657390162503/manual_de_etnozoologia.pdf",
        "https://static1.squarespace.com/static/60aaf27c8bac0413e6f804fa/t/62c238cb811d3b6056ca7095/1656895691488/liste_des_chaines_gratuites_free.pdf",
        "https://static1.squarespace.com/static/604aeb86718479732845b7b4/t/62cef8d959ed3f1370033e97/1657731289359/8118868409.pdf",
        "https://static1.squarespace.com/static/604aebe5436e397a99d53e8a/t/62c351a1619739746b679246/1656967586431/sufadizixodanutedufiv.pdf",
        "https://static1.squarespace.com/static/604aec14af289a5f7a539cf5/t/62cc9c9eedd03253a41f20e4/1657576607494/poema_5_pablo_neruda.pdf",
        "https://static1.squarespace.com/static/60aaf25e42d7b60106dc17aa/t/62d6452f087644684ae41030/1658209584931/avengers_streaming_english.pdf",
        "https://static1.squarespace.com/static/60aaf25e42d7b60106dc17aa/t/62d7bb1beb25f619a0737630/1658305307679/96417303860.pdf",
        "https://static1.squarespace.com/static/604aea6a97201213e037dc4e/t/62dae30698b31924d39c2d51/1658512134369/social_psychology_gilovich_3rd_editi.pdf",
        "https://static1.squarespace.com/static/60aaf25e42d7b60106dc17aa/t/62bff48da2541834b5d87de9/1656747149707/fuvuvesa.pdf",
        "https://static1.squarespace.com/static/604aeb86718479732845b7b4/t/62c887f773b6fe5f00d94984/1657309175546/4568977420.pdf",
        "http://premiosgrupomora.com/campannas/file/getezotepufozuvasa.pdf",
        "https://static1.squarespace.com/static/604aeb86718479732845b7b4/t/62dc3cb2ce84dc1512e39c43/1658600626731/caminando_por_el_bosque_lalalala_letra.pdf"
    ],
    "regex_uris": [
        "http://joopsoa.com/c3?utm_term=encyclopedia+of+buddhism+pdf",
        "https://static1.squarespace.com/static/604aec14af289a5f7a539cf5/t/62d4f0501798521b4e0a0f3f/1658122320540/72580047685.pdf",
        "https://netwindowvn.com/uploads/userfiles/file/66488581208.pdf",
        "https://static1.squarespace.com/static/604aea6a97201213e037dc4e/t/62cb10eab3a4074e211b1c62/1657475306728/65323999116.pdf",
        "http://x-mobio.com/upload/files/berazudumaku.pdf",
        "https://static1.squarespace.com/static/60aaf25e42d7b60106dc17aa/t/62c22cca605559095628cee6/1656892618512/mixorawosinivapunonun.pdf",
        "https://static1.squarespace.com/static/604aea6a97201213e037dc4e/t/62be2caeb00ed27b0a4099a9/1656630447317/vampire_the_masquerade_redemption_gu.pdf",
        "https://static1.squarespace.com/static/604aec14af289a5f7a539cf5/t/62c1cc2de367581f45ba00c8/1656867885825/pbx_et_pabx.pdf",
        "https://static1.squarespace.com/static/604aebe5436e397a99d53e8a/t/62e4769b0b510e1178110e44/1659139740473/xisewepiruvivawunodu.pdf",
        "https://static1.squarespace.com/static/604aebe5436e397a99d53e8a/t/62c2d92b2ea9432c73708756/1656936748140/wine_bad_exe_format.pdf",
        "https://static1.squarespace.com/static/604aea6a97201213e037dc4e/t/62d8b46a1bd45a79a908f5f8/1658369131151/lubukiridofigidaxidor.pdf",
        "https://static1.squarespace.com/static/60aaf27c8bac0413e6f804fa/t/62e41cc36fa52f5493c80278/1659116740229/suxomuwufar.pdf",
        "https://static1.squarespace.com/static/604aea6a97201213e037dc4e/t/62d9bbd362e9f977d42f9f5c/1658436563998/dimosivafi.pdf",
        "https://cansandientu.net/Images_upload/files/zakudogu.pdf",
        "https://static1.squarespace.com/static/60aaf27c8bac0413e6f804fa/t/62b4ca741daed67c84730fc1/1656015476515/the_verbs_ser_and_estar_continued_answers.pdf",
        "https://static1.squarespace.com/static/604aeb86718479732845b7b4/t/62dac611552d126627709c98/1658504721616/broadwave_streaming_audio_software_c.pdf",
        "https://static1.squarespace.com/static/60aaf27c8bac0413e6f804fa/t/62dc159e98d0b82988d0bdfc/1658590623309/sims_4_hide_ui.pdf",
        "https://static1.squarespace.com/static/604aeb86718479732845b7b4/t/62bb47ae83bfec5ec8872502/1656440750915/webif.pdf",
        "http://ipsaix.com/ckeditor/ckfinder/userfiles/files/32928104800.pdf",
        "https://static1.squarespace.com/static/60aaf25e42d7b60106dc17aa/t/62da1dc20074d605d5b41f4c/1658461634803/tamil_dubbed_thriller_movies_collection.pdf",
        "https://static1.squarespace.com/static/604aea6a97201213e037dc4e/t/62c4e92a73c483043c09a49b/1657071915237/jim_stoppani27_s_shortcut_to_size.pdf",
        "https://static1.squarespace.com/static/60aaf27c8bac0413e6f804fa/t/62da11b96c05d02885a3276e/1658458553947/40183655610.pdf",
        "https://static1.squarespace.com/static/60aaf27c8bac0413e6f804fa/t/62c234f63e63957aeb22678c/1656894711308/fiat_punto_55_manual.pdf",
        "https://www.phuketvillarentalandservices.com/ckfinder/userfiles/files/tugir.pdf",
        "https://static1.squarespace.com/static/60aaf27c8bac0413e6f804fa/t/62bd51cbfbba2d37078a084f/1656574411909/weather_channel_app.pdf",
        "https://static1.squarespace.com/static/604aebe5436e397a99d53e8a/t/62e7af691df8fc47dd645bea/1659350890302/3d_max_models_free_interior_bedroom.pdf",
        "https://static1.squarespace.com/static/60aaf27c8bac0413e6f804fa/t/62c11c852cd25e279ec41661/1656822917861/music_theory_for_dummies_free_do.pdf",
        "https://static1.squarespace.com/static/60aaf25e42d7b60106dc17aa/t/62c9c451c5af0462bb4c01dc/1657390162503/manual_de_etnozoologia.pdf",
        "https://static1.squarespace.com/static/60aaf27c8bac0413e6f804fa/t/62c238cb811d3b6056ca7095/1656895691488/liste_des_chaines_gratuites_free.pdf",
        "https://static1.squarespace.com/static/604aeb86718479732845b7b4/t/62cef8d959ed3f1370033e97/1657731289359/8118868409.pdf",
        "https://static1.squarespace.com/static/604aebe5436e397a99d53e8a/t/62c351a1619739746b679246/1656967586431/sufadizixodanutedufiv.pdf",
        "https://static1.squarespace.com/static/604aec14af289a5f7a539cf5/t/62cc9c9eedd03253a41f20e4/1657576607494/poema_5_pablo_neruda.pdf",
        "https://static1.squarespace.com/static/60aaf25e42d7b60106dc17aa/t/62d6452f087644684ae41030/1658209584931/avengers_streaming_english.pdf",
        "https://static1.squarespace.com/static/60aaf25e42d7b60106dc17aa/t/62d7bb1beb25f619a0737630/1658305307679/96417303860.pdf",
        "https://static1.squarespace.com/static/604aea6a97201213e037dc4e/t/62dae30698b31924d39c2d51/1658512134369/social_psychology_gilovich_3rd_editi.pdf",
        "https://static1.squarespace.com/static/60aaf25e42d7b60106dc17aa/t/62bff48da2541834b5d87de9/1656747149707/fuvuvesa.pdf",
        "https://static1.squarespace.com/static/604aeb86718479732845b7b4/t/62c887f773b6fe5f00d94984/1657309175546/4568977420.pdf",
        "http://premiosgrupomora.com/campannas/file/getezotepufozuvasa.pdf",
        "https://static1.squarespace.com/static/604aeb86718479732845b7b4/t/62dc3cb2ce84dc1512e39c43/1658600626731/caminando_por_el_bosque_lalalala_letra.pdf"
    ],
    "regex_urls": [
        "http://joopsoa.com/c3?utm_term=encyclopedia+of+buddhism+pdf",
        "https",
        "https",
        "https",
        "http://x-mobio.com/upload/files/berazudumaku.pdf",
        "https",
        "https",
        "https",
        "https",
        "https",
        "https",
        "https",
        "https",
        "https",
        "https",
        "https",
        "https",
        "https",
        "http://ipsaix.com/ckeditor/ckfinder/userfiles/files/32928104800.pdf",
        "https",
        "https",
        "https",
        "https",
        "https",
        "www.phuketvillarentalandservices.com/ckfinder/userfiles/files/tugir.pdf",
        "https",
        "https",
        "https",
        "https",
        "https",
        "https",
        "https",
        "https",
        "https",
        "https",
        "https",
        "https",
        "https",
        "http://premiosgrupomora.com/campannas/file/getezotepufozuvasa.pdf",
        "https",
        "http://www.w3.org/1999/02/22-rdf-syntax-ns#",
        "http://purl.org/dc/elements/1.1/",
        "http://ns.adobe.com/pdf/1.3/",
        "http://ns.adobe.com/xap/1.0/",
        "http://ns.adobe.com/xap/1.0/mm/",
        "http://ns.adobe.com/xap/1.0/rights/"
    ],
    "scripts": {
        "iframe": [],
        "urls": []
    },
    "static_properties": {
        "JBIG2Decode": "0",
        "XML_forms": "0",
        "acro_form": "0",
        "auto_action": "0",
        "colors": "0",
        "cross_reference_table": "2",
        "embedded_files": "0",
        "file_size": "545",
        "java_script": "0",
        "js": "0",
        "launch_action": "0",
        "object_end": "108",
        "object_start": "108",
        "object_streams": "0",
        "open_action": "0",
        "page_count": "7",
        "rich_media": "0",
        "start_cross_reference_table": "2",
        "stream_end": "20",
        "stream_start": "20",
        "trailer_dictionary": "2"
    },
    "yara_signatures": []
}