{
    "exif_signatures": {},
    "file_size": 588099,
    "pdfid_signatures": {},
    "pypdf_uris": [
        "https://loheb.co.za/XSRYdR1H?utm_term=math+problem+solving+worksheets+5th+grade+free+template+words",
        "http://studiocalcinoni.com/userfiles/files/votupupinonu.pdf",
        "https://static1.squarespace.com/static/604aeb86718479732845b7b4/t/62bf2f7b9591892fb44fa319/1656696700226/bolton_mechatronics_electronic_contr.pdf",
        "https://static1.squarespace.com/static/604aec14af289a5f7a539cf5/t/62bd6d7835e3a82c11b76586/1656581497151/introductory_econometrics_a_modern_approach_answers.pdf",
        "https://static1.squarespace.com/static/604aeb86718479732845b7b4/t/62bfd6ea1f3b203c2641246c/1656739562756/xuxazumoruka.pdf",
        "https://static1.squarespace.com/static/604aeb86718479732845b7b4/t/62b87e3094e2396356da4e80/1656258097121/.pdf",
        "https://static1.squarespace.com/static/604aebe5436e397a99d53e8a/t/62c0f6e2f91a6a4004258c80/1656813283277/luferelodurixopoforuxeta.pdf",
        "https://www.ciabrini-immobilier.com/wp-content/plugins/super-forms/uploads/php/files/ab4s6bdd865godjba4jqei72d8/87081979135.pdf",
        "https://static1.squarespace.com/static/604aebe5436e397a99d53e8a/t/62c0ecded930cf04968a3276/1656810718958/c_est_vs_il_est.pdf",
        "https://altinhediyeler.com/calisma2/files/uploads/29743868519.pdf",
        "http://cisseo.net/userfiles/files/bujuvebatumu.pdf",
        "http://www.avtoschool71.ru/kcfinder/upload/files/18450397739.pdf",
        "https://static1.squarespace.com/static/60aaf27c8bac0413e6f804fa/t/62b5cc31ced9a837f8e9cc82/1656081458543/wixenukalilifuzavizor.pdf",
        "https://static1.squarespace.com/static/60aaf25e42d7b60106dc17aa/t/62b5bf1a71888e1145910c27/1656078106740/8233219547.pdf",
        "http://thetestmag.com/userfiles/files/topevijepivoxuposetuw.pdf",
        "https://belloverde.net/emailer/file/banupofi.pdf",
        "http://www.romdom.pl/public/js/kcfinder/upload/files/76672569065.pdf",
        "https://static1.squarespace.com/static/60aaf27c8bac0413e6f804fa/t/62b4afdf3f6f1e3a5b7b9507/1656008671649/biosafety_cabinet_manual.pdf",
        "https://static1.squarespace.com/static/604aeb86718479732845b7b4/t/62b97a02d7d428240e0284d9/1656322562922/balunuvawutixoxofigoto.pdf",
        "https://static1.squarespace.com/static/60aaf25e42d7b60106dc17aa/t/62b46b0f195862475b99a5ff/1655991055838/wotejulakisuxexezo.pdf",
        "http://ingatlantv.tv/userfiles/files/28443164011.pdf",
        "https://hatarozatok.martonvasar.hu/ckeditor/kcfinder/upload/files/jatag.pdf",
        "https://static1.squarespace.com/static/604aebe5436e397a99d53e8a/t/62b7232679825c26452f65a1/1656169254936/adjective_clauses_exercises.pdf",
        "https://static1.squarespace.com/static/604aebe5436e397a99d53e8a/t/62c16911059e642092ddae1c/1656842514298/cluedo_detective_notes.pdf",
        "https://static1.squarespace.com/static/604aebe5436e397a99d53e8a/t/62ba5deaae9185795589f776/1656380907311/bribe_full_episode_480p.pdf",
        "https://westcoastmovers.ca/wp-content/plugins/super-forms/uploads/php/files/pendc8d2a0gnm3cnfshbif3gg1/pijikasomowi.pdf",
        "https://static1.squarespace.com/static/604aea6a97201213e037dc4e/t/62b77496ad3f7437f182d2d5/1656190102532/82938893216.pdf",
        "https://static1.squarespace.com/static/604aebe5436e397a99d53e8a/t/62c1763e87c43814175e32fb/1656845887141/jepewimapagixuma.pdf",
        "http://www.peritaonline.es/ckfinder/userfiles/files/53481485386.pdf",
        "https://static1.squarespace.com/static/60aaf25e42d7b60106dc17aa/t/62c1036a7ffe1f43fbb611b0/1656816493236/introductory_statistics_gould_2nd_edition.pdf",
        "http://webbolt.fono.hu/data/editorfile/69705052592.pdf",
        "https://static1.squarespace.com/static/60aaf25e42d7b60106dc17aa/t/62beaa9bb8a01b5a9ad0807d/1656662684136/duditapar.pdf"
    ],
    "regex_uris": [
        "https://loheb.co.za/XSRYdR1H?utm_term=math+problem+solving+worksheets+5th+grade+free+template+words",
        "http://studiocalcinoni.com/userfiles/files/votupupinonu.pdf",
        "https://static1.squarespace.com/static/604aeb86718479732845b7b4/t/62bf2f7b9591892fb44fa319/1656696700226/bolton_mechatronics_electronic_contr.pdf",
        "https://static1.squarespace.com/static/604aec14af289a5f7a539cf5/t/62bd6d7835e3a82c11b76586/1656581497151/introductory_econometrics_a_modern_approach_answers.pdf",
        "https://static1.squarespace.com/static/604aeb86718479732845b7b4/t/62bfd6ea1f3b203c2641246c/1656739562756/xuxazumoruka.pdf",
        "https://static1.squarespace.com/static/604aeb86718479732845b7b4/t/62b87e3094e2396356da4e80/1656258097121/.pdf",
        "https://static1.squarespace.com/static/604aebe5436e397a99d53e8a/t/62c0f6e2f91a6a4004258c80/1656813283277/luferelodurixopoforuxeta.pdf",
        "https://www.ciabrini-immobilier.com/wp-content/plugins/super-forms/uploads/php/files/ab4s6bdd865godjba4jqei72d8/87081979135.pdf",
        "https://static1.squarespace.com/static/604aebe5436e397a99d53e8a/t/62c0ecded930cf04968a3276/1656810718958/c_est_vs_il_est.pdf",
        "https://altinhediyeler.com/calisma2/files/uploads/29743868519.pdf",
        "http://cisseo.net/userfiles/files/bujuvebatumu.pdf",
        "http://www.avtoschool71.ru/kcfinder/upload/files/18450397739.pdf",
        "https://static1.squarespace.com/static/60aaf27c8bac0413e6f804fa/t/62b5cc31ced9a837f8e9cc82/1656081458543/wixenukalilifuzavizor.pdf",
        "https://static1.squarespace.com/static/60aaf25e42d7b60106dc17aa/t/62b5bf1a71888e1145910c27/1656078106740/8233219547.pdf",
        "http://thetestmag.com/userfiles/files/topevijepivoxuposetuw.pdf",
        "https://belloverde.net/emailer/file/banupofi.pdf",
        "http://www.romdom.pl/public/js/kcfinder/upload/files/76672569065.pdf",
        "https://static1.squarespace.com/static/60aaf27c8bac0413e6f804fa/t/62b4afdf3f6f1e3a5b7b9507/1656008671649/biosafety_cabinet_manual.pdf",
        "https://static1.squarespace.com/static/604aeb86718479732845b7b4/t/62b97a02d7d428240e0284d9/1656322562922/balunuvawutixoxofigoto.pdf",
        "https://static1.squarespace.com/static/60aaf25e42d7b60106dc17aa/t/62b46b0f195862475b99a5ff/1655991055838/wotejulakisuxexezo.pdf",
        "http://ingatlantv.tv/userfiles/files/28443164011.pdf",
        "https://hatarozatok.martonvasar.hu/ckeditor/kcfinder/upload/files/jatag.pdf",
        "https://static1.squarespace.com/static/604aebe5436e397a99d53e8a/t/62b7232679825c26452f65a1/1656169254936/adjective_clauses_exercises.pdf",
        "https://static1.squarespace.com/static/604aebe5436e397a99d53e8a/t/62c16911059e642092ddae1c/1656842514298/cluedo_detective_notes.pdf",
        "https://static1.squarespace.com/static/604aebe5436e397a99d53e8a/t/62ba5deaae9185795589f776/1656380907311/bribe_full_episode_480p.pdf",
        "https://westcoastmovers.ca/wp-content/plugins/super-forms/uploads/php/files/pendc8d2a0gnm3cnfshbif3gg1/pijikasomowi.pdf",
        "https://static1.squarespace.com/static/604aea6a97201213e037dc4e/t/62b77496ad3f7437f182d2d5/1656190102532/82938893216.pdf",
        "https://static1.squarespace.com/static/604aebe5436e397a99d53e8a/t/62c1763e87c43814175e32fb/1656845887141/jepewimapagixuma.pdf",
        "http://www.peritaonline.es/ckfinder/userfiles/files/53481485386.pdf",
        "https://static1.squarespace.com/static/60aaf25e42d7b60106dc17aa/t/62c1036a7ffe1f43fbb611b0/1656816493236/introductory_statistics_gould_2nd_edition.pdf",
        "http://webbolt.fono.hu/data/editorfile/69705052592.pdf",
        "https://static1.squarespace.com/static/60aaf25e42d7b60106dc17aa/t/62beaa9bb8a01b5a9ad0807d/1656662684136/duditapar.pdf"
    ],
    "regex_urls": [
        "https",
        "http://studiocalcinoni.com/userfiles/files/votupupinonu.pdf",
        "https",
        "https",
        "https",
        "https",
        "https",
        "https",
        "www.ciabrini-immobilier.com/wp-content/plugins/super-forms/uploads/php/files/ab4s6bdd865godjba4jqei72d8/87081979135.pdf",
        "https",
        "https",
        "http://cisseo.net/userfiles/files/bujuvebatumu.pdf",
        "http://www.avtoschool71.ru/kcfinder/upload/files/18450397739.pdf",
        "https",
        "https",
        "http://thetestmag.com/userfiles/files/topevijepivoxuposetuw.pdf",
        "https",
        "http://www.romdom.pl/public/js/kcfinder/upload/files/76672569065.pdf",
        "https",
        "https",
        "https",
        "http://ingatlantv.tv/userfiles/files/28443164011.pdf",
        "https",
        "https",
        "https",
        "https",
        "https",
        "https",
        "https",
        "http://www.peritaonline.es/ckfinder/userfiles/files/53481485386.pdf",
        "https",
        "http://webbolt.fono.hu/data/editorfile/69705052592.pdf",
        "https",
        "http://www.w3.org/1999/02/22-rdf-syntax-ns#",
        "http://purl.org/dc/elements/1.1/",
        "http://ns.adobe.com/pdf/1.3/",
        "http://ns.adobe.com/xap/1.0/",
        "http://ns.adobe.com/xap/1.0/mm/",
        "http://ns.adobe.com/xap/1.0/rights/"
    ],
    "scripts": {
        "iframe": [],
        "urls": []
    },
    "static_properties": {
        "JBIG2Decode": "0",
        "XML_forms": "0",
        "acro_form": "0",
        "auto_action": "0",
        "colors": "0",
        "cross_reference_table": "2",
        "embedded_files": "0",
        "file_size": "588",
        "java_script": "0",
        "js": "0",
        "launch_action": "0",
        "object_end": "103",
        "object_start": "103",
        "object_streams": "0",
        "open_action": "0",
        "page_count": "5",
        "rich_media": "0",
        "start_cross_reference_table": "2",
        "stream_end": "23",
        "stream_start": "23",
        "trailer_dictionary": "2"
    },
    "yara_signatures": []
}