{
    "exif_signatures": {},
    "file_size": 47511,
    "pdfid_signatures": {},
    "pypdf_uris": [
        "https://netcdn.xyz/app/406889139/coin-master-hack-no-survey-or-verification-game-hack",
        "https://netcdn.xyz/app/406889139/coin-master-hack-no-survey-or-verification-game-hack",
        "https://maximabm.com/uploaded_files/userfiles/files/how-to-get-free-robux-youtube_GM431946152.pdf",
        "https://www.maximabm.com/uploaded_files/userfiles/files/robux-hack-tools_GM431946152.pdf",
        "https://maximabm.com/uploaded_files/userfiles/files/earn-robux-today_GM431946152.pdf",
        "https://maximabm.com/uploaded_files/userfiles/files/freerobuxhack-us-2021_GM431946152.pdf",
        "https://maximabm.com/uploaded_files/userfiles/files/how-to-get-free-robux-easy_GM431946152.pdf",
        "https://maximabm.com/uploaded_files/userfiles/files/coin-master-hack-ios-cydia_GM406889139.pdf",
        "https://www.maximabm.com/uploaded_files/userfiles/files/free-robux-websites-2021_GM431946152.pdf",
        "https://maximabm.com/uploaded_files/userfiles/files/coin-master-money-hack_GM406889139.pdf",
        "https://maximabm.com/uploaded_files/userfiles/files/how-to-get-a-free-minecraft-server_GM479516143.pdf",
        "https://www.maximabm.com/uploaded_files/userfiles/files/mcpe-master-coin-hack-apk_GM406889139.pdf",
        "https://maximabm.com/uploaded_files/userfiles/files/coin-master-game-free-download-for-pc_GM406889139.pdf",
        "https://maximabm.com/uploaded_files/userfiles/files/hacks-and-cheats-for-coin-master_GM406889139.pdf",
        "https://www.maximabm.com/uploaded_files/userfiles/files/how-to-free-robux_GM431946152.pdf",
        "https://maximabm.com/uploaded_files/userfiles/files/free-robux-link_GM431946152.pdf",
        "https://www.maximabm.com/uploaded_files/userfiles/files/coin-master-free-stuff-links_GM406889139.pdf",
        "https://www.maximabm.com/uploaded_files/userfiles/files/hack-coin-master-apk-mod_GM406889139.pdf",
        "https://www.maximabm.com/uploaded_files/userfiles/files/get-free-spins-on-coin-master-no-human-verification_GM406889139.pdf",
        "https://www.maximabm.com/uploaded_files/userfiles/files/free-roblox-promo-codes-for-robux_GM431946152.pdf",
        "https://www.maximabm.com/uploaded_files/userfiles/files/robux-premium_GM431946152.pdf",
        "https://www.maximabm.com/uploaded_files/userfiles/files/minecraft-net-download-free_GM479516143.pdf"
    ],
    "regex_uris": [
        "https://netcdn.xyz/app/406889139/coin-master-hack-no-survey-or-verification-game-hack",
        "https://netcdn.xyz/app/406889139/coin-master-hack-no-survey-or-verification-game-hack",
        "https://maximabm.com/uploaded_files/userfiles/files/how-to-get-free-robux-youtube_GM431946152.pdf",
        "https://www.maximabm.com/uploaded_files/userfiles/files/robux-hack-tools_GM431946152.pdf",
        "https://maximabm.com/uploaded_files/userfiles/files/earn-robux-today_GM431946152.pdf",
        "https://maximabm.com/uploaded_files/userfiles/files/freerobuxhack-us-2021_GM431946152.pdf",
        "https://maximabm.com/uploaded_files/userfiles/files/how-to-get-free-robux-easy_GM431946152.pdf",
        "https://maximabm.com/uploaded_files/userfiles/files/coin-master-hack-ios-cydia_GM406889139.pdf",
        "https://www.maximabm.com/uploaded_files/userfiles/files/free-robux-websites-2021_GM431946152.pdf",
        "https://maximabm.com/uploaded_files/userfiles/files/coin-master-money-hack_GM406889139.pdf",
        "https://maximabm.com/uploaded_files/userfiles/files/how-to-get-a-free-minecraft-server_GM479516143.pdf",
        "https://www.maximabm.com/uploaded_files/userfiles/files/mcpe-master-coin-hack-apk_GM406889139.pdf",
        "https://maximabm.com/uploaded_files/userfiles/files/coin-master-game-free-download-for-pc_GM406889139.pdf",
        "https://maximabm.com/uploaded_files/userfiles/files/hacks-and-cheats-for-coin-master_GM406889139.pdf",
        "https://www.maximabm.com/uploaded_files/userfiles/files/how-to-free-robux_GM431946152.pdf",
        "https://maximabm.com/uploaded_files/userfiles/files/free-robux-link_GM431946152.pdf",
        "https://www.maximabm.com/uploaded_files/userfiles/files/coin-master-free-stuff-links_GM406889139.pdf",
        "https://www.maximabm.com/uploaded_files/userfiles/files/hack-coin-master-apk-mod_GM406889139.pdf",
        "https://www.maximabm.com/uploaded_files/userfiles/files/get-free-spins-on-coin-master-no-human-verification_GM406889139.pdf",
        "https://www.maximabm.com/uploaded_files/userfiles/files/free-roblox-promo-codes-for-robux_GM431946152.pdf",
        "https://www.maximabm.com/uploaded_files/userfiles/files/robux-premium_GM431946152.pdf",
        "https://www.maximabm.com/uploaded_files/userfiles/files/minecraft-net-download-free_GM479516143.pdf"
    ],
    "regex_urls": [
        "https",
        "https",
        "https",
        "https",
        "www.maximabm.com/uploaded_files/userfiles/files/robux-hack-tools_GM431946152.pdf",
        "https",
        "https",
        "https",
        "https",
        "https",
        "www.maximabm.com/uploaded_files/userfiles/files/free-robux-websites-2021_GM431946152.pdf",
        "https",
        "https",
        "https",
        "www.maximabm.com/uploaded_files/userfiles/files/mcpe-master-coin-hack-apk_GM406889139.pdf",
        "https",
        "https",
        "https",
        "www.maximabm.com/uploaded_files/userfiles/files/how-to-free-robux_GM431946152.pdf",
        "https",
        "https",
        "www.maximabm.com/uploaded_files/userfiles/files/coin-master-free-stuff-links_GM406889139.pdf",
        "https",
        "www.maximabm.com/uploaded_files/userfiles/files/hack-coin-master-apk-mod_GM406889139.pdf",
        "https",
        "www.maximabm.com/uploaded_files/userfiles/files/get-free-spins-on-coin-master-no-human-verification_GM406889139.pdf",
        "https",
        "www.maximabm.com/uploaded_files/userfiles/files/free-roblox-promo-codes-for-robux_GM431946152.pdf",
        "https",
        "www.maximabm.com/uploaded_files/userfiles/files/robux-premium_GM431946152.pdf",
        "https",
        "www.maximabm.com/uploaded_files/userfiles/files/minecraft-net-download-free_GM479516143.pdf"
    ],
    "scripts": {
        "iframe": [],
        "urls": []
    },
    "static_properties": {
        "JBIG2Decode": "0",
        "XML_forms": "0",
        "acro_form": "0",
        "auto_action": "0",
        "colors": "0",
        "cross_reference_table": "1",
        "embedded_files": "0",
        "file_size": "48",
        "java_script": "0",
        "js": "0",
        "launch_action": "0",
        "object_end": "66",
        "object_start": "66",
        "object_streams": "0",
        "open_action": "0",
        "page_count": "3",
        "rich_media": "0",
        "start_cross_reference_table": "1",
        "stream_end": "9",
        "stream_start": "9",
        "trailer_dictionary": "1"
    },
    "yara_signatures": [
        "without_attachments",
        "without_images",
        "with_urls",
        "invalid_trailer_structure",
        "contentis_base64"
    ]
}