{
    "exif_signatures": {},
    "file_size": 34789,
    "pdfid_signatures": {},
    "pypdf_uris": [
        "http://netcdn.tw/app/431946152/free-roblox-girl-clothes-game-hack",
        "http://netcdn.tw/app/431946152/free-roblox-girl-clothes-game-hack",
        "https://elearning.manposo.sch.id/__statics/gudangsoal/files/is-there-a-way-to-get-free-robux_GM431946152.pdf",
        "https://elearning.manposo.sch.id/__statics/gudangsoal/files/free-robux-hacks-no-verification_GM431946152.pdf",
        "https://elearning.manposo.sch.id/__statics/gudangsoal/files/coin-master-free-spins-iphone-2021_GM406889139.pdf",
        "https://elearning.manposo.sch.id/__statics/gudangsoal/files/best-minecraft-hacked-client_GM479516143.pdf",
        "https://elearning.manposo.sch.id/__statics/gudangsoal/files/coinmasterfree_GM406889139.pdf",
        "https://elearning.manposo.sch.id/__statics/gudangsoal/files/coin-master-free-spins-link-march-2021_GM406889139.pdf",
        "https://elearning.manposo.sch.id/__statics/gudangsoal/files/free-robux-com-roblox_GM431946152.pdf",
        "https://elearning.manposo.sch.id/__statics/gudangsoal/files/how-to-get-free-robux-2021-codes_GM431946152.pdf",
        "https://elearning.manposo.sch.id/__statics/gudangsoal/files/free-robux-legit_GM431946152.pdf",
        "https://elearning.manposo.sch.id/__statics/gudangsoal/files/free-robux-no-verify_GM431946152.pdf",
        "https://elearning.manposo.sch.id/__statics/gudangsoal/files/coin-master-hacks-for-spins_GM406889139.pdf",
        "https://elearning.manposo.sch.id/__statics/gudangsoal/files/coin-master-free-spins-link-today-facebook_GM406889139.pdf",
        "https://elearning.manposo.sch.id/__statics/gudangsoal/files/cheat-roblox-mac_GM431946152.pdf",
        "https://elearning.manposo.sch.id/__statics/gudangsoal/files/how-to-get-free-coins-on-coin-master_GM406889139.pdf",
        "https://elearning.manposo.sch.id/__statics/gudangsoal/files/free-spins-and-coins-for-coin-master-game_GM406889139.pdf",
        "https://elearning.manposo.sch.id/__statics/gudangsoal/files/minecraft-redeem-code-free_GM479516143.pdf",
        "https://elearning.manposo.sch.id/__statics/gudangsoal/files/www-free-robux_GM431946152.pdf",
        "https://elearning.manposo.sch.id/__statics/gudangsoal/files/minecraft-java-edition-key-free_GM479516143.pdf",
        "https://elearning.manposo.sch.id/__statics/gudangsoal/files/hacking-apps-for-roblox_GM431946152.pdf",
        "https://elearning.manposo.sch.id/__statics/gudangsoal/files/roblox-shard-seekers-how-to-cheat-engine-shards_GM431946152.pdf"
    ],
    "regex_uris": [
        "http://netcdn.tw/app/431946152/free-roblox-girl-clothes-game-hack",
        "http://netcdn.tw/app/431946152/free-roblox-girl-clothes-game-hack",
        "https://elearning.manposo.sch.id/__statics/gudangsoal/files/is-there-a-way-to-get-free-robux_GM431946152.pdf",
        "https://elearning.manposo.sch.id/__statics/gudangsoal/files/free-robux-hacks-no-verification_GM431946152.pdf",
        "https://elearning.manposo.sch.id/__statics/gudangsoal/files/coin-master-free-spins-iphone-2021_GM406889139.pdf",
        "https://elearning.manposo.sch.id/__statics/gudangsoal/files/best-minecraft-hacked-client_GM479516143.pdf",
        "https://elearning.manposo.sch.id/__statics/gudangsoal/files/coinmasterfree_GM406889139.pdf",
        "https://elearning.manposo.sch.id/__statics/gudangsoal/files/coin-master-free-spins-link-march-2021_GM406889139.pdf",
        "https://elearning.manposo.sch.id/__statics/gudangsoal/files/free-robux-com-roblox_GM431946152.pdf",
        "https://elearning.manposo.sch.id/__statics/gudangsoal/files/how-to-get-free-robux-2021-codes_GM431946152.pdf",
        "https://elearning.manposo.sch.id/__statics/gudangsoal/files/free-robux-legit_GM431946152.pdf",
        "https://elearning.manposo.sch.id/__statics/gudangsoal/files/free-robux-no-verify_GM431946152.pdf",
        "https://elearning.manposo.sch.id/__statics/gudangsoal/files/coin-master-hacks-for-spins_GM406889139.pdf",
        "https://elearning.manposo.sch.id/__statics/gudangsoal/files/coin-master-free-spins-link-today-facebook_GM406889139.pdf",
        "https://elearning.manposo.sch.id/__statics/gudangsoal/files/cheat-roblox-mac_GM431946152.pdf",
        "https://elearning.manposo.sch.id/__statics/gudangsoal/files/how-to-get-free-coins-on-coin-master_GM406889139.pdf",
        "https://elearning.manposo.sch.id/__statics/gudangsoal/files/free-spins-and-coins-for-coin-master-game_GM406889139.pdf",
        "https://elearning.manposo.sch.id/__statics/gudangsoal/files/minecraft-redeem-code-free_GM479516143.pdf",
        "https://elearning.manposo.sch.id/__statics/gudangsoal/files/www-free-robux_GM431946152.pdf",
        "https://elearning.manposo.sch.id/__statics/gudangsoal/files/minecraft-java-edition-key-free_GM479516143.pdf",
        "https://elearning.manposo.sch.id/__statics/gudangsoal/files/hacking-apps-for-roblox_GM431946152.pdf",
        "https://elearning.manposo.sch.id/__statics/gudangsoal/files/roblox-shard-seekers-how-to-cheat-engine-shards_GM431946152.pdf"
    ],
    "regex_urls": [
        "http://netcdn.tw/app/431946152/free-roblox-girl-clothes-game-hack",
        "http://netcdn.tw/app/431946152/free-roblox-girl-clothes-game-hack",
        "https",
        "https",
        "https",
        "https",
        "https",
        "https",
        "https",
        "https",
        "https",
        "https",
        "https",
        "https",
        "https",
        "https",
        "https",
        "https",
        "https",
        "https",
        "https",
        "https"
    ],
    "scripts": {
        "iframe": [],
        "urls": []
    },
    "static_properties": {
        "JBIG2Decode": "0",
        "XML_forms": "0",
        "acro_form": "0",
        "auto_action": "0",
        "colors": "0",
        "cross_reference_table": "1",
        "embedded_files": "0",
        "file_size": "35",
        "java_script": "0",
        "js": "0",
        "launch_action": "0",
        "object_end": "55",
        "object_start": "55",
        "object_streams": "0",
        "open_action": "0",
        "page_count": "2",
        "rich_media": "0",
        "start_cross_reference_table": "1",
        "stream_end": "6",
        "stream_start": "6",
        "trailer_dictionary": "1"
    },
    "yara_signatures": [
        "vmdetect",
        "without_attachments",
        "without_images",
        "with_urls",
        "invalid_trailer_structure",
        "contentis_base64"
    ]
}