{
    "exif_signatures": {},
    "file_size": 308516,
    "pdfid_signatures": {},
    "pypdf_uris": [
        "https://tlniurl.com/204442",
        "https://dinploiesti.ro/advert/girls-short-sets-02-se-12-9-imgsrc-ru/",
        "https://uploads.strikinglycdn.com/files/88f7cbf8-b427-4cd6-8947-a641e9da8f18/100serieslandcruiserbrakeupgrade.pdf",
        "https://kit.co/inobicdai/shakur-stevenson-vs-toka-kahn-clary-ottwha/shakur-ste",
        "https://kmonlosisdu.weebly.com/muy-ricas-img232470483485082-imgsrcru.html",
        "http://classifieds.mysyte.us/advert/school-girls-grade-1-2-foto-71-imgsrc-ru/",
        "https://livestockpricing.com.au/advert/asian-girls-delicacy-i-7577_1486316781622688_7246807315-imgsrc-ru/",
        "https://hainelchessmuf.weebly.com/--img0142-imgsrcru.html",
        "https://www.datawrapper.de/_/3QWez/",
        "http://www.expo15online.com/advert/microsoft-research-autocollage-2008-product-key/",
        "http://macrimedia.altervista.org/advert/chinese-movie-apk-for-android-tv-box/",
        "http://www.tcpdf.org"
    ],
    "regex_uris": [
        "https://tlniurl.com/204442",
        "https://dinploiesti.ro/advert/girls-short-sets-02-se-12-9-imgsrc-ru/",
        "https://uploads.strikinglycdn.com/files/88f7cbf8-b427-4cd6-8947-a641e9da8f18/100serieslandcruiserbrakeupgrade.pdf",
        "https://kit.co/inobicdai/shakur-stevenson-vs-toka-kahn-clary-ottwha/shakur-ste",
        "https://kmonlosisdu.weebly.com/muy-ricas-img232470483485082-imgsrcru.html",
        "http://classifieds.mysyte.us/advert/school-girls-grade-1-2-foto-71-imgsrc-ru/",
        "https://livestockpricing.com.au/advert/asian-girls-delicacy-i-7577_1486316781622688_7246807315-imgsrc-ru/",
        "https://hainelchessmuf.weebly.com/--img0142-imgsrcru.html",
        "https://www.datawrapper.de/_/3QWez/",
        "http://www.expo15online.com/advert/microsoft-research-autocollage-2008-product-key/",
        "http://macrimedia.altervista.org/advert/chinese-movie-apk-for-android-tv-box/",
        "http://www.tcpdf.org"
    ],
    "regex_urls": [
        "https",
        "https",
        "https",
        "https",
        "https",
        "http://classifieds.mysyte.us/advert/school-girls-grade-1-2-foto-71-imgsrc-ru/",
        "https",
        "https",
        "https",
        "www.datawrapper.de/_/3QWez/",
        "http://www.expo15online.com/advert/microsoft-research-autocollage-2008-product-key/",
        "http://macrimedia.altervista.org/advert/chinese-movie-apk-for-android-tv-box/",
        "http://www.tcpdf.org",
        "http://www.w3.org/1999/02/22-rdf-syntax-ns#",
        "http://purl.org/dc/elements/1.1/",
        "http://ns.adobe.com/xap/1.0/",
        "http://ns.adobe.com/pdf/1.3/",
        "http://ns.adobe.com/xap/1.0/mm/",
        "http://www.aiim.org/pdfa/ns/extension/",
        "http://www.aiim.org/pdfa/ns/schema#",
        "http://www.aiim.org/pdfa/ns/property#",
        "http://ns.adobe.com/pdf/1.3/",
        "http://ns.adobe.com/xap/1.0/mm/",
        "http://www.aiim.org/pdfa/ns/id/"
    ],
    "scripts": {
        "iframe": [],
        "urls": []
    },
    "static_properties": {
        "JBIG2Decode": "0",
        "XML_forms": "0",
        "acro_form": "0",
        "auto_action": "0",
        "colors": "0",
        "cross_reference_table": "1",
        "embedded_files": "0",
        "file_size": "309",
        "java_script": "0",
        "js": "0",
        "launch_action": "0",
        "object_end": "37",
        "object_start": "37",
        "object_streams": "0",
        "open_action": "1",
        "page_count": "2",
        "rich_media": "0",
        "start_cross_reference_table": "1",
        "stream_end": "11",
        "stream_start": "11",
        "trailer_dictionary": "1"
    },
    "yara_signatures": [
        "without_attachments",
        "without_images",
        "with_urls",
        "contentis_base64",
        "Big_Numbers1"
    ]
}