{
    "exif_signatures": {},
    "file_size": 45172,
    "pdfid_signatures": {},
    "pypdf_uris": [
        "https://netcdn.tw/app/431946152/roblox-spawn-in-models-hack-game-hack",
        "https://netcdn.tw/app/431946152/roblox-spawn-in-models-hack-game-hack",
        "https://wandpiraten.de/images/how-to-hack-coin-master-with-root_GM406889139.pdf",
        "https://wandpiraten.de/images/how-to-hack-people-in-roblox_GM431946152.pdf",
        "https://wandpiraten.de/images/coin-master-hacks-to-get-spins_GM406889139.pdf",
        "https://wandpiraten.de/images/free-tiktok-engagement-calculator_GM835599320.pdf",
        "https://wandpiraten.de/images/free-robux-without-human-verification_GM431946152.pdf",
        "https://wandpiraten.de/images/how-to-download-minecraft-for-free-on-android_GM479516143.pdf",
        "https://wandpiraten.de/images/minecraft-hacks-115-2_GM479516143.pdf",
        "https://wandpiraten.de/images/robloxhacks_GM431946152.pdf",
        "https://wandpiraten.de/images/minecraft-pe-apk-download_GM479516143.pdf",
        "https://wandpiraten.de/images/free-robux-no-download_GM431946152.pdf",
        "https://wandpiraten.de/images/coin-master-free-spin-and-coins-links-2021_GM406889139.pdf",
        "https://wandpiraten.de/images/coin-master-hack-without-verification-code_GM406889139.pdf",
        "https://wandpiraten.de/images/how-to-get-minecraft-for-free-on-your-phone_GM479516143.pdf",
        "https://wandpiraten.de/images/earn-points-for-robux_GM431946152.pdf",
        "https://wandpiraten.de/images/spin-and-coin_GM406889139.pdf",
        "https://wandpiraten.de/images/rbxfree-com-free-robux_GM431946152.pdf",
        "https://wandpiraten.de/images/free-roblox-clothes-2021_GM431946152.pdf",
        "https://wandpiraten.de/images/coin-master-spin-link-2021_GM406889139.pdf",
        "https://wandpiraten.de/images/roblox-toy-codes-free_GM431946152.pdf",
        "https://wandpiraten.de/images/minecraft-story-mode-free-download_GM479516143.pdf"
    ],
    "regex_uris": [
        "https://netcdn.tw/app/431946152/roblox-spawn-in-models-hack-game-hack",
        "https://netcdn.tw/app/431946152/roblox-spawn-in-models-hack-game-hack",
        "https://wandpiraten.de/images/how-to-hack-coin-master-with-root_GM406889139.pdf",
        "https://wandpiraten.de/images/how-to-hack-people-in-roblox_GM431946152.pdf",
        "https://wandpiraten.de/images/coin-master-hacks-to-get-spins_GM406889139.pdf",
        "https://wandpiraten.de/images/free-tiktok-engagement-calculator_GM835599320.pdf",
        "https://wandpiraten.de/images/free-robux-without-human-verification_GM431946152.pdf",
        "https://wandpiraten.de/images/how-to-download-minecraft-for-free-on-android_GM479516143.pdf",
        "https://wandpiraten.de/images/minecraft-hacks-115-2_GM479516143.pdf",
        "https://wandpiraten.de/images/robloxhacks_GM431946152.pdf",
        "https://wandpiraten.de/images/minecraft-pe-apk-download_GM479516143.pdf",
        "https://wandpiraten.de/images/free-robux-no-download_GM431946152.pdf",
        "https://wandpiraten.de/images/coin-master-free-spin-and-coins-links-2021_GM406889139.pdf",
        "https://wandpiraten.de/images/coin-master-hack-without-verification-code_GM406889139.pdf",
        "https://wandpiraten.de/images/how-to-get-minecraft-for-free-on-your-phone_GM479516143.pdf",
        "https://wandpiraten.de/images/earn-points-for-robux_GM431946152.pdf",
        "https://wandpiraten.de/images/spin-and-coin_GM406889139.pdf",
        "https://wandpiraten.de/images/rbxfree-com-free-robux_GM431946152.pdf",
        "https://wandpiraten.de/images/free-roblox-clothes-2021_GM431946152.pdf",
        "https://wandpiraten.de/images/coin-master-spin-link-2021_GM406889139.pdf",
        "https://wandpiraten.de/images/roblox-toy-codes-free_GM431946152.pdf",
        "https://wandpiraten.de/images/minecraft-story-mode-free-download_GM479516143.pdf"
    ],
    "regex_urls": [
        "https",
        "https",
        "https",
        "https",
        "https",
        "https",
        "https",
        "https",
        "https",
        "https",
        "https",
        "https",
        "https",
        "https",
        "https",
        "https",
        "https",
        "https",
        "https",
        "https",
        "https",
        "https"
    ],
    "scripts": {
        "iframe": [],
        "urls": []
    },
    "static_properties": {
        "JBIG2Decode": "0",
        "XML_forms": "0",
        "acro_form": "0",
        "auto_action": "0",
        "colors": "0",
        "cross_reference_table": "1",
        "embedded_files": "0",
        "file_size": "45",
        "java_script": "0",
        "js": "0",
        "launch_action": "0",
        "object_end": "65",
        "object_start": "65",
        "object_streams": "0",
        "open_action": "0",
        "page_count": "4",
        "rich_media": "0",
        "start_cross_reference_table": "1",
        "stream_end": "8",
        "stream_start": "8",
        "trailer_dictionary": "1"
    },
    "yara_signatures": [
        "without_attachments",
        "without_images",
        "with_urls",
        "invalid_trailer_structure",
        "contentis_base64"
    ]
}