{
    "exif_signatures": {},
    "file_size": 311230,
    "pdfid_signatures": {},
    "pypdf_uris": [
        "http://gluvoob.com/c3?utm_term=burger+king+menu+pdf+download+printable+templates",
        "http://pol2-simf.ru/userfiles/file/94884650929.pdf",
        "https://darman.shasbod.ir/UploadedFiles/New/file/90743645929.pdf",
        "https://pacpartner.net/images_client/imagesfile/gufuguluroxinija.pdf",
        "http://hiroi-es.info/yamituki-n/uploads/files/70021831531.pdf",
        "http://arcstema.com/userfiles/files/vomozanuwunoli.pdf",
        "http://hooleihomes.com/cms_images/file/ruxekofirimakidaso.pdf",
        "http://geometramaurotozzi.it/userfiles/files/xevomomibo.pdf",
        "https://static1.squarespace.com/static/604aeb86718479732845b7b4/t/62c63c57ccd2dc4cf4098984/1657158743860/g_shock_city_code_for_south_africa.pdf",
        "http://vormsel.eu/admin/ckeditor/kcfinder/upload/files/wodonexu.pdf",
        "https://myleague.vn/uploadfiles/kcfinder/files/vitisemisin.pdf",
        "https://ags-car.com/upload/files/23097402084.pdf",
        "http://df-foundry.net/d/files/lafoniwufenilalawosemagep.pdf",
        "https://static1.squarespace.com/static/604aeb86718479732845b7b4/t/62c016513d83d47fbe66ac7a/1656755794172/orgullo_y_prejuicio_pelicula_online_latino.pdf",
        "https://landviewdesign.com/userfiles/file/wuzijeziwitedanajete.pdf",
        "https://pulsekb.ru/admin/ckfinder/userfiles/files/89076575900.pdf",
        "http://faurau.com/luodan/images/userfiles/file/rawuluvelibezuv.pdf",
        "http://yeke.com.tr/public/kcfinder/upload/files/tefojedutuxatobinitoma.pdf",
        "https://mvmdigital.gr/files/files/65829581338.pdf",
        "https://static1.squarespace.com/static/604aeb86718479732845b7b4/t/62c9927a4bb5f54f7d91ee64/1657377402787/mcgraw_hill_my_math_grade_4_volume_1.pdf",
        "http://mintaialuminum.com/d/files/83480123460.pdf",
        "https://static1.squarespace.com/static/604aec14af289a5f7a539cf5/t/62c817a8fe230e3fb4e76f17/1657280425383/43882279156.pdf",
        "https://www.uncme.org.br/Gerenciador/kcfinder/upload/files/56914104384.pdf",
        "http://www.iamgoingto1996.com/wp-content/plugins/formcraft/file-upload/server/content/files/1628569ebce469---fugikizudiluza.pdf",
        "http://grancanariacomercio.com/documentos/file/76009886024.pdf",
        "http://educasters.co/ckfinder/userfiles/files/25544119290.pdf",
        "http://drvision.org/wp-content/plugins/formcraft/file-upload/server/content/files/1623eeeb3d07c6---xitopeneniwenir.pdf",
        "http://hide-bo.com/img/tmp/file/novulegexaza.pdf",
        "https://static1.squarespace.com/static/60aaf27c8bac0413e6f804fa/t/62b2ecd30349b06bf45bc9b6/1655893208932/mosisowoposaf.pdf",
        "http://getampedmag.com/ckfinder/userfiles/files/74019455901.pdf",
        "https://static1.squarespace.com/static/604aebe5436e397a99d53e8a/t/62c7296f23c0114b284c9fe5/1657219440551/i_m_still_hurting_sheet_music.pdf",
        "http://www.jamesbgriffinlaw.com/wp-content/plugins/formcraft/file-upload/server/content/files/162113b2668466---razomejogazenuxizori.pdf",
        "https://static1.squarespace.com/static/604aebe5436e397a99d53e8a/t/62c27c4562158217bbfbd729/1656912965616/10_ejercicios_de_nomenclatura_de_alcanos.pdf",
        "https://static1.squarespace.com/static/60aaf27c8bac0413e6f804fa/t/62b4b4b5af92da53f6192264/1656009910280/xoragexebudilunilil.pdf",
        "http://seoulgreeter.com/userData/board/file/24719595189.pdf",
        "http://gennarimaq.com.br/wp-content/plugins/formcraft/file-upload/server/content/files/162279c0141a4f---76364970215.pdf"
    ],
    "regex_uris": [
        "http://gluvoob.com/c3?utm_term=burger+king+menu+pdf+download+printable+templates",
        "http://pol2-simf.ru/userfiles/file/94884650929.pdf",
        "https://darman.shasbod.ir/UploadedFiles/New/file/90743645929.pdf",
        "https://pacpartner.net/images_client/imagesfile/gufuguluroxinija.pdf",
        "http://hiroi-es.info/yamituki-n/uploads/files/70021831531.pdf",
        "http://arcstema.com/userfiles/files/vomozanuwunoli.pdf",
        "http://hooleihomes.com/cms_images/file/ruxekofirimakidaso.pdf",
        "http://geometramaurotozzi.it/userfiles/files/xevomomibo.pdf",
        "https://static1.squarespace.com/static/604aeb86718479732845b7b4/t/62c63c57ccd2dc4cf4098984/1657158743860/g_shock_city_code_for_south_africa.pdf",
        "http://vormsel.eu/admin/ckeditor/kcfinder/upload/files/wodonexu.pdf",
        "https://myleague.vn/uploadfiles/kcfinder/files/vitisemisin.pdf",
        "https://ags-car.com/upload/files/23097402084.pdf",
        "http://df-foundry.net/d/files/lafoniwufenilalawosemagep.pdf",
        "https://static1.squarespace.com/static/604aeb86718479732845b7b4/t/62c016513d83d47fbe66ac7a/1656755794172/orgullo_y_prejuicio_pelicula_online_latino.pdf",
        "https://landviewdesign.com/userfiles/file/wuzijeziwitedanajete.pdf",
        "https://pulsekb.ru/admin/ckfinder/userfiles/files/89076575900.pdf",
        "http://faurau.com/luodan/images/userfiles/file/rawuluvelibezuv.pdf",
        "http://yeke.com.tr/public/kcfinder/upload/files/tefojedutuxatobinitoma.pdf",
        "https://mvmdigital.gr/files/files/65829581338.pdf",
        "https://static1.squarespace.com/static/604aeb86718479732845b7b4/t/62c9927a4bb5f54f7d91ee64/1657377402787/mcgraw_hill_my_math_grade_4_volume_1.pdf",
        "http://mintaialuminum.com/d/files/83480123460.pdf",
        "https://static1.squarespace.com/static/604aec14af289a5f7a539cf5/t/62c817a8fe230e3fb4e76f17/1657280425383/43882279156.pdf",
        "https://www.uncme.org.br/Gerenciador/kcfinder/upload/files/56914104384.pdf",
        "http://www.iamgoingto1996.com/wp-content/plugins/formcraft/file-upload/server/content/files/1628569ebce469---fugikizudiluza.pdf",
        "http://grancanariacomercio.com/documentos/file/76009886024.pdf",
        "http://educasters.co/ckfinder/userfiles/files/25544119290.pdf",
        "http://drvision.org/wp-content/plugins/formcraft/file-upload/server/content/files/1623eeeb3d07c6---xitopeneniwenir.pdf",
        "http://hide-bo.com/img/tmp/file/novulegexaza.pdf",
        "https://static1.squarespace.com/static/60aaf27c8bac0413e6f804fa/t/62b2ecd30349b06bf45bc9b6/1655893208932/mosisowoposaf.pdf",
        "http://getampedmag.com/ckfinder/userfiles/files/74019455901.pdf",
        "https://static1.squarespace.com/static/604aebe5436e397a99d53e8a/t/62c7296f23c0114b284c9fe5/1657219440551/i_m_still_hurting_sheet_music.pdf",
        "http://www.jamesbgriffinlaw.com/wp-content/plugins/formcraft/file-upload/server/content/files/162113b2668466---razomejogazenuxizori.pdf",
        "https://static1.squarespace.com/static/604aebe5436e397a99d53e8a/t/62c27c4562158217bbfbd729/1656912965616/10_ejercicios_de_nomenclatura_de_alcanos.pdf",
        "https://static1.squarespace.com/static/60aaf27c8bac0413e6f804fa/t/62b4b4b5af92da53f6192264/1656009910280/xoragexebudilunilil.pdf",
        "http://seoulgreeter.com/userData/board/file/24719595189.pdf",
        "http://gennarimaq.com.br/wp-content/plugins/formcraft/file-upload/server/content/files/162279c0141a4f---76364970215.pdf"
    ],
    "regex_urls": [
        "http://gluvoob.com/c3?utm_term=burger+king+menu+pdf+download+printable+templates",
        "http://pol2-simf.ru/userfiles/file/94884650929.pdf",
        "https",
        "https",
        "http://hiroi-es.info/yamituki-n/uploads/files/70021831531.pdf",
        "http://arcstema.com/userfiles/files/vomozanuwunoli.pdf",
        "http://hooleihomes.com/cms_images/file/ruxekofirimakidaso.pdf",
        "http://geometramaurotozzi.it/userfiles/files/xevomomibo.pdf",
        "https",
        "http://vormsel.eu/admin/ckeditor/kcfinder/upload/files/wodonexu.pdf",
        "https",
        "https",
        "http://df-foundry.net/d/files/lafoniwufenilalawosemagep.pdf",
        "https",
        "https",
        "https",
        "http://faurau.com/luodan/images/userfiles/file/rawuluvelibezuv.pdf",
        "http://yeke.com.tr/public/kcfinder/upload/files/tefojedutuxatobinitoma.pdf",
        "https",
        "https",
        "http://mintaialuminum.com/d/files/83480123460.pdf",
        "https",
        "https",
        "www.uncme.org.br/Gerenciador/kcfinder/upload/files/56914104384.pdf",
        "http://www.iamgoingto1996.com/wp-content/plugins/formcraft/file-upload/server/content/files/1628569ebce469---fugikizudiluza.pdf",
        "http://grancanariacomercio.com/documentos/file/76009886024.pdf",
        "http://educasters.co/ckfinder/userfiles/files/25544119290.pdf",
        "http://drvision.org/wp-content/plugins/formcraft/file-upload/server/content/files/1623eeeb3d07c6---xitopeneniwenir.pdf",
        "http://hide-bo.com/img/tmp/file/novulegexaza.pdf",
        "https",
        "http://getampedmag.com/ckfinder/userfiles/files/74019455901.pdf",
        "https",
        "http://www.jamesbgriffinlaw.com/wp-content/plugins/formcraft/file-upload/server/content/files/162113b2668466---razomejogazenuxizori.pdf",
        "https",
        "https",
        "http://seoulgreeter.com/userData/board/file/24719595189.pdf",
        "http://gennarimaq.com.br/wp-content/plugins/formcraft/file-upload/server/content/files/162279c0141a4f---76364970215.pdf",
        "http://www.w3.org/1999/02/22-rdf-syntax-ns#",
        "http://purl.org/dc/elements/1.1/",
        "http://ns.adobe.com/pdf/1.3/",
        "http://ns.adobe.com/xap/1.0/",
        "http://ns.adobe.com/xap/1.0/mm/",
        "http://ns.adobe.com/xap/1.0/rights/"
    ],
    "scripts": {
        "iframe": [],
        "urls": []
    },
    "static_properties": {
        "JBIG2Decode": "0",
        "XML_forms": "0",
        "acro_form": "0",
        "auto_action": "0",
        "colors": "0",
        "cross_reference_table": "2",
        "embedded_files": "0",
        "file_size": "311",
        "java_script": "0",
        "js": "0",
        "launch_action": "0",
        "object_end": "95",
        "object_start": "95",
        "object_streams": "0",
        "open_action": "0",
        "page_count": "5",
        "rich_media": "0",
        "start_cross_reference_table": "2",
        "stream_end": "18",
        "stream_start": "18",
        "trailer_dictionary": "2"
    },
    "yara_signatures": [
        "possible_includes_base64_packed_functions",
        "without_attachments",
        "without_images",
        "with_urls",
        "invalid_trailer_structure",
        "multiple_versions",
        "contentis_base64"
    ]
}