{
    "exif_signatures": {},
    "file_size": 50133,
    "pdfid_signatures": {},
    "pypdf_uris": [
        "https://netcdn.tw/app/431946152/how-to-get-free-minigun-in-roblox-human-vs-zombies-game-hack",
        "https://netcdn.tw/app/431946152/how-to-get-free-minigun-in-roblox-human-vs-zombies-game-hack",
        "https://www.wearmyspex.com/uploaded_files/userfiles/files/collect-free-spin-linms-coin-master_GM406889139.pdf",
        "https://www.wearmyspex.com/uploaded_files/userfiles/files/coin-master-hack-software-download_GM406889139.pdf",
        "https://www.wearmyspex.com/uploaded_files/userfiles/files/coin-master-hack-ios_GM406889139.pdf",
        "https://www.wearmyspex.com/uploaded_files/userfiles/files/how-to-get-free-shirts-on-roblox_GM431946152.pdf",
        "https://www.wearmyspex.com/uploaded_files/userfiles/files/coin-master-daily-free-spins_GM406889139.pdf",
        "https://www.wearmyspex.com/uploaded_files/userfiles/files/how-to-get-free-robux-no-human-verification_GM431946152.pdf",
        "https://www.wearmyspex.com/uploaded_files/userfiles/files/free-robux-no-scam_GM431946152.pdf",
        "https://www.wearmyspex.com/uploaded_files/userfiles/files/coin-master-rewards-free-spins_GM406889139.pdf",
        "https://www.wearmyspex.com/uploaded_files/userfiles/files/cm-daily-spins_GM406889139.pdf",
        "https://www.wearmyspex.com/uploaded_files/userfiles/files/coin-master-free-online-game_GM406889139.pdf",
        "https://www.wearmyspex.com/uploaded_files/userfiles/files/free-robux-no-human-verification-or-survey-or-download-2021_GM431946152.pdf",
        "https://www.wearmyspex.com/uploaded_files/userfiles/files/robux-game_GM431946152.pdf",
        "https://www.wearmyspex.com/uploaded_files/userfiles/files/is-there-a-way-to-get-minecraft-for-free_GM479516143.pdf",
        "https://www.wearmyspex.com/uploaded_files/userfiles/files/how-to-become-admin-on-roblox-for-free_GM431946152.pdf",
        "https://www.wearmyspex.com/uploaded_files/userfiles/files/pokemon-go-free-100-iv-map_GM1094591345.pdf",
        "https://www.wearmyspex.com/uploaded_files/userfiles/files/haktuts-2021-coin-master-free-spin-link_GM406889139.pdf",
        "https://www.wearmyspex.com/uploaded_files/userfiles/files/hack-roblox-robux-free-pastebin-com-https-pastebin-com-qqcutpsq_GM431946152.pdf",
        "https://www.wearmyspex.com/uploaded_files/userfiles/files/coin-master-hack-without-verification-or-downloading-apps_GM406889139.pdf",
        "https://www.wearmyspex.com/uploaded_files/userfiles/files/free-coins-coin-master-2021_GM406889139.pdf",
        "https://www.wearmyspex.com/uploaded_files/userfiles/files/how-to-get-free-spins-coin-master_GM406889139.pdf"
    ],
    "regex_uris": [
        "https://netcdn.tw/app/431946152/how-to-get-free-minigun-in-roblox-human-vs-zombies-game-hack",
        "https://netcdn.tw/app/431946152/how-to-get-free-minigun-in-roblox-human-vs-zombies-game-hack",
        "https://www.wearmyspex.com/uploaded_files/userfiles/files/collect-free-spin-linms-coin-master_GM406889139.pdf",
        "https://www.wearmyspex.com/uploaded_files/userfiles/files/coin-master-hack-software-download_GM406889139.pdf",
        "https://www.wearmyspex.com/uploaded_files/userfiles/files/coin-master-hack-ios_GM406889139.pdf",
        "https://www.wearmyspex.com/uploaded_files/userfiles/files/how-to-get-free-shirts-on-roblox_GM431946152.pdf",
        "https://www.wearmyspex.com/uploaded_files/userfiles/files/coin-master-daily-free-spins_GM406889139.pdf",
        "https://www.wearmyspex.com/uploaded_files/userfiles/files/how-to-get-free-robux-no-human-verification_GM431946152.pdf",
        "https://www.wearmyspex.com/uploaded_files/userfiles/files/free-robux-no-scam_GM431946152.pdf",
        "https://www.wearmyspex.com/uploaded_files/userfiles/files/coin-master-rewards-free-spins_GM406889139.pdf",
        "https://www.wearmyspex.com/uploaded_files/userfiles/files/cm-daily-spins_GM406889139.pdf",
        "https://www.wearmyspex.com/uploaded_files/userfiles/files/coin-master-free-online-game_GM406889139.pdf",
        "https://www.wearmyspex.com/uploaded_files/userfiles/files/free-robux-no-human-verification-or-survey-or-download-2021_GM431946152.pdf",
        "https://www.wearmyspex.com/uploaded_files/userfiles/files/robux-game_GM431946152.pdf",
        "https://www.wearmyspex.com/uploaded_files/userfiles/files/is-there-a-way-to-get-minecraft-for-free_GM479516143.pdf",
        "https://www.wearmyspex.com/uploaded_files/userfiles/files/how-to-become-admin-on-roblox-for-free_GM431946152.pdf",
        "https://www.wearmyspex.com/uploaded_files/userfiles/files/pokemon-go-free-100-iv-map_GM1094591345.pdf",
        "https://www.wearmyspex.com/uploaded_files/userfiles/files/haktuts-2021-coin-master-free-spin-link_GM406889139.pdf",
        "https://www.wearmyspex.com/uploaded_files/userfiles/files/hack-roblox-robux-free-pastebin-com-https-pastebin-com-qqcutpsq_GM431946152.pdf",
        "https://www.wearmyspex.com/uploaded_files/userfiles/files/coin-master-hack-without-verification-or-downloading-apps_GM406889139.pdf",
        "https://www.wearmyspex.com/uploaded_files/userfiles/files/free-coins-coin-master-2021_GM406889139.pdf",
        "https://www.wearmyspex.com/uploaded_files/userfiles/files/how-to-get-free-spins-coin-master_GM406889139.pdf"
    ],
    "regex_urls": [
        "https",
        "https",
        "https",
        "www.wearmyspex.com/uploaded_files/userfiles/files/collect-free-spin-linms-coin-master_GM406889139.pdf",
        "https",
        "www.wearmyspex.com/uploaded_files/userfiles/files/coin-master-hack-software-download_GM406889139.pdf",
        "https",
        "www.wearmyspex.com/uploaded_files/userfiles/files/coin-master-hack-ios_GM406889139.pdf",
        "https",
        "www.wearmyspex.com/uploaded_files/userfiles/files/how-to-get-free-shirts-on-roblox_GM431946152.pdf",
        "https",
        "www.wearmyspex.com/uploaded_files/userfiles/files/coin-master-daily-free-spins_GM406889139.pdf",
        "https",
        "www.wearmyspex.com/uploaded_files/userfiles/files/how-to-get-free-robux-no-human-verification_GM431946152.pdf",
        "https",
        "www.wearmyspex.com/uploaded_files/userfiles/files/free-robux-no-scam_GM431946152.pdf",
        "https",
        "www.wearmyspex.com/uploaded_files/userfiles/files/coin-master-rewards-free-spins_GM406889139.pdf",
        "https",
        "www.wearmyspex.com/uploaded_files/userfiles/files/cm-daily-spins_GM406889139.pdf",
        "https",
        "www.wearmyspex.com/uploaded_files/userfiles/files/coin-master-free-online-game_GM406889139.pdf",
        "https",
        "www.wearmyspex.com/uploaded_files/userfiles/files/free-robux-no-human-verification-or-survey-or-download-2021_GM431946152.pdf",
        "https",
        "www.wearmyspex.com/uploaded_files/userfiles/files/robux-game_GM431946152.pdf",
        "https",
        "www.wearmyspex.com/uploaded_files/userfiles/files/is-there-a-way-to-get-minecraft-for-free_GM479516143.pdf",
        "https",
        "www.wearmyspex.com/uploaded_files/userfiles/files/how-to-become-admin-on-roblox-for-free_GM431946152.pdf",
        "https",
        "www.wearmyspex.com/uploaded_files/userfiles/files/pokemon-go-free-100-iv-map_GM1094591345.pdf",
        "https",
        "www.wearmyspex.com/uploaded_files/userfiles/files/haktuts-2021-coin-master-free-spin-link_GM406889139.pdf",
        "https",
        "www.wearmyspex.com/uploaded_files/userfiles/files/hack-roblox-robux-free-pastebin-com-https-pastebin-com-qqcutpsq_GM431946152.pdf",
        "https",
        "www.wearmyspex.com/uploaded_files/userfiles/files/coin-master-hack-without-verification-or-downloading-apps_GM406889139.pdf",
        "https",
        "www.wearmyspex.com/uploaded_files/userfiles/files/free-coins-coin-master-2021_GM406889139.pdf",
        "https",
        "www.wearmyspex.com/uploaded_files/userfiles/files/how-to-get-free-spins-coin-master_GM406889139.pdf"
    ],
    "scripts": {
        "iframe": [],
        "urls": []
    },
    "static_properties": {
        "JBIG2Decode": "0",
        "XML_forms": "0",
        "acro_form": "0",
        "auto_action": "0",
        "colors": "0",
        "cross_reference_table": "1",
        "embedded_files": "0",
        "file_size": "50",
        "java_script": "0",
        "js": "0",
        "launch_action": "0",
        "object_end": "65",
        "object_start": "65",
        "object_streams": "0",
        "open_action": "0",
        "page_count": "4",
        "rich_media": "0",
        "start_cross_reference_table": "1",
        "stream_end": "8",
        "stream_start": "8",
        "trailer_dictionary": "1"
    },
    "yara_signatures": [
        "without_attachments",
        "without_images",
        "with_urls",
        "invalid_trailer_structure",
        "contentis_base64"
    ]
}