{
    "exif_signatures": {},
    "file_size": 48460,
    "pdfid_signatures": {},
    "pypdf_uris": [
        "https://netcdn.tw/app/431946152/free-robux-real-generator-game-hack",
        "https://netcdn.tw/app/431946152/free-robux-real-generator-game-hack",
        "https://elibrary.ikhac.ac.id/repository/coin-master-hack-to-get-free-spins_GM406889139.pdf",
        "https://elibrary.ikhac.ac.id/repository/rbxfree-com-free-robux_GM431946152.pdf",
        "https://elibrary.ikhac.ac.id/repository/free-links-to-coin-master_GM406889139.pdf",
        "https://elibrary.ikhac.ac.id/repository/rbl-gg-free-robux_GM431946152.pdf",
        "https://elibrary.ikhac.ac.id/repository/gladiator-now-we-are-free-roblox-song-id_GM431946152.pdf",
        "https://elibrary.ikhac.ac.id/repository/coin-master-mod_GM406889139.pdf",
        "https://elibrary.ikhac.ac.id/repository/robux-matchcomfree-robux_GM431946152.pdf",
        "https://elibrary.ikhac.ac.id/repository/buy-robux-free_GM431946152.pdf",
        "https://elibrary.ikhac.ac.id/repository/roblox-apk-hack_GM431946152.pdf",
        "https://elibrary.ikhac.ac.id/repository/free-roblox-items-codes_GM431946152.pdf",
        "https://elibrary.ikhac.ac.id/repository/roblox-games-with-free-boombox_GM431946152.pdf",
        "https://elibrary.ikhac.ac.id/repository/is-roblox-account-hacked_GM431946152.pdf",
        "https://elibrary.ikhac.ac.id/repository/can-lucky-patcher-hack-coin-master_GM406889139.pdf",
        "https://elibrary.ikhac.ac.id/repository/free-robux-card-codes_GM431946152.pdf",
        "https://elibrary.ikhac.ac.id/repository/tiktok-free-fans_GM835599320.pdf",
        "https://elibrary.ikhac.ac.id/repository/roblox-free-robux-no-verification_GM431946152.pdf",
        "https://elibrary.ikhac.ac.id/repository/how-do-you-get-roebucks_GM431946152.pdf",
        "https://elibrary.ikhac.ac.id/repository/coin-master-hack-tool-pc-download_GM406889139.pdf",
        "https://elibrary.ikhac.ac.id/repository/coin-master-heaven-links_GM406889139.pdf",
        "https://elibrary.ikhac.ac.id/repository/free-robux-no-human-verification-or-survey-2021_GM431946152.pdf"
    ],
    "regex_uris": [
        "https://netcdn.tw/app/431946152/free-robux-real-generator-game-hack",
        "https://netcdn.tw/app/431946152/free-robux-real-generator-game-hack",
        "https://elibrary.ikhac.ac.id/repository/coin-master-hack-to-get-free-spins_GM406889139.pdf",
        "https://elibrary.ikhac.ac.id/repository/rbxfree-com-free-robux_GM431946152.pdf",
        "https://elibrary.ikhac.ac.id/repository/free-links-to-coin-master_GM406889139.pdf",
        "https://elibrary.ikhac.ac.id/repository/rbl-gg-free-robux_GM431946152.pdf",
        "https://elibrary.ikhac.ac.id/repository/gladiator-now-we-are-free-roblox-song-id_GM431946152.pdf",
        "https://elibrary.ikhac.ac.id/repository/coin-master-mod_GM406889139.pdf",
        "https://elibrary.ikhac.ac.id/repository/robux-matchcomfree-robux_GM431946152.pdf",
        "https://elibrary.ikhac.ac.id/repository/buy-robux-free_GM431946152.pdf",
        "https://elibrary.ikhac.ac.id/repository/roblox-apk-hack_GM431946152.pdf",
        "https://elibrary.ikhac.ac.id/repository/free-roblox-items-codes_GM431946152.pdf",
        "https://elibrary.ikhac.ac.id/repository/roblox-games-with-free-boombox_GM431946152.pdf",
        "https://elibrary.ikhac.ac.id/repository/is-roblox-account-hacked_GM431946152.pdf",
        "https://elibrary.ikhac.ac.id/repository/can-lucky-patcher-hack-coin-master_GM406889139.pdf",
        "https://elibrary.ikhac.ac.id/repository/free-robux-card-codes_GM431946152.pdf",
        "https://elibrary.ikhac.ac.id/repository/tiktok-free-fans_GM835599320.pdf",
        "https://elibrary.ikhac.ac.id/repository/roblox-free-robux-no-verification_GM431946152.pdf",
        "https://elibrary.ikhac.ac.id/repository/how-do-you-get-roebucks_GM431946152.pdf",
        "https://elibrary.ikhac.ac.id/repository/coin-master-hack-tool-pc-download_GM406889139.pdf",
        "https://elibrary.ikhac.ac.id/repository/coin-master-heaven-links_GM406889139.pdf",
        "https://elibrary.ikhac.ac.id/repository/free-robux-no-human-verification-or-survey-2021_GM431946152.pdf"
    ],
    "regex_urls": [
        "https",
        "https",
        "https",
        "https",
        "https",
        "https",
        "https",
        "https",
        "https",
        "https",
        "https",
        "https",
        "https",
        "https",
        "https",
        "https",
        "https",
        "https",
        "https",
        "https",
        "https",
        "https"
    ],
    "scripts": {
        "iframe": [],
        "urls": []
    },
    "static_properties": {
        "JBIG2Decode": "0",
        "XML_forms": "0",
        "acro_form": "0",
        "auto_action": "0",
        "colors": "0",
        "cross_reference_table": "1",
        "embedded_files": "0",
        "file_size": "48",
        "java_script": "0",
        "js": "0",
        "launch_action": "0",
        "object_end": "65",
        "object_start": "65",
        "object_streams": "0",
        "open_action": "0",
        "page_count": "4",
        "rich_media": "0",
        "start_cross_reference_table": "1",
        "stream_end": "8",
        "stream_start": "8",
        "trailer_dictionary": "1"
    },
    "yara_signatures": [
        "without_attachments",
        "without_images",
        "with_urls",
        "invalid_trailer_structure",
        "contentis_base64"
    ]
}