{
    "exif_signatures": {},
    "file_size": 61981,
    "pdfid_signatures": {},
    "pypdf_uris": [
        "http://yftejum.com/wb3?utm_term=laminated%20recurve%20bow%20plans%20pdf%20templates",
        "http://dalycity.com/wysiwygfiles/file/vunivatofi.pdf",
        "http://www.binghan.my/userfiles/file/91847855389.pdf",
        "https://bearings.vn/images/ckeditor/files/jofulutow.pdf",
        "http://kristiankutschera.de/userfiles/file/86513305167.pdf",
        "https://pesenafixap.weebly.com/uploads/1/3/4/4/134483140/5b166db00e3f.pdf",
        "https://genifefesabido.weebly.com/uploads/1/3/3/9/133999330/polozogezurop-dumitusa-lazifagudagen-dotosagizona.pdf",
        "https://egyediajandekotletek.hu/mvc/userfiles/file/zuzibegebogudiwowe.pdf",
        "http://taikenplan.jp/ckfinder/userfiles/files/7731363502.pdf",
        "https://pekatube.weebly.com/uploads/1/3/5/3/135393066/8194964.pdf",
        "http://straha.net/pics/page/files/62332248260.pdf",
        "https://grandiosieventinuziali.it/filesUploads/file/56406963484.pdf",
        "https://xn--90ah6akb9e.xn--p1ai/f/file/vuvutobiw.pdf",
        "https://kikazomefatuda.weebly.com/uploads/1/4/2/3/142303785/f0ddba3b685.pdf",
        "https://gelokiranik.weebly.com/uploads/1/3/4/3/134330064/68800b73.pdf",
        "http://anke.de/data/anke.de/uploadfiles/file/tudotajudowula.pdf",
        "https://silukirajewulo.weebly.com/uploads/1/3/2/6/132695932/4970459.pdf",
        "https://xopusinad.weebly.com/uploads/1/3/1/4/131406491/588934f07c7e57.pdf",
        "http://onlinecommerce.bg/uploads/pages/files/bodir.pdf"
    ],
    "regex_uris": [
        "http://yftejum.com/wb3?utm_term=laminated%20recurve%20bow%20plans%20pdf%20templates",
        "http://dalycity.com/wysiwygfiles/file/vunivatofi.pdf",
        "http://www.binghan.my/userfiles/file/91847855389.pdf",
        "https://bearings.vn/images/ckeditor/files/jofulutow.pdf",
        "http://kristiankutschera.de/userfiles/file/86513305167.pdf",
        "https://pesenafixap.weebly.com/uploads/1/3/4/4/134483140/5b166db00e3f.pdf",
        "https://genifefesabido.weebly.com/uploads/1/3/3/9/133999330/polozogezurop-dumitusa-lazifagudagen-dotosagizona.pdf",
        "https://egyediajandekotletek.hu/mvc/userfiles/file/zuzibegebogudiwowe.pdf",
        "http://taikenplan.jp/ckfinder/userfiles/files/7731363502.pdf",
        "https://pekatube.weebly.com/uploads/1/3/5/3/135393066/8194964.pdf",
        "http://straha.net/pics/page/files/62332248260.pdf",
        "https://grandiosieventinuziali.it/filesUploads/file/56406963484.pdf",
        "https://xn--90ah6akb9e.xn--p1ai/f/file/vuvutobiw.pdf",
        "https://kikazomefatuda.weebly.com/uploads/1/4/2/3/142303785/f0ddba3b685.pdf",
        "https://gelokiranik.weebly.com/uploads/1/3/4/3/134330064/68800b73.pdf",
        "http://anke.de/data/anke.de/uploadfiles/file/tudotajudowula.pdf",
        "https://silukirajewulo.weebly.com/uploads/1/3/2/6/132695932/4970459.pdf",
        "https://xopusinad.weebly.com/uploads/1/3/1/4/131406491/588934f07c7e57.pdf",
        "http://onlinecommerce.bg/uploads/pages/files/bodir.pdf"
    ],
    "regex_urls": [
        "http://yftejum.com/wb3?utm_term=laminated%20recurve%20bow%20plans%20pdf%20templates",
        "http://dalycity.com/wysiwygfiles/file/vunivatofi.pdf",
        "http://www.binghan.my/userfiles/file/91847855389.pdf",
        "https",
        "http://kristiankutschera.de/userfiles/file/86513305167.pdf",
        "https",
        "https",
        "https",
        "http://taikenplan.jp/ckfinder/userfiles/files/7731363502.pdf",
        "https",
        "http://straha.net/pics/page/files/62332248260.pdf",
        "https",
        "https",
        "https",
        "https",
        "http://anke.de/data/anke.de/uploadfiles/file/tudotajudowula.pdf",
        "https",
        "https",
        "http://onlinecommerce.bg/uploads/pages/files/bodir.pdf",
        "http://www.w3.org/1999/02/22-rdf-syntax-ns#",
        "http://purl.org/dc/elements/1.1/",
        "http://ns.adobe.com/pdf/1.3/",
        "http://ns.adobe.com/xap/1.0/",
        "http://ns.adobe.com/xap/1.0/mm/",
        "http://ns.adobe.com/xap/1.0/rights/"
    ],
    "scripts": {
        "iframe": [],
        "urls": []
    },
    "static_properties": {
        "JBIG2Decode": "0",
        "XML_forms": "0",
        "acro_form": "0",
        "auto_action": "0",
        "colors": "0",
        "cross_reference_table": "2",
        "embedded_files": "0",
        "file_size": "62",
        "java_script": "0",
        "js": "0",
        "launch_action": "0",
        "object_end": "53",
        "object_start": "53",
        "object_streams": "0",
        "open_action": "0",
        "page_count": "2",
        "rich_media": "0",
        "start_cross_reference_table": "2",
        "stream_end": "10",
        "stream_start": "10",
        "trailer_dictionary": "2"
    },
    "yara_signatures": [
        "without_attachments",
        "without_images",
        "with_urls",
        "invalid_trailer_structure",
        "multiple_versions",
        "contentis_base64"
    ]
}