{
    "exif_signatures": {},
    "file_size": 347583,
    "pdfid_signatures": {},
    "pypdf_uris": [
        "https://loheb.co.za/XSRYdR1H?utm_term=38+chevy+parts",
        "http://unii-dz.org/app/webroot/js/kcfinder/upload/files/vigurufitonorezev.pdf",
        "http://kartywspomnien.pl/uploads/assets/file/840534698.pdf",
        "https://nulixedupalaz.weebly.com/uploads/1/3/0/7/130739510/pepekodag-diziv-xovuxo-sejosumawarix.pdf",
        "https://etravelbox.com/scgtest/team-explore/uploads/files/mugikakibinivixuwoxiwe.pdf",
        "http://copy-office.it/userfiles/file/83383837447.pdf",
        "https://unityofmyanmar.org/images/files/24695599526.pdf",
        "https://wazawuxara.weebly.com/uploads/1/3/4/7/134762715/5291237.pdf",
        "http://wayoflife.hu/userfiles/file/kibebutivonepafit.pdf",
        "https://febufovita.weebly.com/uploads/1/3/4/3/134324671/8961580.pdf",
        "https://jejaparax.weebly.com/uploads/1/3/5/3/135332208/d8633d4e.pdf",
        "https://dirasikazeta.weebly.com/uploads/1/3/1/3/131379856/sazugotodidadigi.pdf",
        "http://iabmbikaner.org/public/ckeditor/kcfinder/upload/files/mipepajawupen.pdf",
        "http://9y.bfage.com/upload/files/20220328153356.pdf",
        "https://tabureribe.weebly.com/uploads/1/3/0/8/130813037/kusuzeralazuj.pdf",
        "http://mobydick-band.de/fckdata/file/jodategirusevotogovadap.pdf",
        "https://telutifezidawu.weebly.com/uploads/1/3/4/6/134624569/9e86ffd4932.pdf",
        "https://hoovermaids.com/wp-content/plugins/super-forms/uploads/php/files/f00c1e70c92cd26da9abdd87335c33d5/77360718734.pdf",
        "https://xojozojejaxito.weebly.com/uploads/1/3/4/8/134866115/ccbf420.pdf",
        "https://dugufenejoropez.weebly.com/uploads/1/3/0/7/130775504/wivovunevuga.pdf",
        "https://ladetizor.weebly.com/uploads/1/3/4/7/134731735/fimakigezu.pdf",
        "https://walisisatar.weebly.com/uploads/1/3/4/5/134576301/jujemefafogu.pdf",
        "http://355353.ru/userfiles/file/ravamatimuvopurevik.pdf",
        "https://gurivarux.weebly.com/uploads/1/3/4/3/134309953/tutuwizovagikez.pdf",
        "https://kaminuzud.weebly.com/uploads/1/3/4/7/134705180/pakibuzik.pdf",
        "https://kekuxepepave.weebly.com/uploads/1/3/0/7/130739312/mijadizugazaz_ragulikobunut_burum_dokowabono.pdf",
        "https://labnewsasia.com/upload/files/83660671007.pdf",
        "https://dojeviwenos.weebly.com/uploads/1/3/4/4/134491393/vudotitixum-vusikalemese.pdf",
        "https://falototadapi.weebly.com/uploads/1/3/3/9/133989324/fosuv-rotidifefadu-rurononavetile.pdf",
        "https://bafuvigugasud.weebly.com/uploads/1/3/5/3/135308410/xadubuzugugima-muxudovipubu.pdf",
        "https://depumubawaminuk.weebly.com/uploads/1/3/4/2/134236244/vetuvexaxerezumoxi.pdf",
        "https://www.energetisch-therapeut-estie.nl/wp-content/plugins/formcraft/file-upload/server/content/files/16202049015b3e---bajinufadugopigesefa.pdf",
        "https://xefimobabizigur.weebly.com/uploads/1/3/1/6/131637686/3267219.pdf",
        "https://jugoruzaja.weebly.com/uploads/1/3/1/4/131407370/tolelu.pdf",
        "http://yaolankungfu.com/kcfinder/upload/files/14121254581.pdf",
        "http://suachuamaydemtien.biz/userfiles/file/lukanupabunomunepugit.pdf",
        "https://megivewoza.weebly.com/uploads/1/3/4/8/134859273/fomubejepijusajex.pdf",
        "https://japosazononugad.weebly.com/uploads/1/3/4/5/134583509/niveta-xagusizora-sexob.pdf",
        "https://fototinuvanumef.weebly.com/uploads/1/3/1/4/131406749/tudabujife-vikolusopigogib-parifoku.pdf"
    ],
    "regex_uris": [
        "https://loheb.co.za/XSRYdR1H?utm_term=38+chevy+parts",
        "http://unii-dz.org/app/webroot/js/kcfinder/upload/files/vigurufitonorezev.pdf",
        "http://kartywspomnien.pl/uploads/assets/file/840534698.pdf",
        "https://nulixedupalaz.weebly.com/uploads/1/3/0/7/130739510/pepekodag-diziv-xovuxo-sejosumawarix.pdf",
        "https://etravelbox.com/scgtest/team-explore/uploads/files/mugikakibinivixuwoxiwe.pdf",
        "http://copy-office.it/userfiles/file/83383837447.pdf",
        "https://unityofmyanmar.org/images/files/24695599526.pdf",
        "https://wazawuxara.weebly.com/uploads/1/3/4/7/134762715/5291237.pdf",
        "http://wayoflife.hu/userfiles/file/kibebutivonepafit.pdf",
        "https://febufovita.weebly.com/uploads/1/3/4/3/134324671/8961580.pdf",
        "https://jejaparax.weebly.com/uploads/1/3/5/3/135332208/d8633d4e.pdf",
        "https://dirasikazeta.weebly.com/uploads/1/3/1/3/131379856/sazugotodidadigi.pdf",
        "http://iabmbikaner.org/public/ckeditor/kcfinder/upload/files/mipepajawupen.pdf",
        "http://9y.bfage.com/upload/files/20220328153356.pdf",
        "https://tabureribe.weebly.com/uploads/1/3/0/8/130813037/kusuzeralazuj.pdf",
        "http://mobydick-band.de/fckdata/file/jodategirusevotogovadap.pdf",
        "https://telutifezidawu.weebly.com/uploads/1/3/4/6/134624569/9e86ffd4932.pdf",
        "https://hoovermaids.com/wp-content/plugins/super-forms/uploads/php/files/f00c1e70c92cd26da9abdd87335c33d5/77360718734.pdf",
        "https://xojozojejaxito.weebly.com/uploads/1/3/4/8/134866115/ccbf420.pdf",
        "https://dugufenejoropez.weebly.com/uploads/1/3/0/7/130775504/wivovunevuga.pdf",
        "https://ladetizor.weebly.com/uploads/1/3/4/7/134731735/fimakigezu.pdf",
        "https://walisisatar.weebly.com/uploads/1/3/4/5/134576301/jujemefafogu.pdf",
        "http://355353.ru/userfiles/file/ravamatimuvopurevik.pdf",
        "https://gurivarux.weebly.com/uploads/1/3/4/3/134309953/tutuwizovagikez.pdf",
        "https://kaminuzud.weebly.com/uploads/1/3/4/7/134705180/pakibuzik.pdf",
        "https://kekuxepepave.weebly.com/uploads/1/3/0/7/130739312/mijadizugazaz_ragulikobunut_burum_dokowabono.pdf",
        "https://labnewsasia.com/upload/files/83660671007.pdf",
        "https://dojeviwenos.weebly.com/uploads/1/3/4/4/134491393/vudotitixum-vusikalemese.pdf",
        "https://falototadapi.weebly.com/uploads/1/3/3/9/133989324/fosuv-rotidifefadu-rurononavetile.pdf",
        "https://bafuvigugasud.weebly.com/uploads/1/3/5/3/135308410/xadubuzugugima-muxudovipubu.pdf",
        "https://depumubawaminuk.weebly.com/uploads/1/3/4/2/134236244/vetuvexaxerezumoxi.pdf",
        "https://www.energetisch-therapeut-estie.nl/wp-content/plugins/formcraft/file-upload/server/content/files/16202049015b3e---bajinufadugopigesefa.pdf",
        "https://xefimobabizigur.weebly.com/uploads/1/3/1/6/131637686/3267219.pdf",
        "https://jugoruzaja.weebly.com/uploads/1/3/1/4/131407370/tolelu.pdf",
        "http://yaolankungfu.com/kcfinder/upload/files/14121254581.pdf",
        "http://suachuamaydemtien.biz/userfiles/file/lukanupabunomunepugit.pdf",
        "https://megivewoza.weebly.com/uploads/1/3/4/8/134859273/fomubejepijusajex.pdf",
        "https://japosazononugad.weebly.com/uploads/1/3/4/5/134583509/niveta-xagusizora-sexob.pdf",
        "https://fototinuvanumef.weebly.com/uploads/1/3/1/4/131406749/tudabujife-vikolusopigogib-parifoku.pdf"
    ],
    "regex_urls": [
        "https",
        "http://unii-dz.org/app/webroot/js/kcfinder/upload/files/vigurufitonorezev.pdf",
        "http://kartywspomnien.pl/uploads/assets/file/840534698.pdf",
        "https",
        "https",
        "http://copy-office.it/userfiles/file/83383837447.pdf",
        "https",
        "https",
        "http://wayoflife.hu/userfiles/file/kibebutivonepafit.pdf",
        "https",
        "https",
        "https",
        "http://iabmbikaner.org/public/ckeditor/kcfinder/upload/files/mipepajawupen.pdf",
        "http://9y.bfage.com/upload/files/20220328153356.pdf",
        "https",
        "http://mobydick-band.de/fckdata/file/jodategirusevotogovadap.pdf",
        "https",
        "https",
        "https",
        "https",
        "https",
        "https",
        "http://355353.ru/userfiles/file/ravamatimuvopurevik.pdf",
        "https",
        "https",
        "https",
        "https",
        "https",
        "https",
        "https",
        "https",
        "https",
        "www.energetisch-therapeut-estie.nl/wp-content/plugins/formcraft/file-upload/server/content/files/16202049015b3e---bajinufadugopigesefa.pdf",
        "https",
        "https",
        "http://yaolankungfu.com/kcfinder/upload/files/14121254581.pdf",
        "http://suachuamaydemtien.biz/userfiles/file/lukanupabunomunepugit.pdf",
        "https",
        "https",
        "https",
        "http://www.w3.org/1999/02/22-rdf-syntax-ns#",
        "http://purl.org/dc/elements/1.1/",
        "http://ns.adobe.com/pdf/1.3/",
        "http://ns.adobe.com/xap/1.0/",
        "http://ns.adobe.com/xap/1.0/mm/",
        "http://ns.adobe.com/xap/1.0/rights/"
    ],
    "scripts": {
        "iframe": [],
        "urls": []
    },
    "static_properties": {
        "JBIG2Decode": "0",
        "XML_forms": "0",
        "acro_form": "0",
        "auto_action": "0",
        "colors": "0",
        "cross_reference_table": "2",
        "embedded_files": "0",
        "file_size": "348",
        "java_script": "0",
        "js": "0",
        "launch_action": "0",
        "object_end": "100",
        "object_start": "100",
        "object_streams": "0",
        "open_action": "0",
        "page_count": "4",
        "rich_media": "0",
        "start_cross_reference_table": "2",
        "stream_end": "20",
        "stream_start": "20",
        "trailer_dictionary": "2"
    },
    "yara_signatures": [
        "without_attachments",
        "without_images",
        "with_urls",
        "invalid_trailer_structure",
        "multiple_versions",
        "contentis_base64",
        "Big_Numbers1"
    ]
}