{
    "exif_signatures": {},
    "file_size": 36726,
    "pdfid_signatures": {},
    "pypdf_uris": [
        "http://netcdn.tw/app/406889139/haktuts-coin-master-free-spin-link-game-hack",
        "http://netcdn.tw/app/406889139/haktuts-coin-master-free-spin-link-game-hack",
        "http://lib.stiesultanagung.ac.id/repository/how-to-look-like-a-roblox-hacker_GM431946152.pdf",
        "http://lib.stiesultanagung.ac.id/repository/aesthetic-free-t-shirt-roblox_GM431946152.pdf",
        "http://lib.stiesultanagung.ac.id//repository/coin-master-facebook_GM406889139.pdf",
        "http://lib.stiesultanagung.ac.id/repository/mobihack-robux-hack_GM431946152.pdf",
        "http://lib.stiesultanagung.ac.id//repository/minecraft-net-free_GM479516143.pdf",
        "http://lib.stiesultanagung.ac.id/repository/how-to-enter-fake-details-to-get-free-robux_GM431946152.pdf",
        "http://lib.stiesultanagung.ac.id/repository/coin-master-game-free_GM406889139.pdf",
        "http://lib.stiesultanagung.ac.id/repository/coin-master-link-spin_GM406889139.pdf",
        "http://lib.stiesultanagung.ac.id/repository/roblox-account-taker_GM431946152.pdf",
        "http://lib.stiesultanagung.ac.id/repository/roblox-money-hack-free-download_GM431946152.pdf",
        "http://lib.stiesultanagung.ac.id/repository/get-free-robux-here000webhostapp_GM431946152.pdf",
        "http://lib.stiesultanagung.ac.id/repository/coin-master-free-spins-coins_GM406889139.pdf",
        "http://lib.stiesultanagung.ac.id/repository/how-to-report-cheats-on-roblox_GM431946152.pdf",
        "http://lib.stiesultanagung.ac.id//repository/minecraft-bedrock-server-hosting-free_GM479516143.pdf",
        "http://lib.stiesultanagung.ac.id/repository/coin-master-app_GM406889139.pdf",
        "http://lib.stiesultanagung.ac.id/repository/roblox-free-tycoon_GM431946152.pdf",
        "http://lib.stiesultanagung.ac.id/repository/queen-i-want-to-break-free-roblox-di_GM431946152.pdf",
        "http://lib.stiesultanagung.ac.id/repository/roblox-pastebin-hack-give-gun_GM431946152.pdf",
        "http://lib.stiesultanagung.ac.id/repository/robux-hack-no-download-games_GM431946152.pdf",
        "http://lib.stiesultanagung.ac.id/repository/roblox-engine-hack_GM431946152.pdf"
    ],
    "regex_uris": [
        "http://netcdn.tw/app/406889139/haktuts-coin-master-free-spin-link-game-hack",
        "http://netcdn.tw/app/406889139/haktuts-coin-master-free-spin-link-game-hack",
        "http://lib.stiesultanagung.ac.id/repository/how-to-look-like-a-roblox-hacker_GM431946152.pdf",
        "http://lib.stiesultanagung.ac.id/repository/aesthetic-free-t-shirt-roblox_GM431946152.pdf",
        "http://lib.stiesultanagung.ac.id//repository/coin-master-facebook_GM406889139.pdf",
        "http://lib.stiesultanagung.ac.id/repository/mobihack-robux-hack_GM431946152.pdf",
        "http://lib.stiesultanagung.ac.id//repository/minecraft-net-free_GM479516143.pdf",
        "http://lib.stiesultanagung.ac.id/repository/how-to-enter-fake-details-to-get-free-robux_GM431946152.pdf",
        "http://lib.stiesultanagung.ac.id/repository/coin-master-game-free_GM406889139.pdf",
        "http://lib.stiesultanagung.ac.id/repository/coin-master-link-spin_GM406889139.pdf",
        "http://lib.stiesultanagung.ac.id/repository/roblox-account-taker_GM431946152.pdf",
        "http://lib.stiesultanagung.ac.id/repository/roblox-money-hack-free-download_GM431946152.pdf",
        "http://lib.stiesultanagung.ac.id/repository/get-free-robux-here000webhostapp_GM431946152.pdf",
        "http://lib.stiesultanagung.ac.id/repository/coin-master-free-spins-coins_GM406889139.pdf",
        "http://lib.stiesultanagung.ac.id/repository/how-to-report-cheats-on-roblox_GM431946152.pdf",
        "http://lib.stiesultanagung.ac.id//repository/minecraft-bedrock-server-hosting-free_GM479516143.pdf",
        "http://lib.stiesultanagung.ac.id/repository/coin-master-app_GM406889139.pdf",
        "http://lib.stiesultanagung.ac.id/repository/roblox-free-tycoon_GM431946152.pdf",
        "http://lib.stiesultanagung.ac.id/repository/queen-i-want-to-break-free-roblox-di_GM431946152.pdf",
        "http://lib.stiesultanagung.ac.id/repository/roblox-pastebin-hack-give-gun_GM431946152.pdf",
        "http://lib.stiesultanagung.ac.id/repository/robux-hack-no-download-games_GM431946152.pdf",
        "http://lib.stiesultanagung.ac.id/repository/roblox-engine-hack_GM431946152.pdf"
    ],
    "regex_urls": [
        "http://netcdn.tw/app/406889139/haktuts-coin-master-free-spin-link-game-hack",
        "http://netcdn.tw/app/406889139/haktuts-coin-master-free-spin-link-game-hack",
        "http://lib.stiesultanagung.ac.id/repository/how-to-look-like-a-roblox-hacker_GM431946152.pdf",
        "http://lib.stiesultanagung.ac.id/repository/aesthetic-free-t-shirt-roblox_GM431946152.pdf",
        "http://lib.stiesultanagung.ac.id//repository/coin-master-facebook_GM406889139.pdf",
        "http://lib.stiesultanagung.ac.id/repository/mobihack-robux-hack_GM431946152.pdf",
        "http://lib.stiesultanagung.ac.id//repository/minecraft-net-free_GM479516143.pdf",
        "http://lib.stiesultanagung.ac.id/repository/how-to-enter-fake-details-to-get-free-robux_GM431946152.pdf",
        "http://lib.stiesultanagung.ac.id/repository/coin-master-game-free_GM406889139.pdf",
        "http://lib.stiesultanagung.ac.id/repository/coin-master-link-spin_GM406889139.pdf",
        "http://lib.stiesultanagung.ac.id/repository/roblox-account-taker_GM431946152.pdf",
        "http://lib.stiesultanagung.ac.id/repository/roblox-money-hack-free-download_GM431946152.pdf",
        "http://lib.stiesultanagung.ac.id/repository/get-free-robux-here000webhostapp_GM431946152.pdf",
        "http://lib.stiesultanagung.ac.id/repository/coin-master-free-spins-coins_GM406889139.pdf",
        "http://lib.stiesultanagung.ac.id/repository/how-to-report-cheats-on-roblox_GM431946152.pdf",
        "http://lib.stiesultanagung.ac.id//repository/minecraft-bedrock-server-hosting-free_GM479516143.pdf",
        "http://lib.stiesultanagung.ac.id/repository/coin-master-app_GM406889139.pdf",
        "http://lib.stiesultanagung.ac.id/repository/roblox-free-tycoon_GM431946152.pdf",
        "http://lib.stiesultanagung.ac.id/repository/queen-i-want-to-break-free-roblox-di_GM431946152.pdf",
        "http://lib.stiesultanagung.ac.id/repository/roblox-pastebin-hack-give-gun_GM431946152.pdf",
        "http://lib.stiesultanagung.ac.id/repository/robux-hack-no-download-games_GM431946152.pdf",
        "http://lib.stiesultanagung.ac.id/repository/roblox-engine-hack_GM431946152.pdf"
    ],
    "scripts": {
        "iframe": [],
        "urls": []
    },
    "static_properties": {
        "JBIG2Decode": "0",
        "XML_forms": "0",
        "acro_form": "0",
        "auto_action": "0",
        "colors": "0",
        "cross_reference_table": "1",
        "embedded_files": "0",
        "file_size": "37",
        "java_script": "0",
        "js": "0",
        "launch_action": "0",
        "object_end": "55",
        "object_start": "55",
        "object_streams": "0",
        "open_action": "0",
        "page_count": "2",
        "rich_media": "0",
        "start_cross_reference_table": "1",
        "stream_end": "6",
        "stream_start": "6",
        "trailer_dictionary": "1"
    },
    "yara_signatures": [
        "without_attachments",
        "without_images",
        "with_urls",
        "invalid_trailer_structure",
        "contentis_base64"
    ]
}