{
    "exif_signatures": {},
    "file_size": 34203,
    "pdfid_signatures": {},
    "pypdf_uris": [
        "http://netcdn.tw/app/431946152/free-robux-no-scam-game-hack",
        "http://netcdn.tw/app/431946152/free-robux-no-scam-game-hack",
        "https://elearning.manicp.sch.id/__statics/gudangsoal/files/hacker-minecraft-song_GM479516143.pdf",
        "https://elearning.manicp.sch.id/__statics/gudangsoal/files/free-100-robux_GM431946152.pdf",
        "https://elearning.manicp.sch.id/__statics/gudangsoal/files/free-tiktok-coins_GM835599320.pdf",
        "https://elearning.manicp.sch.id/__statics/gudangsoal/files/free-tiktok-likes-no-human-verification-or-downloading-apps_GM835599320.pdf",
        "https://elearning.manicp.sch.id/__statics/gudangsoal/files/give-me-free-robux_GM431946152.pdf",
        "https://elearning.manicp.sch.id/__statics/gudangsoal/files/minecraft-free-app_GM479516143.pdf",
        "https://elearning.manicp.sch.id/__statics/gudangsoal/files/free-robux-codes-2021_GM431946152.pdf",
        "https://elearning.manicp.sch.id/__statics/gudangsoal/files/free-minecraft-worlds_GM479516143.pdf",
        "https://elearning.manicp.sch.id/__statics/gudangsoal/files/coin-master-free-spins-today-daily-links_GM406889139.pdf",
        "https://elearning.manicp.sch.id/__statics/gudangsoal/files/how-to-get-free-tiktok-followers_GM835599320.pdf"
    ],
    "regex_uris": [
        "http://netcdn.tw/app/431946152/free-robux-no-scam-game-hack",
        "http://netcdn.tw/app/431946152/free-robux-no-scam-game-hack",
        "https://elearning.manicp.sch.id/__statics/gudangsoal/files/hacker-minecraft-song_GM479516143.pdf",
        "https://elearning.manicp.sch.id/__statics/gudangsoal/files/free-100-robux_GM431946152.pdf",
        "https://elearning.manicp.sch.id/__statics/gudangsoal/files/free-tiktok-coins_GM835599320.pdf",
        "https://elearning.manicp.sch.id/__statics/gudangsoal/files/free-tiktok-likes-no-human-verification-or-downloading-apps_GM835599320.pdf",
        "https://elearning.manicp.sch.id/__statics/gudangsoal/files/give-me-free-robux_GM431946152.pdf",
        "https://elearning.manicp.sch.id/__statics/gudangsoal/files/minecraft-free-app_GM479516143.pdf",
        "https://elearning.manicp.sch.id/__statics/gudangsoal/files/free-robux-codes-2021_GM431946152.pdf",
        "https://elearning.manicp.sch.id/__statics/gudangsoal/files/free-minecraft-worlds_GM479516143.pdf",
        "https://elearning.manicp.sch.id/__statics/gudangsoal/files/coin-master-free-spins-today-daily-links_GM406889139.pdf",
        "https://elearning.manicp.sch.id/__statics/gudangsoal/files/how-to-get-free-tiktok-followers_GM835599320.pdf"
    ],
    "regex_urls": [
        "http://netcdn.tw/app/431946152/free-robux-no-scam-game-hack",
        "http://netcdn.tw/app/431946152/free-robux-no-scam-game-hack",
        "https",
        "https",
        "https",
        "https",
        "https",
        "https",
        "https",
        "https",
        "https",
        "https"
    ],
    "scripts": {
        "iframe": [],
        "urls": []
    },
    "static_properties": {
        "JBIG2Decode": "0",
        "XML_forms": "0",
        "acro_form": "0",
        "auto_action": "0",
        "colors": "0",
        "cross_reference_table": "1",
        "embedded_files": "0",
        "file_size": "34",
        "java_script": "0",
        "js": "0",
        "launch_action": "0",
        "object_end": "45",
        "object_start": "45",
        "object_streams": "0",
        "open_action": "0",
        "page_count": "2",
        "rich_media": "0",
        "start_cross_reference_table": "1",
        "stream_end": "6",
        "stream_start": "6",
        "trailer_dictionary": "1"
    },
    "yara_signatures": [
        "without_attachments",
        "without_images",
        "with_urls",
        "invalid_trailer_structure",
        "contentis_base64"
    ]
}