{
    "exif_signatures": {},
    "file_size": 45529,
    "pdfid_signatures": {},
    "pypdf_uris": [
        "https://netcdn.tw/app/431946152/roblox-lumber-tycoon-2-cheats-money-game-hack",
        "https://netcdn.tw/app/431946152/roblox-lumber-tycoon-2-cheats-money-game-hack",
        "https://vissalutis.pl/wp-content/uploads/fsqm-files/how-to-hack-a-person-on-roblox-2021_GM431946152.pdf",
        "https://vissalutis.pl/wp-content/uploads/fsqm-files/hack-weight-lifting-simulator-2-roblox_GM431946152.pdf",
        "https://vissalutis.pl/wp-content/uploads/fsqm-files/how-to-hack-roblox-speed-using-ccv3_GM431946152.pdf",
        "https://vissalutis.pl/wp-content/uploads/fsqm-files/hack-to-get-robux-2021_GM431946152.pdf",
        "https://vissalutis.pl/wp-content/uploads/fsqm-files/roblox-sans-hack_GM431946152.pdf",
        "https://vissalutis.pl/wp-content/uploads/fsqm-files/snow-shoveling-hacks-roblox_GM431946152.pdf",
        "https://vissalutis.pl/wp-content/uploads/fsqm-files/free-robux-card-codes-deutsch_GM431946152.pdf",
        "https://vissalutis.pl/wp-content/uploads/fsqm-files/coin-master-free-spins-daily_GM406889139.pdf",
        "https://vissalutis.pl/wp-content/uploads/fsqm-files/how-to-get-hacks-in-roblox-stuicd_GM431946152.pdf",
        "https://vissalutis.pl/wp-content/uploads/fsqm-files/roblox-its-raining-men-hack_GM431946152.pdf",
        "https://vissalutis.pl/wp-content/uploads/fsqm-files/how-do-you-hack-roblox_GM431946152.pdf",
        "https://vissalutis.pl/wp-content/uploads/fsqm-files/bloxpink-free-robux_GM431946152.pdf",
        "https://vissalutis.pl/wp-content/uploads/fsqm-files/how-to-hack-roblox-jailbreak-mobile_GM431946152.pdf",
        "https://vissalutis.pl/wp-content/uploads/fsqm-files/free-robux-cards-that-works_GM431946152.pdf",
        "https://vissalutis.pl/wp-content/uploads/fsqm-files/minecraft-toys-for-free_GM479516143.pdf",
        "https://vissalutis.pl/wp-content/uploads/fsqm-files/como-hackear-dragon-ball-rage-roblox-2021_GM431946152.pdf",
        "https://vissalutis.pl/wp-content/uploads/fsqm-files/android-cheating-tools-for-roblox_GM431946152.pdf",
        "https://vissalutis.pl/wp-content/uploads/fsqm-files/robux-free-onlin_GM431946152.pdf",
        "https://vissalutis.pl/wp-content/uploads/fsqm-files/free-robux-no-human-verification-or-survey_GM431946152.pdf",
        "https://vissalutis.pl/wp-content/uploads/fsqm-files/noclip-hack-download-roblox_GM431946152.pdf"
    ],
    "regex_uris": [
        "https://netcdn.tw/app/431946152/roblox-lumber-tycoon-2-cheats-money-game-hack",
        "https://netcdn.tw/app/431946152/roblox-lumber-tycoon-2-cheats-money-game-hack",
        "https://vissalutis.pl/wp-content/uploads/fsqm-files/how-to-hack-a-person-on-roblox-2021_GM431946152.pdf",
        "https://vissalutis.pl/wp-content/uploads/fsqm-files/hack-weight-lifting-simulator-2-roblox_GM431946152.pdf",
        "https://vissalutis.pl/wp-content/uploads/fsqm-files/how-to-hack-roblox-speed-using-ccv3_GM431946152.pdf",
        "https://vissalutis.pl/wp-content/uploads/fsqm-files/hack-to-get-robux-2021_GM431946152.pdf",
        "https://vissalutis.pl/wp-content/uploads/fsqm-files/roblox-sans-hack_GM431946152.pdf",
        "https://vissalutis.pl/wp-content/uploads/fsqm-files/snow-shoveling-hacks-roblox_GM431946152.pdf",
        "https://vissalutis.pl/wp-content/uploads/fsqm-files/free-robux-card-codes-deutsch_GM431946152.pdf",
        "https://vissalutis.pl/wp-content/uploads/fsqm-files/coin-master-free-spins-daily_GM406889139.pdf",
        "https://vissalutis.pl/wp-content/uploads/fsqm-files/how-to-get-hacks-in-roblox-stuicd_GM431946152.pdf",
        "https://vissalutis.pl/wp-content/uploads/fsqm-files/roblox-its-raining-men-hack_GM431946152.pdf",
        "https://vissalutis.pl/wp-content/uploads/fsqm-files/how-do-you-hack-roblox_GM431946152.pdf",
        "https://vissalutis.pl/wp-content/uploads/fsqm-files/bloxpink-free-robux_GM431946152.pdf",
        "https://vissalutis.pl/wp-content/uploads/fsqm-files/how-to-hack-roblox-jailbreak-mobile_GM431946152.pdf",
        "https://vissalutis.pl/wp-content/uploads/fsqm-files/free-robux-cards-that-works_GM431946152.pdf",
        "https://vissalutis.pl/wp-content/uploads/fsqm-files/minecraft-toys-for-free_GM479516143.pdf",
        "https://vissalutis.pl/wp-content/uploads/fsqm-files/como-hackear-dragon-ball-rage-roblox-2021_GM431946152.pdf",
        "https://vissalutis.pl/wp-content/uploads/fsqm-files/android-cheating-tools-for-roblox_GM431946152.pdf",
        "https://vissalutis.pl/wp-content/uploads/fsqm-files/robux-free-onlin_GM431946152.pdf",
        "https://vissalutis.pl/wp-content/uploads/fsqm-files/free-robux-no-human-verification-or-survey_GM431946152.pdf",
        "https://vissalutis.pl/wp-content/uploads/fsqm-files/noclip-hack-download-roblox_GM431946152.pdf"
    ],
    "regex_urls": [
        "https",
        "https",
        "https",
        "https",
        "https",
        "https",
        "https",
        "https",
        "https",
        "https",
        "https",
        "https",
        "https",
        "https",
        "https",
        "https",
        "https",
        "https",
        "https",
        "https",
        "https",
        "https"
    ],
    "scripts": {
        "iframe": [],
        "urls": []
    },
    "static_properties": {
        "JBIG2Decode": "0",
        "XML_forms": "0",
        "acro_form": "0",
        "auto_action": "0",
        "colors": "0",
        "cross_reference_table": "1",
        "embedded_files": "0",
        "file_size": "46",
        "java_script": "0",
        "js": "0",
        "launch_action": "0",
        "object_end": "65",
        "object_start": "65",
        "object_streams": "0",
        "open_action": "0",
        "page_count": "4",
        "rich_media": "0",
        "start_cross_reference_table": "1",
        "stream_end": "8",
        "stream_start": "8",
        "trailer_dictionary": "1"
    },
    "yara_signatures": [
        "without_attachments",
        "without_images",
        "with_urls",
        "invalid_trailer_structure",
        "contentis_base64"
    ]
}