{
    "exif_signatures": {},
    "file_size": 39151,
    "pdfid_signatures": {},
    "pypdf_uris": [
        "http://netcdn.co/app/431946152/free-roblox-dominus-infernus-game-hack",
        "http://netcdn.co/app/431946152/free-roblox-dominus-infernus-game-hack",
        "https://eastwood.co.ke/uploaded_files/userfiles/files/como-hackear-coin-master-en-espaol_GM406889139.pdf",
        "https://eastwood.co.ke/uploaded_files/userfiles/files/green-lego-cats-robux-for-free_GM431946152.pdf",
        "https://eastwood.co.ke/uploaded_files/userfiles/files/minecraft-java-free-trial_GM479516143.pdf",
        "https://eastwood.co.ke/uploaded_files/userfiles/files/best-roblox-free-roam-games_GM431946152.pdf",
        "https://eastwood.co.ke/uploaded_files/userfiles/files/how-do-i-get-free-robux_GM431946152.pdf",
        "https://eastwood.co.ke/uploaded_files/userfiles/files/free-shirt-roblox_GM431946152.pdf",
        "https://eastwood.co.ke/uploaded_files/userfiles/files/minecraft-dungeons-free_GM479516143.pdf",
        "https://eastwood.co.ke/uploaded_files/userfiles/files/how-to-get-free-food-for-foxy-in-coin-master_GM406889139.pdf",
        "https://eastwood.co.ke/uploaded_files/userfiles/files/roblox-free-robux-generator_GM431946152.pdf",
        "https://eastwood.co.ke/uploaded_files/userfiles/files/can-you-still-get-minecraft-windows-10-for-free_GM479516143.pdf",
        "https://eastwood.co.ke/uploaded_files/userfiles/files/open-coin-master_GM406889139.pdf",
        "https://eastwood.co.ke/uploaded_files/userfiles/files/how-to-use-cheat-engine-to-get-robux_GM431946152.pdf",
        "https://eastwood.co.ke/uploaded_files/userfiles/files/how-to-get-free-robux-easy-2021-no-human-verification_GM431946152.pdf",
        "https://eastwood.co.ke/uploaded_files/userfiles/files/free-stuff-on-roblox_GM431946152.pdf",
        "https://eastwood.co.ke/uploaded_files/userfiles/files/animation-pack-roblox-free_GM431946152.pdf",
        "https://eastwood.co.ke/uploaded_files/userfiles/files/roblox-avatar-maker-free_GM431946152.pdf",
        "https://eastwood.co.ke/uploaded_files/userfiles/files/robux-pro-hack_GM431946152.pdf",
        "https://eastwood.co.ke/uploaded_files/userfiles/files/coin-master-free-spins-link-hack_GM406889139.pdf",
        "https://eastwood.co.ke/uploaded_files/userfiles/files/coin-master-game_GM406889139.pdf",
        "https://eastwood.co.ke/uploaded_files/userfiles/files/coin-master-hack-cheat-generator-d_GM406889139.pdf"
    ],
    "regex_uris": [
        "http://netcdn.co/app/431946152/free-roblox-dominus-infernus-game-hack",
        "http://netcdn.co/app/431946152/free-roblox-dominus-infernus-game-hack",
        "https://eastwood.co.ke/uploaded_files/userfiles/files/como-hackear-coin-master-en-espaol_GM406889139.pdf",
        "https://eastwood.co.ke/uploaded_files/userfiles/files/green-lego-cats-robux-for-free_GM431946152.pdf",
        "https://eastwood.co.ke/uploaded_files/userfiles/files/minecraft-java-free-trial_GM479516143.pdf",
        "https://eastwood.co.ke/uploaded_files/userfiles/files/best-roblox-free-roam-games_GM431946152.pdf",
        "https://eastwood.co.ke/uploaded_files/userfiles/files/how-do-i-get-free-robux_GM431946152.pdf",
        "https://eastwood.co.ke/uploaded_files/userfiles/files/free-shirt-roblox_GM431946152.pdf",
        "https://eastwood.co.ke/uploaded_files/userfiles/files/minecraft-dungeons-free_GM479516143.pdf",
        "https://eastwood.co.ke/uploaded_files/userfiles/files/how-to-get-free-food-for-foxy-in-coin-master_GM406889139.pdf",
        "https://eastwood.co.ke/uploaded_files/userfiles/files/roblox-free-robux-generator_GM431946152.pdf",
        "https://eastwood.co.ke/uploaded_files/userfiles/files/can-you-still-get-minecraft-windows-10-for-free_GM479516143.pdf",
        "https://eastwood.co.ke/uploaded_files/userfiles/files/open-coin-master_GM406889139.pdf",
        "https://eastwood.co.ke/uploaded_files/userfiles/files/how-to-use-cheat-engine-to-get-robux_GM431946152.pdf",
        "https://eastwood.co.ke/uploaded_files/userfiles/files/how-to-get-free-robux-easy-2021-no-human-verification_GM431946152.pdf",
        "https://eastwood.co.ke/uploaded_files/userfiles/files/free-stuff-on-roblox_GM431946152.pdf",
        "https://eastwood.co.ke/uploaded_files/userfiles/files/animation-pack-roblox-free_GM431946152.pdf",
        "https://eastwood.co.ke/uploaded_files/userfiles/files/roblox-avatar-maker-free_GM431946152.pdf",
        "https://eastwood.co.ke/uploaded_files/userfiles/files/robux-pro-hack_GM431946152.pdf",
        "https://eastwood.co.ke/uploaded_files/userfiles/files/coin-master-free-spins-link-hack_GM406889139.pdf",
        "https://eastwood.co.ke/uploaded_files/userfiles/files/coin-master-game_GM406889139.pdf",
        "https://eastwood.co.ke/uploaded_files/userfiles/files/coin-master-hack-cheat-generator-d_GM406889139.pdf"
    ],
    "regex_urls": [
        "http://netcdn.co/app/431946152/free-roblox-dominus-infernus-game-hack",
        "http://netcdn.co/app/431946152/free-roblox-dominus-infernus-game-hack",
        "https",
        "https",
        "https",
        "https",
        "https",
        "https",
        "https",
        "https",
        "https",
        "https",
        "https",
        "https",
        "https",
        "https",
        "https",
        "https",
        "https",
        "https",
        "https",
        "https"
    ],
    "scripts": {
        "iframe": [],
        "urls": []
    },
    "static_properties": {
        "JBIG2Decode": "0",
        "XML_forms": "0",
        "acro_form": "0",
        "auto_action": "0",
        "colors": "0",
        "cross_reference_table": "1",
        "embedded_files": "0",
        "file_size": "39",
        "java_script": "0",
        "js": "0",
        "launch_action": "0",
        "object_end": "55",
        "object_start": "55",
        "object_streams": "0",
        "open_action": "0",
        "page_count": "2",
        "rich_media": "0",
        "start_cross_reference_table": "1",
        "stream_end": "6",
        "stream_start": "6",
        "trailer_dictionary": "1"
    },
    "yara_signatures": [
        "without_attachments",
        "without_images",
        "with_urls",
        "invalid_trailer_structure",
        "contentis_base64"
    ]
}