{
    "exif_signatures": {},
    "file_size": 39259,
    "pdfid_signatures": {},
    "pypdf_uris": [
        "https://netcdn.xyz/app/431946152/how-to-get-free-robux-without-verification-2021-game-hack",
        "https://netcdn.xyz/app/431946152/how-to-get-free-robux-without-verification-2021-game-hack",
        "http://matweb.pl/images/what-is-wurst_GM479516143.pdf",
        "http://matweb.pl/images/robux-come_GM431946152.pdf",
        "http://matweb.pl/images/roblox-hack-generator_GM431946152.pdf",
        "http://matweb.pl/images/free-robux-no-verification-2021_GM431946152.pdf",
        "http://matweb.pl/images/coin-master-hack-no-download_GM406889139.pdf"
    ],
    "regex_uris": [
        "https://netcdn.xyz/app/431946152/how-to-get-free-robux-without-verification-2021-game-hack",
        "https://netcdn.xyz/app/431946152/how-to-get-free-robux-without-verification-2021-game-hack",
        "http://matweb.pl/images/what-is-wurst_GM479516143.pdf",
        "http://matweb.pl/images/robux-come_GM431946152.pdf",
        "http://matweb.pl/images/roblox-hack-generator_GM431946152.pdf",
        "http://matweb.pl/images/free-robux-no-verification-2021_GM431946152.pdf",
        "http://matweb.pl/images/coin-master-hack-no-download_GM406889139.pdf"
    ],
    "regex_urls": [
        "https",
        "https",
        "http://matweb.pl/images/what-is-wurst_GM479516143.pdf",
        "http://matweb.pl/images/robux-come_GM431946152.pdf",
        "http://matweb.pl/images/roblox-hack-generator_GM431946152.pdf",
        "http://matweb.pl/images/free-robux-no-verification-2021_GM431946152.pdf",
        "http://matweb.pl/images/coin-master-hack-no-download_GM406889139.pdf"
    ],
    "scripts": {
        "iframe": [],
        "urls": []
    },
    "static_properties": {
        "JBIG2Decode": "0",
        "XML_forms": "0",
        "acro_form": "0",
        "auto_action": "0",
        "colors": "0",
        "cross_reference_table": "1",
        "embedded_files": "0",
        "file_size": "39",
        "java_script": "0",
        "js": "0",
        "launch_action": "0",
        "object_end": "40",
        "object_start": "40",
        "object_streams": "0",
        "open_action": "0",
        "page_count": "2",
        "rich_media": "0",
        "start_cross_reference_table": "1",
        "stream_end": "6",
        "stream_start": "6",
        "trailer_dictionary": "1"
    },
    "yara_signatures": [
        "without_attachments",
        "without_images",
        "with_urls",
        "invalid_trailer_structure",
        "contentis_base64"
    ]
}