{
    "exif_signatures": {},
    "file_size": 34370,
    "pdfid_signatures": {},
    "pypdf_uris": [
        "http://netcdn.tw/app/406889139/coin-master-free-spins-2021-apk-game-hack",
        "http://netcdn.tw/app/406889139/coin-master-free-spins-2021-apk-game-hack",
        "https://www.tvoyo.tv/ckfinder/userfiles/files/hacks-para-coin-master_GM406889139.pdf",
        "https://www.tvoyo.tv/ckfinder/userfiles/files/counter-blox-roblox-offensive-hack-free_GM431946152.pdf",
        "https://www.tvoyo.tv/ckfinder/userfiles/files/roblox-free-robux-hack_GM431946152.pdf",
        "https://www.tvoyo.tv/ckfinder/userfiles/files/roblox-hack-robux-2021-no-survey_GM431946152.pdf",
        "https://www.tvoyo.tv/ckfinder/userfiles/files/robux-only_GM431946152.pdf",
        "https://www.tvoyo.tv/ckfinder/userfiles/files/roblox-hack-ga_GM431946152.pdf",
        "https://www.tvoyo.tv/ckfinder/userfiles/files/free-robux-accounts_GM431946152.pdf",
        "https://www.tvoyo.tv/ckfinder/userfiles/files/free-robux-pins_GM431946152.pdf",
        "https://www.tvoyo.tv/ckfinder/userfiles/files/tiktok-free-views_GM835599320.pdf",
        "https://www.tvoyo.tv/ckfinder/userfiles/files/roblox-no-download-hack_GM431946152.pdf",
        "https://www.tvoyo.tv/ckfinder/userfiles/files/roblox-free-robux_GM431946152.pdf",
        "https://www.tvoyo.tv/ckfinder/userfiles/files/free-robux-no-verification-needed_GM431946152.pdf",
        "https://www.tvoyo.tv/ckfinder/userfiles/files/coin-master-hack-free-spins_GM406889139.pdf",
        "https://www.tvoyo.tv/ckfinder/userfiles/files/hack-para-robux-gratis_GM431946152.pdf",
        "https://www.tvoyo.tv/ckfinder/userfiles/files/how-to-hack-someones-roblox-account-2021_GM431946152.pdf",
        "https://www.tvoyo.tv/ckfinder/userfiles/files/free-tiktok-hearts_GM835599320.pdf",
        "https://www.tvoyo.tv/ckfinder/userfiles/files/moonactive-free-spins_GM406889139.pdf",
        "https://www.tvoyo.tv/ckfinder/userfiles/files/real-hack-for-coin-master_GM406889139.pdf",
        "https://www.tvoyo.tv/ckfinder/userfiles/files/how-to-get-doge-hat-for-free-on-roblox_GM431946152.pdf",
        "https://www.tvoyo.tv/ckfinder/userfiles/files/roblox-online-free-no-download_GM431946152.pdf"
    ],
    "regex_uris": [
        "http://netcdn.tw/app/406889139/coin-master-free-spins-2021-apk-game-hack",
        "http://netcdn.tw/app/406889139/coin-master-free-spins-2021-apk-game-hack",
        "https://www.tvoyo.tv/ckfinder/userfiles/files/hacks-para-coin-master_GM406889139.pdf",
        "https://www.tvoyo.tv/ckfinder/userfiles/files/counter-blox-roblox-offensive-hack-free_GM431946152.pdf",
        "https://www.tvoyo.tv/ckfinder/userfiles/files/roblox-free-robux-hack_GM431946152.pdf",
        "https://www.tvoyo.tv/ckfinder/userfiles/files/roblox-hack-robux-2021-no-survey_GM431946152.pdf",
        "https://www.tvoyo.tv/ckfinder/userfiles/files/robux-only_GM431946152.pdf",
        "https://www.tvoyo.tv/ckfinder/userfiles/files/roblox-hack-ga_GM431946152.pdf",
        "https://www.tvoyo.tv/ckfinder/userfiles/files/free-robux-accounts_GM431946152.pdf",
        "https://www.tvoyo.tv/ckfinder/userfiles/files/free-robux-pins_GM431946152.pdf",
        "https://www.tvoyo.tv/ckfinder/userfiles/files/tiktok-free-views_GM835599320.pdf",
        "https://www.tvoyo.tv/ckfinder/userfiles/files/roblox-no-download-hack_GM431946152.pdf",
        "https://www.tvoyo.tv/ckfinder/userfiles/files/roblox-free-robux_GM431946152.pdf",
        "https://www.tvoyo.tv/ckfinder/userfiles/files/free-robux-no-verification-needed_GM431946152.pdf",
        "https://www.tvoyo.tv/ckfinder/userfiles/files/coin-master-hack-free-spins_GM406889139.pdf",
        "https://www.tvoyo.tv/ckfinder/userfiles/files/hack-para-robux-gratis_GM431946152.pdf",
        "https://www.tvoyo.tv/ckfinder/userfiles/files/how-to-hack-someones-roblox-account-2021_GM431946152.pdf",
        "https://www.tvoyo.tv/ckfinder/userfiles/files/free-tiktok-hearts_GM835599320.pdf",
        "https://www.tvoyo.tv/ckfinder/userfiles/files/moonactive-free-spins_GM406889139.pdf",
        "https://www.tvoyo.tv/ckfinder/userfiles/files/real-hack-for-coin-master_GM406889139.pdf",
        "https://www.tvoyo.tv/ckfinder/userfiles/files/how-to-get-doge-hat-for-free-on-roblox_GM431946152.pdf",
        "https://www.tvoyo.tv/ckfinder/userfiles/files/roblox-online-free-no-download_GM431946152.pdf"
    ],
    "regex_urls": [
        "http://netcdn.tw/app/406889139/coin-master-free-spins-2021-apk-game-hack",
        "http://netcdn.tw/app/406889139/coin-master-free-spins-2021-apk-game-hack",
        "https",
        "www.tvoyo.tv/ckfinder/userfiles/files/hacks-para-coin-master_GM406889139.pdf",
        "https",
        "www.tvoyo.tv/ckfinder/userfiles/files/counter-blox-roblox-offensive-hack-free_GM431946152.pdf",
        "https",
        "www.tvoyo.tv/ckfinder/userfiles/files/roblox-free-robux-hack_GM431946152.pdf",
        "https",
        "www.tvoyo.tv/ckfinder/userfiles/files/roblox-hack-robux-2021-no-survey_GM431946152.pdf",
        "https",
        "www.tvoyo.tv/ckfinder/userfiles/files/robux-only_GM431946152.pdf",
        "https",
        "www.tvoyo.tv/ckfinder/userfiles/files/roblox-hack-ga_GM431946152.pdf",
        "https",
        "www.tvoyo.tv/ckfinder/userfiles/files/free-robux-accounts_GM431946152.pdf",
        "https",
        "www.tvoyo.tv/ckfinder/userfiles/files/free-robux-pins_GM431946152.pdf",
        "https",
        "www.tvoyo.tv/ckfinder/userfiles/files/tiktok-free-views_GM835599320.pdf",
        "https",
        "www.tvoyo.tv/ckfinder/userfiles/files/roblox-no-download-hack_GM431946152.pdf",
        "https",
        "www.tvoyo.tv/ckfinder/userfiles/files/roblox-free-robux_GM431946152.pdf",
        "https",
        "www.tvoyo.tv/ckfinder/userfiles/files/free-robux-no-verification-needed_GM431946152.pdf",
        "https",
        "www.tvoyo.tv/ckfinder/userfiles/files/coin-master-hack-free-spins_GM406889139.pdf",
        "https",
        "www.tvoyo.tv/ckfinder/userfiles/files/hack-para-robux-gratis_GM431946152.pdf",
        "https",
        "www.tvoyo.tv/ckfinder/userfiles/files/how-to-hack-someones-roblox-account-2021_GM431946152.pdf",
        "https",
        "www.tvoyo.tv/ckfinder/userfiles/files/free-tiktok-hearts_GM835599320.pdf",
        "https",
        "www.tvoyo.tv/ckfinder/userfiles/files/moonactive-free-spins_GM406889139.pdf",
        "https",
        "www.tvoyo.tv/ckfinder/userfiles/files/real-hack-for-coin-master_GM406889139.pdf",
        "https",
        "www.tvoyo.tv/ckfinder/userfiles/files/how-to-get-doge-hat-for-free-on-roblox_GM431946152.pdf",
        "https",
        "www.tvoyo.tv/ckfinder/userfiles/files/roblox-online-free-no-download_GM431946152.pdf"
    ],
    "scripts": {
        "iframe": [],
        "urls": []
    },
    "static_properties": {
        "JBIG2Decode": "0",
        "XML_forms": "0",
        "acro_form": "0",
        "auto_action": "0",
        "colors": "0",
        "cross_reference_table": "1",
        "embedded_files": "0",
        "file_size": "34",
        "java_script": "0",
        "js": "0",
        "launch_action": "0",
        "object_end": "55",
        "object_start": "55",
        "object_streams": "0",
        "open_action": "0",
        "page_count": "2",
        "rich_media": "0",
        "start_cross_reference_table": "1",
        "stream_end": "6",
        "stream_start": "6",
        "trailer_dictionary": "1"
    },
    "yara_signatures": [
        "vmdetect",
        "without_attachments",
        "without_images",
        "with_urls",
        "invalid_trailer_structure",
        "contentis_base64"
    ]
}