{
    "exif_signatures": {},
    "file_size": 123165,
    "pdfid_signatures": {},
    "pypdf_uris": [
        "https://shoxet.com/2l05g3",
        "http://networks786.ovh/upload/files/2022/05/7nTahKWTtYHqgac8dnFK_19_173dd69e5a808b645d6e4e2424e49769_file.pdf",
        "https://www.kingdomportal.com/upload/files/2022/05/hWDQfsSxt7IqeRxAcTE3_19_342386a187379ace47e045af82ba9c8a_file.pdf",
        "https://tchatche.ci/upload/files/2022/05/HFImvSJXB84nUOC4ntBN_19_5f78d911631aac8abeca011614940c56_file.pdf",
        "https://hyvsi.com/upload/files/2022/05/A7ZTrH1Hdmh5ZPjDQ8lC_19_27ed2c0d19ebe3a62763b83dccd8efb4_file.pdf",
        "https://skatesquad.com/upload/files/2022/05/cK8NZSeVqc2p3fffzCVG_19_342386a187379ace47e045af82ba9c8a_file.pdf",
        "http://www.nextjowl.com/upload/files/2022/05/VpZ16CACbeRnfsHKfZeN_19_27ed2c0d19ebe3a62763b83dccd8efb4_file.pdf",
        "https://alumni.armtischool.com/upload/files/2022/05/NmESjOLQbsCpkPl8CXRK_19_173dd69e5a808b645d6e4e2424e49769_file.pdf",
        "https://cdn.geeb.xyz/upload/files/2022/05/jw8QUi4JADaWYnwXYhfy_19_5f78d911631aac8abeca011614940c56_file.pdf",
        "https://community.tccwpg.com/upload/files/2022/05/dALJLmqnximuDkc4iSky_19_8ccf6a5e63726bcd9e969e0a37b6b0c3_file.pdf",
        "https://our-study.com/upload/files/2022/05/28zcdMsId7o1kF757hyk_19_0b56dd822b98823974a325782f8ff42a_file.pdf",
        "http://www.tcpdf.org"
    ],
    "regex_uris": [
        "https://shoxet.com/2l05g3",
        "http://networks786.ovh/upload/files/2022/05/7nTahKWTtYHqgac8dnFK_19_173dd69e5a808b645d6e4e2424e49769_file.pdf",
        "https://www.kingdomportal.com/upload/files/2022/05/hWDQfsSxt7IqeRxAcTE3_19_342386a187379ace47e045af82ba9c8a_file.pdf",
        "https://tchatche.ci/upload/files/2022/05/HFImvSJXB84nUOC4ntBN_19_5f78d911631aac8abeca011614940c56_file.pdf",
        "https://hyvsi.com/upload/files/2022/05/A7ZTrH1Hdmh5ZPjDQ8lC_19_27ed2c0d19ebe3a62763b83dccd8efb4_file.pdf",
        "https://skatesquad.com/upload/files/2022/05/cK8NZSeVqc2p3fffzCVG_19_342386a187379ace47e045af82ba9c8a_file.pdf",
        "http://www.nextjowl.com/upload/files/2022/05/VpZ16CACbeRnfsHKfZeN_19_27ed2c0d19ebe3a62763b83dccd8efb4_file.pdf",
        "https://alumni.armtischool.com/upload/files/2022/05/NmESjOLQbsCpkPl8CXRK_19_173dd69e5a808b645d6e4e2424e49769_file.pdf",
        "https://cdn.geeb.xyz/upload/files/2022/05/jw8QUi4JADaWYnwXYhfy_19_5f78d911631aac8abeca011614940c56_file.pdf",
        "https://community.tccwpg.com/upload/files/2022/05/dALJLmqnximuDkc4iSky_19_8ccf6a5e63726bcd9e969e0a37b6b0c3_file.pdf",
        "https://our-study.com/upload/files/2022/05/28zcdMsId7o1kF757hyk_19_0b56dd822b98823974a325782f8ff42a_file.pdf",
        "http://www.tcpdf.org"
    ],
    "regex_urls": [
        "https",
        "http://networks786.ovh/upload/files/2022/05/7nTahKWTtYHqgac8dnFK_19_173dd69e5a808b645d6e4e2424e49769_file.pdf",
        "https",
        "www.kingdomportal.com/upload/files/2022/05/hWDQfsSxt7IqeRxAcTE3_19_342386a187379ace47e045af82ba9c8a_file.pdf",
        "https",
        "https",
        "https",
        "http://www.nextjowl.com/upload/files/2022/05/VpZ16CACbeRnfsHKfZeN_19_27ed2c0d19ebe3a62763b83dccd8efb4_file.pdf",
        "https",
        "https",
        "https",
        "https",
        "http://www.tcpdf.org",
        "http://www.w3.org/1999/02/22-rdf-syntax-ns#",
        "http://purl.org/dc/elements/1.1/",
        "http://ns.adobe.com/xap/1.0/",
        "http://ns.adobe.com/pdf/1.3/",
        "http://ns.adobe.com/xap/1.0/mm/",
        "http://www.aiim.org/pdfa/ns/extension/",
        "http://www.aiim.org/pdfa/ns/schema#",
        "http://www.aiim.org/pdfa/ns/property#",
        "http://ns.adobe.com/pdf/1.3/",
        "http://ns.adobe.com/xap/1.0/mm/",
        "http://www.aiim.org/pdfa/ns/id/"
    ],
    "scripts": {
        "iframe": [],
        "urls": []
    },
    "static_properties": {
        "JBIG2Decode": "0",
        "XML_forms": "0",
        "acro_form": "0",
        "auto_action": "0",
        "colors": "0",
        "cross_reference_table": "1",
        "embedded_files": "0",
        "file_size": "123",
        "java_script": "0",
        "js": "0",
        "launch_action": "0",
        "object_end": "36",
        "object_start": "36",
        "object_streams": "0",
        "open_action": "1",
        "page_count": "2",
        "rich_media": "0",
        "start_cross_reference_table": "1",
        "stream_end": "10",
        "stream_start": "10",
        "trailer_dictionary": "1"
    },
    "yara_signatures": [
        "without_attachments",
        "without_images",
        "with_urls",
        "contentis_base64",
        "Big_Numbers1"
    ]
}