{
    "exif_signatures": {},
    "file_size": 35242,
    "pdfid_signatures": {
        "Page_Count": {
            "description": "This PDF has only one page",
            "families": [],
            "marks": [],
            "name": "Page_Count",
            "references": [],
            "severity": 1
        }
    },
    "pypdf_uris": [
        "http://netcdn.tw/app/431946152/free-roblox-accounts-2021-with-robux-game-hack",
        "http://netcdn.tw/app/431946152/free-roblox-accounts-2021-with-robux-game-hack",
        "http://muliadarmapratama.ac.id/perpus.muliadarmapratama.ac.id//repository/coin-master-free-spins-reddit_GM406889139.pdf",
        "http://muliadarmapratama.ac.id/perpus.muliadarmapratama.ac.id/repository/free-robux-no-verification-no-download-2021_GM431946152.pdf",
        "http://muliadarmapratama.ac.id/perpus.muliadarmapratama.ac.id/repository/roblox-controversy_GM431946152.pdf",
        "http://muliadarmapratama.ac.id/perpus.muliadarmapratama.ac.id//repository/how-to-get-free-spins-on-coin-master-iphone_GM406889139.pdf",
        "http://muliadarmapratama.ac.id/perpus.muliadarmapratama.ac.id/repository/how-to-get-free-robux-no-pastebin-no-inspect_GM431946152.pdf",
        "http://muliadarmapratama.ac.id/perpus.muliadarmapratama.ac.id/repository/hack-initiate-unlimited-free-robux-40m_GM431946152.pdf",
        "http://muliadarmapratama.ac.id/perpus.muliadarmapratama.ac.id//repository/ro-ghoul-script_GM431946152.pdf",
        "http://muliadarmapratama.ac.id/perpus.muliadarmapratama.ac.id//repository/instagram-coin-master-free-spins_GM406889139.pdf",
        "http://muliadarmapratama.ac.id/perpus.muliadarmapratama.ac.id/repository/coin-master-game-legitimate-hack-without-signing-up-or-shareing_GM406889139.pdf",
        "http://muliadarmapratama.ac.id/perpus.muliadarmapratama.ac.id//repository/android-coin-master-3433-apk-hack_GM406889139.pdf",
        "http://muliadarmapratama.ac.id/perpus.muliadarmapratama.ac.id/repository/cheat-mod-roblox_GM431946152.pdf",
        "http://muliadarmapratama.ac.id/perpus.muliadarmapratama.ac.id//repository/500-free-spins-coin-master_GM406889139.pdf",
        "http://muliadarmapratama.ac.id/perpus.muliadarmapratama.ac.id//repository/minecraft-pe-free-download_GM479516143.pdf",
        "http://muliadarmapratama.ac.id/perpus.muliadarmapratama.ac.id//repository/hack-coin-master-app-ios_GM406889139.pdf",
        "http://muliadarmapratama.ac.id/perpus.muliadarmapratama.ac.id/repository/roblox-no-human-verification-hack_GM431946152.pdf",
        "http://muliadarmapratama.ac.id/perpus.muliadarmapratama.ac.id//repository/coin-master-free-online-game_GM406889139.pdf",
        "http://muliadarmapratama.ac.id/perpus.muliadarmapratama.ac.id//repository/easy-points-gg_GM431946152.pdf",
        "http://muliadarmapratama.ac.id/perpus.muliadarmapratama.ac.id//repository/free-robux-2021_GM431946152.pdf",
        "http://muliadarmapratama.ac.id/perpus.muliadarmapratama.ac.id//repository/free-minecraft-bedrock-server-hosting_GM479516143.pdf",
        "http://muliadarmapratama.ac.id/perpus.muliadarmapratama.ac.id//repository/microsoft-bing-free-robux_GM431946152.pdf"
    ],
    "regex_uris": [
        "http://netcdn.tw/app/431946152/free-roblox-accounts-2021-with-robux-game-hack",
        "http://netcdn.tw/app/431946152/free-roblox-accounts-2021-with-robux-game-hack",
        "http://muliadarmapratama.ac.id/perpus.muliadarmapratama.ac.id//repository/coin-master-free-spins-reddit_GM406889139.pdf",
        "http://muliadarmapratama.ac.id/perpus.muliadarmapratama.ac.id/repository/free-robux-no-verification-no-download-2021_GM431946152.pdf",
        "http://muliadarmapratama.ac.id/perpus.muliadarmapratama.ac.id/repository/roblox-controversy_GM431946152.pdf",
        "http://muliadarmapratama.ac.id/perpus.muliadarmapratama.ac.id//repository/how-to-get-free-spins-on-coin-master-iphone_GM406889139.pdf",
        "http://muliadarmapratama.ac.id/perpus.muliadarmapratama.ac.id/repository/how-to-get-free-robux-no-pastebin-no-inspect_GM431946152.pdf",
        "http://muliadarmapratama.ac.id/perpus.muliadarmapratama.ac.id/repository/hack-initiate-unlimited-free-robux-40m_GM431946152.pdf",
        "http://muliadarmapratama.ac.id/perpus.muliadarmapratama.ac.id//repository/ro-ghoul-script_GM431946152.pdf",
        "http://muliadarmapratama.ac.id/perpus.muliadarmapratama.ac.id//repository/instagram-coin-master-free-spins_GM406889139.pdf",
        "http://muliadarmapratama.ac.id/perpus.muliadarmapratama.ac.id/repository/coin-master-game-legitimate-hack-without-signing-up-or-shareing_GM406889139.pdf",
        "http://muliadarmapratama.ac.id/perpus.muliadarmapratama.ac.id//repository/android-coin-master-3433-apk-hack_GM406889139.pdf",
        "http://muliadarmapratama.ac.id/perpus.muliadarmapratama.ac.id/repository/cheat-mod-roblox_GM431946152.pdf",
        "http://muliadarmapratama.ac.id/perpus.muliadarmapratama.ac.id//repository/500-free-spins-coin-master_GM406889139.pdf",
        "http://muliadarmapratama.ac.id/perpus.muliadarmapratama.ac.id//repository/minecraft-pe-free-download_GM479516143.pdf",
        "http://muliadarmapratama.ac.id/perpus.muliadarmapratama.ac.id//repository/hack-coin-master-app-ios_GM406889139.pdf",
        "http://muliadarmapratama.ac.id/perpus.muliadarmapratama.ac.id/repository/roblox-no-human-verification-hack_GM431946152.pdf",
        "http://muliadarmapratama.ac.id/perpus.muliadarmapratama.ac.id//repository/coin-master-free-online-game_GM406889139.pdf",
        "http://muliadarmapratama.ac.id/perpus.muliadarmapratama.ac.id//repository/easy-points-gg_GM431946152.pdf",
        "http://muliadarmapratama.ac.id/perpus.muliadarmapratama.ac.id//repository/free-robux-2021_GM431946152.pdf",
        "http://muliadarmapratama.ac.id/perpus.muliadarmapratama.ac.id//repository/free-minecraft-bedrock-server-hosting_GM479516143.pdf",
        "http://muliadarmapratama.ac.id/perpus.muliadarmapratama.ac.id//repository/microsoft-bing-free-robux_GM431946152.pdf"
    ],
    "regex_urls": [
        "http://netcdn.tw/app/431946152/free-roblox-accounts-2021-with-robux-game-hack",
        "http://netcdn.tw/app/431946152/free-roblox-accounts-2021-with-robux-game-hack",
        "http://muliadarmapratama.ac.id/perpus.muliadarmapratama.ac.id//repository/coin-master-free-spins-reddit_GM406889139.pdf",
        "http://muliadarmapratama.ac.id/perpus.muliadarmapratama.ac.id/repository/free-robux-no-verification-no-download-2021_GM431946152.pdf",
        "http://muliadarmapratama.ac.id/perpus.muliadarmapratama.ac.id/repository/roblox-controversy_GM431946152.pdf",
        "http://muliadarmapratama.ac.id/perpus.muliadarmapratama.ac.id//repository/how-to-get-free-spins-on-coin-master-iphone_GM406889139.pdf",
        "http://muliadarmapratama.ac.id/perpus.muliadarmapratama.ac.id/repository/how-to-get-free-robux-no-pastebin-no-inspect_GM431946152.pdf",
        "http://muliadarmapratama.ac.id/perpus.muliadarmapratama.ac.id/repository/hack-initiate-unlimited-free-robux-40m_GM431946152.pdf",
        "http://muliadarmapratama.ac.id/perpus.muliadarmapratama.ac.id//repository/ro-ghoul-script_GM431946152.pdf",
        "http://muliadarmapratama.ac.id/perpus.muliadarmapratama.ac.id//repository/instagram-coin-master-free-spins_GM406889139.pdf",
        "http://muliadarmapratama.ac.id/perpus.muliadarmapratama.ac.id/repository/coin-master-game-legitimate-hack-without-signing-up-or-shareing_GM406889139.pdf",
        "http://muliadarmapratama.ac.id/perpus.muliadarmapratama.ac.id//repository/android-coin-master-3433-apk-hack_GM406889139.pdf",
        "http://muliadarmapratama.ac.id/perpus.muliadarmapratama.ac.id/repository/cheat-mod-roblox_GM431946152.pdf",
        "http://muliadarmapratama.ac.id/perpus.muliadarmapratama.ac.id//repository/500-free-spins-coin-master_GM406889139.pdf",
        "http://muliadarmapratama.ac.id/perpus.muliadarmapratama.ac.id//repository/minecraft-pe-free-download_GM479516143.pdf",
        "http://muliadarmapratama.ac.id/perpus.muliadarmapratama.ac.id//repository/hack-coin-master-app-ios_GM406889139.pdf",
        "http://muliadarmapratama.ac.id/perpus.muliadarmapratama.ac.id/repository/roblox-no-human-verification-hack_GM431946152.pdf",
        "http://muliadarmapratama.ac.id/perpus.muliadarmapratama.ac.id//repository/coin-master-free-online-game_GM406889139.pdf",
        "http://muliadarmapratama.ac.id/perpus.muliadarmapratama.ac.id//repository/easy-points-gg_GM431946152.pdf",
        "http://muliadarmapratama.ac.id/perpus.muliadarmapratama.ac.id//repository/free-robux-2021_GM431946152.pdf",
        "http://muliadarmapratama.ac.id/perpus.muliadarmapratama.ac.id//repository/free-minecraft-bedrock-server-hosting_GM479516143.pdf",
        "http://muliadarmapratama.ac.id/perpus.muliadarmapratama.ac.id//repository/microsoft-bing-free-robux_GM431946152.pdf"
    ],
    "scripts": {
        "iframe": [],
        "urls": []
    },
    "static_properties": {
        "JBIG2Decode": "0",
        "XML_forms": "0",
        "acro_form": "0",
        "auto_action": "0",
        "colors": "0",
        "cross_reference_table": "1",
        "embedded_files": "0",
        "file_size": "35",
        "java_script": "0",
        "js": "0",
        "launch_action": "0",
        "object_end": "50",
        "object_start": "50",
        "object_streams": "0",
        "open_action": "0",
        "page_count": "1",
        "rich_media": "0",
        "start_cross_reference_table": "1",
        "stream_end": "5",
        "stream_start": "5",
        "trailer_dictionary": "1"
    },
    "yara_signatures": [
        "without_attachments",
        "without_images",
        "with_urls",
        "invalid_trailer_structure",
        "contentis_base64"
    ]
}