{
    "exif_signatures": {},
    "file_size": 47508,
    "pdfid_signatures": {},
    "pypdf_uris": [
        "https://netcdn.xyz/app/406889139/coin-master-daily-free-spins-today-game-hack",
        "https://netcdn.xyz/app/406889139/coin-master-daily-free-spins-today-game-hack",
        "https://e-learning.mtsn1klaten.sch.id/__statics/gudangsoal/files/coin-master-free-spin-ml_GM406889139.pdf",
        "https://e-learning.mtsn1klaten.sch.id/__statics/gudangsoal/files/coin-master-golden-card-hack_GM406889139.pdf",
        "https://e-learning.mtsn1klaten.sch.id/__statics/gudangsoal/files/how-to-watch-ads-for-free-spins-in-coin-master_GM406889139.pdf",
        "https://e-learning.mtsn1klaten.sch.id/__statics/gudangsoal/files/free-robux-reddit_GM431946152.pdf",
        "https://e-learning.mtsn1klaten.sch.id/__statics/gudangsoal/files/coin-master-free-spins-link-download-free_GM406889139.pdf",
        "https://e-learning.mtsn1klaten.sch.id/__statics/gudangsoal/files/free-cracked-minecraft-server-hosting_GM479516143.pdf",
        "https://e-learning.mtsn1klaten.sch.id/__statics/gudangsoal/files/free-robux-pastebin_GM431946152.pdf",
        "https://e-learning.mtsn1klaten.sch.id/__statics/gudangsoal/files/coin-master-hack-unlimited-spins-apk_GM406889139.pdf",
        "https://e-learning.mtsn1klaten.sch.id/__statics/gudangsoal/files/coin-master-free-spins-and-coins-2021_GM406889139.pdf",
        "https://e-learning.mtsn1klaten.sch.id/__statics/gudangsoal/files/free-roblox-followers-generator_GM431946152.pdf",
        "https://e-learning.mtsn1klaten.sch.id/__statics/gudangsoal/files/hack-a-game_GM431946152.pdf",
        "https://e-learning.mtsn1klaten.sch.id/__statics/gudangsoal/files/oprewards-free-robux_GM431946152.pdf",
        "https://e-learning.mtsn1klaten.sch.id/__statics/gudangsoal/files/coin-master-free-spins-cheat_GM406889139.pdf",
        "https://e-learning.mtsn1klaten.sch.id/__statics/gudangsoal/files/coin-master-free-stuff-links_GM406889139.pdf",
        "https://e-learning.mtsn1klaten.sch.id/__statics/gudangsoal/files/legit-coin-master-hack-site-zyngaplayerforumscom_GM406889139.pdf",
        "https://e-learning.mtsn1klaten.sch.id/__statics/gudangsoal/files/coin-master-hack-https-coinms-net_GM406889139.pdf",
        "https://e-learning.mtsn1klaten.sch.id/__statics/gudangsoal/files/coin-master-2021-free-spins-link_GM406889139.pdf",
        "https://e-learning.mtsn1klaten.sch.id/__statics/gudangsoal/files/earn-free-robux-for-roblox_GM431946152.pdf",
        "https://e-learning.mtsn1klaten.sch.id/__statics/gudangsoal/files/coin-master-2021-free-spins_GM406889139.pdf",
        "https://e-learning.mtsn1klaten.sch.id/__statics/gudangsoal/files/coin-master-free-spins_GM406889139.pdf"
    ],
    "regex_uris": [
        "https://netcdn.xyz/app/406889139/coin-master-daily-free-spins-today-game-hack",
        "https://netcdn.xyz/app/406889139/coin-master-daily-free-spins-today-game-hack",
        "https://e-learning.mtsn1klaten.sch.id/__statics/gudangsoal/files/coin-master-free-spin-ml_GM406889139.pdf",
        "https://e-learning.mtsn1klaten.sch.id/__statics/gudangsoal/files/coin-master-golden-card-hack_GM406889139.pdf",
        "https://e-learning.mtsn1klaten.sch.id/__statics/gudangsoal/files/how-to-watch-ads-for-free-spins-in-coin-master_GM406889139.pdf",
        "https://e-learning.mtsn1klaten.sch.id/__statics/gudangsoal/files/free-robux-reddit_GM431946152.pdf",
        "https://e-learning.mtsn1klaten.sch.id/__statics/gudangsoal/files/coin-master-free-spins-link-download-free_GM406889139.pdf",
        "https://e-learning.mtsn1klaten.sch.id/__statics/gudangsoal/files/free-cracked-minecraft-server-hosting_GM479516143.pdf",
        "https://e-learning.mtsn1klaten.sch.id/__statics/gudangsoal/files/free-robux-pastebin_GM431946152.pdf",
        "https://e-learning.mtsn1klaten.sch.id/__statics/gudangsoal/files/coin-master-hack-unlimited-spins-apk_GM406889139.pdf",
        "https://e-learning.mtsn1klaten.sch.id/__statics/gudangsoal/files/coin-master-free-spins-and-coins-2021_GM406889139.pdf",
        "https://e-learning.mtsn1klaten.sch.id/__statics/gudangsoal/files/free-roblox-followers-generator_GM431946152.pdf",
        "https://e-learning.mtsn1klaten.sch.id/__statics/gudangsoal/files/hack-a-game_GM431946152.pdf",
        "https://e-learning.mtsn1klaten.sch.id/__statics/gudangsoal/files/oprewards-free-robux_GM431946152.pdf",
        "https://e-learning.mtsn1klaten.sch.id/__statics/gudangsoal/files/coin-master-free-spins-cheat_GM406889139.pdf",
        "https://e-learning.mtsn1klaten.sch.id/__statics/gudangsoal/files/coin-master-free-stuff-links_GM406889139.pdf",
        "https://e-learning.mtsn1klaten.sch.id/__statics/gudangsoal/files/legit-coin-master-hack-site-zyngaplayerforumscom_GM406889139.pdf",
        "https://e-learning.mtsn1klaten.sch.id/__statics/gudangsoal/files/coin-master-hack-https-coinms-net_GM406889139.pdf",
        "https://e-learning.mtsn1klaten.sch.id/__statics/gudangsoal/files/coin-master-2021-free-spins-link_GM406889139.pdf",
        "https://e-learning.mtsn1klaten.sch.id/__statics/gudangsoal/files/earn-free-robux-for-roblox_GM431946152.pdf",
        "https://e-learning.mtsn1klaten.sch.id/__statics/gudangsoal/files/coin-master-2021-free-spins_GM406889139.pdf",
        "https://e-learning.mtsn1klaten.sch.id/__statics/gudangsoal/files/coin-master-free-spins_GM406889139.pdf"
    ],
    "regex_urls": [
        "https",
        "https",
        "https",
        "https",
        "https",
        "https",
        "https",
        "https",
        "https",
        "https",
        "https",
        "https",
        "https",
        "https",
        "https",
        "https",
        "https",
        "https",
        "https",
        "https",
        "https",
        "https",
        "https"
    ],
    "scripts": {
        "iframe": [],
        "urls": []
    },
    "static_properties": {
        "JBIG2Decode": "0",
        "XML_forms": "0",
        "acro_form": "0",
        "auto_action": "0",
        "colors": "0",
        "cross_reference_table": "1",
        "embedded_files": "0",
        "file_size": "48",
        "java_script": "0",
        "js": "0",
        "launch_action": "0",
        "object_end": "66",
        "object_start": "66",
        "object_streams": "0",
        "open_action": "0",
        "page_count": "3",
        "rich_media": "0",
        "start_cross_reference_table": "1",
        "stream_end": "9",
        "stream_start": "9",
        "trailer_dictionary": "1"
    },
    "yara_signatures": [
        "without_attachments",
        "without_images",
        "with_urls",
        "invalid_trailer_structure",
        "contentis_base64"
    ]
}