{
    "exif_signatures": {
        "linearized": {
            "description": "This PDF is linearized",
            "families": [],
            "marks": [],
            "name": "linearized",
            "references": [],
            "severity": 1
        }
    },
    "file_size": 127630,
    "pdfid_signatures": {},
    "pypdf_uris": [
        "https://rocklandbase.site/Prudential-Cambodia-Life-Assurance-Plc/pdf/sitedomen/7|47848|4|1|1|1",
        "https://rocklandbase.site/Prudential-Cambodia-Life-Assurance-Plc/doc/sitedomen/7|47848|4|1|1|1"
    ],
    "regex_uris": [
        "https://rocklandbase.site/Prudential-Cambodia-Life-Assurance-Plc/pdf/sitedomen/7|47848|4|1|1|1) >> /Border [ 0 0 0 ] /Rect [ 18.00 462.00 283.00 387.00 ] /Subtype /Link /Type /Annot >> << /A << /S /URI /URI (https://rocklandbase.site/Prudential-Cambodia-Life-Assurance-Plc/doc/sitedomen/7|47848|4|1|1|1"
    ],
    "regex_urls": [
        "https",
        "https"
    ],
    "scripts": {
        "iframe": [],
        "urls": []
    },
    "static_properties": {
        "JBIG2Decode": "0",
        "XML_forms": "0",
        "acro_form": "0",
        "auto_action": "0",
        "colors": "0",
        "cross_reference_table": "2",
        "embedded_files": "0",
        "file_size": "128",
        "java_script": "0",
        "js": "0",
        "launch_action": "0",
        "object_end": "59",
        "object_start": "59",
        "object_streams": "0",
        "open_action": "0",
        "page_count": "22",
        "rich_media": "0",
        "start_cross_reference_table": "2",
        "stream_end": "24",
        "stream_start": "31",
        "trailer_dictionary": "2"
    },
    "yara_signatures": [
        "without_attachments",
        "without_images",
        "with_urls",
        "multiple_versions",
        "contentis_base64",
        "Big_Numbers1"
    ]
}