{
    "exif_signatures": {},
    "file_size": 34820,
    "pdfid_signatures": {},
    "pypdf_uris": [
        "http://netcdn.tw/app/431946152/free-robux-no-verification-game-hack",
        "http://netcdn.tw/app/431946152/free-robux-no-verification-game-hack",
        "https://dolphintour.vn/images/uploadsfiles/free-daily-spins-from-coin-master_GM406889139.pdf",
        "https://dolphintour.vn/images/uploadsfiles/how-to-get-minecraft-for-free-on-ipad_GM479516143.pdf",
        "https://dolphintour.vn/images/uploadsfiles/free-views-on-tiktok_GM835599320.pdf",
        "https://dolphintour.vn/images/uploadsfiles/roblox-no-download-hack_GM431946152.pdf",
        "https://dolphintour.vn/images/uploadsfiles/coin-master-hack-apk-july-29_GM406889139.pdf",
        "https://dolphintour.vn/images/uploadsfiles/roblox-hacks-for-arsenal_GM431946152.pdf",
        "https://dolphintour.vn/images/uploadsfiles/roblox-codes-for-free-stuff-2021_GM431946152.pdf",
        "https://dolphintour.vn/images/uploadsfiles/codes-to-get-free-robux_GM431946152.pdf",
        "https://dolphintour.vn/images/uploadsfiles/www-coin-master-hack_GM406889139.pdf",
        "https://dolphintour.vn/images/uploadsfiles/minecraft-free-download-windows-10_GM479516143.pdf",
        "https://dolphintour.vn/images/uploadsfiles/free-robux-website-that-works_GM431946152.pdf",
        "https://dolphintour.vn/images/uploadsfiles/coin-master-hack-2021-link_GM406889139.pdf",
        "https://dolphintour.vn/images/uploadsfiles/free-candy-van-roblox-hack_GM431946152.pdf",
        "https://dolphintour.vn/images/uploadsfiles/www-free-robux-com_GM431946152.pdf",
        "https://dolphintour.vn/images/uploadsfiles/roblox-meep-city-how-to-get-free-plus_GM431946152.pdf",
        "https://dolphintour.vn/images/uploadsfiles/free-roblox-exploits-august-2021_GM431946152.pdf",
        "https://dolphintour.vn/images/uploadsfiles/free-robux-plsss_GM431946152.pdf",
        "https://dolphintour.vn/images/uploadsfiles/how-to-get-free-spins-in-coin-master_GM406889139.pdf",
        "https://dolphintour.vn/images/uploadsfiles/how-to-change-your-roblox-username-for-free-2021_GM431946152.pdf",
        "https://dolphintour.vn/images/uploadsfiles/coin-master-game-android-free-download_GM406889139.pdf"
    ],
    "regex_uris": [
        "http://netcdn.tw/app/431946152/free-robux-no-verification-game-hack",
        "http://netcdn.tw/app/431946152/free-robux-no-verification-game-hack",
        "https://dolphintour.vn/images/uploadsfiles/free-daily-spins-from-coin-master_GM406889139.pdf",
        "https://dolphintour.vn/images/uploadsfiles/how-to-get-minecraft-for-free-on-ipad_GM479516143.pdf",
        "https://dolphintour.vn/images/uploadsfiles/free-views-on-tiktok_GM835599320.pdf",
        "https://dolphintour.vn/images/uploadsfiles/roblox-no-download-hack_GM431946152.pdf",
        "https://dolphintour.vn/images/uploadsfiles/coin-master-hack-apk-july-29_GM406889139.pdf",
        "https://dolphintour.vn/images/uploadsfiles/roblox-hacks-for-arsenal_GM431946152.pdf",
        "https://dolphintour.vn/images/uploadsfiles/roblox-codes-for-free-stuff-2021_GM431946152.pdf",
        "https://dolphintour.vn/images/uploadsfiles/codes-to-get-free-robux_GM431946152.pdf",
        "https://dolphintour.vn/images/uploadsfiles/www-coin-master-hack_GM406889139.pdf",
        "https://dolphintour.vn/images/uploadsfiles/minecraft-free-download-windows-10_GM479516143.pdf",
        "https://dolphintour.vn/images/uploadsfiles/free-robux-website-that-works_GM431946152.pdf",
        "https://dolphintour.vn/images/uploadsfiles/coin-master-hack-2021-link_GM406889139.pdf",
        "https://dolphintour.vn/images/uploadsfiles/free-candy-van-roblox-hack_GM431946152.pdf",
        "https://dolphintour.vn/images/uploadsfiles/www-free-robux-com_GM431946152.pdf",
        "https://dolphintour.vn/images/uploadsfiles/roblox-meep-city-how-to-get-free-plus_GM431946152.pdf",
        "https://dolphintour.vn/images/uploadsfiles/free-roblox-exploits-august-2021_GM431946152.pdf",
        "https://dolphintour.vn/images/uploadsfiles/free-robux-plsss_GM431946152.pdf",
        "https://dolphintour.vn/images/uploadsfiles/how-to-get-free-spins-in-coin-master_GM406889139.pdf",
        "https://dolphintour.vn/images/uploadsfiles/how-to-change-your-roblox-username-for-free-2021_GM431946152.pdf",
        "https://dolphintour.vn/images/uploadsfiles/coin-master-game-android-free-download_GM406889139.pdf"
    ],
    "regex_urls": [
        "http://netcdn.tw/app/431946152/free-robux-no-verification-game-hack",
        "http://netcdn.tw/app/431946152/free-robux-no-verification-game-hack",
        "https",
        "https",
        "https",
        "https",
        "https",
        "https",
        "https",
        "https",
        "https",
        "https",
        "https",
        "https",
        "https",
        "https",
        "https",
        "https",
        "https",
        "https",
        "https",
        "https"
    ],
    "scripts": {
        "iframe": [],
        "urls": []
    },
    "static_properties": {
        "JBIG2Decode": "0",
        "XML_forms": "0",
        "acro_form": "0",
        "auto_action": "0",
        "colors": "0",
        "cross_reference_table": "1",
        "embedded_files": "0",
        "file_size": "35",
        "java_script": "0",
        "js": "0",
        "launch_action": "0",
        "object_end": "55",
        "object_start": "55",
        "object_streams": "0",
        "open_action": "0",
        "page_count": "2",
        "rich_media": "0",
        "start_cross_reference_table": "1",
        "stream_end": "6",
        "stream_start": "6",
        "trailer_dictionary": "1"
    },
    "yara_signatures": [
        "without_attachments",
        "without_images",
        "with_urls",
        "invalid_trailer_structure",
        "contentis_base64"
    ]
}