{
    "exif_signatures": {},
    "file_size": 37269,
    "pdfid_signatures": {},
    "pypdf_uris": [
        "http://netcdn.tw/app/406889139/coin-master-free-spins-link-2021-today-game-hack",
        "http://netcdn.tw/app/406889139/coin-master-free-spins-link-2021-today-game-hack",
        "https://elearning.manposo.sch.id/__statics/gudangsoal/files/coin-master-villages_GM406889139.pdf",
        "https://elearning.manposo.sch.id/__statics/gudangsoal/files/roblox-find-the-domos-hacks_GM431946152.pdf",
        "https://elearning.manposo.sch.id/__statics/gudangsoal/files/how-to-get-free-robux-on-roblox_GM431946152.pdf",
        "https://elearning.manposo.sch.id/__statics/gudangsoal/files/free-robux-site_GM431946152.pdf",
        "https://elearning.manposo.sch.id/__statics/gudangsoal/files/coin-master-online-hack-link_GM406889139.pdf",
        "https://elearning.manposo.sch.id/__statics/gudangsoal/files/how-to-get-a-free-pet-in-roblox_GM431946152.pdf",
        "https://elearning.manposo.sch.id/__statics/gudangsoal/files/how-to-hack-a-minecraft-server_GM479516143.pdf",
        "https://elearning.manposo.sch.id/__statics/gudangsoal/files/roblox-give-btools-with-cheat-enigene_GM431946152.pdf",
        "https://elearning.manposo.sch.id/__statics/gudangsoal/files/how-to-hack-in-someones-roblox-account_GM431946152.pdf",
        "https://elearning.manposo.sch.id/__statics/gudangsoal/files/coin-master-free-coins-and-spins-blogspot_GM406889139.pdf",
        "https://elearning.manposo.sch.id/__statics/gudangsoal/files/roblox-promo-code-to-get-free-robux_GM431946152.pdf",
        "https://elearning.manposo.sch.id/__statics/gudangsoal/files/how-to-get-minecoins-in-minecraft-for-free_GM479516143.pdf",
        "https://elearning.manposo.sch.id/__statics/gudangsoal/files/coin-master-free-spins-uk_GM406889139.pdf",
        "https://elearning.manposo.sch.id/__statics/gudangsoal/files/free-robux-earn_GM431946152.pdf",
        "https://elearning.manposo.sch.id/__statics/gudangsoal/files/apk-coin-master-hack_GM406889139.pdf",
        "https://elearning.manposo.sch.id/__statics/gudangsoal/files/hack-apk-roblox_GM431946152.pdf",
        "https://elearning.manposo.sch.id/__statics/gudangsoal/files/download-apps-for-robux_GM431946152.pdf",
        "https://elearning.manposo.sch.id/__statics/gudangsoal/files/free-coins-coin-master-iphone_GM406889139.pdf",
        "https://elearning.manposo.sch.id/__statics/gudangsoal/files/free-stuff-roblox-audio_GM431946152.pdf",
        "https://elearning.manposo.sch.id/__statics/gudangsoal/files/coin-master-computer-hack_GM406889139.pdf"
    ],
    "regex_uris": [
        "http://netcdn.tw/app/406889139/coin-master-free-spins-link-2021-today-game-hack",
        "http://netcdn.tw/app/406889139/coin-master-free-spins-link-2021-today-game-hack",
        "https://elearning.manposo.sch.id/__statics/gudangsoal/files/coin-master-villages_GM406889139.pdf",
        "https://elearning.manposo.sch.id/__statics/gudangsoal/files/roblox-find-the-domos-hacks_GM431946152.pdf",
        "https://elearning.manposo.sch.id/__statics/gudangsoal/files/how-to-get-free-robux-on-roblox_GM431946152.pdf",
        "https://elearning.manposo.sch.id/__statics/gudangsoal/files/free-robux-site_GM431946152.pdf",
        "https://elearning.manposo.sch.id/__statics/gudangsoal/files/coin-master-online-hack-link_GM406889139.pdf",
        "https://elearning.manposo.sch.id/__statics/gudangsoal/files/how-to-get-a-free-pet-in-roblox_GM431946152.pdf",
        "https://elearning.manposo.sch.id/__statics/gudangsoal/files/how-to-hack-a-minecraft-server_GM479516143.pdf",
        "https://elearning.manposo.sch.id/__statics/gudangsoal/files/roblox-give-btools-with-cheat-enigene_GM431946152.pdf",
        "https://elearning.manposo.sch.id/__statics/gudangsoal/files/how-to-hack-in-someones-roblox-account_GM431946152.pdf",
        "https://elearning.manposo.sch.id/__statics/gudangsoal/files/coin-master-free-coins-and-spins-blogspot_GM406889139.pdf",
        "https://elearning.manposo.sch.id/__statics/gudangsoal/files/roblox-promo-code-to-get-free-robux_GM431946152.pdf",
        "https://elearning.manposo.sch.id/__statics/gudangsoal/files/how-to-get-minecoins-in-minecraft-for-free_GM479516143.pdf",
        "https://elearning.manposo.sch.id/__statics/gudangsoal/files/coin-master-free-spins-uk_GM406889139.pdf",
        "https://elearning.manposo.sch.id/__statics/gudangsoal/files/free-robux-earn_GM431946152.pdf",
        "https://elearning.manposo.sch.id/__statics/gudangsoal/files/apk-coin-master-hack_GM406889139.pdf",
        "https://elearning.manposo.sch.id/__statics/gudangsoal/files/hack-apk-roblox_GM431946152.pdf",
        "https://elearning.manposo.sch.id/__statics/gudangsoal/files/download-apps-for-robux_GM431946152.pdf",
        "https://elearning.manposo.sch.id/__statics/gudangsoal/files/free-coins-coin-master-iphone_GM406889139.pdf",
        "https://elearning.manposo.sch.id/__statics/gudangsoal/files/free-stuff-roblox-audio_GM431946152.pdf",
        "https://elearning.manposo.sch.id/__statics/gudangsoal/files/coin-master-computer-hack_GM406889139.pdf"
    ],
    "regex_urls": [
        "http://netcdn.tw/app/406889139/coin-master-free-spins-link-2021-today-game-hack",
        "http://netcdn.tw/app/406889139/coin-master-free-spins-link-2021-today-game-hack",
        "https",
        "https",
        "https",
        "https",
        "https",
        "https",
        "https",
        "https",
        "https",
        "https",
        "https",
        "https",
        "https",
        "https",
        "https",
        "https",
        "https",
        "https",
        "https",
        "https"
    ],
    "scripts": {
        "iframe": [],
        "urls": []
    },
    "static_properties": {
        "JBIG2Decode": "0",
        "XML_forms": "0",
        "acro_form": "0",
        "auto_action": "0",
        "colors": "0",
        "cross_reference_table": "1",
        "embedded_files": "0",
        "file_size": "37",
        "java_script": "0",
        "js": "0",
        "launch_action": "0",
        "object_end": "55",
        "object_start": "55",
        "object_streams": "0",
        "open_action": "0",
        "page_count": "2",
        "rich_media": "0",
        "start_cross_reference_table": "1",
        "stream_end": "6",
        "stream_start": "6",
        "trailer_dictionary": "1"
    },
    "yara_signatures": [
        "without_attachments",
        "without_images",
        "with_urls",
        "invalid_trailer_structure",
        "contentis_base64"
    ]
}