{
    "exif_signatures": {},
    "file_size": 47490,
    "pdfid_signatures": {},
    "pypdf_uris": [
        "https://netcdn.tw/app/431946152/how-to-use-cheat-engine-to-get-robux-game-hack",
        "https://netcdn.tw/app/431946152/how-to-use-cheat-engine-to-get-robux-game-hack",
        "https://www.wearmyspex.com/uploaded_files/userfiles/files/free-pet-snacks-coin-master_GM406889139.pdf",
        "https://www.wearmyspex.com/uploaded_files/userfiles/files/free-robux-exe_GM431946152.pdf",
        "https://www.wearmyspex.com/uploaded_files/userfiles/files/freerobux-hack-us_GM431946152.pdf",
        "https://www.wearmyspex.com/uploaded_files/userfiles/files/free-coins-and-spins-for-coin-master-game_GM406889139.pdf",
        "https://www.wearmyspex.com/uploaded_files/userfiles/files/coin-master-free-spins-link-no-verification_GM406889139.pdf",
        "https://www.wearmyspex.com/uploaded_files/userfiles/files/robux-in_GM431946152.pdf",
        "https://www.wearmyspex.com/uploaded_files/userfiles/files/unlimited-coin-master-free-spins_GM406889139.pdf",
        "https://www.wearmyspex.com/uploaded_files/userfiles/files/roblox-robux-hack-generator_GM431946152.pdf",
        "https://www.wearmyspex.com/uploaded_files/userfiles/files/free-spin-in-coin-master_GM406889139.pdf",
        "https://www.wearmyspex.com/uploaded_files/userfiles/files/minecraft-free-minecraft_GM479516143.pdf",
        "https://www.wearmyspex.com/uploaded_files/userfiles/files/how-to-get-stuff-that-cost-coins-free-mpe-master_GM406889139.pdf",
        "https://www.wearmyspex.com/uploaded_files/userfiles/files/roblox-hack-tool_GM431946152.pdf",
        "https://www.wearmyspex.com/uploaded_files/userfiles/files/how-to-get-free-spins-on-coin-master-2021_GM406889139.pdf",
        "https://www.wearmyspex.com/uploaded_files/userfiles/files/minecraft-bedrock-hacks_GM479516143.pdf",
        "https://www.wearmyspex.com/uploaded_files/userfiles/files/free-spins-coin-master-2021-hack_GM406889139.pdf",
        "https://www.wearmyspex.com/uploaded_files/userfiles/files/roblox-heroes-online_GM431946152.pdf",
        "https://www.wearmyspex.com/uploaded_files/userfiles/files/rich-free-roblox-accounts_GM431946152.pdf",
        "https://www.wearmyspex.com/uploaded_files/userfiles/files/free-minecraft-alt-accounts_GM479516143.pdf",
        "https://www.wearmyspex.com/uploaded_files/userfiles/files/coin-master-free-spin-and-coins-links_GM406889139.pdf",
        "https://www.wearmyspex.com/uploaded_files/userfiles/files/free-coin-master-coins-and-spins_GM406889139.pdf"
    ],
    "regex_uris": [
        "https://netcdn.tw/app/431946152/how-to-use-cheat-engine-to-get-robux-game-hack",
        "https://netcdn.tw/app/431946152/how-to-use-cheat-engine-to-get-robux-game-hack",
        "https://www.wearmyspex.com/uploaded_files/userfiles/files/free-pet-snacks-coin-master_GM406889139.pdf",
        "https://www.wearmyspex.com/uploaded_files/userfiles/files/free-robux-exe_GM431946152.pdf",
        "https://www.wearmyspex.com/uploaded_files/userfiles/files/freerobux-hack-us_GM431946152.pdf",
        "https://www.wearmyspex.com/uploaded_files/userfiles/files/free-coins-and-spins-for-coin-master-game_GM406889139.pdf",
        "https://www.wearmyspex.com/uploaded_files/userfiles/files/coin-master-free-spins-link-no-verification_GM406889139.pdf",
        "https://www.wearmyspex.com/uploaded_files/userfiles/files/robux-in_GM431946152.pdf",
        "https://www.wearmyspex.com/uploaded_files/userfiles/files/unlimited-coin-master-free-spins_GM406889139.pdf",
        "https://www.wearmyspex.com/uploaded_files/userfiles/files/roblox-robux-hack-generator_GM431946152.pdf",
        "https://www.wearmyspex.com/uploaded_files/userfiles/files/free-spin-in-coin-master_GM406889139.pdf",
        "https://www.wearmyspex.com/uploaded_files/userfiles/files/minecraft-free-minecraft_GM479516143.pdf",
        "https://www.wearmyspex.com/uploaded_files/userfiles/files/how-to-get-stuff-that-cost-coins-free-mpe-master_GM406889139.pdf",
        "https://www.wearmyspex.com/uploaded_files/userfiles/files/roblox-hack-tool_GM431946152.pdf",
        "https://www.wearmyspex.com/uploaded_files/userfiles/files/how-to-get-free-spins-on-coin-master-2021_GM406889139.pdf",
        "https://www.wearmyspex.com/uploaded_files/userfiles/files/minecraft-bedrock-hacks_GM479516143.pdf",
        "https://www.wearmyspex.com/uploaded_files/userfiles/files/free-spins-coin-master-2021-hack_GM406889139.pdf",
        "https://www.wearmyspex.com/uploaded_files/userfiles/files/roblox-heroes-online_GM431946152.pdf",
        "https://www.wearmyspex.com/uploaded_files/userfiles/files/rich-free-roblox-accounts_GM431946152.pdf",
        "https://www.wearmyspex.com/uploaded_files/userfiles/files/free-minecraft-alt-accounts_GM479516143.pdf",
        "https://www.wearmyspex.com/uploaded_files/userfiles/files/coin-master-free-spin-and-coins-links_GM406889139.pdf",
        "https://www.wearmyspex.com/uploaded_files/userfiles/files/free-coin-master-coins-and-spins_GM406889139.pdf"
    ],
    "regex_urls": [
        "https",
        "https",
        "https",
        "www.wearmyspex.com/uploaded_files/userfiles/files/free-pet-snacks-coin-master_GM406889139.pdf",
        "https",
        "www.wearmyspex.com/uploaded_files/userfiles/files/free-robux-exe_GM431946152.pdf",
        "https",
        "www.wearmyspex.com/uploaded_files/userfiles/files/freerobux-hack-us_GM431946152.pdf",
        "https",
        "www.wearmyspex.com/uploaded_files/userfiles/files/free-coins-and-spins-for-coin-master-game_GM406889139.pdf",
        "https",
        "www.wearmyspex.com/uploaded_files/userfiles/files/coin-master-free-spins-link-no-verification_GM406889139.pdf",
        "https",
        "www.wearmyspex.com/uploaded_files/userfiles/files/robux-in_GM431946152.pdf",
        "https",
        "www.wearmyspex.com/uploaded_files/userfiles/files/unlimited-coin-master-free-spins_GM406889139.pdf",
        "https",
        "www.wearmyspex.com/uploaded_files/userfiles/files/roblox-robux-hack-generator_GM431946152.pdf",
        "https",
        "www.wearmyspex.com/uploaded_files/userfiles/files/free-spin-in-coin-master_GM406889139.pdf",
        "https",
        "www.wearmyspex.com/uploaded_files/userfiles/files/minecraft-free-minecraft_GM479516143.pdf",
        "https",
        "www.wearmyspex.com/uploaded_files/userfiles/files/how-to-get-stuff-that-cost-coins-free-mpe-master_GM406889139.pdf",
        "https",
        "www.wearmyspex.com/uploaded_files/userfiles/files/roblox-hack-tool_GM431946152.pdf",
        "https",
        "www.wearmyspex.com/uploaded_files/userfiles/files/how-to-get-free-spins-on-coin-master-2021_GM406889139.pdf",
        "https",
        "www.wearmyspex.com/uploaded_files/userfiles/files/minecraft-bedrock-hacks_GM479516143.pdf",
        "https",
        "www.wearmyspex.com/uploaded_files/userfiles/files/free-spins-coin-master-2021-hack_GM406889139.pdf",
        "https",
        "www.wearmyspex.com/uploaded_files/userfiles/files/roblox-heroes-online_GM431946152.pdf",
        "https",
        "www.wearmyspex.com/uploaded_files/userfiles/files/rich-free-roblox-accounts_GM431946152.pdf",
        "https",
        "www.wearmyspex.com/uploaded_files/userfiles/files/free-minecraft-alt-accounts_GM479516143.pdf",
        "https",
        "www.wearmyspex.com/uploaded_files/userfiles/files/coin-master-free-spin-and-coins-links_GM406889139.pdf",
        "https",
        "www.wearmyspex.com/uploaded_files/userfiles/files/free-coin-master-coins-and-spins_GM406889139.pdf"
    ],
    "scripts": {
        "iframe": [],
        "urls": []
    },
    "static_properties": {
        "JBIG2Decode": "0",
        "XML_forms": "0",
        "acro_form": "0",
        "auto_action": "0",
        "colors": "0",
        "cross_reference_table": "1",
        "embedded_files": "0",
        "file_size": "47",
        "java_script": "0",
        "js": "0",
        "launch_action": "0",
        "object_end": "65",
        "object_start": "65",
        "object_streams": "0",
        "open_action": "0",
        "page_count": "4",
        "rich_media": "0",
        "start_cross_reference_table": "1",
        "stream_end": "8",
        "stream_start": "8",
        "trailer_dictionary": "1"
    },
    "yara_signatures": [
        "without_attachments",
        "without_images",
        "with_urls",
        "invalid_trailer_structure",
        "contentis_base64"
    ]
}