{
    "exif_signatures": {},
    "file_size": 96449,
    "pdfid_signatures": {},
    "pypdf_uris": [
        "http://getpdf.pw/book?res=123&isbn=9780812696745&kwd=Mr.%20Monk%20and%20Philosophy%20:%20The%20Curious%20Case%20of%20the%20Defective%20Detective",
        "http://getpdf.pw/book?res=123&isbn=9780812696745&kwd=Mr.%20Monk%20and%20Philosophy%20:%20The%20Curious%20Case%20of%20the%20Defective%20Detective",
        "https://img1.wsimg.com/blobby/go/701295d3-6130-47f9-9cee-6abaee889e56/the-pilates-body-the-ultimate-at-home-guide-to.pdf",
        "https://static.s123-cdn.com/uploads/4659225/normal_61ae0b87434cb.pdf"
    ],
    "regex_uris": [
        "http://getpdf.pw/book?res=123&isbn=9780812696745&kwd=Mr.%20Monk%20and%20Philosophy%20:%20The%20Curious%20Case%20of%20the%20Defective%20Detective",
        "http://getpdf.pw/book?res=123&isbn=9780812696745&kwd=Mr.%20Monk%20and%20Philosophy%20:%20The%20Curious%20Case%20of%20the%20Defective%20Detective",
        "https://img1.wsimg.com/blobby/go/701295d3-6130-47f9-9cee-6abaee889e56/the-pilates-body-the-ultimate-at-home-guide-to.pdf",
        "https://static.s123-cdn.com/uploads/4659225/normal_61ae0b87434cb.pdf"
    ],
    "regex_urls": [
        "http://getpdf.pw/book?res=123",
        "http://getpdf.pw/book?res=123",
        "https",
        "https"
    ],
    "scripts": {
        "iframe": [],
        "urls": []
    },
    "static_properties": {
        "JBIG2Decode": "0",
        "XML_forms": "0",
        "acro_form": "0",
        "auto_action": "0",
        "colors": "0",
        "cross_reference_table": "1",
        "embedded_files": "0",
        "file_size": "96",
        "java_script": "0",
        "js": "0",
        "launch_action": "0",
        "object_end": "64",
        "object_start": "64",
        "object_streams": "0",
        "open_action": "0",
        "page_count": "5",
        "rich_media": "0",
        "start_cross_reference_table": "1",
        "stream_end": "12",
        "stream_start": "12",
        "trailer_dictionary": "1"
    },
    "yara_signatures": [
        "without_attachments",
        "without_images",
        "with_urls",
        "invalid_trailer_structure",
        "contentis_base64"
    ]
}