{
    "exif_signatures": {},
    "file_size": 329689,
    "pdfid_signatures": {},
    "pypdf_uris": [
        "https://blltly.com/2l2841",
        "http://athpaycu.yolasite.com/resources/Structural-Analysis-Modern-By-Using-Material-Properties.pdf",
        "http://scaritnau.yolasite.com/resources/Deep-Freeze-Crack-8632-Full-Version-for-Windows-2022.pdf",
        "http://avreper.yolasite.com/resources/Free-Screen-Video-Recorder-3048703-Premium-Serial-Key-BETTER.pdf",
        "http://cioducrei.yolasite.com/resources/Descargarsolucionariogeretimoshenkocuartaedicion-PORTABLE.pdf",
        "http://bharenta.yolasite.com/resources/Enfermagem-Medico--Cirurgica--Phipps-Sands-Marek2003o.pdf",
        "http://www.tcpdf.org"
    ],
    "regex_uris": [
        "https://blltly.com/2l2841",
        "http://athpaycu.yolasite.com/resources/Structural-Analysis-Modern-By-Using-Material-Properties.pdf",
        "http://scaritnau.yolasite.com/resources/Deep-Freeze-Crack-8632-Full-Version-for-Windows-2022.pdf",
        "http://avreper.yolasite.com/resources/Free-Screen-Video-Recorder-3048703-Premium-Serial-Key-BETTER.pdf",
        "http://cioducrei.yolasite.com/resources/Descargarsolucionariogeretimoshenkocuartaedicion-PORTABLE.pdf",
        "http://bharenta.yolasite.com/resources/Enfermagem-Medico--Cirurgica--Phipps-Sands-Marek2003o.pdf",
        "http://www.tcpdf.org"
    ],
    "regex_urls": [
        "https",
        "http://athpaycu.yolasite.com/resources/Structural-Analysis-Modern-By-Using-Material-Properties.pdf",
        "http://scaritnau.yolasite.com/resources/Deep-Freeze-Crack-8632-Full-Version-for-Windows-2022.pdf",
        "http://avreper.yolasite.com/resources/Free-Screen-Video-Recorder-3048703-Premium-Serial-Key-BETTER.pdf",
        "http://cioducrei.yolasite.com/resources/Descargarsolucionariogeretimoshenkocuartaedicion-PORTABLE.pdf",
        "http://bharenta.yolasite.com/resources/Enfermagem-Medico--Cirurgica--Phipps-Sands-Marek2003o.pdf",
        "http://www.tcpdf.org",
        "http://www.w3.org/1999/02/22-rdf-syntax-ns#",
        "http://purl.org/dc/elements/1.1/",
        "http://ns.adobe.com/xap/1.0/",
        "http://ns.adobe.com/pdf/1.3/",
        "http://ns.adobe.com/xap/1.0/mm/",
        "http://www.aiim.org/pdfa/ns/extension/",
        "http://www.aiim.org/pdfa/ns/schema#",
        "http://www.aiim.org/pdfa/ns/property#",
        "http://ns.adobe.com/pdf/1.3/",
        "http://ns.adobe.com/xap/1.0/mm/",
        "http://www.aiim.org/pdfa/ns/id/"
    ],
    "scripts": {
        "iframe": [],
        "urls": []
    },
    "static_properties": {
        "JBIG2Decode": "0",
        "XML_forms": "0",
        "acro_form": "0",
        "auto_action": "0",
        "colors": "0",
        "cross_reference_table": "1",
        "embedded_files": "0",
        "file_size": "330",
        "java_script": "0",
        "js": "0",
        "launch_action": "0",
        "object_end": "28",
        "object_start": "28",
        "object_streams": "0",
        "open_action": "1",
        "page_count": "3",
        "rich_media": "0",
        "start_cross_reference_table": "1",
        "stream_end": "9",
        "stream_start": "9",
        "trailer_dictionary": "1"
    },
    "yara_signatures": [
        "without_attachments",
        "without_images",
        "with_urls",
        "contentis_base64",
        "Big_Numbers1"
    ]
}