{
    "exif_signatures": {},
    "file_size": 34629,
    "pdfid_signatures": {},
    "pypdf_uris": [
        "http://netcdn.tw/app/431946152/free-robux-on-phone-game-hack",
        "http://netcdn.tw/app/431946152/free-robux-on-phone-game-hack",
        "https://belajar.mtsn4malang.sch.id/__statics/gudangsoal/files/how-to-hack-and-get-free-robux_GM431946152.pdf",
        "https://belajar.mtsn4malang.sch.id/__statics/gudangsoal/files/coin-master-free-chest-link_GM406889139.pdf",
        "https://belajar.mtsn4malang.sch.id/__statics/gudangsoal/files/free-robux-hack-yolasite-com_GM431946152.pdf",
        "https://belajar.mtsn4malang.sch.id/__statics/gudangsoal/files/master-coin-free-spin_GM406889139.pdf",
        "https://belajar.mtsn4malang.sch.id/__statics/gudangsoal/files/wwwfree-face-on-robloxcom_GM431946152.pdf",
        "https://belajar.mtsn4malang.sch.id/__statics/gudangsoal/files/free-robux-today_GM431946152.pdf",
        "https://belajar.mtsn4malang.sch.id/__statics/gudangsoal/files/free-robux-download_GM431946152.pdf",
        "https://belajar.mtsn4malang.sch.id/__statics/gudangsoal/files/minecraft-pe-free-ios_GM479516143.pdf",
        "https://belajar.mtsn4malang.sch.id/__statics/gudangsoal/files/minecraft-mod-menu_GM479516143.pdf",
        "https://belajar.mtsn4malang.sch.id/__statics/gudangsoal/files/coin-master-golden-card-hack_GM406889139.pdf",
        "https://belajar.mtsn4malang.sch.id/__statics/gudangsoal/files/how-to-make-a-cool-free-roblox-avatar_GM431946152.pdf",
        "https://belajar.mtsn4malang.sch.id/__statics/gudangsoal/files/minecraft-life-hacks_GM479516143.pdf",
        "https://belajar.mtsn4malang.sch.id/__statics/gudangsoal/files/free-robux-card-pins_GM431946152.pdf",
        "https://belajar.mtsn4malang.sch.id/__statics/gudangsoal/files/hack-download_GM431946152.pdf",
        "https://belajar.mtsn4malang.sch.id/__statics/gudangsoal/files/coin-master-spins-gratis_GM406889139.pdf",
        "https://belajar.mtsn4malang.sch.id/__statics/gudangsoal/files/hack-game-coin-master_GM406889139.pdf",
        "https://belajar.mtsn4malang.sch.id/__statics/gudangsoal/files/coin-master-online-hack-download_GM406889139.pdf",
        "https://belajar.mtsn4malang.sch.id/__statics/gudangsoal/files/free-robux-come_GM431946152.pdf",
        "https://belajar.mtsn4malang.sch.id/__statics/gudangsoal/files/blox-supply-free-robux_GM431946152.pdf",
        "https://belajar.mtsn4malang.sch.id/__statics/gudangsoal/files/free-robux-for-taylorkittylover1_GM431946152.pdf"
    ],
    "regex_uris": [
        "http://netcdn.tw/app/431946152/free-robux-on-phone-game-hack",
        "http://netcdn.tw/app/431946152/free-robux-on-phone-game-hack",
        "https://belajar.mtsn4malang.sch.id/__statics/gudangsoal/files/how-to-hack-and-get-free-robux_GM431946152.pdf",
        "https://belajar.mtsn4malang.sch.id/__statics/gudangsoal/files/coin-master-free-chest-link_GM406889139.pdf",
        "https://belajar.mtsn4malang.sch.id/__statics/gudangsoal/files/free-robux-hack-yolasite-com_GM431946152.pdf",
        "https://belajar.mtsn4malang.sch.id/__statics/gudangsoal/files/master-coin-free-spin_GM406889139.pdf",
        "https://belajar.mtsn4malang.sch.id/__statics/gudangsoal/files/wwwfree-face-on-robloxcom_GM431946152.pdf",
        "https://belajar.mtsn4malang.sch.id/__statics/gudangsoal/files/free-robux-today_GM431946152.pdf",
        "https://belajar.mtsn4malang.sch.id/__statics/gudangsoal/files/free-robux-download_GM431946152.pdf",
        "https://belajar.mtsn4malang.sch.id/__statics/gudangsoal/files/minecraft-pe-free-ios_GM479516143.pdf",
        "https://belajar.mtsn4malang.sch.id/__statics/gudangsoal/files/minecraft-mod-menu_GM479516143.pdf",
        "https://belajar.mtsn4malang.sch.id/__statics/gudangsoal/files/coin-master-golden-card-hack_GM406889139.pdf",
        "https://belajar.mtsn4malang.sch.id/__statics/gudangsoal/files/how-to-make-a-cool-free-roblox-avatar_GM431946152.pdf",
        "https://belajar.mtsn4malang.sch.id/__statics/gudangsoal/files/minecraft-life-hacks_GM479516143.pdf",
        "https://belajar.mtsn4malang.sch.id/__statics/gudangsoal/files/free-robux-card-pins_GM431946152.pdf",
        "https://belajar.mtsn4malang.sch.id/__statics/gudangsoal/files/hack-download_GM431946152.pdf",
        "https://belajar.mtsn4malang.sch.id/__statics/gudangsoal/files/coin-master-spins-gratis_GM406889139.pdf",
        "https://belajar.mtsn4malang.sch.id/__statics/gudangsoal/files/hack-game-coin-master_GM406889139.pdf",
        "https://belajar.mtsn4malang.sch.id/__statics/gudangsoal/files/coin-master-online-hack-download_GM406889139.pdf",
        "https://belajar.mtsn4malang.sch.id/__statics/gudangsoal/files/free-robux-come_GM431946152.pdf",
        "https://belajar.mtsn4malang.sch.id/__statics/gudangsoal/files/blox-supply-free-robux_GM431946152.pdf",
        "https://belajar.mtsn4malang.sch.id/__statics/gudangsoal/files/free-robux-for-taylorkittylover1_GM431946152.pdf"
    ],
    "regex_urls": [
        "http://netcdn.tw/app/431946152/free-robux-on-phone-game-hack",
        "http://netcdn.tw/app/431946152/free-robux-on-phone-game-hack",
        "https",
        "https",
        "https",
        "https",
        "https",
        "https",
        "https",
        "https",
        "https",
        "https",
        "https",
        "https",
        "https",
        "https",
        "https",
        "https",
        "https",
        "https",
        "https",
        "https"
    ],
    "scripts": {
        "iframe": [],
        "urls": []
    },
    "static_properties": {
        "JBIG2Decode": "0",
        "XML_forms": "0",
        "acro_form": "0",
        "auto_action": "0",
        "colors": "0",
        "cross_reference_table": "1",
        "embedded_files": "0",
        "file_size": "35",
        "java_script": "0",
        "js": "0",
        "launch_action": "0",
        "object_end": "55",
        "object_start": "55",
        "object_streams": "0",
        "open_action": "0",
        "page_count": "2",
        "rich_media": "0",
        "start_cross_reference_table": "1",
        "stream_end": "6",
        "stream_start": "6",
        "trailer_dictionary": "1"
    },
    "yara_signatures": [
        "without_attachments",
        "without_images",
        "with_urls",
        "invalid_trailer_structure",
        "contentis_base64"
    ]
}