{
    "exif_signatures": {},
    "file_size": 36551,
    "pdfid_signatures": {},
    "pypdf_uris": [
        "http://netcdn.tw/app/406889139/download-hacked-games-com-coin-master-game-hack",
        "http://netcdn.tw/app/406889139/download-hacked-games-com-coin-master-game-hack",
        "https://eastwood.co.ke/uploaded_files/userfiles/files/roblox-free-hoverboard_GM431946152.pdf",
        "https://eastwood.co.ke/uploaded_files/userfiles/files/como-hackear-coin-master-en-espaol_GM406889139.pdf",
        "https://eastwood.co.ke/uploaded_files/userfiles/files/free-robux-gift-card-generator_GM431946152.pdf",
        "https://eastwood.co.ke/uploaded_files/userfiles/files/minecraft-multiplayer-free_GM479516143.pdf",
        "https://eastwood.co.ke/uploaded_files/userfiles/files/how-do-you-get-free-roblox-money_GM431946152.pdf",
        "https://eastwood.co.ke/uploaded_files/userfiles/files/how-to-hack-diamonds-roblox-murder-mystery-2_GM431946152.pdf",
        "https://eastwood.co.ke/uploaded_files/userfiles/files/earn-robux-today-earn-robux-today_GM431946152.pdf",
        "https://eastwood.co.ke/uploaded_files/userfiles/files/coin-master-apk-hack-2021-ios_GM406889139.pdf",
        "https://eastwood.co.ke/uploaded_files/userfiles/files/cheat-codes-for-room-roblox_GM431946152.pdf",
        "https://eastwood.co.ke/uploaded_files/userfiles/files/www-roblox-com-robux-free_GM431946152.pdf",
        "https://eastwood.co.ke/uploaded_files/userfiles/files/free-spin-and-win-coin-master_GM406889139.pdf",
        "https://eastwood.co.ke/uploaded_files/userfiles/files/how-to-get-free-robux-2021-pc_GM431946152.pdf",
        "https://eastwood.co.ke/uploaded_files/userfiles/files/free-robux-generator-for-roblox-2021_GM431946152.pdf",
        "https://eastwood.co.ke/uploaded_files/userfiles/files/new-cheat-engine-2021-working-roblox-jailbreak_GM431946152.pdf",
        "https://eastwood.co.ke/uploaded_files/userfiles/files/cute-free-roblox-outfits_GM431946152.pdf",
        "https://eastwood.co.ke/uploaded_files/userfiles/files/free-coin-master-app_GM406889139.pdf",
        "https://eastwood.co.ke/uploaded_files/userfiles/files/how-to-hack-a-roblox-account-with-forgot-password_GM431946152.pdf",
        "https://eastwood.co.ke/uploaded_files/userfiles/files/free-robux-hack-without-downloading_GM431946152.pdf",
        "https://eastwood.co.ke/uploaded_files/userfiles/files/hack-coin-master-8-ball-pool_GM406889139.pdf",
        "https://eastwood.co.ke/uploaded_files/userfiles/files/download-coin-master-hack-tool-v1-9_GM406889139.pdf"
    ],
    "regex_uris": [
        "http://netcdn.tw/app/406889139/download-hacked-games-com-coin-master-game-hack",
        "http://netcdn.tw/app/406889139/download-hacked-games-com-coin-master-game-hack",
        "https://eastwood.co.ke/uploaded_files/userfiles/files/roblox-free-hoverboard_GM431946152.pdf",
        "https://eastwood.co.ke/uploaded_files/userfiles/files/como-hackear-coin-master-en-espaol_GM406889139.pdf",
        "https://eastwood.co.ke/uploaded_files/userfiles/files/free-robux-gift-card-generator_GM431946152.pdf",
        "https://eastwood.co.ke/uploaded_files/userfiles/files/minecraft-multiplayer-free_GM479516143.pdf",
        "https://eastwood.co.ke/uploaded_files/userfiles/files/how-do-you-get-free-roblox-money_GM431946152.pdf",
        "https://eastwood.co.ke/uploaded_files/userfiles/files/how-to-hack-diamonds-roblox-murder-mystery-2_GM431946152.pdf",
        "https://eastwood.co.ke/uploaded_files/userfiles/files/earn-robux-today-earn-robux-today_GM431946152.pdf",
        "https://eastwood.co.ke/uploaded_files/userfiles/files/coin-master-apk-hack-2021-ios_GM406889139.pdf",
        "https://eastwood.co.ke/uploaded_files/userfiles/files/cheat-codes-for-room-roblox_GM431946152.pdf",
        "https://eastwood.co.ke/uploaded_files/userfiles/files/www-roblox-com-robux-free_GM431946152.pdf",
        "https://eastwood.co.ke/uploaded_files/userfiles/files/free-spin-and-win-coin-master_GM406889139.pdf",
        "https://eastwood.co.ke/uploaded_files/userfiles/files/how-to-get-free-robux-2021-pc_GM431946152.pdf",
        "https://eastwood.co.ke/uploaded_files/userfiles/files/free-robux-generator-for-roblox-2021_GM431946152.pdf",
        "https://eastwood.co.ke/uploaded_files/userfiles/files/new-cheat-engine-2021-working-roblox-jailbreak_GM431946152.pdf",
        "https://eastwood.co.ke/uploaded_files/userfiles/files/cute-free-roblox-outfits_GM431946152.pdf",
        "https://eastwood.co.ke/uploaded_files/userfiles/files/free-coin-master-app_GM406889139.pdf",
        "https://eastwood.co.ke/uploaded_files/userfiles/files/how-to-hack-a-roblox-account-with-forgot-password_GM431946152.pdf",
        "https://eastwood.co.ke/uploaded_files/userfiles/files/free-robux-hack-without-downloading_GM431946152.pdf",
        "https://eastwood.co.ke/uploaded_files/userfiles/files/hack-coin-master-8-ball-pool_GM406889139.pdf",
        "https://eastwood.co.ke/uploaded_files/userfiles/files/download-coin-master-hack-tool-v1-9_GM406889139.pdf"
    ],
    "regex_urls": [
        "http://netcdn.tw/app/406889139/download-hacked-games-com-coin-master-game-hack",
        "http://netcdn.tw/app/406889139/download-hacked-games-com-coin-master-game-hack",
        "https",
        "https",
        "https",
        "https",
        "https",
        "https",
        "https",
        "https",
        "https",
        "https",
        "https",
        "https",
        "https",
        "https",
        "https",
        "https",
        "https",
        "https",
        "https",
        "https"
    ],
    "scripts": {
        "iframe": [],
        "urls": []
    },
    "static_properties": {
        "JBIG2Decode": "0",
        "XML_forms": "0",
        "acro_form": "0",
        "auto_action": "0",
        "colors": "0",
        "cross_reference_table": "1",
        "embedded_files": "0",
        "file_size": "37",
        "java_script": "0",
        "js": "0",
        "launch_action": "0",
        "object_end": "55",
        "object_start": "55",
        "object_streams": "0",
        "open_action": "0",
        "page_count": "2",
        "rich_media": "0",
        "start_cross_reference_table": "1",
        "stream_end": "6",
        "stream_start": "6",
        "trailer_dictionary": "1"
    },
    "yara_signatures": [
        "without_attachments",
        "without_images",
        "with_urls",
        "invalid_trailer_structure",
        "contentis_base64"
    ]
}