{
    "exif_signatures": {},
    "file_size": 36609,
    "pdfid_signatures": {},
    "pypdf_uris": [
        "http://netcdn.co/app/431946152/robux-hack-2021-no-survey-verification-game-hack",
        "http://netcdn.co/app/431946152/robux-hack-2021-no-survey-verification-game-hack",
        "https://man1tuban.sch.id/__statics/gudangsoal/files/free-robux-rewards_GM431946152.pdf",
        "https://man1tuban.sch.id/__statics/gudangsoal/files/ghost-simulator-roblox-hack-2021_GM431946152.pdf",
        "https://man1tuban.sch.id/__statics/gudangsoal/files/roblox-welcome-to-bloxburg-free-play_GM431946152.pdf",
        "https://man1tuban.sch.id/__statics/gudangsoal/files/how-to-get-minecraft-windows-10-for-free_GM479516143.pdf",
        "https://man1tuban.sch.id/__statics/gudangsoal/files/coin-master-hack-https-coinms-net_GM406889139.pdf",
        "https://man1tuban.sch.id/__statics/gudangsoal/files/free-links-coin-master_GM406889139.pdf",
        "https://man1tuban.sch.id/__statics/gudangsoal/files/free-links-for-coin-master_GM406889139.pdf",
        "https://man1tuban.sch.id/__statics/gudangsoal/files/coin-master-free-spins-link-facebook_GM406889139.pdf",
        "https://man1tuban.sch.id/__statics/gudangsoal/files/synapse-roblox-free_GM431946152.pdf",
        "https://man1tuban.sch.id/__statics/gudangsoal/files/minecraft-free-download-mobile_GM479516143.pdf",
        "https://man1tuban.sch.id/__statics/gudangsoal/files/how-to-get-free-robux-hack-2021_GM431946152.pdf",
        "https://man1tuban.sch.id/__statics/gudangsoal/files/free-tiktok-app_GM835599320.pdf",
        "https://man1tuban.sch.id/__statics/gudangsoal/files/fb-coin-master-free-spins-link_GM406889139.pdf",
        "https://man1tuban.sch.id/__statics/gudangsoal/files/free-robux-2021_GM431946152.pdf",
        "https://man1tuban.sch.id/__statics/gudangsoal/files/coin-master-daily_GM406889139.pdf",
        "https://man1tuban.sch.id/__statics/gudangsoal/files/how-to-get-free-robux-without-any-verification_GM431946152.pdf",
        "https://man1tuban.sch.id/__statics/gudangsoal/files/all-free-roblox-hats_GM431946152.pdf",
        "https://man1tuban.sch.id/__statics/gudangsoal/files/free-robux-accounts-2021_GM431946152.pdf",
        "https://man1tuban.sch.id/__statics/gudangsoal/files/coin-master-hack-2021_GM406889139.pdf",
        "https://man1tuban.sch.id/__statics/gudangsoal/files/hack-spin-coin-master-2021_GM406889139.pdf"
    ],
    "regex_uris": [
        "http://netcdn.co/app/431946152/robux-hack-2021-no-survey-verification-game-hack",
        "http://netcdn.co/app/431946152/robux-hack-2021-no-survey-verification-game-hack",
        "https://man1tuban.sch.id/__statics/gudangsoal/files/free-robux-rewards_GM431946152.pdf",
        "https://man1tuban.sch.id/__statics/gudangsoal/files/ghost-simulator-roblox-hack-2021_GM431946152.pdf",
        "https://man1tuban.sch.id/__statics/gudangsoal/files/roblox-welcome-to-bloxburg-free-play_GM431946152.pdf",
        "https://man1tuban.sch.id/__statics/gudangsoal/files/how-to-get-minecraft-windows-10-for-free_GM479516143.pdf",
        "https://man1tuban.sch.id/__statics/gudangsoal/files/coin-master-hack-https-coinms-net_GM406889139.pdf",
        "https://man1tuban.sch.id/__statics/gudangsoal/files/free-links-coin-master_GM406889139.pdf",
        "https://man1tuban.sch.id/__statics/gudangsoal/files/free-links-for-coin-master_GM406889139.pdf",
        "https://man1tuban.sch.id/__statics/gudangsoal/files/coin-master-free-spins-link-facebook_GM406889139.pdf",
        "https://man1tuban.sch.id/__statics/gudangsoal/files/synapse-roblox-free_GM431946152.pdf",
        "https://man1tuban.sch.id/__statics/gudangsoal/files/minecraft-free-download-mobile_GM479516143.pdf",
        "https://man1tuban.sch.id/__statics/gudangsoal/files/how-to-get-free-robux-hack-2021_GM431946152.pdf",
        "https://man1tuban.sch.id/__statics/gudangsoal/files/free-tiktok-app_GM835599320.pdf",
        "https://man1tuban.sch.id/__statics/gudangsoal/files/fb-coin-master-free-spins-link_GM406889139.pdf",
        "https://man1tuban.sch.id/__statics/gudangsoal/files/free-robux-2021_GM431946152.pdf",
        "https://man1tuban.sch.id/__statics/gudangsoal/files/coin-master-daily_GM406889139.pdf",
        "https://man1tuban.sch.id/__statics/gudangsoal/files/how-to-get-free-robux-without-any-verification_GM431946152.pdf",
        "https://man1tuban.sch.id/__statics/gudangsoal/files/all-free-roblox-hats_GM431946152.pdf",
        "https://man1tuban.sch.id/__statics/gudangsoal/files/free-robux-accounts-2021_GM431946152.pdf",
        "https://man1tuban.sch.id/__statics/gudangsoal/files/coin-master-hack-2021_GM406889139.pdf",
        "https://man1tuban.sch.id/__statics/gudangsoal/files/hack-spin-coin-master-2021_GM406889139.pdf"
    ],
    "regex_urls": [
        "http://netcdn.co/app/431946152/robux-hack-2021-no-survey-verification-game-hack",
        "http://netcdn.co/app/431946152/robux-hack-2021-no-survey-verification-game-hack",
        "https",
        "https",
        "https",
        "https",
        "https",
        "https",
        "https",
        "https",
        "https",
        "https",
        "https",
        "https",
        "https",
        "https",
        "https",
        "https",
        "https",
        "https",
        "https",
        "https",
        "https"
    ],
    "scripts": {
        "iframe": [],
        "urls": []
    },
    "static_properties": {
        "JBIG2Decode": "0",
        "XML_forms": "0",
        "acro_form": "0",
        "auto_action": "0",
        "colors": "0",
        "cross_reference_table": "1",
        "embedded_files": "0",
        "file_size": "37",
        "java_script": "0",
        "js": "0",
        "launch_action": "0",
        "object_end": "55",
        "object_start": "55",
        "object_streams": "0",
        "open_action": "0",
        "page_count": "2",
        "rich_media": "0",
        "start_cross_reference_table": "1",
        "stream_end": "6",
        "stream_start": "6",
        "trailer_dictionary": "1"
    },
    "yara_signatures": [
        "without_attachments",
        "without_images",
        "with_urls",
        "invalid_trailer_structure",
        "contentis_base64"
    ]
}