{
    "exif_signatures": {},
    "file_size": 35696,
    "pdfid_signatures": {},
    "pypdf_uris": [
        "http://netcdn.tw/app/406889139/coin-master-hack-2021-without-human-verification-game-hack",
        "http://netcdn.tw/app/406889139/coin-master-hack-2021-without-human-verification-game-hack",
        "http://studio-dentistico-fiume.com/files/free-robux-gift-card-codes-800-robux_GM431946152.pdf",
        "http://studio-dentistico-fiume.com/files/roblox-royal-high-cheates_GM431946152.pdf",
        "https://www.studio-dentistico-fiume.com/files/free-items-code-on-roblox_GM431946152.pdf",
        "https://www.studio-dentistico-fiume.com/files/is-minecraft-free-on-nintendo-switch_GM479516143.pdf",
        "https://www.studio-dentistico-fiume.com/files/is-roblox-giving-away-free-robux_GM431946152.pdf",
        "https://www.studio-dentistico-fiume.com/files/minecraft-hacked-client_GM479516143.pdf",
        "https://www.studio-dentistico-fiume.com/files/coin-master-3rd-village-free-2021-gift-card_GM406889139.pdf",
        "https://www.studio-dentistico-fiume.com/files/free-roblox-shirts-templates_GM431946152.pdf",
        "http://studio-dentistico-fiume.com/files/roblox-robux-generator-no-human-verification_GM431946152.pdf",
        "https://www.studio-dentistico-fiume.com/files/roblox-script-hacks_GM431946152.pdf",
        "http://studio-dentistico-fiume.com/files/daily-free-spins-for-coin-master_GM406889139.pdf",
        "https://www.studio-dentistico-fiume.com/files/robux-for-free-on-ipad_GM431946152.pdf",
        "http://studio-dentistico-fiume.com/files/best-free-robux-sites_GM431946152.pdf",
        "http://studio-dentistico-fiume.com/files/get-roblox-for-free_GM431946152.pdf",
        "http://studio-dentistico-fiume.com/files/free-spins-coin-master-links-blogspot_GM406889139.pdf",
        "https://www.studio-dentistico-fiume.com/files/how-to-roblox-script-hack_GM431946152.pdf",
        "http://studio-dentistico-fiume.com/files/login-robux_GM431946152.pdf",
        "https://www.studio-dentistico-fiume.com/files/roblox-hacked-places-free-download_GM431946152.pdf",
        "https://www.studio-dentistico-fiume.com/files/free-coin-spin_GM406889139.pdf",
        "https://www.studio-dentistico-fiume.com/files/coin-master-free-spins-2021-blogspot_GM406889139.pdf"
    ],
    "regex_uris": [
        "http://netcdn.tw/app/406889139/coin-master-hack-2021-without-human-verification-game-hack",
        "http://netcdn.tw/app/406889139/coin-master-hack-2021-without-human-verification-game-hack",
        "http://studio-dentistico-fiume.com/files/free-robux-gift-card-codes-800-robux_GM431946152.pdf",
        "http://studio-dentistico-fiume.com/files/roblox-royal-high-cheates_GM431946152.pdf",
        "https://www.studio-dentistico-fiume.com/files/free-items-code-on-roblox_GM431946152.pdf",
        "https://www.studio-dentistico-fiume.com/files/is-minecraft-free-on-nintendo-switch_GM479516143.pdf",
        "https://www.studio-dentistico-fiume.com/files/is-roblox-giving-away-free-robux_GM431946152.pdf",
        "https://www.studio-dentistico-fiume.com/files/minecraft-hacked-client_GM479516143.pdf",
        "https://www.studio-dentistico-fiume.com/files/coin-master-3rd-village-free-2021-gift-card_GM406889139.pdf",
        "https://www.studio-dentistico-fiume.com/files/free-roblox-shirts-templates_GM431946152.pdf",
        "http://studio-dentistico-fiume.com/files/roblox-robux-generator-no-human-verification_GM431946152.pdf",
        "https://www.studio-dentistico-fiume.com/files/roblox-script-hacks_GM431946152.pdf",
        "http://studio-dentistico-fiume.com/files/daily-free-spins-for-coin-master_GM406889139.pdf",
        "https://www.studio-dentistico-fiume.com/files/robux-for-free-on-ipad_GM431946152.pdf",
        "http://studio-dentistico-fiume.com/files/best-free-robux-sites_GM431946152.pdf",
        "http://studio-dentistico-fiume.com/files/get-roblox-for-free_GM431946152.pdf",
        "http://studio-dentistico-fiume.com/files/free-spins-coin-master-links-blogspot_GM406889139.pdf",
        "https://www.studio-dentistico-fiume.com/files/how-to-roblox-script-hack_GM431946152.pdf",
        "http://studio-dentistico-fiume.com/files/login-robux_GM431946152.pdf",
        "https://www.studio-dentistico-fiume.com/files/roblox-hacked-places-free-download_GM431946152.pdf",
        "https://www.studio-dentistico-fiume.com/files/free-coin-spin_GM406889139.pdf",
        "https://www.studio-dentistico-fiume.com/files/coin-master-free-spins-2021-blogspot_GM406889139.pdf"
    ],
    "regex_urls": [
        "http://netcdn.tw/app/406889139/coin-master-hack-2021-without-human-verification-game-hack",
        "http://netcdn.tw/app/406889139/coin-master-hack-2021-without-human-verification-game-hack",
        "http://studio-dentistico-fiume.com/files/free-robux-gift-card-codes-800-robux_GM431946152.pdf",
        "http://studio-dentistico-fiume.com/files/roblox-royal-high-cheates_GM431946152.pdf",
        "https",
        "www.studio-dentistico-fiume.com/files/free-items-code-on-roblox_GM431946152.pdf",
        "https",
        "www.studio-dentistico-fiume.com/files/is-minecraft-free-on-nintendo-switch_GM479516143.pdf",
        "https",
        "www.studio-dentistico-fiume.com/files/is-roblox-giving-away-free-robux_GM431946152.pdf",
        "https",
        "www.studio-dentistico-fiume.com/files/minecraft-hacked-client_GM479516143.pdf",
        "https",
        "www.studio-dentistico-fiume.com/files/coin-master-3rd-village-free-2021-gift-card_GM406889139.pdf",
        "https",
        "www.studio-dentistico-fiume.com/files/free-roblox-shirts-templates_GM431946152.pdf",
        "http://studio-dentistico-fiume.com/files/roblox-robux-generator-no-human-verification_GM431946152.pdf",
        "https",
        "www.studio-dentistico-fiume.com/files/roblox-script-hacks_GM431946152.pdf",
        "http://studio-dentistico-fiume.com/files/daily-free-spins-for-coin-master_GM406889139.pdf",
        "https",
        "www.studio-dentistico-fiume.com/files/robux-for-free-on-ipad_GM431946152.pdf",
        "http://studio-dentistico-fiume.com/files/best-free-robux-sites_GM431946152.pdf",
        "http://studio-dentistico-fiume.com/files/get-roblox-for-free_GM431946152.pdf",
        "http://studio-dentistico-fiume.com/files/free-spins-coin-master-links-blogspot_GM406889139.pdf",
        "https",
        "www.studio-dentistico-fiume.com/files/how-to-roblox-script-hack_GM431946152.pdf",
        "http://studio-dentistico-fiume.com/files/login-robux_GM431946152.pdf",
        "https",
        "www.studio-dentistico-fiume.com/files/roblox-hacked-places-free-download_GM431946152.pdf",
        "https",
        "www.studio-dentistico-fiume.com/files/free-coin-spin_GM406889139.pdf",
        "https",
        "www.studio-dentistico-fiume.com/files/coin-master-free-spins-2021-blogspot_GM406889139.pdf"
    ],
    "scripts": {
        "iframe": [],
        "urls": []
    },
    "static_properties": {
        "JBIG2Decode": "0",
        "XML_forms": "0",
        "acro_form": "0",
        "auto_action": "0",
        "colors": "0",
        "cross_reference_table": "1",
        "embedded_files": "0",
        "file_size": "36",
        "java_script": "0",
        "js": "0",
        "launch_action": "0",
        "object_end": "55",
        "object_start": "55",
        "object_streams": "0",
        "open_action": "0",
        "page_count": "2",
        "rich_media": "0",
        "start_cross_reference_table": "1",
        "stream_end": "6",
        "stream_start": "6",
        "trailer_dictionary": "1"
    },
    "yara_signatures": [
        "without_attachments",
        "without_images",
        "with_urls",
        "invalid_trailer_structure",
        "contentis_base64"
    ]
}