{
    "exif_signatures": {},
    "file_size": 85488,
    "pdfid_signatures": {},
    "pypdf_uris": [
        "http://getpdf.pw/book?res=123&isbn=9780226768779&kwd=Disciplining%20the%20Poor%20:%20Neoliberal%20Paternalism%20and%20the%20Persistent%20Power%20of%20Race",
        "http://getpdf.pw/book?res=123&isbn=9780226768779&kwd=Disciplining%20the%20Poor%20:%20Neoliberal%20Paternalism%20and%20the%20Persistent%20Power%20of%20Race",
        "https://static.s123-cdn.com/uploads/4660025/normal_61afc4749925a.pdf",
        "https://img1.wsimg.com/blobby/go/b843552e-1dbb-4b59-ad57-3db4cb8d55bc/the-wanderers-havamal-577.pdf",
        "https://static.s123-cdn-static-d.com/uploads/4660385/normal_61af7266e61da.pdf"
    ],
    "regex_uris": [
        "http://getpdf.pw/book?res=123&isbn=9780226768779&kwd=Disciplining%20the%20Poor%20:%20Neoliberal%20Paternalism%20and%20the%20Persistent%20Power%20of%20Race",
        "http://getpdf.pw/book?res=123&isbn=9780226768779&kwd=Disciplining%20the%20Poor%20:%20Neoliberal%20Paternalism%20and%20the%20Persistent%20Power%20of%20Race",
        "https://static.s123-cdn.com/uploads/4660025/normal_61afc4749925a.pdf",
        "https://img1.wsimg.com/blobby/go/b843552e-1dbb-4b59-ad57-3db4cb8d55bc/the-wanderers-havamal-577.pdf",
        "https://static.s123-cdn-static-d.com/uploads/4660385/normal_61af7266e61da.pdf"
    ],
    "regex_urls": [
        "http://getpdf.pw/book?res=123",
        "http://getpdf.pw/book?res=123",
        "https",
        "https",
        "https"
    ],
    "scripts": {
        "iframe": [],
        "urls": []
    },
    "static_properties": {
        "JBIG2Decode": "0",
        "XML_forms": "0",
        "acro_form": "0",
        "auto_action": "0",
        "colors": "0",
        "cross_reference_table": "1",
        "embedded_files": "0",
        "file_size": "85",
        "java_script": "0",
        "js": "0",
        "launch_action": "0",
        "object_end": "56",
        "object_start": "56",
        "object_streams": "0",
        "open_action": "0",
        "page_count": "4",
        "rich_media": "0",
        "start_cross_reference_table": "1",
        "stream_end": "11",
        "stream_start": "11",
        "trailer_dictionary": "1"
    },
    "yara_signatures": [
        "without_attachments",
        "without_images",
        "with_urls",
        "invalid_trailer_structure",
        "contentis_base64"
    ]
}