{
    "exif_signatures": {},
    "file_size": 44655,
    "pdfid_signatures": {},
    "pypdf_uris": [
        "https://netcdn.xyz/app/406889139/coin-master-free-spins-link-2021-today-game-hack",
        "https://netcdn.xyz/app/406889139/coin-master-free-spins-link-2021-today-game-hack",
        "http://www.js100.com/uploads/ckeditor/files/coin-master-free-spins-link-no-verification-2021_GM406889139.pdf",
        "http://www.js100.com/uploads/ckeditor/files/buxblast-com-robux_GM431946152.pdf",
        "http://www.js100.com/uploads/ckeditor/files/how-to-get-free-robux-no-survey_GM431946152.pdf",
        "http://www.js100.com/uploads/ckeditor/files/free-robux-no-verification-or-survey-2021_GM431946152.pdf",
        "http://www.js100.com/uploads/ckeditor/files/how-to-get-free-robux-codes_GM431946152.pdf",
        "http://www.js100.com/uploads/ckeditor/files/is-minecraft-dungeons-free_GM479516143.pdf",
        "http://www.js100.com/uploads/ckeditor/files/codes-to-get-free-robux_GM431946152.pdf",
        "http://www.js100.com/uploads/ckeditor/files/coin-master-hack-apk-33-download_GM406889139.pdf",
        "http://www.js100.com/uploads/ckeditor/files/how-to-hack-coin-master-computer_GM406889139.pdf",
        "http://www.js100.com/uploads/ckeditor/files/how-to-get-free-robux-for-real_GM431946152.pdf",
        "http://www.js100.com/uploads/ckeditor/files/free-robux-hack_GM431946152.pdf",
        "http://www.js100.com/uploads/ckeditor/files/free-coins-and-free-spins-coin-master-2021_GM406889139.pdf",
        "http://www.js100.com/uploads/ckeditor/files/114-4-hacks_GM479516143.pdf",
        "http://www.js100.com/uploads/ckeditor/files/how-to-get-minecraft-realms-for-free_GM479516143.pdf",
        "http://www.js100.com/uploads/ckeditor/files/how-to-change-username-on-roblox-for-free_GM431946152.pdf",
        "http://www.js100.com/uploads/ckeditor/files/how-do-we-get-free-robux_GM431946152.pdf",
        "http://www.js100.com/uploads/ckeditor/files/robux-hack_GM431946152.pdf",
        "http://www.js100.com/uploads/ckeditor/files/how-to-hack-coin-master-in-pc_GM406889139.pdf",
        "http://www.js100.com/uploads/ckeditor/files/free-spins-and-coins-coin-master-app_GM406889139.pdf",
        "http://www.js100.com/uploads/ckeditor/files/coin-master-freebies_GM406889139.pdf"
    ],
    "regex_uris": [
        "https://netcdn.xyz/app/406889139/coin-master-free-spins-link-2021-today-game-hack",
        "https://netcdn.xyz/app/406889139/coin-master-free-spins-link-2021-today-game-hack",
        "http://www.js100.com/uploads/ckeditor/files/coin-master-free-spins-link-no-verification-2021_GM406889139.pdf",
        "http://www.js100.com/uploads/ckeditor/files/buxblast-com-robux_GM431946152.pdf",
        "http://www.js100.com/uploads/ckeditor/files/how-to-get-free-robux-no-survey_GM431946152.pdf",
        "http://www.js100.com/uploads/ckeditor/files/free-robux-no-verification-or-survey-2021_GM431946152.pdf",
        "http://www.js100.com/uploads/ckeditor/files/how-to-get-free-robux-codes_GM431946152.pdf",
        "http://www.js100.com/uploads/ckeditor/files/is-minecraft-dungeons-free_GM479516143.pdf",
        "http://www.js100.com/uploads/ckeditor/files/codes-to-get-free-robux_GM431946152.pdf",
        "http://www.js100.com/uploads/ckeditor/files/coin-master-hack-apk-33-download_GM406889139.pdf",
        "http://www.js100.com/uploads/ckeditor/files/how-to-hack-coin-master-computer_GM406889139.pdf",
        "http://www.js100.com/uploads/ckeditor/files/how-to-get-free-robux-for-real_GM431946152.pdf",
        "http://www.js100.com/uploads/ckeditor/files/free-robux-hack_GM431946152.pdf",
        "http://www.js100.com/uploads/ckeditor/files/free-coins-and-free-spins-coin-master-2021_GM406889139.pdf",
        "http://www.js100.com/uploads/ckeditor/files/114-4-hacks_GM479516143.pdf",
        "http://www.js100.com/uploads/ckeditor/files/how-to-get-minecraft-realms-for-free_GM479516143.pdf",
        "http://www.js100.com/uploads/ckeditor/files/how-to-change-username-on-roblox-for-free_GM431946152.pdf",
        "http://www.js100.com/uploads/ckeditor/files/how-do-we-get-free-robux_GM431946152.pdf",
        "http://www.js100.com/uploads/ckeditor/files/robux-hack_GM431946152.pdf",
        "http://www.js100.com/uploads/ckeditor/files/how-to-hack-coin-master-in-pc_GM406889139.pdf",
        "http://www.js100.com/uploads/ckeditor/files/free-spins-and-coins-coin-master-app_GM406889139.pdf",
        "http://www.js100.com/uploads/ckeditor/files/coin-master-freebies_GM406889139.pdf"
    ],
    "regex_urls": [
        "https",
        "https",
        "http://www.js100.com/uploads/ckeditor/files/coin-master-free-spins-link-no-verification-2021_GM406889139.pdf",
        "http://www.js100.com/uploads/ckeditor/files/buxblast-com-robux_GM431946152.pdf",
        "http://www.js100.com/uploads/ckeditor/files/how-to-get-free-robux-no-survey_GM431946152.pdf",
        "http://www.js100.com/uploads/ckeditor/files/free-robux-no-verification-or-survey-2021_GM431946152.pdf",
        "http://www.js100.com/uploads/ckeditor/files/how-to-get-free-robux-codes_GM431946152.pdf",
        "http://www.js100.com/uploads/ckeditor/files/is-minecraft-dungeons-free_GM479516143.pdf",
        "http://www.js100.com/uploads/ckeditor/files/codes-to-get-free-robux_GM431946152.pdf",
        "http://www.js100.com/uploads/ckeditor/files/coin-master-hack-apk-33-download_GM406889139.pdf",
        "http://www.js100.com/uploads/ckeditor/files/how-to-hack-coin-master-computer_GM406889139.pdf",
        "http://www.js100.com/uploads/ckeditor/files/how-to-get-free-robux-for-real_GM431946152.pdf",
        "http://www.js100.com/uploads/ckeditor/files/free-robux-hack_GM431946152.pdf",
        "http://www.js100.com/uploads/ckeditor/files/free-coins-and-free-spins-coin-master-2021_GM406889139.pdf",
        "http://www.js100.com/uploads/ckeditor/files/114-4-hacks_GM479516143.pdf",
        "http://www.js100.com/uploads/ckeditor/files/how-to-get-minecraft-realms-for-free_GM479516143.pdf",
        "http://www.js100.com/uploads/ckeditor/files/how-to-change-username-on-roblox-for-free_GM431946152.pdf",
        "http://www.js100.com/uploads/ckeditor/files/how-do-we-get-free-robux_GM431946152.pdf",
        "http://www.js100.com/uploads/ckeditor/files/robux-hack_GM431946152.pdf",
        "http://www.js100.com/uploads/ckeditor/files/how-to-hack-coin-master-in-pc_GM406889139.pdf",
        "http://www.js100.com/uploads/ckeditor/files/free-spins-and-coins-coin-master-app_GM406889139.pdf",
        "http://www.js100.com/uploads/ckeditor/files/coin-master-freebies_GM406889139.pdf"
    ],
    "scripts": {
        "iframe": [],
        "urls": []
    },
    "static_properties": {
        "JBIG2Decode": "0",
        "XML_forms": "0",
        "acro_form": "0",
        "auto_action": "0",
        "colors": "0",
        "cross_reference_table": "1",
        "embedded_files": "0",
        "file_size": "45",
        "java_script": "0",
        "js": "0",
        "launch_action": "0",
        "object_end": "60",
        "object_start": "60",
        "object_streams": "0",
        "open_action": "0",
        "page_count": "3",
        "rich_media": "0",
        "start_cross_reference_table": "1",
        "stream_end": "7",
        "stream_start": "7",
        "trailer_dictionary": "1"
    },
    "yara_signatures": [
        "without_attachments",
        "without_images",
        "with_urls",
        "invalid_trailer_structure",
        "contentis_base64"
    ]
}