{
    "exif_signatures": {},
    "file_size": 47339,
    "pdfid_signatures": {},
    "pypdf_uris": [
        "https://netcdn.xyz/app/406889139/coin-master-free-spins-link-today-2021-game-hack",
        "https://netcdn.xyz/app/406889139/coin-master-free-spins-link-today-2021-game-hack",
        "https://www.awmedicine.com/uploaded_files/userfiles/files/get-free-robux-without-doing-anything_GM431946152.pdf",
        "https://www.awmedicine.com/uploaded_files/userfiles/files/coin-master-hack-reddit_GM406889139.pdf",
        "https://www.awmedicine.com/uploaded_files/userfiles/files/is-minecraft-java-edition-free_GM479516143.pdf",
        "https://www.awmedicine.com/uploaded_files/userfiles/files/coin-master-hoe-to-get-extra-free-spins_GM406889139.pdf",
        "https://www.awmedicine.com/uploaded_files/userfiles/files/how-to-get-free-unlimited-robux_GM431946152.pdf",
        "https://www.awmedicine.com/uploaded_files/userfiles/files/coin-master-hack-here_GM406889139.pdf",
        "https://www.awmedicine.com/uploaded_files/userfiles/files/coin-master-game-hack-app_GM406889139.pdf",
        "https://www.awmedicine.com/uploaded_files/userfiles/files/coin-master-hack-2021-apk_GM406889139.pdf",
        "https://www.awmedicine.com/uploaded_files/userfiles/files/freerobuxhack-us-2021_GM431946152.pdf",
        "https://www.awmedicine.com/uploaded_files/userfiles/files/how-to-get-minecraft-for-free_GM479516143.pdf",
        "https://www.awmedicine.com/uploaded_files/userfiles/files/minecraft-free-trial_GM479516143.pdf",
        "https://www.awmedicine.com/uploaded_files/userfiles/files/coin-master-free-spins-cheat-deutsch_GM406889139.pdf",
        "https://www.awmedicine.com/uploaded_files/userfiles/files/moonactive-coin-master-free-spins_GM406889139.pdf",
        "https://www.awmedicine.com/uploaded_files/userfiles/files/how-to-get-free-robux-on-roblox-2021_GM431946152.pdf",
        "https://www.awmedicine.com/uploaded_files/userfiles/files/free-spins-on-coin-master-hack_GM406889139.pdf",
        "https://www.awmedicine.com/uploaded_files/userfiles/files/free-coin-master-s_GM406889139.pdf",
        "https://www.awmedicine.com/uploaded_files/userfiles/files/robux-free-co_GM431946152.pdf",
        "https://www.awmedicine.com/uploaded_files/userfiles/files/coin-master-hack_GM406889139.pdf",
        "https://www.awmedicine.com/uploaded_files/userfiles/files/roblox-hack-download-pc_GM431946152.pdf",
        "https://www.awmedicine.com/uploaded_files/userfiles/files/how-to-hack-roblox-accounts-for-robux_GM431946152.pdf"
    ],
    "regex_uris": [
        "https://netcdn.xyz/app/406889139/coin-master-free-spins-link-today-2021-game-hack",
        "https://netcdn.xyz/app/406889139/coin-master-free-spins-link-today-2021-game-hack",
        "https://www.awmedicine.com/uploaded_files/userfiles/files/get-free-robux-without-doing-anything_GM431946152.pdf",
        "https://www.awmedicine.com/uploaded_files/userfiles/files/coin-master-hack-reddit_GM406889139.pdf",
        "https://www.awmedicine.com/uploaded_files/userfiles/files/is-minecraft-java-edition-free_GM479516143.pdf",
        "https://www.awmedicine.com/uploaded_files/userfiles/files/coin-master-hoe-to-get-extra-free-spins_GM406889139.pdf",
        "https://www.awmedicine.com/uploaded_files/userfiles/files/how-to-get-free-unlimited-robux_GM431946152.pdf",
        "https://www.awmedicine.com/uploaded_files/userfiles/files/coin-master-hack-here_GM406889139.pdf",
        "https://www.awmedicine.com/uploaded_files/userfiles/files/coin-master-game-hack-app_GM406889139.pdf",
        "https://www.awmedicine.com/uploaded_files/userfiles/files/coin-master-hack-2021-apk_GM406889139.pdf",
        "https://www.awmedicine.com/uploaded_files/userfiles/files/freerobuxhack-us-2021_GM431946152.pdf",
        "https://www.awmedicine.com/uploaded_files/userfiles/files/how-to-get-minecraft-for-free_GM479516143.pdf",
        "https://www.awmedicine.com/uploaded_files/userfiles/files/minecraft-free-trial_GM479516143.pdf",
        "https://www.awmedicine.com/uploaded_files/userfiles/files/coin-master-free-spins-cheat-deutsch_GM406889139.pdf",
        "https://www.awmedicine.com/uploaded_files/userfiles/files/moonactive-coin-master-free-spins_GM406889139.pdf",
        "https://www.awmedicine.com/uploaded_files/userfiles/files/how-to-get-free-robux-on-roblox-2021_GM431946152.pdf",
        "https://www.awmedicine.com/uploaded_files/userfiles/files/free-spins-on-coin-master-hack_GM406889139.pdf",
        "https://www.awmedicine.com/uploaded_files/userfiles/files/free-coin-master-s_GM406889139.pdf",
        "https://www.awmedicine.com/uploaded_files/userfiles/files/robux-free-co_GM431946152.pdf",
        "https://www.awmedicine.com/uploaded_files/userfiles/files/coin-master-hack_GM406889139.pdf",
        "https://www.awmedicine.com/uploaded_files/userfiles/files/roblox-hack-download-pc_GM431946152.pdf",
        "https://www.awmedicine.com/uploaded_files/userfiles/files/how-to-hack-roblox-accounts-for-robux_GM431946152.pdf"
    ],
    "regex_urls": [
        "https",
        "https",
        "https",
        "www.awmedicine.com/uploaded_files/userfiles/files/get-free-robux-without-doing-anything_GM431946152.pdf",
        "https",
        "www.awmedicine.com/uploaded_files/userfiles/files/coin-master-hack-reddit_GM406889139.pdf",
        "https",
        "www.awmedicine.com/uploaded_files/userfiles/files/is-minecraft-java-edition-free_GM479516143.pdf",
        "https",
        "www.awmedicine.com/uploaded_files/userfiles/files/coin-master-hoe-to-get-extra-free-spins_GM406889139.pdf",
        "https",
        "www.awmedicine.com/uploaded_files/userfiles/files/how-to-get-free-unlimited-robux_GM431946152.pdf",
        "https",
        "www.awmedicine.com/uploaded_files/userfiles/files/coin-master-hack-here_GM406889139.pdf",
        "https",
        "www.awmedicine.com/uploaded_files/userfiles/files/coin-master-game-hack-app_GM406889139.pdf",
        "https",
        "www.awmedicine.com/uploaded_files/userfiles/files/coin-master-hack-2021-apk_GM406889139.pdf",
        "https",
        "www.awmedicine.com/uploaded_files/userfiles/files/freerobuxhack-us-2021_GM431946152.pdf",
        "https",
        "www.awmedicine.com/uploaded_files/userfiles/files/how-to-get-minecraft-for-free_GM479516143.pdf",
        "https",
        "www.awmedicine.com/uploaded_files/userfiles/files/minecraft-free-trial_GM479516143.pdf",
        "https",
        "www.awmedicine.com/uploaded_files/userfiles/files/coin-master-free-spins-cheat-deutsch_GM406889139.pdf",
        "https",
        "www.awmedicine.com/uploaded_files/userfiles/files/moonactive-coin-master-free-spins_GM406889139.pdf",
        "https",
        "www.awmedicine.com/uploaded_files/userfiles/files/how-to-get-free-robux-on-roblox-2021_GM431946152.pdf",
        "https",
        "www.awmedicine.com/uploaded_files/userfiles/files/free-spins-on-coin-master-hack_GM406889139.pdf",
        "https",
        "www.awmedicine.com/uploaded_files/userfiles/files/free-coin-master-s_GM406889139.pdf",
        "https",
        "www.awmedicine.com/uploaded_files/userfiles/files/robux-free-co_GM431946152.pdf",
        "https",
        "www.awmedicine.com/uploaded_files/userfiles/files/coin-master-hack_GM406889139.pdf",
        "https",
        "www.awmedicine.com/uploaded_files/userfiles/files/roblox-hack-download-pc_GM431946152.pdf",
        "https",
        "www.awmedicine.com/uploaded_files/userfiles/files/how-to-hack-roblox-accounts-for-robux_GM431946152.pdf"
    ],
    "scripts": {
        "iframe": [],
        "urls": []
    },
    "static_properties": {
        "JBIG2Decode": "0",
        "XML_forms": "0",
        "acro_form": "0",
        "auto_action": "0",
        "colors": "0",
        "cross_reference_table": "1",
        "embedded_files": "0",
        "file_size": "47",
        "java_script": "0",
        "js": "0",
        "launch_action": "0",
        "object_end": "66",
        "object_start": "66",
        "object_streams": "0",
        "open_action": "0",
        "page_count": "3",
        "rich_media": "0",
        "start_cross_reference_table": "1",
        "stream_end": "9",
        "stream_start": "9",
        "trailer_dictionary": "1"
    },
    "yara_signatures": [
        "without_attachments",
        "without_images",
        "with_urls",
        "invalid_trailer_structure",
        "contentis_base64"
    ]
}