{
    "exif_signatures": {},
    "file_size": 35557,
    "pdfid_signatures": {},
    "pypdf_uris": [
        "http://netcdn.tw/app/406889139/i-need-more-free-spins-on-coin-master-game-hack",
        "http://netcdn.tw/app/406889139/i-need-more-free-spins-on-coin-master-game-hack",
        "https://khavarrooy.com/assets/uploads/pages/files/hack-roblox-android_GM431946152.pdf",
        "https://khavarrooy.com/assets/uploads/pages/files/minecraft-free-exe_GM479516143.pdf",
        "https://khavarrooy.com/assets/uploads/pages/files/how-to-speed-hack-on-roblox-no-download_GM431946152.pdf",
        "https://khavarrooy.com/assets/uploads/pages/files/coin-master-hack-android-root_GM406889139.pdf",
        "https://khavarrooy.com/assets/uploads/pages/files/free-robux-generator-no-verification_GM431946152.pdf",
        "https://khavarrooy.com/assets/uploads/pages/files/roblox-com-free-robux_GM431946152.pdf",
        "https://khavarrooy.com/assets/uploads/pages/files/roblox-rocitizens-cheats-2021_GM431946152.pdf",
        "https://khavarrooy.com/assets/uploads/pages/files/como-descargar-el-hack-de-roblox-tools_GM431946152.pdf",
        "https://khavarrooy.com/assets/uploads/pages/files/roblox-generator_GM431946152.pdf",
        "https://khavarrooy.com/assets/uploads/pages/files/rbx-sites_GM431946152.pdf",
        "https://khavarrooy.com/assets/uploads/pages/files/coin-master-ids-for-free-spins_GM406889139.pdf",
        "https://khavarrooy.com/assets/uploads/pages/files/does-roblox-premium-expire_GM431946152.pdf",
        "https://khavarrooy.com/assets/uploads/pages/files/public-enemy-sun-prairie-coin-master-free-spins_GM406889139.pdf",
        "https://khavarrooy.com/assets/uploads/pages/files/synapses-roblox-exploit-free_GM431946152.pdf",
        "https://khavarrooy.com/assets/uploads/pages/files/on-roblox-adopt-me-how-do-u-hack-someones-pet_GM431946152.pdf",
        "https://khavarrooy.com/assets/uploads/pages/files/are-there-any-coin-master-hacks-that-actually-work_GM406889139.pdf",
        "https://khavarrooy.com/assets/uploads/pages/files/free-robux-here_GM431946152.pdf",
        "https://khavarrooy.com/assets/uploads/pages/files/free-spins-generated-from-coin-master_GM406889139.pdf",
        "https://khavarrooy.com/assets/uploads/pages/files/chisel-and-bits-mod-minecraft-pe_GM479516143.pdf",
        "https://khavarrooy.com/assets/uploads/pages/files/free-coin-spin-daily-link-coin-master_GM406889139.pdf"
    ],
    "regex_uris": [
        "http://netcdn.tw/app/406889139/i-need-more-free-spins-on-coin-master-game-hack",
        "http://netcdn.tw/app/406889139/i-need-more-free-spins-on-coin-master-game-hack",
        "https://khavarrooy.com/assets/uploads/pages/files/hack-roblox-android_GM431946152.pdf",
        "https://khavarrooy.com/assets/uploads/pages/files/minecraft-free-exe_GM479516143.pdf",
        "https://khavarrooy.com/assets/uploads/pages/files/how-to-speed-hack-on-roblox-no-download_GM431946152.pdf",
        "https://khavarrooy.com/assets/uploads/pages/files/coin-master-hack-android-root_GM406889139.pdf",
        "https://khavarrooy.com/assets/uploads/pages/files/free-robux-generator-no-verification_GM431946152.pdf",
        "https://khavarrooy.com/assets/uploads/pages/files/roblox-com-free-robux_GM431946152.pdf",
        "https://khavarrooy.com/assets/uploads/pages/files/roblox-rocitizens-cheats-2021_GM431946152.pdf",
        "https://khavarrooy.com/assets/uploads/pages/files/como-descargar-el-hack-de-roblox-tools_GM431946152.pdf",
        "https://khavarrooy.com/assets/uploads/pages/files/roblox-generator_GM431946152.pdf",
        "https://khavarrooy.com/assets/uploads/pages/files/rbx-sites_GM431946152.pdf",
        "https://khavarrooy.com/assets/uploads/pages/files/coin-master-ids-for-free-spins_GM406889139.pdf",
        "https://khavarrooy.com/assets/uploads/pages/files/does-roblox-premium-expire_GM431946152.pdf",
        "https://khavarrooy.com/assets/uploads/pages/files/public-enemy-sun-prairie-coin-master-free-spins_GM406889139.pdf",
        "https://khavarrooy.com/assets/uploads/pages/files/synapses-roblox-exploit-free_GM431946152.pdf",
        "https://khavarrooy.com/assets/uploads/pages/files/on-roblox-adopt-me-how-do-u-hack-someones-pet_GM431946152.pdf",
        "https://khavarrooy.com/assets/uploads/pages/files/are-there-any-coin-master-hacks-that-actually-work_GM406889139.pdf",
        "https://khavarrooy.com/assets/uploads/pages/files/free-robux-here_GM431946152.pdf",
        "https://khavarrooy.com/assets/uploads/pages/files/free-spins-generated-from-coin-master_GM406889139.pdf",
        "https://khavarrooy.com/assets/uploads/pages/files/chisel-and-bits-mod-minecraft-pe_GM479516143.pdf",
        "https://khavarrooy.com/assets/uploads/pages/files/free-coin-spin-daily-link-coin-master_GM406889139.pdf"
    ],
    "regex_urls": [
        "http://netcdn.tw/app/406889139/i-need-more-free-spins-on-coin-master-game-hack",
        "http://netcdn.tw/app/406889139/i-need-more-free-spins-on-coin-master-game-hack",
        "https",
        "https",
        "https",
        "https",
        "https",
        "https",
        "https",
        "https",
        "https",
        "https",
        "https",
        "https",
        "https",
        "https",
        "https",
        "https",
        "https",
        "https",
        "https",
        "https"
    ],
    "scripts": {
        "iframe": [],
        "urls": []
    },
    "static_properties": {
        "JBIG2Decode": "0",
        "XML_forms": "0",
        "acro_form": "0",
        "auto_action": "0",
        "colors": "0",
        "cross_reference_table": "1",
        "embedded_files": "0",
        "file_size": "36",
        "java_script": "0",
        "js": "0",
        "launch_action": "0",
        "object_end": "55",
        "object_start": "55",
        "object_streams": "0",
        "open_action": "0",
        "page_count": "2",
        "rich_media": "0",
        "start_cross_reference_table": "1",
        "stream_end": "6",
        "stream_start": "6",
        "trailer_dictionary": "1"
    },
    "yara_signatures": [
        "without_attachments",
        "without_images",
        "with_urls",
        "invalid_trailer_structure",
        "contentis_base64"
    ]
}