{
    "exif_signatures": {},
    "file_size": 35695,
    "pdfid_signatures": {},
    "pypdf_uris": [
        "http://netcdn.co/app/431946152/free-roblox-id-codes-game-hack",
        "http://netcdn.co/app/431946152/free-roblox-id-codes-game-hack",
        "https://elearning.man1tuban.sch.id/__statics/gudangsoal/files/roblox-free-outfits-avatar-girls_GM431946152.pdf",
        "https://elearning.man1tuban.sch.id/__statics/gudangsoal/files/best-free-roblox-level-7-full-lua-eecutor-august-2021_GM431946152.pdf",
        "https://elearning.man1tuban.sch.id/__statics/gudangsoal/files/how-to-get-free-robux-without-email_GM431946152.pdf",
        "https://elearning.man1tuban.sch.id/__statics/gudangsoal/files/roblox-free-download-no-app-store_GM431946152.pdf",
        "https://elearning.man1tuban.sch.id/__statics/gudangsoal/files/bloxpink-free-robux_GM431946152.pdf",
        "https://elearning.man1tuban.sch.id/__statics/gudangsoal/files/roblox-money-script-hack_GM431946152.pdf",
        "https://elearning.man1tuban.sch.id/__statics/gudangsoal/files/young-wild-and-free-roblox-id_GM431946152.pdf",
        "https://elearning.man1tuban.sch.id/__statics/gudangsoal/files/hacks-for-booga-booga-roblox-2021_GM431946152.pdf",
        "https://elearning.man1tuban.sch.id/__statics/gudangsoal/files/hack-engines-for-roblox_GM431946152.pdf",
        "https://elearning.man1tuban.sch.id/__statics/gudangsoal/files/download-roblox-mod-free-robux_GM431946152.pdf",
        "https://elearning.man1tuban.sch.id/__statics/gudangsoal/files/roblox-piano-sheet-hack_GM431946152.pdf",
        "https://elearning.man1tuban.sch.id/__statics/gudangsoal/files/hack-para-obtener-robux_GM431946152.pdf",
        "https://elearning.man1tuban.sch.id/__statics/gudangsoal/files/legal-ways-to-get-free-robux_GM431946152.pdf",
        "https://elearning.man1tuban.sch.id/__statics/gudangsoal/files/robux-hacks-admin-commands_GM431946152.pdf",
        "https://elearning.man1tuban.sch.id/__statics/gudangsoal/files/roblox-x-ray-hack_GM431946152.pdf",
        "https://elearning.man1tuban.sch.id/__statics/gudangsoal/files/how-to-get-free-robux-games-2021_GM431946152.pdf",
        "https://elearning.man1tuban.sch.id/__statics/gudangsoal/files/free-roblox-hack-no-virus_GM431946152.pdf",
        "https://elearning.man1tuban.sch.id/__statics/gudangsoal/files/roblox-vip-hack-cheat-engine-2021_GM431946152.pdf",
        "https://elearning.man1tuban.sch.id/__statics/gudangsoal/files/real-robux-hack-no-survey_GM431946152.pdf",
        "https://elearning.man1tuban.sch.id/__statics/gudangsoal/files/free-robux-games-2021_GM431946152.pdf"
    ],
    "regex_uris": [
        "http://netcdn.co/app/431946152/free-roblox-id-codes-game-hack",
        "http://netcdn.co/app/431946152/free-roblox-id-codes-game-hack",
        "https://elearning.man1tuban.sch.id/__statics/gudangsoal/files/roblox-free-outfits-avatar-girls_GM431946152.pdf",
        "https://elearning.man1tuban.sch.id/__statics/gudangsoal/files/best-free-roblox-level-7-full-lua-eecutor-august-2021_GM431946152.pdf",
        "https://elearning.man1tuban.sch.id/__statics/gudangsoal/files/how-to-get-free-robux-without-email_GM431946152.pdf",
        "https://elearning.man1tuban.sch.id/__statics/gudangsoal/files/roblox-free-download-no-app-store_GM431946152.pdf",
        "https://elearning.man1tuban.sch.id/__statics/gudangsoal/files/bloxpink-free-robux_GM431946152.pdf",
        "https://elearning.man1tuban.sch.id/__statics/gudangsoal/files/roblox-money-script-hack_GM431946152.pdf",
        "https://elearning.man1tuban.sch.id/__statics/gudangsoal/files/young-wild-and-free-roblox-id_GM431946152.pdf",
        "https://elearning.man1tuban.sch.id/__statics/gudangsoal/files/hacks-for-booga-booga-roblox-2021_GM431946152.pdf",
        "https://elearning.man1tuban.sch.id/__statics/gudangsoal/files/hack-engines-for-roblox_GM431946152.pdf",
        "https://elearning.man1tuban.sch.id/__statics/gudangsoal/files/download-roblox-mod-free-robux_GM431946152.pdf",
        "https://elearning.man1tuban.sch.id/__statics/gudangsoal/files/roblox-piano-sheet-hack_GM431946152.pdf",
        "https://elearning.man1tuban.sch.id/__statics/gudangsoal/files/hack-para-obtener-robux_GM431946152.pdf",
        "https://elearning.man1tuban.sch.id/__statics/gudangsoal/files/legal-ways-to-get-free-robux_GM431946152.pdf",
        "https://elearning.man1tuban.sch.id/__statics/gudangsoal/files/robux-hacks-admin-commands_GM431946152.pdf",
        "https://elearning.man1tuban.sch.id/__statics/gudangsoal/files/roblox-x-ray-hack_GM431946152.pdf",
        "https://elearning.man1tuban.sch.id/__statics/gudangsoal/files/how-to-get-free-robux-games-2021_GM431946152.pdf",
        "https://elearning.man1tuban.sch.id/__statics/gudangsoal/files/free-roblox-hack-no-virus_GM431946152.pdf",
        "https://elearning.man1tuban.sch.id/__statics/gudangsoal/files/roblox-vip-hack-cheat-engine-2021_GM431946152.pdf",
        "https://elearning.man1tuban.sch.id/__statics/gudangsoal/files/real-robux-hack-no-survey_GM431946152.pdf",
        "https://elearning.man1tuban.sch.id/__statics/gudangsoal/files/free-robux-games-2021_GM431946152.pdf"
    ],
    "regex_urls": [
        "http://netcdn.co/app/431946152/free-roblox-id-codes-game-hack",
        "http://netcdn.co/app/431946152/free-roblox-id-codes-game-hack",
        "https",
        "https",
        "https",
        "https",
        "https",
        "https",
        "https",
        "https",
        "https",
        "https",
        "https",
        "https",
        "https",
        "https",
        "https",
        "https",
        "https",
        "https",
        "https",
        "https"
    ],
    "scripts": {
        "iframe": [],
        "urls": []
    },
    "static_properties": {
        "JBIG2Decode": "0",
        "XML_forms": "0",
        "acro_form": "0",
        "auto_action": "0",
        "colors": "0",
        "cross_reference_table": "1",
        "embedded_files": "0",
        "file_size": "36",
        "java_script": "0",
        "js": "0",
        "launch_action": "0",
        "object_end": "55",
        "object_start": "55",
        "object_streams": "0",
        "open_action": "0",
        "page_count": "2",
        "rich_media": "0",
        "start_cross_reference_table": "1",
        "stream_end": "6",
        "stream_start": "6",
        "trailer_dictionary": "1"
    },
    "yara_signatures": [
        "without_attachments",
        "without_images",
        "with_urls",
        "invalid_trailer_structure",
        "contentis_base64"
    ]
}