{
    "exif_signatures": {},
    "file_size": 68655,
    "pdfid_signatures": {},
    "pypdf_uris": [
        "https://bologen.ru/123?utm_term=sensongs+telugu++2019+dj",
        "http://jufofokisib.epizy.com/vatikudunozowedaz.pdf",
        "http://bettyloustintruckbbq.com/how_to_change_the_time_on_a_citizen_eco_drive_blue_angelsyaxbd.pdf",
        "https://61069a5e-3c5f-4884-a3c7-8c7552058b74.filesusr.com/ugd/0789d5_8876facda74a4f8ab287715b70ccb2dc.pdf?index=true",
        "https://gebipobewixaduk.weebly.com/uploads/1/3/4/6/134631326/aa3b19.pdf",
        "https://nelejezubifub.weebly.com/uploads/1/3/1/4/131406077/supetonod.pdf",
        "https://62abf401-5fc9-4991-ac00-cb6a0c8cf8ec.filesusr.com/ugd/e4ff69_2200797155f44ce9b27e153e4a909622.pdf?index=true",
        "https://0d801636-e20c-47cf-9654-f2c4f0d28fb9.filesusr.com/ugd/2e7c9c_8238d0ea4cdb42a58a3f708b0440d5fd.pdf?index=true",
        "https://9c3086b9-336b-4a4d-b39c-975a2563a2e0.filesusr.com/ugd/f4f792_895dcabd297e455c8bd5f4b38eb5ff8b.pdf?index=true",
        "http://wajidatopoz.epizy.com/vilavu.pdf",
        "https://femesavez.weebly.com/uploads/1/3/1/3/131383434/2197666.pdf",
        "http://nakrutkavk.site/kasovagm6v1v.pdf",
        "https://4121a797-204a-431c-92a8-8e24072fb342.filesusr.com/ugd/b972d5_5107190f50a74df7b7276519e0f958a8.pdf?index=true",
        "https://fotofewoxa.weebly.com/uploads/1/3/4/8/134849098/58ccdfec.pdf",
        "https://ad177677-9664-42cd-9bf2-17a10eef6e1d.filesusr.com/ugd/f8915e_36824be13aaa444a9824028cd98a6e41.pdf?index=true",
        "http://jezewujedufeg.iblogger.org/chloroform_storage_temperature.pdf",
        "https://234d5d8d-19c9-4cab-a884-dd0775662658.filesusr.com/ugd/fb7225_080cb5e4e0fc424992114c279582cc6d.pdf?index=true",
        "https://s3.amazonaws.com/xuzed/winewijugutisopado.pdf",
        "http://dompodklyuch.com/sheetz_apple_cidermc6jh.pdf",
        "https://s3.amazonaws.com/liguwubore/beginners_guide_to_digital_painting_in_photoshop_free_download.pdf",
        "https://s3.amazonaws.com/vonutavekip/samsad_english_to_bengali_dictionary_file.pdf",
        "https://ganunuzarije.weebly.com/uploads/1/3/4/5/134518475/modivodulewafirozi.pdf",
        "https://s3.amazonaws.com/julexekubaj/15651196887.pdf"
    ],
    "regex_uris": [
        "https://bologen.ru/123?utm_term=sensongs+telugu++2019+dj",
        "http://jufofokisib.epizy.com/vatikudunozowedaz.pdf",
        "http://bettyloustintruckbbq.com/how_to_change_the_time_on_a_citizen_eco_drive_blue_angelsyaxbd.pdf",
        "https://61069a5e-3c5f-4884-a3c7-8c7552058b74.filesusr.com/ugd/0789d5_8876facda74a4f8ab287715b70ccb2dc.pdf?index=true",
        "https://gebipobewixaduk.weebly.com/uploads/1/3/4/6/134631326/aa3b19.pdf",
        "https://nelejezubifub.weebly.com/uploads/1/3/1/4/131406077/supetonod.pdf",
        "https://62abf401-5fc9-4991-ac00-cb6a0c8cf8ec.filesusr.com/ugd/e4ff69_2200797155f44ce9b27e153e4a909622.pdf?index=true",
        "https://0d801636-e20c-47cf-9654-f2c4f0d28fb9.filesusr.com/ugd/2e7c9c_8238d0ea4cdb42a58a3f708b0440d5fd.pdf?index=true",
        "https://9c3086b9-336b-4a4d-b39c-975a2563a2e0.filesusr.com/ugd/f4f792_895dcabd297e455c8bd5f4b38eb5ff8b.pdf?index=true",
        "http://wajidatopoz.epizy.com/vilavu.pdf",
        "https://femesavez.weebly.com/uploads/1/3/1/3/131383434/2197666.pdf",
        "http://nakrutkavk.site/kasovagm6v1v.pdf",
        "https://4121a797-204a-431c-92a8-8e24072fb342.filesusr.com/ugd/b972d5_5107190f50a74df7b7276519e0f958a8.pdf?index=true",
        "https://fotofewoxa.weebly.com/uploads/1/3/4/8/134849098/58ccdfec.pdf",
        "https://ad177677-9664-42cd-9bf2-17a10eef6e1d.filesusr.com/ugd/f8915e_36824be13aaa444a9824028cd98a6e41.pdf?index=true",
        "http://jezewujedufeg.iblogger.org/chloroform_storage_temperature.pdf",
        "https://234d5d8d-19c9-4cab-a884-dd0775662658.filesusr.com/ugd/fb7225_080cb5e4e0fc424992114c279582cc6d.pdf?index=true",
        "https://s3.amazonaws.com/xuzed/winewijugutisopado.pdf",
        "http://dompodklyuch.com/sheetz_apple_cidermc6jh.pdf",
        "https://s3.amazonaws.com/liguwubore/beginners_guide_to_digital_painting_in_photoshop_free_download.pdf",
        "https://s3.amazonaws.com/vonutavekip/samsad_english_to_bengali_dictionary_file.pdf",
        "https://ganunuzarije.weebly.com/uploads/1/3/4/5/134518475/modivodulewafirozi.pdf",
        "https://s3.amazonaws.com/julexekubaj/15651196887.pdf"
    ],
    "regex_urls": [
        "https",
        "http://jufofokisib.epizy.com/vatikudunozowedaz.pdf",
        "http://bettyloustintruckbbq.com/how_to_change_the_time_on_a_citizen_eco_drive_blue_angelsyaxbd.pdf",
        "https",
        "https",
        "https",
        "https",
        "https",
        "https",
        "http://wajidatopoz.epizy.com/vilavu.pdf",
        "https",
        "http://nakrutkavk.site/kasovagm6v1v.pdf",
        "https",
        "https",
        "https",
        "http://jezewujedufeg.iblogger.org/chloroform_storage_temperature.pdf",
        "https",
        "https",
        "http://dompodklyuch.com/sheetz_apple_cidermc6jh.pdf",
        "https",
        "https",
        "https",
        "https",
        "http://www.w3.org/1999/02/22-rdf-syntax-ns#",
        "http://purl.org/dc/elements/1.1/",
        "http://ns.adobe.com/pdf/1.3/",
        "http://ns.adobe.com/xap/1.0/",
        "http://ns.adobe.com/xap/1.0/mm/",
        "http://ns.adobe.com/xap/1.0/rights/"
    ],
    "scripts": {
        "iframe": [],
        "urls": []
    },
    "static_properties": {
        "JBIG2Decode": "0",
        "XML_forms": "0",
        "acro_form": "0",
        "auto_action": "0",
        "colors": "0",
        "cross_reference_table": "2",
        "embedded_files": "0",
        "file_size": "69",
        "java_script": "0",
        "js": "0",
        "launch_action": "0",
        "object_end": "59",
        "object_start": "59",
        "object_streams": "0",
        "open_action": "0",
        "page_count": "2",
        "rich_media": "0",
        "start_cross_reference_table": "2",
        "stream_end": "8",
        "stream_start": "8",
        "trailer_dictionary": "2"
    },
    "yara_signatures": [
        "without_attachments",
        "without_images",
        "with_urls",
        "invalid_trailer_structure",
        "multiple_versions",
        "contentis_base64",
        "Big_Numbers1"
    ]
}