{
    "exif_signatures": {},
    "file_size": 35431,
    "pdfid_signatures": {},
    "pypdf_uris": [
        "http://netcdn.co/app/431946152/roblox-event-hack-game-hack",
        "http://netcdn.co/app/431946152/roblox-event-hack-game-hack",
        "https://www.wearmyspex.com/uploaded_files/userfiles/files/how-to-get-cheat-engine-roblox-elemental-wars_GM431946152.pdf",
        "https://www.wearmyspex.com/uploaded_files/userfiles/files/robux-hack-no-human-verify-2021_GM431946152.pdf",
        "https://www.wearmyspex.com/uploaded_files/userfiles/files/free-robux-no-human-verification-or-survey-2021_GM431946152.pdf",
        "https://www.wearmyspex.com/uploaded_files/userfiles/files/how-to-get-free-robux-hack_GM431946152.pdf",
        "https://www.wearmyspex.com/uploaded_files/userfiles/files/hacks-for-coin-master-game_GM406889139.pdf",
        "https://www.wearmyspex.com/uploaded_files/userfiles/files/how-many-levels-in-coin-master_GM406889139.pdf",
        "https://www.wearmyspex.com/uploaded_files/userfiles/files/can-you-play-minecraft-for-free_GM479516143.pdf",
        "https://www.wearmyspex.com/uploaded_files/userfiles/files/how-to-get-free-spins-in-coin-master_GM406889139.pdf",
        "https://www.wearmyspex.com/uploaded_files/userfiles/files/www-roblox-hack-me_GM431946152.pdf",
        "https://www.wearmyspex.com/uploaded_files/userfiles/files/free-spin-link-coin-master-app_GM406889139.pdf",
        "https://www.wearmyspex.com/uploaded_files/userfiles/files/how-to-get-roblox-credit-for-free_GM431946152.pdf",
        "https://www.wearmyspex.com/uploaded_files/userfiles/files/how-to-hack-coin-master-ios-no-jailbreak_GM406889139.pdf",
        "https://www.wearmyspex.com/uploaded_files/userfiles/files/how-to-get-robux-for-free-2021_GM431946152.pdf",
        "https://www.wearmyspex.com/uploaded_files/userfiles/files/roblox-walkspeed-hack-cheat-engine_GM431946152.pdf",
        "https://www.wearmyspex.com/uploaded_files/userfiles/files/coin-master-hacks-no-human-verification_GM406889139.pdf",
        "https://www.wearmyspex.com/uploaded_files/userfiles/files/coin-master-free-download-app_GM406889139.pdf",
        "https://www.wearmyspex.com/uploaded_files/userfiles/files/coin-master-hack-apk-ios-download_GM406889139.pdf",
        "https://www.wearmyspex.com/uploaded_files/userfiles/files/how-to-get-free-robux-for-free_GM431946152.pdf",
        "https://www.wearmyspex.com/uploaded_files/userfiles/files/how-to-hack-roblox-on-tablet_GM431946152.pdf",
        "https://www.wearmyspex.com/uploaded_files/userfiles/files/coin-master-fan-page-free-spins_GM406889139.pdf"
    ],
    "regex_uris": [
        "http://netcdn.co/app/431946152/roblox-event-hack-game-hack",
        "http://netcdn.co/app/431946152/roblox-event-hack-game-hack",
        "https://www.wearmyspex.com/uploaded_files/userfiles/files/how-to-get-cheat-engine-roblox-elemental-wars_GM431946152.pdf",
        "https://www.wearmyspex.com/uploaded_files/userfiles/files/robux-hack-no-human-verify-2021_GM431946152.pdf",
        "https://www.wearmyspex.com/uploaded_files/userfiles/files/free-robux-no-human-verification-or-survey-2021_GM431946152.pdf",
        "https://www.wearmyspex.com/uploaded_files/userfiles/files/how-to-get-free-robux-hack_GM431946152.pdf",
        "https://www.wearmyspex.com/uploaded_files/userfiles/files/hacks-for-coin-master-game_GM406889139.pdf",
        "https://www.wearmyspex.com/uploaded_files/userfiles/files/how-many-levels-in-coin-master_GM406889139.pdf",
        "https://www.wearmyspex.com/uploaded_files/userfiles/files/can-you-play-minecraft-for-free_GM479516143.pdf",
        "https://www.wearmyspex.com/uploaded_files/userfiles/files/how-to-get-free-spins-in-coin-master_GM406889139.pdf",
        "https://www.wearmyspex.com/uploaded_files/userfiles/files/www-roblox-hack-me_GM431946152.pdf",
        "https://www.wearmyspex.com/uploaded_files/userfiles/files/free-spin-link-coin-master-app_GM406889139.pdf",
        "https://www.wearmyspex.com/uploaded_files/userfiles/files/how-to-get-roblox-credit-for-free_GM431946152.pdf",
        "https://www.wearmyspex.com/uploaded_files/userfiles/files/how-to-hack-coin-master-ios-no-jailbreak_GM406889139.pdf",
        "https://www.wearmyspex.com/uploaded_files/userfiles/files/how-to-get-robux-for-free-2021_GM431946152.pdf",
        "https://www.wearmyspex.com/uploaded_files/userfiles/files/roblox-walkspeed-hack-cheat-engine_GM431946152.pdf",
        "https://www.wearmyspex.com/uploaded_files/userfiles/files/coin-master-hacks-no-human-verification_GM406889139.pdf",
        "https://www.wearmyspex.com/uploaded_files/userfiles/files/coin-master-free-download-app_GM406889139.pdf",
        "https://www.wearmyspex.com/uploaded_files/userfiles/files/coin-master-hack-apk-ios-download_GM406889139.pdf",
        "https://www.wearmyspex.com/uploaded_files/userfiles/files/how-to-get-free-robux-for-free_GM431946152.pdf",
        "https://www.wearmyspex.com/uploaded_files/userfiles/files/how-to-hack-roblox-on-tablet_GM431946152.pdf",
        "https://www.wearmyspex.com/uploaded_files/userfiles/files/coin-master-fan-page-free-spins_GM406889139.pdf"
    ],
    "regex_urls": [
        "http://netcdn.co/app/431946152/roblox-event-hack-game-hack",
        "http://netcdn.co/app/431946152/roblox-event-hack-game-hack",
        "https",
        "www.wearmyspex.com/uploaded_files/userfiles/files/how-to-get-cheat-engine-roblox-elemental-wars_GM431946152.pdf",
        "https",
        "www.wearmyspex.com/uploaded_files/userfiles/files/robux-hack-no-human-verify-2021_GM431946152.pdf",
        "https",
        "www.wearmyspex.com/uploaded_files/userfiles/files/free-robux-no-human-verification-or-survey-2021_GM431946152.pdf",
        "https",
        "www.wearmyspex.com/uploaded_files/userfiles/files/how-to-get-free-robux-hack_GM431946152.pdf",
        "https",
        "www.wearmyspex.com/uploaded_files/userfiles/files/hacks-for-coin-master-game_GM406889139.pdf",
        "https",
        "www.wearmyspex.com/uploaded_files/userfiles/files/how-many-levels-in-coin-master_GM406889139.pdf",
        "https",
        "www.wearmyspex.com/uploaded_files/userfiles/files/can-you-play-minecraft-for-free_GM479516143.pdf",
        "https",
        "www.wearmyspex.com/uploaded_files/userfiles/files/how-to-get-free-spins-in-coin-master_GM406889139.pdf",
        "https",
        "www.wearmyspex.com/uploaded_files/userfiles/files/www-roblox-hack-me_GM431946152.pdf",
        "https",
        "www.wearmyspex.com/uploaded_files/userfiles/files/free-spin-link-coin-master-app_GM406889139.pdf",
        "https",
        "www.wearmyspex.com/uploaded_files/userfiles/files/how-to-get-roblox-credit-for-free_GM431946152.pdf",
        "https",
        "www.wearmyspex.com/uploaded_files/userfiles/files/how-to-hack-coin-master-ios-no-jailbreak_GM406889139.pdf",
        "https",
        "www.wearmyspex.com/uploaded_files/userfiles/files/how-to-get-robux-for-free-2021_GM431946152.pdf",
        "https",
        "www.wearmyspex.com/uploaded_files/userfiles/files/roblox-walkspeed-hack-cheat-engine_GM431946152.pdf",
        "https",
        "www.wearmyspex.com/uploaded_files/userfiles/files/coin-master-hacks-no-human-verification_GM406889139.pdf",
        "https",
        "www.wearmyspex.com/uploaded_files/userfiles/files/coin-master-free-download-app_GM406889139.pdf",
        "https",
        "www.wearmyspex.com/uploaded_files/userfiles/files/coin-master-hack-apk-ios-download_GM406889139.pdf",
        "https",
        "www.wearmyspex.com/uploaded_files/userfiles/files/how-to-get-free-robux-for-free_GM431946152.pdf",
        "https",
        "www.wearmyspex.com/uploaded_files/userfiles/files/how-to-hack-roblox-on-tablet_GM431946152.pdf",
        "https",
        "www.wearmyspex.com/uploaded_files/userfiles/files/coin-master-fan-page-free-spins_GM406889139.pdf"
    ],
    "scripts": {
        "iframe": [],
        "urls": []
    },
    "static_properties": {
        "JBIG2Decode": "0",
        "XML_forms": "0",
        "acro_form": "0",
        "auto_action": "0",
        "colors": "0",
        "cross_reference_table": "1",
        "embedded_files": "0",
        "file_size": "35",
        "java_script": "0",
        "js": "0",
        "launch_action": "0",
        "object_end": "55",
        "object_start": "55",
        "object_streams": "0",
        "open_action": "0",
        "page_count": "2",
        "rich_media": "0",
        "start_cross_reference_table": "1",
        "stream_end": "6",
        "stream_start": "6",
        "trailer_dictionary": "1"
    },
    "yara_signatures": [
        "without_attachments",
        "without_images",
        "with_urls",
        "invalid_trailer_structure",
        "contentis_base64"
    ]
}