{
    "exif_signatures": {},
    "file_size": 414081,
    "pdfid_signatures": {},
    "pypdf_uris": [
        "https://lovig.co.za/XSRYdR1H?utm_term=sedona+hiking+guide+book",
        "https://www.hosotte.com/ckfinder/userfiles/files/xedawelesukinivugusaxamu.pdf",
        "https://popcouncilinstitute.org/wp-content/plugins/super-forms/uploads/php/files/4e27a9b6497f3ca29f91d444e6f7de43/woneji.pdf",
        "http://villaturri.it/wp-content/plugins/formcraft/file-upload/server/content/files/161c6745a7a983---zewulebamuvov.pdf",
        "https://implantsdentairesdesmoulins.com/upload/editor/file/kururidonesanotozazu.pdf",
        "https://icbacademy.com/upload/files/9833430104.pdf",
        "http://www.clc-engineering.com/siteuploads/editorimg/file/60731068712.pdf",
        "http://eko-uklid.com/files/file/zitukukoneguvonefedubi.pdf",
        "http://sadiqandsons.com/userfiles/files/diduwozoguvijemugerazo.pdf",
        "http://agierresrl.it/userfiles/files/7286664316.pdf",
        "http://kkc1.org/htdocs/cljr/data/files/tatabusikagusokebe.pdf",
        "http://asesoriazabalburu.org/azaba/files/file/71450774897.pdf",
        "http://banlinhkienlaptop.com/userfiles/file/31218242505.pdf",
        "http://myblindz.com/fck_user_files/file/girirarosisugaxunipekigiz.pdf",
        "http://tsg-edinstvo.ru/userfiles/file/42656473317.pdf",
        "http://worldnaturalfood.com/image/upload/File/6739143569.pdf",
        "https://metnar.pl/web/uploads/files/79109275583.pdf",
        "http://argentum.com/wp-content/plugins/super-forms/uploads/php/files/a2ru929rqq4jl75562q5ml1tbi/57133720141.pdf",
        "https://emenu.hu/editor_up/96056229579.pdf",
        "http://wm-meyer.de/meyer/admin/editor/ckfinder/userfiles/files/wawokuwelolaviliri.pdf",
        "http://laserinnsbruck.com/static/85696017660.pdf",
        "https://movie2book.com/userfiles/file/sofuzesudelid.pdf",
        "http://fusheng-vietnam.vn/admin/webroot/upload/image/files/vavumopowubowez.pdf",
        "http://xn--j3cmcalnc3dvfdjg9e2o.com/UserFiles/file/21606279173.pdf",
        "https://stpetejazz.com/wp-content/plugins/super-forms/uploads/php/files/32qi5vg7vorofgetjgmf4vetd2/5368477953.pdf",
        "http://ugrctrani.it/userfiles/files/volubefofaxap.pdf",
        "http://careerpathrecruitment.com/swapscan/app/webroot/js/ckfinder/userfiles/files/fodawivesafixivozawobox.pdf"
    ],
    "regex_uris": [
        "https://lovig.co.za/XSRYdR1H?utm_term=sedona+hiking+guide+book",
        "https://www.hosotte.com/ckfinder/userfiles/files/xedawelesukinivugusaxamu.pdf",
        "https://popcouncilinstitute.org/wp-content/plugins/super-forms/uploads/php/files/4e27a9b6497f3ca29f91d444e6f7de43/woneji.pdf",
        "http://villaturri.it/wp-content/plugins/formcraft/file-upload/server/content/files/161c6745a7a983---zewulebamuvov.pdf",
        "https://implantsdentairesdesmoulins.com/upload/editor/file/kururidonesanotozazu.pdf",
        "https://icbacademy.com/upload/files/9833430104.pdf",
        "http://www.clc-engineering.com/siteuploads/editorimg/file/60731068712.pdf",
        "http://eko-uklid.com/files/file/zitukukoneguvonefedubi.pdf",
        "http://sadiqandsons.com/userfiles/files/diduwozoguvijemugerazo.pdf",
        "http://agierresrl.it/userfiles/files/7286664316.pdf",
        "http://kkc1.org/htdocs/cljr/data/files/tatabusikagusokebe.pdf",
        "http://asesoriazabalburu.org/azaba/files/file/71450774897.pdf",
        "http://banlinhkienlaptop.com/userfiles/file/31218242505.pdf",
        "http://myblindz.com/fck_user_files/file/girirarosisugaxunipekigiz.pdf",
        "http://tsg-edinstvo.ru/userfiles/file/42656473317.pdf",
        "http://worldnaturalfood.com/image/upload/File/6739143569.pdf",
        "https://metnar.pl/web/uploads/files/79109275583.pdf",
        "http://argentum.com/wp-content/plugins/super-forms/uploads/php/files/a2ru929rqq4jl75562q5ml1tbi/57133720141.pdf",
        "https://emenu.hu/editor_up/96056229579.pdf",
        "http://wm-meyer.de/meyer/admin/editor/ckfinder/userfiles/files/wawokuwelolaviliri.pdf",
        "http://laserinnsbruck.com/static/85696017660.pdf",
        "https://movie2book.com/userfiles/file/sofuzesudelid.pdf",
        "http://fusheng-vietnam.vn/admin/webroot/upload/image/files/vavumopowubowez.pdf",
        "http://xn--j3cmcalnc3dvfdjg9e2o.com/UserFiles/file/21606279173.pdf",
        "https://stpetejazz.com/wp-content/plugins/super-forms/uploads/php/files/32qi5vg7vorofgetjgmf4vetd2/5368477953.pdf",
        "http://ugrctrani.it/userfiles/files/volubefofaxap.pdf",
        "http://careerpathrecruitment.com/swapscan/app/webroot/js/ckfinder/userfiles/files/fodawivesafixivozawobox.pdf"
    ],
    "regex_urls": [
        "https",
        "https",
        "www.hosotte.com/ckfinder/userfiles/files/xedawelesukinivugusaxamu.pdf",
        "https",
        "http://villaturri.it/wp-content/plugins/formcraft/file-upload/server/content/files/161c6745a7a983---zewulebamuvov.pdf",
        "https",
        "https",
        "http://www.clc-engineering.com/siteuploads/editorimg/file/60731068712.pdf",
        "http://eko-uklid.com/files/file/zitukukoneguvonefedubi.pdf",
        "http://sadiqandsons.com/userfiles/files/diduwozoguvijemugerazo.pdf",
        "http://agierresrl.it/userfiles/files/7286664316.pdf",
        "http://kkc1.org/htdocs/cljr/data/files/tatabusikagusokebe.pdf",
        "http://asesoriazabalburu.org/azaba/files/file/71450774897.pdf",
        "http://banlinhkienlaptop.com/userfiles/file/31218242505.pdf",
        "http://myblindz.com/fck_user_files/file/girirarosisugaxunipekigiz.pdf",
        "http://tsg-edinstvo.ru/userfiles/file/42656473317.pdf",
        "http://worldnaturalfood.com/image/upload/File/6739143569.pdf",
        "https",
        "http://argentum.com/wp-content/plugins/super-forms/uploads/php/files/a2ru929rqq4jl75562q5ml1tbi/57133720141.pdf",
        "https",
        "http://wm-meyer.de/meyer/admin/editor/ckfinder/userfiles/files/wawokuwelolaviliri.pdf",
        "http://laserinnsbruck.com/static/85696017660.pdf",
        "https",
        "http://fusheng-vietnam.vn/admin/webroot/upload/image/files/vavumopowubowez.pdf",
        "http://xn--j3cmcalnc3dvfdjg9e2o.com/UserFiles/file/21606279173.pdf",
        "https",
        "http://ugrctrani.it/userfiles/files/volubefofaxap.pdf",
        "http://careerpathrecruitment.com/swapscan/app/webroot/js/ckfinder/userfiles/files/fodawivesafixivozawobox.pdf",
        "http://www.w3.org/1999/02/22-rdf-syntax-ns#",
        "http://purl.org/dc/elements/1.1/",
        "http://ns.adobe.com/pdf/1.3/",
        "http://ns.adobe.com/xap/1.0/",
        "http://ns.adobe.com/xap/1.0/mm/",
        "http://ns.adobe.com/xap/1.0/rights/"
    ],
    "scripts": {
        "iframe": [],
        "urls": []
    },
    "static_properties": {
        "JBIG2Decode": "0",
        "XML_forms": "0",
        "acro_form": "0",
        "auto_action": "0",
        "colors": "0",
        "cross_reference_table": "2",
        "embedded_files": "0",
        "file_size": "414",
        "java_script": "0",
        "js": "0",
        "launch_action": "0",
        "object_end": "83",
        "object_start": "83",
        "object_streams": "0",
        "open_action": "0",
        "page_count": "3",
        "rich_media": "0",
        "start_cross_reference_table": "2",
        "stream_end": "19",
        "stream_start": "19",
        "trailer_dictionary": "2"
    },
    "yara_signatures": [
        "without_attachments",
        "without_images",
        "with_urls",
        "invalid_trailer_structure",
        "multiple_versions",
        "contentis_base64",
        "Big_Numbers1"
    ]
}