{
    "exif_signatures": {},
    "file_size": 81722,
    "pdfid_signatures": {},
    "pypdf_uris": [
        "https://golowaki.ru/strik?utm_term=epson+xp400+not+printing",
        "https://s3.amazonaws.com/pevarijidasalop/purevpn_mod_apk_free.pdf",
        "http://pozibeborajifo.epizy.com/charles_e_bressler_literary_criticism.pdf",
        "https://s3.amazonaws.com/legesiliv/campaign_plan_template.pdf",
        "https://992bddda-184d-467f-a815-0165b41a2208.filesusr.com/ugd/69695d_e413894b230c46f1a3385badfcea3051.pdf?index=true",
        "http://zakunofukar.iblogger.org/abb_acs150_drive_manual.pdf",
        "http://dojorunubi.myartsonline.com/acute_respiratory_distress_syndrome_nejm_2020.pdf",
        "https://7054f9d6-44ea-4b6c-8535-0d04e7cb9957.filesusr.com/ugd/963b03_4af357eb9bc54d5da00becd746ae9936.pdf?index=true",
        "https://cdn.sqhk.co/vamapoludi/giiRYie/foxijemixosorapadepoz.pdf",
        "https://s3.amazonaws.com/tomamujuf/jomitudakekefugiwerow.pdf",
        "https://xavamukunakupa.weebly.com/uploads/1/3/1/4/131437969/8379440.pdf",
        "http://kenovog.rf.gd/19868069520.pdf",
        "https://a5fc3680-5c08-4cda-bd6c-abaa3bdf25bc.filesusr.com/ugd/ea5d7b_adc5b1e6ba7f446eb5f5fef3d14052f4.pdf?index=true",
        "http://taxevidel.medianewsonline.com/exemple_de_business_model_canvas.pdf",
        "https://cdn.sqhk.co/ruperodu/ZjigXhb/meter_for_uber_and_lyft_pro_apk.pdf",
        "https://s3.amazonaws.com/jidosatikim/musilunodelakapo.pdf",
        "https://cdn.sqhk.co/mafowixodi/ajakhb2/dream_town_story_jobs.pdf",
        "https://s3.amazonaws.com/dorobukasawituw/5175689163.pdf",
        "http://xufopizaxeto.medianewsonline.com/pdf_to_dwg_online_converter_2020.pdf",
        "https://bamukafigozoxin.weebly.com/uploads/1/3/4/8/134861202/ziriwunidodavemimu.pdf",
        "https://dobivevoxopu.weebly.com/uploads/1/3/1/4/131453544/bibugare-namovafulep.pdf",
        "http://dakekunagefasak.sportsontheweb.net/xetewumajanawudeji.pdf",
        "https://cdn.sqhk.co/nujidegowupi/jic1jeD/foosball_table_for_sale.pdf",
        "https://pagejenaxupiwig.weebly.com/uploads/1/3/4/3/134383440/984092c2f86a4.pdf",
        "https://cdn.sqhk.co/vefutifeves/gWN4jjq/34285002797.pdf",
        "https://7d6e376e-1ee3-4df5-88c1-8d1511d419f8.filesusr.com/ugd/7dd30d_3fcbf9a6195a42fcbf651e22e6513e44.pdf?index=true",
        "http://rozujed.sportsontheweb.net/atj_8_86.pdf"
    ],
    "regex_uris": [
        "https://golowaki.ru/strik?utm_term=epson+xp400+not+printing",
        "https://s3.amazonaws.com/pevarijidasalop/purevpn_mod_apk_free.pdf",
        "http://pozibeborajifo.epizy.com/charles_e_bressler_literary_criticism.pdf",
        "https://s3.amazonaws.com/legesiliv/campaign_plan_template.pdf",
        "https://992bddda-184d-467f-a815-0165b41a2208.filesusr.com/ugd/69695d_e413894b230c46f1a3385badfcea3051.pdf?index=true",
        "http://zakunofukar.iblogger.org/abb_acs150_drive_manual.pdf",
        "http://dojorunubi.myartsonline.com/acute_respiratory_distress_syndrome_nejm_2020.pdf",
        "https://7054f9d6-44ea-4b6c-8535-0d04e7cb9957.filesusr.com/ugd/963b03_4af357eb9bc54d5da00becd746ae9936.pdf?index=true",
        "https://cdn.sqhk.co/vamapoludi/giiRYie/foxijemixosorapadepoz.pdf",
        "https://s3.amazonaws.com/tomamujuf/jomitudakekefugiwerow.pdf",
        "https://xavamukunakupa.weebly.com/uploads/1/3/1/4/131437969/8379440.pdf",
        "http://kenovog.rf.gd/19868069520.pdf",
        "https://a5fc3680-5c08-4cda-bd6c-abaa3bdf25bc.filesusr.com/ugd/ea5d7b_adc5b1e6ba7f446eb5f5fef3d14052f4.pdf?index=true",
        "http://taxevidel.medianewsonline.com/exemple_de_business_model_canvas.pdf",
        "https://cdn.sqhk.co/ruperodu/ZjigXhb/meter_for_uber_and_lyft_pro_apk.pdf",
        "https://s3.amazonaws.com/jidosatikim/musilunodelakapo.pdf",
        "https://cdn.sqhk.co/mafowixodi/ajakhb2/dream_town_story_jobs.pdf",
        "https://s3.amazonaws.com/dorobukasawituw/5175689163.pdf",
        "http://xufopizaxeto.medianewsonline.com/pdf_to_dwg_online_converter_2020.pdf",
        "https://bamukafigozoxin.weebly.com/uploads/1/3/4/8/134861202/ziriwunidodavemimu.pdf",
        "https://dobivevoxopu.weebly.com/uploads/1/3/1/4/131453544/bibugare-namovafulep.pdf",
        "http://dakekunagefasak.sportsontheweb.net/xetewumajanawudeji.pdf",
        "https://cdn.sqhk.co/nujidegowupi/jic1jeD/foosball_table_for_sale.pdf",
        "https://pagejenaxupiwig.weebly.com/uploads/1/3/4/3/134383440/984092c2f86a4.pdf",
        "https://cdn.sqhk.co/vefutifeves/gWN4jjq/34285002797.pdf",
        "https://7d6e376e-1ee3-4df5-88c1-8d1511d419f8.filesusr.com/ugd/7dd30d_3fcbf9a6195a42fcbf651e22e6513e44.pdf?index=true",
        "http://rozujed.sportsontheweb.net/atj_8_86.pdf"
    ],
    "regex_urls": [
        "https",
        "https",
        "http://pozibeborajifo.epizy.com/charles_e_bressler_literary_criticism.pdf",
        "https",
        "https",
        "http://zakunofukar.iblogger.org/abb_acs150_drive_manual.pdf",
        "http://dojorunubi.myartsonline.com/acute_respiratory_distress_syndrome_nejm_2020.pdf",
        "https",
        "https",
        "https",
        "https",
        "http://kenovog.rf.gd/19868069520.pdf",
        "https",
        "http://taxevidel.medianewsonline.com/exemple_de_business_model_canvas.pdf",
        "https",
        "https",
        "https",
        "https",
        "http://xufopizaxeto.medianewsonline.com/pdf_to_dwg_online_converter_2020.pdf",
        "https",
        "https",
        "http://dakekunagefasak.sportsontheweb.net/xetewumajanawudeji.pdf",
        "https",
        "https",
        "https",
        "https",
        "http://rozujed.sportsontheweb.net/atj_8_86.pdf",
        "http://www.w3.org/1999/02/22-rdf-syntax-ns#",
        "http://purl.org/dc/elements/1.1/",
        "http://ns.adobe.com/pdf/1.3/",
        "http://ns.adobe.com/xap/1.0/",
        "http://ns.adobe.com/xap/1.0/mm/",
        "http://ns.adobe.com/xap/1.0/rights/"
    ],
    "scripts": {
        "iframe": [],
        "urls": []
    },
    "static_properties": {
        "JBIG2Decode": "0",
        "XML_forms": "0",
        "acro_form": "0",
        "auto_action": "0",
        "colors": "0",
        "cross_reference_table": "2",
        "embedded_files": "0",
        "file_size": "82",
        "java_script": "0",
        "js": "0",
        "launch_action": "0",
        "object_end": "69",
        "object_start": "69",
        "object_streams": "0",
        "open_action": "0",
        "page_count": "2",
        "rich_media": "0",
        "start_cross_reference_table": "2",
        "stream_end": "10",
        "stream_start": "10",
        "trailer_dictionary": "2"
    },
    "yara_signatures": [
        "without_attachments",
        "without_images",
        "with_urls",
        "invalid_trailer_structure",
        "multiple_versions",
        "contentis_base64",
        "Big_Numbers1"
    ]
}