{
    "exif_signatures": {},
    "file_size": 142414,
    "pdfid_signatures": {},
    "pypdf_uris": [
        "http://dawnloadonline.com/angiogram/dose.ZG93bmxvYWR8WUc1ZG1Wb2QzeDhNVFkxTmpjM01UZ3hPSHg4TWpVNU1IeDhLRTBwSUZkdmNtUndjbVZ6Y3lCYldFMU1VbEJESUZZeUlGQkVSbDA/insolent.stripping/immersion.TWFudWFsIERhIE1lc2EgRGUgU29tIEFyY2FubyBFbSBQb3J0dWd1ZXMTWF",
        "https://kolbekoodaki.com/wp-content/uploads/2022/07/Windows_17__Windows_10__Pro_X64_V1703_Build_15063_Soft4Win_rar_UPD.pdf",
        "https://www.teslontario.org/sites/default/files/webform/Magic-Duels-Torrent-Download-cheat.pdf",
        "https://katrinsteck.de/adobe-photoshop-cs6-1301-final-multilanguage-11-hot/",
        "http://mysquare.in/?p=38013",
        "https://greenboxoffice.ro/wp-content/uploads/2022/07/Smartscore_X2_Pro_Mac_Crack_BETTER-1.pdf",
        "https://thebrothers.cl/gravostyle-98-dongle-crack-free-hasp-2/",
        "https://www.colorado.edu/biochemistry/system/files/webform/elevfau945.pdf",
        "https://kitchenwaresreview.com/wp-content/uploads/2022/07/jafavana.pdf",
        "http://barrillos.org/2022/07/03/sinutrain-6-3-crack-download-free/",
        "https://eli-deal.com/wp-content/uploads/2022/07/elmekam.pdf",
        "https://alafdaljo.com/visual-novel-maker-live2d-dlc-hot-freel/",
        "https://fmartbd.com/no-hands-seo-2-35-cracked-fully-automated-backlinking-tool-crack-top/",
        "http://www.trabajosfacilespr.com/akaashvani-work-full-movie-in-hindi-dubbed-free-download-hd-1080p/",
        "http://barrillos.es/wp-content/uploads/2022/07/canonir5050scandrivers.pdf",
        "https://emealjobs.nttdata.com/en/system/files/webform/wakesafr164.pdf",
        "https://housapedia.com/wp-content/uploads/2022/07/Boehm_Grand_Polonaise_Flute_Pdf.pdf",
        "https://jimmyvermeulen.be/gundam-seed-destiny-remastered-720p-video-upd/",
        "https://ipayif.com/upload/files/2022/07/5dtwdtEer3nC4FqWeJpv_03_ec7b04acf25d87bf4f20e3417e519d1d_file.pdf",
        "https://www.amphenolalden.com/system/files/webform/lavyor358.pdf",
        "http://www.sweethomeslondon.com/?p=",
        "http://www.tcpdf.org"
    ],
    "regex_uris": [
        "http://dawnloadonline.com/angiogram/dose.ZG93bmxvYWR8WUc1ZG1Wb2QzeDhNVFkxTmpjM01UZ3hPSHg4TWpVNU1IeDhLRTBwSUZkdmNtUndjbVZ6Y3lCYldFMU1VbEJESUZZeUlGQkVSbDA/insolent.stripping/immersion.TWFudWFsIERhIE1lc2EgRGUgU29tIEFyY2FubyBFbSBQb3J0dWd1ZXMTWF",
        "https://kolbekoodaki.com/wp-content/uploads/2022/07/Windows_17__Windows_10__Pro_X64_V1703_Build_15063_Soft4Win_rar_UPD.pdf",
        "https://www.teslontario.org/sites/default/files/webform/Magic-Duels-Torrent-Download-cheat.pdf",
        "https://katrinsteck.de/adobe-photoshop-cs6-1301-final-multilanguage-11-hot/",
        "http://mysquare.in/?p=38013",
        "https://greenboxoffice.ro/wp-content/uploads/2022/07/Smartscore_X2_Pro_Mac_Crack_BETTER-1.pdf",
        "https://thebrothers.cl/gravostyle-98-dongle-crack-free-hasp-2/",
        "https://www.colorado.edu/biochemistry/system/files/webform/elevfau945.pdf",
        "https://kitchenwaresreview.com/wp-content/uploads/2022/07/jafavana.pdf",
        "http://barrillos.org/2022/07/03/sinutrain-6-3-crack-download-free/",
        "https://eli-deal.com/wp-content/uploads/2022/07/elmekam.pdf",
        "https://alafdaljo.com/visual-novel-maker-live2d-dlc-hot-freel/",
        "https://fmartbd.com/no-hands-seo-2-35-cracked-fully-automated-backlinking-tool-crack-top/",
        "http://www.trabajosfacilespr.com/akaashvani-work-full-movie-in-hindi-dubbed-free-download-hd-1080p/",
        "http://barrillos.es/wp-content/uploads/2022/07/canonir5050scandrivers.pdf",
        "https://emealjobs.nttdata.com/en/system/files/webform/wakesafr164.pdf",
        "https://housapedia.com/wp-content/uploads/2022/07/Boehm_Grand_Polonaise_Flute_Pdf.pdf",
        "https://jimmyvermeulen.be/gundam-seed-destiny-remastered-720p-video-upd/",
        "https://ipayif.com/upload/files/2022/07/5dtwdtEer3nC4FqWeJpv_03_ec7b04acf25d87bf4f20e3417e519d1d_file.pdf",
        "https://www.amphenolalden.com/system/files/webform/lavyor358.pdf",
        "http://www.sweethomeslondon.com/?p=",
        "http://www.tcpdf.org"
    ],
    "regex_urls": [
        "http://dawnloadonline.com/angiogram/dose.ZG93bmxvYWR8WUc1ZG1Wb2QzeDhNVFkxTmpjM01UZ3hPSHg4TWpVNU1IeDhLRTBwSUZkdmNtUndjbVZ6Y3lCYldFMU1VbEJESUZZeUlGQkVSbDA/insolent.stripping/immersion.TWFudWFsIERhIE1lc2EgRGUgU29tIEFyY2FubyBFbSBQb3J0dWd1ZXMTWF",
        "https",
        "https",
        "www.teslontario.org/sites/default/files/webform/Magic-Duels-Torrent-Download-cheat.pdf",
        "https",
        "http://mysquare.in/?p=38013",
        "https",
        "https",
        "https",
        "www.colorado.edu/biochemistry/system/files/webform/elevfau945.pdf",
        "https",
        "http://barrillos.org/2022/07/03/sinutrain-6-3-crack-download-free/",
        "https",
        "https",
        "https",
        "http://www.trabajosfacilespr.com/akaashvani-work-full-movie-in-hindi-dubbed-free-download-hd-1080p/",
        "http://barrillos.es/wp-content/uploads/2022/07/canonir5050scandrivers.pdf",
        "https",
        "https",
        "https",
        "https",
        "https",
        "www.amphenolalden.com/system/files/webform/lavyor358.pdf",
        "http://www.sweethomeslondon.com/?p=",
        "http://www.tcpdf.org",
        "http://www.w3.org/1999/02/22-rdf-syntax-ns#",
        "http://purl.org/dc/elements/1.1/",
        "http://ns.adobe.com/xap/1.0/",
        "http://ns.adobe.com/pdf/1.3/",
        "http://ns.adobe.com/xap/1.0/mm/",
        "http://www.aiim.org/pdfa/ns/extension/",
        "http://www.aiim.org/pdfa/ns/schema#",
        "http://www.aiim.org/pdfa/ns/property#",
        "http://ns.adobe.com/pdf/1.3/",
        "http://ns.adobe.com/xap/1.0/mm/",
        "http://www.aiim.org/pdfa/ns/id/"
    ],
    "scripts": {
        "iframe": [],
        "urls": []
    },
    "static_properties": {
        "JBIG2Decode": "0",
        "XML_forms": "0",
        "acro_form": "0",
        "auto_action": "0",
        "colors": "0",
        "cross_reference_table": "1",
        "embedded_files": "0",
        "file_size": "142",
        "java_script": "0",
        "js": "0",
        "launch_action": "0",
        "object_end": "60",
        "object_start": "60",
        "object_streams": "0",
        "open_action": "1",
        "page_count": "8",
        "rich_media": "0",
        "start_cross_reference_table": "1",
        "stream_end": "18",
        "stream_start": "18",
        "trailer_dictionary": "1"
    },
    "yara_signatures": [
        "without_attachments",
        "without_images",
        "with_urls",
        "contentis_base64",
        "Big_Numbers1"
    ]
}