{
    "exif_signatures": {},
    "file_size": 35216,
    "pdfid_signatures": {},
    "pypdf_uris": [
        "http://netcdn.co/app/431946152/free-promo-codes-roblox-october-2021-game-hack",
        "http://netcdn.co/app/431946152/free-promo-codes-roblox-october-2021-game-hack",
        "https://perpus.poltekkesjkt2.ac.id/respoy/repository/roblox-weight-lifting-simulater-hacks_GM431946152.pdf",
        "https://perpus.poltekkesjkt2.ac.id/respoy/repository/admin-hack-anygame-roblox_GM431946152.pdf",
        "https://perpus.poltekkesjkt2.ac.id/respoy/repository/free-roblox-promo-codes-for-wing-2021_GM431946152.pdf",
        "https://perpus.poltekkesjkt2.ac.id/respoy/repository/how-to-get-free-robux-on-kindle-fire_GM431946152.pdf",
        "https://perpus.poltekkesjkt2.ac.id/setiadi/repository/robux-free-onlin_GM431946152.pdf",
        "https://perpus.poltekkesjkt2.ac.id/respoy/repository/free-robux-raw-pastebin_GM431946152.pdf",
        "https://perpus.poltekkesjkt2.ac.id/respoy/repository/roblox-robux-free-bc_GM431946152.pdf",
        "https://perpus.poltekkesjkt2.ac.id/setiadi/repository/hack-any-roblox-account-2021_GM431946152.pdf",
        "https://perpus.poltekkesjkt2.ac.id/respoy/repository/roblox-piano-hack-mobile_GM431946152.pdf",
        "https://perpus.poltekkesjkt2.ac.id/respoy/repository/emperor-hacks-roblox-discord_GM431946152.pdf",
        "https://perpus.poltekkesjkt2.ac.id/setiadi/repository/how-50-robux-gift-card-free_GM431946152.pdf",
        "https://perpus.poltekkesjkt2.ac.id/setiadi/repository/easyrobux-com-free-robux_GM431946152.pdf",
        "https://perpus.poltekkesjkt2.ac.id/setiadi/repository/roblox-cheats-for-booga-booga_GM431946152.pdf",
        "https://perpus.poltekkesjkt2.ac.id/respoy/repository/roblox-free-places_GM431946152.pdf",
        "https://perpus.poltekkesjkt2.ac.id/setiadi/repository/free-roblox-level-7-exploit_GM431946152.pdf",
        "https://perpus.poltekkesjkt2.ac.id/setiadi/repository/free-roblox-music-id_GM431946152.pdf",
        "https://perpus.poltekkesjkt2.ac.id/respoy/repository/get-free-get-lol-roblox-shirt_GM431946152.pdf",
        "https://perpus.poltekkesjkt2.ac.id/setiadi/repository/roblox-nike-free-auttaucollant_GM431946152.pdf",
        "https://perpus.poltekkesjkt2.ac.id/respoy/repository/free-robux-generator-no-survey_GM431946152.pdf",
        "https://perpus.poltekkesjkt2.ac.id/setiadi/repository/free-robux-minecraft_GM431946152.pdf"
    ],
    "regex_uris": [
        "http://netcdn.co/app/431946152/free-promo-codes-roblox-october-2021-game-hack",
        "http://netcdn.co/app/431946152/free-promo-codes-roblox-october-2021-game-hack",
        "https://perpus.poltekkesjkt2.ac.id/respoy/repository/roblox-weight-lifting-simulater-hacks_GM431946152.pdf",
        "https://perpus.poltekkesjkt2.ac.id/respoy/repository/admin-hack-anygame-roblox_GM431946152.pdf",
        "https://perpus.poltekkesjkt2.ac.id/respoy/repository/free-roblox-promo-codes-for-wing-2021_GM431946152.pdf",
        "https://perpus.poltekkesjkt2.ac.id/respoy/repository/how-to-get-free-robux-on-kindle-fire_GM431946152.pdf",
        "https://perpus.poltekkesjkt2.ac.id/setiadi/repository/robux-free-onlin_GM431946152.pdf",
        "https://perpus.poltekkesjkt2.ac.id/respoy/repository/free-robux-raw-pastebin_GM431946152.pdf",
        "https://perpus.poltekkesjkt2.ac.id/respoy/repository/roblox-robux-free-bc_GM431946152.pdf",
        "https://perpus.poltekkesjkt2.ac.id/setiadi/repository/hack-any-roblox-account-2021_GM431946152.pdf",
        "https://perpus.poltekkesjkt2.ac.id/respoy/repository/roblox-piano-hack-mobile_GM431946152.pdf",
        "https://perpus.poltekkesjkt2.ac.id/respoy/repository/emperor-hacks-roblox-discord_GM431946152.pdf",
        "https://perpus.poltekkesjkt2.ac.id/setiadi/repository/how-50-robux-gift-card-free_GM431946152.pdf",
        "https://perpus.poltekkesjkt2.ac.id/setiadi/repository/easyrobux-com-free-robux_GM431946152.pdf",
        "https://perpus.poltekkesjkt2.ac.id/setiadi/repository/roblox-cheats-for-booga-booga_GM431946152.pdf",
        "https://perpus.poltekkesjkt2.ac.id/respoy/repository/roblox-free-places_GM431946152.pdf",
        "https://perpus.poltekkesjkt2.ac.id/setiadi/repository/free-roblox-level-7-exploit_GM431946152.pdf",
        "https://perpus.poltekkesjkt2.ac.id/setiadi/repository/free-roblox-music-id_GM431946152.pdf",
        "https://perpus.poltekkesjkt2.ac.id/respoy/repository/get-free-get-lol-roblox-shirt_GM431946152.pdf",
        "https://perpus.poltekkesjkt2.ac.id/setiadi/repository/roblox-nike-free-auttaucollant_GM431946152.pdf",
        "https://perpus.poltekkesjkt2.ac.id/respoy/repository/free-robux-generator-no-survey_GM431946152.pdf",
        "https://perpus.poltekkesjkt2.ac.id/setiadi/repository/free-robux-minecraft_GM431946152.pdf"
    ],
    "regex_urls": [
        "http://netcdn.co/app/431946152/free-promo-codes-roblox-october-2021-game-hack",
        "http://netcdn.co/app/431946152/free-promo-codes-roblox-october-2021-game-hack",
        "https",
        "https",
        "https",
        "https",
        "https",
        "https",
        "https",
        "https",
        "https",
        "https",
        "https",
        "https",
        "https",
        "https",
        "https",
        "https",
        "https",
        "https",
        "https",
        "https"
    ],
    "scripts": {
        "iframe": [],
        "urls": []
    },
    "static_properties": {
        "JBIG2Decode": "0",
        "XML_forms": "0",
        "acro_form": "0",
        "auto_action": "0",
        "colors": "0",
        "cross_reference_table": "1",
        "embedded_files": "0",
        "file_size": "35",
        "java_script": "0",
        "js": "0",
        "launch_action": "0",
        "object_end": "55",
        "object_start": "55",
        "object_streams": "0",
        "open_action": "0",
        "page_count": "2",
        "rich_media": "0",
        "start_cross_reference_table": "1",
        "stream_end": "6",
        "stream_start": "6",
        "trailer_dictionary": "1"
    },
    "yara_signatures": [
        "without_attachments",
        "without_images",
        "with_urls",
        "invalid_trailer_structure",
        "contentis_base64"
    ]
}