{
    "exif_signatures": {},
    "file_size": 44896,
    "pdfid_signatures": {},
    "pypdf_uris": [
        "https://netcdn.xyz/app/406889139/daily-free-spins-on-coin-master-game-hack",
        "https://netcdn.xyz/app/406889139/daily-free-spins-on-coin-master-game-hack",
        "http://petrorang.com/admin-panel/products/images/files/roblox-verification_GM431946152.pdf",
        "http://petrorang.com/admin-panel/products/images/files/roblox-troll-outfits-free_GM431946152.pdf",
        "http://petrorang.com/admin-panel/products/images/files/free-roblox-exploits_GM431946152.pdf",
        "http://petrorang.com/admin-panel/products/images/files/free-robux-no-password_GM431946152.pdf",
        "http://petrorang.com/admin-panel/products/images/files/is-there-a-way-to-get-free-robux_GM431946152.pdf",
        "http://petrorang.com/admin-panel/products/images/files/how-to-earn-free-stars-on-coin-master_GM406889139.pdf",
        "http://petrorang.com/admin-panel/products/images/files/free-robux-no-verification-or-survey_GM431946152.pdf",
        "http://petrorang.com/admin-panel/products/images/files/real-working-coin-master-hack_GM406889139.pdf",
        "http://petrorang.com/admin-panel/products/images/files/free-spins-coin-master-2021-glitch_GM406889139.pdf",
        "http://petrorang.com/admin-panel/products/images/files/get-free-robux-no-human-verification_GM431946152.pdf",
        "http://petrorang.com/admin-panel/products/images/files/roblox-jailbreak-hack-download_GM431946152.pdf",
        "http://petrorang.com/admin-panel/products/images/files/free-robux-no-human-verification-or-survey-2021_GM431946152.pdf",
        "http://petrorang.com/admin-panel/products/images/files/robux-robux_GM431946152.pdf",
        "http://petrorang.com/admin-panel/products/images/files/mosttechs-coin-master-free-spins_GM406889139.pdf",
        "http://petrorang.com/admin-panel/products/images/files/roblox-phantom-forces-hack_GM431946152.pdf",
        "http://petrorang.com/admin-panel/products/images/files/minecraft-java-edition-free-download_GM479516143.pdf",
        "http://petrorang.com/admin-panel/products/images/files/coin-master-heaven-daily-free-spins_GM406889139.pdf",
        "http://petrorang.com/admin-panel/products/images/files/free-minecraft-java-server_GM479516143.pdf",
        "http://petrorang.com/admin-panel/products/images/files/how-to-get-free-robux-fast_GM431946152.pdf",
        "http://petrorang.com/admin-panel/products/images/files/free-coin-master-spins-and-coins-for-daily_GM406889139.pdf"
    ],
    "regex_uris": [
        "https://netcdn.xyz/app/406889139/daily-free-spins-on-coin-master-game-hack",
        "https://netcdn.xyz/app/406889139/daily-free-spins-on-coin-master-game-hack",
        "http://petrorang.com/admin-panel/products/images/files/roblox-verification_GM431946152.pdf",
        "http://petrorang.com/admin-panel/products/images/files/roblox-troll-outfits-free_GM431946152.pdf",
        "http://petrorang.com/admin-panel/products/images/files/free-roblox-exploits_GM431946152.pdf",
        "http://petrorang.com/admin-panel/products/images/files/free-robux-no-password_GM431946152.pdf",
        "http://petrorang.com/admin-panel/products/images/files/is-there-a-way-to-get-free-robux_GM431946152.pdf",
        "http://petrorang.com/admin-panel/products/images/files/how-to-earn-free-stars-on-coin-master_GM406889139.pdf",
        "http://petrorang.com/admin-panel/products/images/files/free-robux-no-verification-or-survey_GM431946152.pdf",
        "http://petrorang.com/admin-panel/products/images/files/real-working-coin-master-hack_GM406889139.pdf",
        "http://petrorang.com/admin-panel/products/images/files/free-spins-coin-master-2021-glitch_GM406889139.pdf",
        "http://petrorang.com/admin-panel/products/images/files/get-free-robux-no-human-verification_GM431946152.pdf",
        "http://petrorang.com/admin-panel/products/images/files/roblox-jailbreak-hack-download_GM431946152.pdf",
        "http://petrorang.com/admin-panel/products/images/files/free-robux-no-human-verification-or-survey-2021_GM431946152.pdf",
        "http://petrorang.com/admin-panel/products/images/files/robux-robux_GM431946152.pdf",
        "http://petrorang.com/admin-panel/products/images/files/mosttechs-coin-master-free-spins_GM406889139.pdf",
        "http://petrorang.com/admin-panel/products/images/files/roblox-phantom-forces-hack_GM431946152.pdf",
        "http://petrorang.com/admin-panel/products/images/files/minecraft-java-edition-free-download_GM479516143.pdf",
        "http://petrorang.com/admin-panel/products/images/files/coin-master-heaven-daily-free-spins_GM406889139.pdf",
        "http://petrorang.com/admin-panel/products/images/files/free-minecraft-java-server_GM479516143.pdf",
        "http://petrorang.com/admin-panel/products/images/files/how-to-get-free-robux-fast_GM431946152.pdf",
        "http://petrorang.com/admin-panel/products/images/files/free-coin-master-spins-and-coins-for-daily_GM406889139.pdf"
    ],
    "regex_urls": [
        "https",
        "https",
        "http://petrorang.com/admin-panel/products/images/files/roblox-verification_GM431946152.pdf",
        "http://petrorang.com/admin-panel/products/images/files/roblox-troll-outfits-free_GM431946152.pdf",
        "http://petrorang.com/admin-panel/products/images/files/free-roblox-exploits_GM431946152.pdf",
        "http://petrorang.com/admin-panel/products/images/files/free-robux-no-password_GM431946152.pdf",
        "http://petrorang.com/admin-panel/products/images/files/is-there-a-way-to-get-free-robux_GM431946152.pdf",
        "http://petrorang.com/admin-panel/products/images/files/how-to-earn-free-stars-on-coin-master_GM406889139.pdf",
        "http://petrorang.com/admin-panel/products/images/files/free-robux-no-verification-or-survey_GM431946152.pdf",
        "http://petrorang.com/admin-panel/products/images/files/real-working-coin-master-hack_GM406889139.pdf",
        "http://petrorang.com/admin-panel/products/images/files/free-spins-coin-master-2021-glitch_GM406889139.pdf",
        "http://petrorang.com/admin-panel/products/images/files/get-free-robux-no-human-verification_GM431946152.pdf",
        "http://petrorang.com/admin-panel/products/images/files/roblox-jailbreak-hack-download_GM431946152.pdf",
        "http://petrorang.com/admin-panel/products/images/files/free-robux-no-human-verification-or-survey-2021_GM431946152.pdf",
        "http://petrorang.com/admin-panel/products/images/files/robux-robux_GM431946152.pdf",
        "http://petrorang.com/admin-panel/products/images/files/mosttechs-coin-master-free-spins_GM406889139.pdf",
        "http://petrorang.com/admin-panel/products/images/files/roblox-phantom-forces-hack_GM431946152.pdf",
        "http://petrorang.com/admin-panel/products/images/files/minecraft-java-edition-free-download_GM479516143.pdf",
        "http://petrorang.com/admin-panel/products/images/files/coin-master-heaven-daily-free-spins_GM406889139.pdf",
        "http://petrorang.com/admin-panel/products/images/files/free-minecraft-java-server_GM479516143.pdf",
        "http://petrorang.com/admin-panel/products/images/files/how-to-get-free-robux-fast_GM431946152.pdf",
        "http://petrorang.com/admin-panel/products/images/files/free-coin-master-spins-and-coins-for-daily_GM406889139.pdf"
    ],
    "scripts": {
        "iframe": [],
        "urls": []
    },
    "static_properties": {
        "JBIG2Decode": "0",
        "XML_forms": "0",
        "acro_form": "0",
        "auto_action": "0",
        "colors": "0",
        "cross_reference_table": "1",
        "embedded_files": "0",
        "file_size": "45",
        "java_script": "0",
        "js": "0",
        "launch_action": "0",
        "object_end": "60",
        "object_start": "60",
        "object_streams": "0",
        "open_action": "0",
        "page_count": "3",
        "rich_media": "0",
        "start_cross_reference_table": "1",
        "stream_end": "7",
        "stream_start": "7",
        "trailer_dictionary": "1"
    },
    "yara_signatures": [
        "without_attachments",
        "without_images",
        "with_urls",
        "invalid_trailer_structure",
        "contentis_base64"
    ]
}