{
    "exif_signatures": {},
    "file_size": 118096,
    "pdfid_signatures": {},
    "pypdf_uris": [
        "http://resumeskayako.site/Nursing-Home-Administrator-License/pdf/rcdhotels.com",
        "http://resumeskayako.site/Nursing-Home-Administrator-License/doc/rcdhotels.com",
        "https://rcdhotels.com/wp-content/uploads/formidable/8/eec-medication-administration-form.pdf",
        "https://rcdhotels.com/wp-content/uploads/formidable/8/sample-letter-of-personal-testimony.pdf",
        "https://rcdhotels.com/wp-content/uploads/formidable/8/the-job-description-handbook.pdf",
        "https://rcdhotels.com/wp-content/uploads/formidable/8/intrinsic-and-extrinsic-job-satisfaction-questionnaire.pdf",
        "https://rcdhotels.com/wp-content/uploads/formidable/8/hampton-bay-landscape-transformer-manual.pdf",
        "https://rcdhotels.com/wp-content/uploads/formidable/8/mortgage-masters-port-st-lucie-fl.pdf",
        "https://rcdhotels.com/wp-content/uploads/formidable/8/nm-courts-warrant-lookup.pdf"
    ],
    "regex_uris": [
        "http://resumeskayako.site/Nursing-Home-Administrator-License/pdf/rcdhotels.com)>>>><</Type /Annot /Subtype /Link /Rect [305.00 455.00 571.00 383.00] /Border [0 0 0] /A <</S /URI /URI (http://resumeskayako.site/Nursing-Home-Administrator-License/doc/rcdhotels.com",
        "https://rcdhotels.com/wp-content/uploads/formidable/8/eec-medication-administration-form.pdf",
        "https://rcdhotels.com/wp-content/uploads/formidable/8/sample-letter-of-personal-testimony.pdf",
        "https://rcdhotels.com/wp-content/uploads/formidable/8/the-job-description-handbook.pdf",
        "https://rcdhotels.com/wp-content/uploads/formidable/8/intrinsic-and-extrinsic-job-satisfaction-questionnaire.pdf",
        "https://rcdhotels.com/wp-content/uploads/formidable/8/hampton-bay-landscape-transformer-manual.pdf",
        "https://rcdhotels.com/wp-content/uploads/formidable/8/mortgage-masters-port-st-lucie-fl.pdf",
        "https://rcdhotels.com/wp-content/uploads/formidable/8/nm-courts-warrant-lookup.pdf"
    ],
    "regex_urls": [
        "http://resumeskayako.site/Nursing-Home-Administrator-License/pdf/rcdhotels.com",
        "http://resumeskayako.site/Nursing-Home-Administrator-License/doc/rcdhotels.com",
        "https",
        "https",
        "https",
        "https",
        "https",
        "https",
        "https"
    ],
    "scripts": {
        "iframe": [],
        "urls": []
    },
    "static_properties": {
        "JBIG2Decode": "0",
        "XML_forms": "0",
        "acro_form": "0",
        "auto_action": "0",
        "colors": "0",
        "cross_reference_table": "1",
        "embedded_files": "0",
        "file_size": "118",
        "java_script": "0",
        "js": "0",
        "launch_action": "0",
        "object_end": "45",
        "object_start": "45",
        "object_streams": "0",
        "open_action": "0",
        "page_count": "16",
        "rich_media": "0",
        "start_cross_reference_table": "1",
        "stream_end": "24",
        "stream_start": "24",
        "trailer_dictionary": "1"
    },
    "yara_signatures": [
        "without_attachments",
        "without_images",
        "with_urls",
        "invalid_trailer_structure",
        "contentis_base64"
    ]
}