{
    "exif_signatures": {},
    "file_size": 44167,
    "pdfid_signatures": {},
    "pypdf_uris": [
        "https://netcdn.xyz/app/431946152/free-account-roblox-with-robux-game-hack",
        "https://netcdn.xyz/app/431946152/free-account-roblox-with-robux-game-hack",
        "https://mtsn1kebumen.sch.id/__statics/gudangsoal/files/coin-master-free-spins-2021-link_GM406889139.pdf",
        "https://mtsn1kebumen.sch.id/__statics/gudangsoal/files/huskybuckscom-free-robux_GM431946152.pdf",
        "https://mtsn1kebumen.sch.id/__statics/gudangsoal/files/coin-master-free-spin-and-coins-fbid-links_GM406889139.pdf",
        "https://mtsn1kebumen.sch.id/__statics/gudangsoal/files/free-robux-apk_GM431946152.pdf",
        "https://mtsn1kebumen.sch.id/__statics/gudangsoal/files/free-spin-online-tool-coin-master_GM406889139.pdf",
        "https://mtsn1kebumen.sch.id/__statics/gudangsoal/files/coin-master-daily-free-spins-link-today-facebook_GM406889139.pdf",
        "https://mtsn1kebumen.sch.id/__statics/gudangsoal/files/coin-master-free-attack_GM406889139.pdf",
        "https://mtsn1kebumen.sch.id/__statics/gudangsoal/files/free-robux-promo-codes-2021_GM431946152.pdf",
        "https://mtsn1kebumen.sch.id/__statics/gudangsoal/files/rare-free-links-to-coin-master_GM406889139.pdf",
        "https://mtsn1kebumen.sch.id/__statics/gudangsoal/files/how-to-get-free-robux-with-no-verification_GM431946152.pdf",
        "https://mtsn1kebumen.sch.id/__statics/gudangsoal/files/roblox-free-robux-no-human-verification_GM431946152.pdf",
        "https://mtsn1kebumen.sch.id/__statics/gudangsoal/files/is-coin-master-hack-safe_GM406889139.pdf",
        "https://mtsn1kebumen.sch.id/__statics/gudangsoal/files/how-to-get-free-robux-2021-no-human-verification_GM431946152.pdf",
        "https://mtsn1kebumen.sch.id/__statics/gudangsoal/files/coin-master-cheats-2021_GM406889139.pdf",
        "https://mtsn1kebumen.sch.id/__statics/gudangsoal/files/how-to-get-free-pet-snacks-in-coin-master_GM406889139.pdf",
        "https://mtsn1kebumen.sch.id/__statics/gudangsoal/files/free-vpn-for-minecraft_GM479516143.pdf",
        "https://mtsn1kebumen.sch.id/__statics/gudangsoal/files/minecraft-free-edition_GM479516143.pdf",
        "https://mtsn1kebumen.sch.id/__statics/gudangsoal/files/free-spin-coin-master-ios_GM406889139.pdf",
        "https://mtsn1kebumen.sch.id/__statics/gudangsoal/files/how-do-you-get-free-daily-spins-on-coin-master_GM406889139.pdf",
        "https://mtsn1kebumen.sch.id/__statics/gudangsoal/files/coin-master-free-spins-link-fb_GM406889139.pdf"
    ],
    "regex_uris": [
        "https://netcdn.xyz/app/431946152/free-account-roblox-with-robux-game-hack",
        "https://netcdn.xyz/app/431946152/free-account-roblox-with-robux-game-hack",
        "https://mtsn1kebumen.sch.id/__statics/gudangsoal/files/coin-master-free-spins-2021-link_GM406889139.pdf",
        "https://mtsn1kebumen.sch.id/__statics/gudangsoal/files/huskybuckscom-free-robux_GM431946152.pdf",
        "https://mtsn1kebumen.sch.id/__statics/gudangsoal/files/coin-master-free-spin-and-coins-fbid-links_GM406889139.pdf",
        "https://mtsn1kebumen.sch.id/__statics/gudangsoal/files/free-robux-apk_GM431946152.pdf",
        "https://mtsn1kebumen.sch.id/__statics/gudangsoal/files/free-spin-online-tool-coin-master_GM406889139.pdf",
        "https://mtsn1kebumen.sch.id/__statics/gudangsoal/files/coin-master-daily-free-spins-link-today-facebook_GM406889139.pdf",
        "https://mtsn1kebumen.sch.id/__statics/gudangsoal/files/coin-master-free-attack_GM406889139.pdf",
        "https://mtsn1kebumen.sch.id/__statics/gudangsoal/files/free-robux-promo-codes-2021_GM431946152.pdf",
        "https://mtsn1kebumen.sch.id/__statics/gudangsoal/files/rare-free-links-to-coin-master_GM406889139.pdf",
        "https://mtsn1kebumen.sch.id/__statics/gudangsoal/files/how-to-get-free-robux-with-no-verification_GM431946152.pdf",
        "https://mtsn1kebumen.sch.id/__statics/gudangsoal/files/roblox-free-robux-no-human-verification_GM431946152.pdf",
        "https://mtsn1kebumen.sch.id/__statics/gudangsoal/files/is-coin-master-hack-safe_GM406889139.pdf",
        "https://mtsn1kebumen.sch.id/__statics/gudangsoal/files/how-to-get-free-robux-2021-no-human-verification_GM431946152.pdf",
        "https://mtsn1kebumen.sch.id/__statics/gudangsoal/files/coin-master-cheats-2021_GM406889139.pdf",
        "https://mtsn1kebumen.sch.id/__statics/gudangsoal/files/how-to-get-free-pet-snacks-in-coin-master_GM406889139.pdf",
        "https://mtsn1kebumen.sch.id/__statics/gudangsoal/files/free-vpn-for-minecraft_GM479516143.pdf",
        "https://mtsn1kebumen.sch.id/__statics/gudangsoal/files/minecraft-free-edition_GM479516143.pdf",
        "https://mtsn1kebumen.sch.id/__statics/gudangsoal/files/free-spin-coin-master-ios_GM406889139.pdf",
        "https://mtsn1kebumen.sch.id/__statics/gudangsoal/files/how-do-you-get-free-daily-spins-on-coin-master_GM406889139.pdf",
        "https://mtsn1kebumen.sch.id/__statics/gudangsoal/files/coin-master-free-spins-link-fb_GM406889139.pdf"
    ],
    "regex_urls": [
        "https",
        "https",
        "https",
        "https",
        "https",
        "https",
        "https",
        "https",
        "https",
        "https",
        "https",
        "https",
        "https",
        "https",
        "https",
        "https",
        "https",
        "https",
        "https",
        "https",
        "https",
        "https"
    ],
    "scripts": {
        "iframe": [],
        "urls": []
    },
    "static_properties": {
        "JBIG2Decode": "0",
        "XML_forms": "0",
        "acro_form": "0",
        "auto_action": "0",
        "colors": "0",
        "cross_reference_table": "1",
        "embedded_files": "0",
        "file_size": "44",
        "java_script": "0",
        "js": "0",
        "launch_action": "0",
        "object_end": "60",
        "object_start": "60",
        "object_streams": "0",
        "open_action": "0",
        "page_count": "3",
        "rich_media": "0",
        "start_cross_reference_table": "1",
        "stream_end": "7",
        "stream_start": "7",
        "trailer_dictionary": "1"
    },
    "yara_signatures": [
        "without_attachments",
        "without_images",
        "with_urls",
        "invalid_trailer_structure",
        "contentis_base64"
    ]
}