{
    "exif_signatures": {},
    "file_size": 35758,
    "pdfid_signatures": {},
    "pypdf_uris": [
        "http://netcdn.co/app/431946152/free-robux-gift-card-codes-no-human-verification-game-hack",
        "http://netcdn.co/app/431946152/free-robux-gift-card-codes-no-human-verification-game-hack",
        "https://belajar.mtsn4malang.sch.id/__statics/gudangsoal/files/my-minecraft-account-was-hacked_GM479516143.pdf",
        "https://belajar.mtsn4malang.sch.id/__statics/gudangsoal/files/ac-market-coin-master-hack_GM406889139.pdf",
        "https://belajar.mtsn4malang.sch.id/__statics/gudangsoal/files/how-to-earn-robux_GM431946152.pdf",
        "https://belajar.mtsn4malang.sch.id/__statics/gudangsoal/files/coin-master-hacks-for-free-spins_GM406889139.pdf",
        "https://belajar.mtsn4malang.sch.id/__statics/gudangsoal/files/coin-master-free-coins-link-2021_GM406889139.pdf",
        "https://belajar.mtsn4malang.sch.id/__statics/gudangsoal/files/coin-master-free-redeem-code_GM406889139.pdf",
        "https://belajar.mtsn4malang.sch.id/__statics/gudangsoal/files/coin-master-free-chest-link_GM406889139.pdf",
        "https://belajar.mtsn4malang.sch.id/__statics/gudangsoal/files/coin-master-cheats-for-free-spins_GM406889139.pdf",
        "https://belajar.mtsn4malang.sch.id/__statics/gudangsoal/files/how-many-levels-in-coin-master_GM406889139.pdf",
        "https://belajar.mtsn4malang.sch.id/__statics/gudangsoal/files/coin-master-hack-spins-and-coins-unlimited-free-download_GM406889139.pdf",
        "https://belajar.mtsn4malang.sch.id/__statics/gudangsoal/files/hack-mod-coin-master_GM406889139.pdf",
        "https://belajar.mtsn4malang.sch.id/__statics/gudangsoal/files/how-to-get-free-tiktok-coins_GM835599320.pdf",
        "https://belajar.mtsn4malang.sch.id/__statics/gudangsoal/files/get-free-obc-roblox_GM431946152.pdf",
        "https://belajar.mtsn4malang.sch.id/__statics/gudangsoal/files/how-to-get-minecraft-bedrock-edition-on-pc-for-free_GM479516143.pdf",
        "https://belajar.mtsn4malang.sch.id/__statics/gudangsoal/files/robux-today_GM431946152.pdf",
        "https://belajar.mtsn4malang.sch.id/__statics/gudangsoal/files/free-spins-coin-master-app-ios_GM406889139.pdf",
        "https://belajar.mtsn4malang.sch.id/__statics/gudangsoal/files/80-free-spins-coin-master_GM406889139.pdf",
        "https://belajar.mtsn4malang.sch.id/__statics/gudangsoal/files/free-minecraft-resource-packs_GM479516143.pdf",
        "https://belajar.mtsn4malang.sch.id/__statics/gudangsoal/files/how-long-is-the-minecraft-free-trial_GM479516143.pdf",
        "https://belajar.mtsn4malang.sch.id/__statics/gudangsoal/files/robux-codes_GM431946152.pdf"
    ],
    "regex_uris": [
        "http://netcdn.co/app/431946152/free-robux-gift-card-codes-no-human-verification-game-hack",
        "http://netcdn.co/app/431946152/free-robux-gift-card-codes-no-human-verification-game-hack",
        "https://belajar.mtsn4malang.sch.id/__statics/gudangsoal/files/my-minecraft-account-was-hacked_GM479516143.pdf",
        "https://belajar.mtsn4malang.sch.id/__statics/gudangsoal/files/ac-market-coin-master-hack_GM406889139.pdf",
        "https://belajar.mtsn4malang.sch.id/__statics/gudangsoal/files/how-to-earn-robux_GM431946152.pdf",
        "https://belajar.mtsn4malang.sch.id/__statics/gudangsoal/files/coin-master-hacks-for-free-spins_GM406889139.pdf",
        "https://belajar.mtsn4malang.sch.id/__statics/gudangsoal/files/coin-master-free-coins-link-2021_GM406889139.pdf",
        "https://belajar.mtsn4malang.sch.id/__statics/gudangsoal/files/coin-master-free-redeem-code_GM406889139.pdf",
        "https://belajar.mtsn4malang.sch.id/__statics/gudangsoal/files/coin-master-free-chest-link_GM406889139.pdf",
        "https://belajar.mtsn4malang.sch.id/__statics/gudangsoal/files/coin-master-cheats-for-free-spins_GM406889139.pdf",
        "https://belajar.mtsn4malang.sch.id/__statics/gudangsoal/files/how-many-levels-in-coin-master_GM406889139.pdf",
        "https://belajar.mtsn4malang.sch.id/__statics/gudangsoal/files/coin-master-hack-spins-and-coins-unlimited-free-download_GM406889139.pdf",
        "https://belajar.mtsn4malang.sch.id/__statics/gudangsoal/files/hack-mod-coin-master_GM406889139.pdf",
        "https://belajar.mtsn4malang.sch.id/__statics/gudangsoal/files/how-to-get-free-tiktok-coins_GM835599320.pdf",
        "https://belajar.mtsn4malang.sch.id/__statics/gudangsoal/files/get-free-obc-roblox_GM431946152.pdf",
        "https://belajar.mtsn4malang.sch.id/__statics/gudangsoal/files/how-to-get-minecraft-bedrock-edition-on-pc-for-free_GM479516143.pdf",
        "https://belajar.mtsn4malang.sch.id/__statics/gudangsoal/files/robux-today_GM431946152.pdf",
        "https://belajar.mtsn4malang.sch.id/__statics/gudangsoal/files/free-spins-coin-master-app-ios_GM406889139.pdf",
        "https://belajar.mtsn4malang.sch.id/__statics/gudangsoal/files/80-free-spins-coin-master_GM406889139.pdf",
        "https://belajar.mtsn4malang.sch.id/__statics/gudangsoal/files/free-minecraft-resource-packs_GM479516143.pdf",
        "https://belajar.mtsn4malang.sch.id/__statics/gudangsoal/files/how-long-is-the-minecraft-free-trial_GM479516143.pdf",
        "https://belajar.mtsn4malang.sch.id/__statics/gudangsoal/files/robux-codes_GM431946152.pdf"
    ],
    "regex_urls": [
        "http://netcdn.co/app/431946152/free-robux-gift-card-codes-no-human-verification-game-hack",
        "http://netcdn.co/app/431946152/free-robux-gift-card-codes-no-human-verification-game-hack",
        "https",
        "https",
        "https",
        "https",
        "https",
        "https",
        "https",
        "https",
        "https",
        "https",
        "https",
        "https",
        "https",
        "https",
        "https",
        "https",
        "https",
        "https",
        "https",
        "https"
    ],
    "scripts": {
        "iframe": [],
        "urls": []
    },
    "static_properties": {
        "JBIG2Decode": "0",
        "XML_forms": "0",
        "acro_form": "0",
        "auto_action": "0",
        "colors": "0",
        "cross_reference_table": "1",
        "embedded_files": "0",
        "file_size": "36",
        "java_script": "0",
        "js": "1",
        "launch_action": "0",
        "object_end": "55",
        "object_start": "55",
        "object_streams": "0",
        "open_action": "0",
        "page_count": "2",
        "rich_media": "0",
        "start_cross_reference_table": "1",
        "stream_end": "6",
        "stream_start": "6",
        "trailer_dictionary": "1"
    },
    "yara_signatures": [
        "without_attachments",
        "without_images",
        "with_urls",
        "invalid_trailer_structure",
        "contentis_base64"
    ]
}