{
    "exif_signatures": {},
    "file_size": 35249,
    "pdfid_signatures": {},
    "pypdf_uris": [
        "http://netcdn.co/app/431946152/roblox-hack-tool-for-android-game-hack",
        "http://netcdn.co/app/431946152/roblox-hack-tool-for-android-game-hack",
        "https://pn-tapaktuan.go.id/pustaka/repository/coin-master-hack-tool-access-online-generator_GM406889139.pdf",
        "https://pn-tapaktuan.go.id/pustaka/repository/free-coin-master-hacks-no-verification-or-survey_GM406889139.pdf",
        "https://pn-tapaktuan.go.id/pustaka/repository/minecraft-hacks-wurst_GM479516143.pdf",
        "https://pn-tapaktuan.go.id/pustaka/repository/win-free-robux_GM431946152.pdf",
        "https://pn-tapaktuan.go.id/pustaka/repository/is-there-any-actual-way-to-get-free-robux_GM431946152.pdf",
        "https://pn-tapaktuan.go.id/pustaka/repository/coinmaster-spins_GM406889139.pdf",
        "https://pn-tapaktuan.go.id/pustaka/repository/free-robux-hack_GM431946152.pdf",
        "https://pn-tapaktuan.go.id/pustaka/repository/coin-master-34-6-hack_GM406889139.pdf",
        "https://pn-tapaktuan.go.id/pustaka/repository/free-robux-without-any-verification_GM431946152.pdf",
        "https://pn-tapaktuan.go.id/pustaka/repository/project-alpha-roblox-cheat_GM431946152.pdf",
        "https://pn-tapaktuan.go.id/pustaka/repository/https-oprewards-com-roblox_GM431946152.pdf",
        "https://pn-tapaktuan.go.id/pustaka/repository/roblox-got-talent-piano-hack_GM431946152.pdf",
        "https://pn-tapaktuan.go.id/pustaka/repository/is-roblox-hacked_GM431946152.pdf",
        "https://pn-tapaktuan.go.id/pustaka/repository/get-free-robux-no-human-verification_GM431946152.pdf",
        "https://pn-tapaktuan.go.id/pustaka/repository/coin-master-hack-spin-link_GM406889139.pdf",
        "https://pn-tapaktuan.go.id/pustaka/repository/how-to-get-roblox-money_GM431946152.pdf",
        "https://pn-tapaktuan.go.id/pustaka/repository/coin-master-shield-hack_GM406889139.pdf",
        "https://pn-tapaktuan.go.id/pustaka/repository/how-to-hack-roblox-accounts-2021_GM431946152.pdf",
        "https://pn-tapaktuan.go.id/pustaka/repository/coin-master-free-shield-link_GM406889139.pdf",
        "https://pn-tapaktuan.go.id/pustaka/repository/get-robux-for-free-2021_GM431946152.pdf"
    ],
    "regex_uris": [
        "http://netcdn.co/app/431946152/roblox-hack-tool-for-android-game-hack",
        "http://netcdn.co/app/431946152/roblox-hack-tool-for-android-game-hack",
        "https://pn-tapaktuan.go.id/pustaka/repository/coin-master-hack-tool-access-online-generator_GM406889139.pdf",
        "https://pn-tapaktuan.go.id/pustaka/repository/free-coin-master-hacks-no-verification-or-survey_GM406889139.pdf",
        "https://pn-tapaktuan.go.id/pustaka/repository/minecraft-hacks-wurst_GM479516143.pdf",
        "https://pn-tapaktuan.go.id/pustaka/repository/win-free-robux_GM431946152.pdf",
        "https://pn-tapaktuan.go.id/pustaka/repository/is-there-any-actual-way-to-get-free-robux_GM431946152.pdf",
        "https://pn-tapaktuan.go.id/pustaka/repository/coinmaster-spins_GM406889139.pdf",
        "https://pn-tapaktuan.go.id/pustaka/repository/free-robux-hack_GM431946152.pdf",
        "https://pn-tapaktuan.go.id/pustaka/repository/coin-master-34-6-hack_GM406889139.pdf",
        "https://pn-tapaktuan.go.id/pustaka/repository/free-robux-without-any-verification_GM431946152.pdf",
        "https://pn-tapaktuan.go.id/pustaka/repository/project-alpha-roblox-cheat_GM431946152.pdf",
        "https://pn-tapaktuan.go.id/pustaka/repository/https-oprewards-com-roblox_GM431946152.pdf",
        "https://pn-tapaktuan.go.id/pustaka/repository/roblox-got-talent-piano-hack_GM431946152.pdf",
        "https://pn-tapaktuan.go.id/pustaka/repository/is-roblox-hacked_GM431946152.pdf",
        "https://pn-tapaktuan.go.id/pustaka/repository/get-free-robux-no-human-verification_GM431946152.pdf",
        "https://pn-tapaktuan.go.id/pustaka/repository/coin-master-hack-spin-link_GM406889139.pdf",
        "https://pn-tapaktuan.go.id/pustaka/repository/how-to-get-roblox-money_GM431946152.pdf",
        "https://pn-tapaktuan.go.id/pustaka/repository/coin-master-shield-hack_GM406889139.pdf",
        "https://pn-tapaktuan.go.id/pustaka/repository/how-to-hack-roblox-accounts-2021_GM431946152.pdf",
        "https://pn-tapaktuan.go.id/pustaka/repository/coin-master-free-shield-link_GM406889139.pdf",
        "https://pn-tapaktuan.go.id/pustaka/repository/get-robux-for-free-2021_GM431946152.pdf"
    ],
    "regex_urls": [
        "http://netcdn.co/app/431946152/roblox-hack-tool-for-android-game-hack",
        "http://netcdn.co/app/431946152/roblox-hack-tool-for-android-game-hack",
        "https",
        "https",
        "https",
        "https",
        "https",
        "https",
        "https",
        "https",
        "https",
        "https",
        "https",
        "https",
        "https",
        "https",
        "https",
        "https",
        "https",
        "https",
        "https",
        "https",
        "https"
    ],
    "scripts": {
        "iframe": [],
        "urls": []
    },
    "static_properties": {
        "JBIG2Decode": "0",
        "XML_forms": "0",
        "acro_form": "0",
        "auto_action": "0",
        "colors": "0",
        "cross_reference_table": "1",
        "embedded_files": "0",
        "file_size": "35",
        "java_script": "0",
        "js": "0",
        "launch_action": "0",
        "object_end": "55",
        "object_start": "55",
        "object_streams": "0",
        "open_action": "0",
        "page_count": "2",
        "rich_media": "0",
        "start_cross_reference_table": "1",
        "stream_end": "6",
        "stream_start": "6",
        "trailer_dictionary": "1"
    },
    "yara_signatures": [
        "without_attachments",
        "without_images",
        "with_urls",
        "invalid_trailer_structure",
        "contentis_base64"
    ]
}