{
    "exif_signatures": {},
    "file_size": 35830,
    "pdfid_signatures": {},
    "pypdf_uris": [
        "http://netcdn.co/app/431946152/robux-hack-tool-download-2021-game-hack",
        "http://netcdn.co/app/431946152/robux-hack-tool-download-2021-game-hack",
        "https://elearning.manicp.sch.id/__statics/gudangsoal/files/how-to-get-free-spins-on-coin-master-facebook_GM406889139.pdf",
        "https://elearning.manicp.sch.id/__statics/gudangsoal/files/roblox-gift-card-codes-free-unused_GM431946152.pdf",
        "https://elearning.manicp.sch.id/__statics/gudangsoal/files/how-to-get-free-tiktok-likes_GM835599320.pdf",
        "https://elearning.manicp.sch.id/__statics/gudangsoal/files/does-roblox-premium-expire_GM431946152.pdf",
        "https://elearning.manicp.sch.id/__statics/gudangsoal/files/roblox-meme-gui-free_GM431946152.pdf",
        "https://elearning.manicp.sch.id/__statics/gudangsoal/files/free-robux-no-apps_GM431946152.pdf",
        "https://elearning.manicp.sch.id/__statics/gudangsoal/files/tryrbx-site-free-robux_GM431946152.pdf",
        "https://elearning.manicp.sch.id/__statics/gudangsoal/files/minecraft-hack-2021_GM479516143.pdf",
        "https://elearning.manicp.sch.id/__statics/gudangsoal/files/coin-master-online-free-spin_GM406889139.pdf",
        "https://elearning.manicp.sch.id/__statics/gudangsoal/files/how-to-hack-any-server-in-roblox-with-script_GM431946152.pdf",
        "https://elearning.manicp.sch.id/__statics/gudangsoal/files/free-t-shirt-roblox_GM431946152.pdf",
        "https://elearning.manicp.sch.id/__statics/gudangsoal/files/minecraft-hacker-skin_GM479516143.pdf",
        "https://elearning.manicp.sch.id/__statics/gudangsoal/files/how-to-get-free-robux-without-any-verification_GM431946152.pdf",
        "https://elearning.manicp.sch.id/__statics/gudangsoal/files/baldis-basics-free-roblox_GM431946152.pdf",
        "https://elearning.manicp.sch.id/__statics/gudangsoal/files/free-robux-obby-link-in-description_GM431946152.pdf",
        "https://elearning.manicp.sch.id/__statics/gudangsoal/files/free-promo-codes-for-coin-master_GM406889139.pdf",
        "https://elearning.manicp.sch.id/__statics/gudangsoal/files/coin-master-daily-free-spins-hack_GM406889139.pdf",
        "https://elearning.manicp.sch.id/__statics/gudangsoal/files/minecraft-beta-free_GM479516143.pdf",
        "https://elearning.manicp.sch.id/__statics/gudangsoal/files/how-to-get-free-robux-2021-easy_GM431946152.pdf",
        "https://elearning.manicp.sch.id/__statics/gudangsoal/files/free-spin-coin-master-twitter_GM406889139.pdf"
    ],
    "regex_uris": [
        "http://netcdn.co/app/431946152/robux-hack-tool-download-2021-game-hack",
        "http://netcdn.co/app/431946152/robux-hack-tool-download-2021-game-hack",
        "https://elearning.manicp.sch.id/__statics/gudangsoal/files/how-to-get-free-spins-on-coin-master-facebook_GM406889139.pdf",
        "https://elearning.manicp.sch.id/__statics/gudangsoal/files/roblox-gift-card-codes-free-unused_GM431946152.pdf",
        "https://elearning.manicp.sch.id/__statics/gudangsoal/files/how-to-get-free-tiktok-likes_GM835599320.pdf",
        "https://elearning.manicp.sch.id/__statics/gudangsoal/files/does-roblox-premium-expire_GM431946152.pdf",
        "https://elearning.manicp.sch.id/__statics/gudangsoal/files/roblox-meme-gui-free_GM431946152.pdf",
        "https://elearning.manicp.sch.id/__statics/gudangsoal/files/free-robux-no-apps_GM431946152.pdf",
        "https://elearning.manicp.sch.id/__statics/gudangsoal/files/tryrbx-site-free-robux_GM431946152.pdf",
        "https://elearning.manicp.sch.id/__statics/gudangsoal/files/minecraft-hack-2021_GM479516143.pdf",
        "https://elearning.manicp.sch.id/__statics/gudangsoal/files/coin-master-online-free-spin_GM406889139.pdf",
        "https://elearning.manicp.sch.id/__statics/gudangsoal/files/how-to-hack-any-server-in-roblox-with-script_GM431946152.pdf",
        "https://elearning.manicp.sch.id/__statics/gudangsoal/files/free-t-shirt-roblox_GM431946152.pdf",
        "https://elearning.manicp.sch.id/__statics/gudangsoal/files/minecraft-hacker-skin_GM479516143.pdf",
        "https://elearning.manicp.sch.id/__statics/gudangsoal/files/how-to-get-free-robux-without-any-verification_GM431946152.pdf",
        "https://elearning.manicp.sch.id/__statics/gudangsoal/files/baldis-basics-free-roblox_GM431946152.pdf",
        "https://elearning.manicp.sch.id/__statics/gudangsoal/files/free-robux-obby-link-in-description_GM431946152.pdf",
        "https://elearning.manicp.sch.id/__statics/gudangsoal/files/free-promo-codes-for-coin-master_GM406889139.pdf",
        "https://elearning.manicp.sch.id/__statics/gudangsoal/files/coin-master-daily-free-spins-hack_GM406889139.pdf",
        "https://elearning.manicp.sch.id/__statics/gudangsoal/files/minecraft-beta-free_GM479516143.pdf",
        "https://elearning.manicp.sch.id/__statics/gudangsoal/files/how-to-get-free-robux-2021-easy_GM431946152.pdf",
        "https://elearning.manicp.sch.id/__statics/gudangsoal/files/free-spin-coin-master-twitter_GM406889139.pdf"
    ],
    "regex_urls": [
        "http://netcdn.co/app/431946152/robux-hack-tool-download-2021-game-hack",
        "http://netcdn.co/app/431946152/robux-hack-tool-download-2021-game-hack",
        "https",
        "https",
        "https",
        "https",
        "https",
        "https",
        "https",
        "https",
        "https",
        "https",
        "https",
        "https",
        "https",
        "https",
        "https",
        "https",
        "https",
        "https",
        "https",
        "https"
    ],
    "scripts": {
        "iframe": [],
        "urls": []
    },
    "static_properties": {
        "JBIG2Decode": "0",
        "XML_forms": "0",
        "acro_form": "0",
        "auto_action": "0",
        "colors": "0",
        "cross_reference_table": "1",
        "embedded_files": "0",
        "file_size": "36",
        "java_script": "0",
        "js": "0",
        "launch_action": "0",
        "object_end": "55",
        "object_start": "55",
        "object_streams": "0",
        "open_action": "0",
        "page_count": "2",
        "rich_media": "0",
        "start_cross_reference_table": "1",
        "stream_end": "6",
        "stream_start": "6",
        "trailer_dictionary": "1"
    },
    "yara_signatures": [
        "without_attachments",
        "without_images",
        "with_urls",
        "invalid_trailer_structure",
        "contentis_base64"
    ]
}