{
    "exif_signatures": {},
    "file_size": 34218,
    "pdfid_signatures": {},
    "pypdf_uris": [
        "http://netcdn.tw/app/406889139/free-coins-for-coin-master-game-hack",
        "http://netcdn.tw/app/406889139/free-coins-for-coin-master-game-hack",
        "http://library.stipjakarta.ac.id/etd/repository/daily-free-spin-link-for-coin-master_GM406889139.pdf",
        "http://library.stipjakarta.ac.id/etd/repository/how-to-hack-in-booga-booga-roblox_GM431946152.pdf",
        "http://library.stipjakarta.ac.id/etd/repository/robux-free-c_GM431946152.pdf",
        "http://library.stipjakarta.ac.id/etd/repository/who-to-get-robux-for-free_GM431946152.pdf",
        "http://library.stipjakarta.ac.id/etd/repository/free-tiktok-accounts-with-2021-fans_GM835599320.pdf",
        "http://library.stipjakarta.ac.id/etd/repository/how-to-get-free-robux-on-mobile_GM431946152.pdf",
        "http://library.stipjakarta.ac.id/etd/repository/how-to-get-free-admin-in-any-roblox-game-2021_GM431946152.pdf",
        "http://library.stipjakarta.ac.id/etd/repository/free-robux-now_GM431946152.pdf",
        "http://library.stipjakarta.ac.id/etd/repository/roblox-hack-tool-generator_GM431946152.pdf",
        "http://library.stipjakarta.ac.id/etd/repository/hack-no-problem-with-download-roblox_GM431946152.pdf",
        "http://library.stipjakarta.ac.id/etd/repository/roblox-jailbreak-hacks-transparent_GM431946152.pdf",
        "http://library.stipjakarta.ac.id/etd/repository/robux-giver_GM431946152.pdf",
        "http://library.stipjakarta.ac.id/etd/repository/where-to-get-free-robux_GM431946152.pdf",
        "http://library.stipjakarta.ac.id/etd/repository/free-roblox-account-with-money-on-jailbreak_GM431946152.pdf",
        "http://library.stipjakarta.ac.id/etd/repository/coin-master-time-speed-hack_GM406889139.pdf",
        "http://library.stipjakarta.ac.id/etd/repository/how-to-get-free-shirts-on-roblox_GM431946152.pdf",
        "http://library.stipjakarta.ac.id/etd/repository/roblox-speed-hack-pastebin_GM431946152.pdf",
        "http://library.stipjakarta.ac.id/etd/repository/the-final-stand-2-roblox-hack_GM431946152.pdf",
        "http://library.stipjakarta.ac.id/etd/repository/get-free-robux-com_GM431946152.pdf",
        "http://library.stipjakarta.ac.id/etd/repository/free-robux-addons_GM431946152.pdf"
    ],
    "regex_uris": [
        "http://netcdn.tw/app/406889139/free-coins-for-coin-master-game-hack",
        "http://netcdn.tw/app/406889139/free-coins-for-coin-master-game-hack",
        "http://library.stipjakarta.ac.id/etd/repository/daily-free-spin-link-for-coin-master_GM406889139.pdf",
        "http://library.stipjakarta.ac.id/etd/repository/how-to-hack-in-booga-booga-roblox_GM431946152.pdf",
        "http://library.stipjakarta.ac.id/etd/repository/robux-free-c_GM431946152.pdf",
        "http://library.stipjakarta.ac.id/etd/repository/who-to-get-robux-for-free_GM431946152.pdf",
        "http://library.stipjakarta.ac.id/etd/repository/free-tiktok-accounts-with-2021-fans_GM835599320.pdf",
        "http://library.stipjakarta.ac.id/etd/repository/how-to-get-free-robux-on-mobile_GM431946152.pdf",
        "http://library.stipjakarta.ac.id/etd/repository/how-to-get-free-admin-in-any-roblox-game-2021_GM431946152.pdf",
        "http://library.stipjakarta.ac.id/etd/repository/free-robux-now_GM431946152.pdf",
        "http://library.stipjakarta.ac.id/etd/repository/roblox-hack-tool-generator_GM431946152.pdf",
        "http://library.stipjakarta.ac.id/etd/repository/hack-no-problem-with-download-roblox_GM431946152.pdf",
        "http://library.stipjakarta.ac.id/etd/repository/roblox-jailbreak-hacks-transparent_GM431946152.pdf",
        "http://library.stipjakarta.ac.id/etd/repository/robux-giver_GM431946152.pdf",
        "http://library.stipjakarta.ac.id/etd/repository/where-to-get-free-robux_GM431946152.pdf",
        "http://library.stipjakarta.ac.id/etd/repository/free-roblox-account-with-money-on-jailbreak_GM431946152.pdf",
        "http://library.stipjakarta.ac.id/etd/repository/coin-master-time-speed-hack_GM406889139.pdf",
        "http://library.stipjakarta.ac.id/etd/repository/how-to-get-free-shirts-on-roblox_GM431946152.pdf",
        "http://library.stipjakarta.ac.id/etd/repository/roblox-speed-hack-pastebin_GM431946152.pdf",
        "http://library.stipjakarta.ac.id/etd/repository/the-final-stand-2-roblox-hack_GM431946152.pdf",
        "http://library.stipjakarta.ac.id/etd/repository/get-free-robux-com_GM431946152.pdf",
        "http://library.stipjakarta.ac.id/etd/repository/free-robux-addons_GM431946152.pdf"
    ],
    "regex_urls": [
        "http://netcdn.tw/app/406889139/free-coins-for-coin-master-game-hack",
        "http://netcdn.tw/app/406889139/free-coins-for-coin-master-game-hack",
        "http://library.stipjakarta.ac.id/etd/repository/daily-free-spin-link-for-coin-master_GM406889139.pdf",
        "http://library.stipjakarta.ac.id/etd/repository/how-to-hack-in-booga-booga-roblox_GM431946152.pdf",
        "http://library.stipjakarta.ac.id/etd/repository/robux-free-c_GM431946152.pdf",
        "http://library.stipjakarta.ac.id/etd/repository/who-to-get-robux-for-free_GM431946152.pdf",
        "http://library.stipjakarta.ac.id/etd/repository/free-tiktok-accounts-with-2021-fans_GM835599320.pdf",
        "http://library.stipjakarta.ac.id/etd/repository/how-to-get-free-robux-on-mobile_GM431946152.pdf",
        "http://library.stipjakarta.ac.id/etd/repository/how-to-get-free-admin-in-any-roblox-game-2021_GM431946152.pdf",
        "http://library.stipjakarta.ac.id/etd/repository/free-robux-now_GM431946152.pdf",
        "http://library.stipjakarta.ac.id/etd/repository/roblox-hack-tool-generator_GM431946152.pdf",
        "http://library.stipjakarta.ac.id/etd/repository/hack-no-problem-with-download-roblox_GM431946152.pdf",
        "http://library.stipjakarta.ac.id/etd/repository/roblox-jailbreak-hacks-transparent_GM431946152.pdf",
        "http://library.stipjakarta.ac.id/etd/repository/robux-giver_GM431946152.pdf",
        "http://library.stipjakarta.ac.id/etd/repository/where-to-get-free-robux_GM431946152.pdf",
        "http://library.stipjakarta.ac.id/etd/repository/free-roblox-account-with-money-on-jailbreak_GM431946152.pdf",
        "http://library.stipjakarta.ac.id/etd/repository/coin-master-time-speed-hack_GM406889139.pdf",
        "http://library.stipjakarta.ac.id/etd/repository/how-to-get-free-shirts-on-roblox_GM431946152.pdf",
        "http://library.stipjakarta.ac.id/etd/repository/roblox-speed-hack-pastebin_GM431946152.pdf",
        "http://library.stipjakarta.ac.id/etd/repository/the-final-stand-2-roblox-hack_GM431946152.pdf",
        "http://library.stipjakarta.ac.id/etd/repository/get-free-robux-com_GM431946152.pdf",
        "http://library.stipjakarta.ac.id/etd/repository/free-robux-addons_GM431946152.pdf"
    ],
    "scripts": {
        "iframe": [],
        "urls": []
    },
    "static_properties": {
        "JBIG2Decode": "0",
        "XML_forms": "0",
        "acro_form": "0",
        "auto_action": "0",
        "colors": "0",
        "cross_reference_table": "1",
        "embedded_files": "0",
        "file_size": "34",
        "java_script": "0",
        "js": "0",
        "launch_action": "0",
        "object_end": "55",
        "object_start": "55",
        "object_streams": "0",
        "open_action": "0",
        "page_count": "2",
        "rich_media": "0",
        "start_cross_reference_table": "1",
        "stream_end": "6",
        "stream_start": "6",
        "trailer_dictionary": "1"
    },
    "yara_signatures": [
        "without_attachments",
        "without_images",
        "with_urls",
        "invalid_trailer_structure",
        "contentis_base64"
    ]
}