{
    "exif_signatures": {},
    "file_size": 35302,
    "pdfid_signatures": {},
    "pypdf_uris": [
        "http://netcdn.tw/app/406889139/daily-free-spins-game-hack",
        "http://netcdn.tw/app/406889139/daily-free-spins-game-hack",
        "https://elearning.mts-sukaramaiatas.sch.id/__statics/gudangsoal/files/free-minecraft-server_GM479516143.pdf",
        "https://elearning.mts-sukaramaiatas.sch.id/__statics/gudangsoal/files/roblox-phantom-forces-pepsis-aimbot-hack_GM431946152.pdf",
        "https://elearning.mts-sukaramaiatas.sch.id/__statics/gudangsoal/files/roblox-dragon-ball-x-hack_GM431946152.pdf",
        "https://elearning.mts-sukaramaiatas.sch.id/__statics/gudangsoal/files/coin-master-free-spins-link-download-apk_GM406889139.pdf",
        "https://elearning.mts-sukaramaiatas.sch.id/__statics/gudangsoal/files/how-to-get-free-clothes-on-roblox-2021_GM431946152.pdf",
        "https://elearning.mts-sukaramaiatas.sch.id/__statics/gudangsoal/files/free-spins-and-coins-for-coin-master_GM406889139.pdf",
        "https://elearning.mts-sukaramaiatas.sch.id/__statics/gudangsoal/files/how-to-get-free-hats-on-roblox_GM431946152.pdf",
        "https://elearning.mts-sukaramaiatas.sch.id/__statics/gudangsoal/files/roblox-legendary-swords-rpg-hacks_GM431946152.pdf",
        "https://elearning.mts-sukaramaiatas.sch.id/__statics/gudangsoal/files/can-i-get-robux-for-free_GM431946152.pdf",
        "https://elearning.mts-sukaramaiatas.sch.id/__statics/gudangsoal/files/best-games-of-free-robux-roblox_GM431946152.pdf",
        "https://elearning.mts-sukaramaiatas.sch.id/__statics/gudangsoal/files/coin-master-free-spins-and-free-coins_GM406889139.pdf",
        "https://elearning.mts-sukaramaiatas.sch.id/__statics/gudangsoal/files/how-to-sell-an-item-for-free-on-roblox_GM431946152.pdf",
        "https://elearning.mts-sukaramaiatas.sch.id/__statics/gudangsoal/files/free-robux-com-roblox_GM431946152.pdf",
        "https://elearning.mts-sukaramaiatas.sch.id/__statics/gudangsoal/files/free-robux-no-human-verification-and-no-survey_GM431946152.pdf",
        "https://elearning.mts-sukaramaiatas.sch.id/__statics/gudangsoal/files/moon-static-coin-master-generator-hacks-free_GM406889139.pdf",
        "https://elearning.mts-sukaramaiatas.sch.id/__statics/gudangsoal/files/how-to-get-free-food-on-coin-master_GM406889139.pdf",
        "https://elearning.mts-sukaramaiatas.sch.id/__statics/gudangsoal/files/how-to-hack-roblox-to-get-free-robux-on-ipad_GM431946152.pdf",
        "https://elearning.mts-sukaramaiatas.sch.id/__statics/gudangsoal/files/get-free-robux-2021-easy_GM431946152.pdf",
        "https://elearning.mts-sukaramaiatas.sch.id/__statics/gudangsoal/files/roblox-prison-life-hack-script-infinite-ammo_GM431946152.pdf",
        "https://elearning.mts-sukaramaiatas.sch.id/__statics/gudangsoal/files/robux-hack-generator_GM431946152.pdf"
    ],
    "regex_uris": [
        "http://netcdn.tw/app/406889139/daily-free-spins-game-hack",
        "http://netcdn.tw/app/406889139/daily-free-spins-game-hack",
        "https://elearning.mts-sukaramaiatas.sch.id/__statics/gudangsoal/files/free-minecraft-server_GM479516143.pdf",
        "https://elearning.mts-sukaramaiatas.sch.id/__statics/gudangsoal/files/roblox-phantom-forces-pepsis-aimbot-hack_GM431946152.pdf",
        "https://elearning.mts-sukaramaiatas.sch.id/__statics/gudangsoal/files/roblox-dragon-ball-x-hack_GM431946152.pdf",
        "https://elearning.mts-sukaramaiatas.sch.id/__statics/gudangsoal/files/coin-master-free-spins-link-download-apk_GM406889139.pdf",
        "https://elearning.mts-sukaramaiatas.sch.id/__statics/gudangsoal/files/how-to-get-free-clothes-on-roblox-2021_GM431946152.pdf",
        "https://elearning.mts-sukaramaiatas.sch.id/__statics/gudangsoal/files/free-spins-and-coins-for-coin-master_GM406889139.pdf",
        "https://elearning.mts-sukaramaiatas.sch.id/__statics/gudangsoal/files/how-to-get-free-hats-on-roblox_GM431946152.pdf",
        "https://elearning.mts-sukaramaiatas.sch.id/__statics/gudangsoal/files/roblox-legendary-swords-rpg-hacks_GM431946152.pdf",
        "https://elearning.mts-sukaramaiatas.sch.id/__statics/gudangsoal/files/can-i-get-robux-for-free_GM431946152.pdf",
        "https://elearning.mts-sukaramaiatas.sch.id/__statics/gudangsoal/files/best-games-of-free-robux-roblox_GM431946152.pdf",
        "https://elearning.mts-sukaramaiatas.sch.id/__statics/gudangsoal/files/coin-master-free-spins-and-free-coins_GM406889139.pdf",
        "https://elearning.mts-sukaramaiatas.sch.id/__statics/gudangsoal/files/how-to-sell-an-item-for-free-on-roblox_GM431946152.pdf",
        "https://elearning.mts-sukaramaiatas.sch.id/__statics/gudangsoal/files/free-robux-com-roblox_GM431946152.pdf",
        "https://elearning.mts-sukaramaiatas.sch.id/__statics/gudangsoal/files/free-robux-no-human-verification-and-no-survey_GM431946152.pdf",
        "https://elearning.mts-sukaramaiatas.sch.id/__statics/gudangsoal/files/moon-static-coin-master-generator-hacks-free_GM406889139.pdf",
        "https://elearning.mts-sukaramaiatas.sch.id/__statics/gudangsoal/files/how-to-get-free-food-on-coin-master_GM406889139.pdf",
        "https://elearning.mts-sukaramaiatas.sch.id/__statics/gudangsoal/files/how-to-hack-roblox-to-get-free-robux-on-ipad_GM431946152.pdf",
        "https://elearning.mts-sukaramaiatas.sch.id/__statics/gudangsoal/files/get-free-robux-2021-easy_GM431946152.pdf",
        "https://elearning.mts-sukaramaiatas.sch.id/__statics/gudangsoal/files/roblox-prison-life-hack-script-infinite-ammo_GM431946152.pdf",
        "https://elearning.mts-sukaramaiatas.sch.id/__statics/gudangsoal/files/robux-hack-generator_GM431946152.pdf"
    ],
    "regex_urls": [
        "http://netcdn.tw/app/406889139/daily-free-spins-game-hack",
        "http://netcdn.tw/app/406889139/daily-free-spins-game-hack",
        "https",
        "https",
        "https",
        "https",
        "https",
        "https",
        "https",
        "https",
        "https",
        "https",
        "https",
        "https",
        "https",
        "https",
        "https",
        "https",
        "https",
        "https",
        "https",
        "https"
    ],
    "scripts": {
        "iframe": [],
        "urls": []
    },
    "static_properties": {
        "JBIG2Decode": "0",
        "XML_forms": "0",
        "acro_form": "0",
        "auto_action": "0",
        "colors": "0",
        "cross_reference_table": "1",
        "embedded_files": "0",
        "file_size": "35",
        "java_script": "0",
        "js": "0",
        "launch_action": "0",
        "object_end": "55",
        "object_start": "55",
        "object_streams": "0",
        "open_action": "0",
        "page_count": "2",
        "rich_media": "0",
        "start_cross_reference_table": "1",
        "stream_end": "6",
        "stream_start": "6",
        "trailer_dictionary": "1"
    },
    "yara_signatures": [
        "without_attachments",
        "without_images",
        "with_urls",
        "invalid_trailer_structure",
        "contentis_base64"
    ]
}