{
    "exif_signatures": {},
    "file_size": 205324,
    "pdfid_signatures": {},
    "pypdf_uris": [
        "http://tds.advtraff2014.ru/wp1?keyword=%D1%80%D0%B5%D1%88%D0%B5%D0%B1%D0%BD%D0%B8%D0%BA+%D1%81%D0%B1%D0%BE%D1%80%D0%BD%D0%B8%D0%BA%D1%83+%D0%BF%D1%80%D0%B8%D0%BC%D0%B5%D1%80%D0%BE%D0%B2+%D0%B8+%D0%B7%D0%B0%D0%B4%D0%B0%D1%87+%D0%BF%D0%BE+%D1%84%D0%B8%D0%B7%D0%B8%D1%87%D0%B5%D1%81%D0%BA%D0%BE%D0%B9+%D1%85%D0%B8%D0%BC%D0%B8%D0%B8",
        "https://muvunesijej.files.wordpress.com/2018/04/ruvaxinametix-kriterii-sochineniia-po-ege-2017-jarusejaxixi.pdf",
        "https://lamudulenenifisusef.files.wordpress.com/2018/04/xusano-gdz-po-prirodoznavstvo-2-klass-rabochaia-tetrad-gefigomajer.pdf",
        "https://rokebanagarelabugi.files.wordpress.com/2018/04/zuzoxoxa-gdz-konturnaia-karta-po-geografii-8-klass-drofa-sirotin-koririlalirej.pdf",
        "https://tesufocecaberawe.files.wordpress.com/2018/04/galoj-gdz-poa-angliiskomu-iazyku-6-klass-spotlight-jazeravitilok.pdf",
        "https://rijehovapa.files.wordpress.com/2018/04/sobezi-gdz-po-obshchestvoznaniiu-7-klass-uchebnik-bogoliubova-ivanova-2010-sakotodo.pdf"
    ],
    "regex_uris": [
        "http://tds.advtraff2014.ru/wp1?keyword=%D1%80%D0%B5%D1%88%D0%B5%D0%B1%D0%BD%D0%B8%D0%BA+%D1%81%D0%B1%D0%BE%D1%80%D0%BD%D0%B8%D0%BA%D1%83+%D0%BF%D1%80%D0%B8%D0%BC%D0%B5%D1%80%D0%BE%D0%B2+%D0%B8+%D0%B7%D0%B0%D0%B4%D0%B0%D1%87+%D0%BF%D0%BE+%D1%84%D0%B8%D0%B7%D0%B8%D1%87%D0%B5%D1%81%D0%BA%D0%BE%D0%B9+%D1%85%D0%B8%D0%BC%D0%B8%D0%B8",
        "https://muvunesijej.files.wordpress.com/2018/04/ruvaxinametix-kriterii-sochineniia-po-ege-2017-jarusejaxixi.pdf",
        "https://lamudulenenifisusef.files.wordpress.com/2018/04/xusano-gdz-po-prirodoznavstvo-2-klass-rabochaia-tetrad-gefigomajer.pdf",
        "https://rokebanagarelabugi.files.wordpress.com/2018/04/zuzoxoxa-gdz-konturnaia-karta-po-geografii-8-klass-drofa-sirotin-koririlalirej.pdf",
        "https://tesufocecaberawe.files.wordpress.com/2018/04/galoj-gdz-poa-angliiskomu-iazyku-6-klass-spotlight-jazeravitilok.pdf",
        "https://rijehovapa.files.wordpress.com/2018/04/sobezi-gdz-po-obshchestvoznaniiu-7-klass-uchebnik-bogoliubova-ivanova-2010-sakotodo.pdf"
    ],
    "regex_urls": [
        "http://tds.advtraff2014.ru/wp1?keyword=%D1%80%D0%B5%D1%88%D0%B5%D0%B1%D0%BD%D0%B8%D0%BA+%D1%81%D0%B1%D0%BE%D1%80%D0%BD%D0%B8%D0%BA%D1%83+%D0%BF%D1%80%D0%B8%D0%BC%D0%B5%D1%80%D0%BE%D0%B2+%D0%B8+%D0%B7%D0%B0%D0%B4%D0%B0%D1%87+%D0%BF%D0%BE+%D1%84%D0%B8%D0%B7%D0%B8%D1%87%D0%B5%D1%81%D0%BA%D0%BE%D0%B9+%D1%85%D0%B8%D0%BC%D0%B8%D0%B8",
        "https",
        "https",
        "https",
        "https",
        "https"
    ],
    "scripts": {
        "iframe": [],
        "urls": []
    },
    "static_properties": {
        "JBIG2Decode": "0",
        "XML_forms": "0",
        "acro_form": "0",
        "auto_action": "0",
        "colors": "0",
        "cross_reference_table": "1",
        "embedded_files": "0",
        "file_size": "205",
        "java_script": "0",
        "js": "0",
        "launch_action": "0",
        "object_end": "53",
        "object_start": "53",
        "object_streams": "0",
        "open_action": "0",
        "page_count": "4",
        "rich_media": "0",
        "start_cross_reference_table": "1",
        "stream_end": "11",
        "stream_start": "11",
        "trailer_dictionary": "1"
    },
    "yara_signatures": [
        "without_attachments",
        "without_images",
        "with_urls",
        "invalid_trailer_structure",
        "contentis_base64"
    ]
}