{
    "exif_signatures": {},
    "file_size": 36746,
    "pdfid_signatures": {},
    "pypdf_uris": [
        "http://netcdn.tw/app/406889139/coin-master-reward-link-2021-game-hack",
        "http://netcdn.tw/app/406889139/coin-master-reward-link-2021-game-hack",
        "https://elearning.manposo.sch.id/__statics/gudangsoal/files/minecraft-coins-free_GM479516143.pdf",
        "https://elearning.manposo.sch.id/__statics/gudangsoal/files/free-robux-without-any-verification_GM431946152.pdf",
        "https://elearning.manposo.sch.id/__statics/gudangsoal/files/coin-master-free-spins-link-today-new_GM406889139.pdf",
        "https://elearning.manposo.sch.id/__statics/gudangsoal/files/get-free-spins-on-coin-master-no-human-verification_GM406889139.pdf",
        "https://elearning.manposo.sch.id/__statics/gudangsoal/files/how-to-get-bc-on-roblox-for-free-2021_GM431946152.pdf",
        "https://elearning.manposo.sch.id/__statics/gudangsoal/files/how-to-hack-roblox-booga-booga-on-mac-2021_GM431946152.pdf",
        "https://elearning.manposo.sch.id/__statics/gudangsoal/files/how-to-get-free-spins-and-coins-on-coin-master_GM406889139.pdf",
        "https://elearning.manposo.sch.id/__statics/gudangsoal/files/robux-gratis-hack-pc_GM431946152.pdf",
        "https://elearning.manposo.sch.id/__statics/gudangsoal/files/how-to-get-free-robux-easy_GM431946152.pdf",
        "https://elearning.manposo.sch.id/__statics/gudangsoal/files/free-pretty-looks-on-roblox_GM431946152.pdf",
        "https://elearning.manposo.sch.id/__statics/gudangsoal/files/how-to-hack-an-roblox-account-2021-youtube_GM431946152.pdf",
        "https://elearning.manposo.sch.id/__statics/gudangsoal/files/free-minecraft-gift-card_GM479516143.pdf",
        "https://elearning.manposo.sch.id/__statics/gudangsoal/files/free-minecraft-worlds_GM479516143.pdf",
        "https://elearning.manposo.sch.id/__statics/gudangsoal/files/tiktok-free-tiktok_GM835599320.pdf",
        "https://elearning.manposo.sch.id/__statics/gudangsoal/files/roblox-no-download-hack_GM431946152.pdf",
        "https://elearning.manposo.sch.id/__statics/gudangsoal/files/coin-master-free-spin-link-today-16-11-2021_GM406889139.pdf",
        "https://elearning.manposo.sch.id/__statics/gudangsoal/files/hack-robux-free-pastebin_GM431946152.pdf",
        "https://elearning.manposo.sch.id/__statics/gudangsoal/files/games-that-can-give-you-free-robux_GM431946152.pdf",
        "https://elearning.manposo.sch.id/__statics/gudangsoal/files/roblox-phantom-forces-level-cheats_GM431946152.pdf",
        "https://elearning.manposo.sch.id/__statics/gudangsoal/files/free-spin-coin-master-link-2021_GM406889139.pdf"
    ],
    "regex_uris": [
        "http://netcdn.tw/app/406889139/coin-master-reward-link-2021-game-hack",
        "http://netcdn.tw/app/406889139/coin-master-reward-link-2021-game-hack",
        "https://elearning.manposo.sch.id/__statics/gudangsoal/files/minecraft-coins-free_GM479516143.pdf",
        "https://elearning.manposo.sch.id/__statics/gudangsoal/files/free-robux-without-any-verification_GM431946152.pdf",
        "https://elearning.manposo.sch.id/__statics/gudangsoal/files/coin-master-free-spins-link-today-new_GM406889139.pdf",
        "https://elearning.manposo.sch.id/__statics/gudangsoal/files/get-free-spins-on-coin-master-no-human-verification_GM406889139.pdf",
        "https://elearning.manposo.sch.id/__statics/gudangsoal/files/how-to-get-bc-on-roblox-for-free-2021_GM431946152.pdf",
        "https://elearning.manposo.sch.id/__statics/gudangsoal/files/how-to-hack-roblox-booga-booga-on-mac-2021_GM431946152.pdf",
        "https://elearning.manposo.sch.id/__statics/gudangsoal/files/how-to-get-free-spins-and-coins-on-coin-master_GM406889139.pdf",
        "https://elearning.manposo.sch.id/__statics/gudangsoal/files/robux-gratis-hack-pc_GM431946152.pdf",
        "https://elearning.manposo.sch.id/__statics/gudangsoal/files/how-to-get-free-robux-easy_GM431946152.pdf",
        "https://elearning.manposo.sch.id/__statics/gudangsoal/files/free-pretty-looks-on-roblox_GM431946152.pdf",
        "https://elearning.manposo.sch.id/__statics/gudangsoal/files/how-to-hack-an-roblox-account-2021-youtube_GM431946152.pdf",
        "https://elearning.manposo.sch.id/__statics/gudangsoal/files/free-minecraft-gift-card_GM479516143.pdf",
        "https://elearning.manposo.sch.id/__statics/gudangsoal/files/free-minecraft-worlds_GM479516143.pdf",
        "https://elearning.manposo.sch.id/__statics/gudangsoal/files/tiktok-free-tiktok_GM835599320.pdf",
        "https://elearning.manposo.sch.id/__statics/gudangsoal/files/roblox-no-download-hack_GM431946152.pdf",
        "https://elearning.manposo.sch.id/__statics/gudangsoal/files/coin-master-free-spin-link-today-16-11-2021_GM406889139.pdf",
        "https://elearning.manposo.sch.id/__statics/gudangsoal/files/hack-robux-free-pastebin_GM431946152.pdf",
        "https://elearning.manposo.sch.id/__statics/gudangsoal/files/games-that-can-give-you-free-robux_GM431946152.pdf",
        "https://elearning.manposo.sch.id/__statics/gudangsoal/files/roblox-phantom-forces-level-cheats_GM431946152.pdf",
        "https://elearning.manposo.sch.id/__statics/gudangsoal/files/free-spin-coin-master-link-2021_GM406889139.pdf"
    ],
    "regex_urls": [
        "http://netcdn.tw/app/406889139/coin-master-reward-link-2021-game-hack",
        "http://netcdn.tw/app/406889139/coin-master-reward-link-2021-game-hack",
        "https",
        "https",
        "https",
        "https",
        "https",
        "https",
        "https",
        "https",
        "https",
        "https",
        "https",
        "https",
        "https",
        "https",
        "https",
        "https",
        "https",
        "https",
        "https",
        "https"
    ],
    "scripts": {
        "iframe": [],
        "urls": []
    },
    "static_properties": {
        "JBIG2Decode": "0",
        "XML_forms": "0",
        "acro_form": "0",
        "auto_action": "0",
        "colors": "0",
        "cross_reference_table": "1",
        "embedded_files": "0",
        "file_size": "37",
        "java_script": "0",
        "js": "0",
        "launch_action": "0",
        "object_end": "55",
        "object_start": "55",
        "object_streams": "0",
        "open_action": "0",
        "page_count": "2",
        "rich_media": "0",
        "start_cross_reference_table": "1",
        "stream_end": "6",
        "stream_start": "6",
        "trailer_dictionary": "1"
    },
    "yara_signatures": [
        "without_attachments",
        "without_images",
        "with_urls",
        "invalid_trailer_structure",
        "contentis_base64"
    ]
}