{
    "exif_signatures": {},
    "file_size": 145874,
    "pdfid_signatures": {},
    "pypdf_uris": [
        "http://evacdir.com/arrows?ZG93bmxvYWR8YTNuT0RkbWJueDhNVFkxTkRjek1EZzRObng4TWpVM05IeDhLRTBwSUhKbFlXUXRZbXh2WnlCYlJtRnpkQ0JIUlU1ZA=/cohorts/kersentuin/eletrick.TXkgSGVhcnQgQmVhdHMgRm9yIExvbGEgRnVsbCBNb3ZpZSBEb3dubG9hZATXk",
        "http://rayca-app.ir/?p=3222",
        "http://www.ubom.com/upload/files/2022/06/U9zk35r6XYydyUQgPTWo_09_19b3009c6d673e2ccf270d24e953bee6_file.pdf",
        "http://www.ubom.com/upload/files/2022/06/U9zk35r6XYydyUQgPTWo_09_19b3009c6d673e2ccf270d24e953bee6_file.pdf",
        "https://santoshkpandey.com/sexart-white-room-ii-elaina-raye-and-tyler-nixon-720p-1080p-hd-verified/",
        "https://santoshkpandey.com/sexart-white-room-ii-elaina-raye-and-tyler-nixon-720p-1080p-hd-verified/",
        "https://www.crypto-places-directory.com/wp-content/uploads/2022/06/Red_Dead_Redemption_Full_PC_Game_ISO_Razor1911rar.pdf",
        "https://www.crypto-places-directory.com/wp-content/uploads/2022/06/Red_Dead_Redemption_Full_PC_Game_ISO_Razor1911rar.pdf",
        "https://www.pivatoporte.com/wp-content/uploads/2022/06/rilalon.pdf",
        "https://imgue.info/wp-content/uploads/2022/06/Free_Hindi_Pdf_To_Three_Atrangi_Jai_Veeru_Gabbar_Online.pdf",
        "https://imgue.info/wp-content/uploads/2022/06/Free_Hindi_Pdf_To_Three_Atrangi_Jai_Veeru_Gabbar_Online.pdf",
        "https://arabamericanbusinesscommunity.org/wp-content/uploads/2022/06/leigfau.pdf",
        "https://www.pteridoportal.org/portal/checklists/checklist.php?clid=11555",
        "https://lms.mustansiriyah.net/blog/index.php?entryid=189",
        "https://www.cch2.org/portal/checklists/checklist.php?clid=11735",
        "https://megasventas.com/wp-content/uploads/2022/06/Billing_Ecafepro_416_Full_Version_TOP.pdf",
        "https://megasventas.com/wp-content/uploads/2022/06/Billing_Ecafepro_416_Full_Version_TOP.pdf",
        "http://feline-nord-picardie.fr/advert/in-naturalibus/",
        "https://www.indianhomecook.com/wp-content/uploads/2022/06/jansal.pdf",
        "https://rondaplaces.com/wp-content/uploads/2022/06/Trading_The_Markets_Sudarshan_Sukhani_Pdf_Download.pdf",
        "https://rondaplaces.com/wp-content/uploads/2022/06/Trading_The_Markets_Sudarshan_Sukhani_Pdf_Download.pdf",
        "https://gyllendal.com/wp-content/uploads/2022/06/research_methods_in_the_social_sciences_nachmias_ebook_downl.pdf",
        "https://gyllendal.com/wp-content/uploads/2022/06/research_methods_in_the_social_sciences_nachmias_ebook_downl.pdf",
        "https://www.midwestmakerplace.com/wp-content/uploads/2022/06/Hpsjiip_Vista_Ziprar.pdf",
        "https://bluesteel.ie/wp-content/uploads/2022/06/Tafheem_E_Islamiat_Book_Downloadl.pdf",
        "http://realtorforce.com/sudden-strike-3-no-cd-patch/",
        "https://invertebase.org/portal/checklists/checklist.php?clid=10230",
        "https://admireschools.org/wp-content/uploads/2022/06/A_Cunning_Chess_Opening_Repertoire_For_White_Pdf_18.pdf",
        "https://admireschools.org/wp-content/uploads/2022/06/A_Cunning_Chess_Opening_Repertoire_For_White_Pdf_18.pdf",
        "http://www.tcpdf.org"
    ],
    "regex_uris": [
        "http://evacdir.com/arrows?ZG93bmxvYWR8YTNuT0RkbWJueDhNVFkxTkRjek1EZzRObng4TWpVM05IeDhLRTBwSUhKbFlXUXRZbXh2WnlCYlJtRnpkQ0JIUlU1ZA=/cohorts/kersentuin/eletrick.TXkgSGVhcnQgQmVhdHMgRm9yIExvbGEgRnVsbCBNb3ZpZSBEb3dubG9hZATXk",
        "http://rayca-app.ir/?p=3222",
        "http://www.ubom.com/upload/files/2022/06/U9zk35r6XYydyUQgPTWo_09_19b3009c6d673e2ccf270d24e953bee6_file.pdf",
        "http://www.ubom.com/upload/files/2022/06/U9zk35r6XYydyUQgPTWo_09_19b3009c6d673e2ccf270d24e953bee6_file.pdf",
        "https://santoshkpandey.com/sexart-white-room-ii-elaina-raye-and-tyler-nixon-720p-1080p-hd-verified/",
        "https://santoshkpandey.com/sexart-white-room-ii-elaina-raye-and-tyler-nixon-720p-1080p-hd-verified/",
        "https://www.crypto-places-directory.com/wp-content/uploads/2022/06/Red_Dead_Redemption_Full_PC_Game_ISO_Razor1911rar.pdf",
        "https://www.crypto-places-directory.com/wp-content/uploads/2022/06/Red_Dead_Redemption_Full_PC_Game_ISO_Razor1911rar.pdf",
        "https://www.pivatoporte.com/wp-content/uploads/2022/06/rilalon.pdf",
        "https://imgue.info/wp-content/uploads/2022/06/Free_Hindi_Pdf_To_Three_Atrangi_Jai_Veeru_Gabbar_Online.pdf",
        "https://imgue.info/wp-content/uploads/2022/06/Free_Hindi_Pdf_To_Three_Atrangi_Jai_Veeru_Gabbar_Online.pdf",
        "https://arabamericanbusinesscommunity.org/wp-content/uploads/2022/06/leigfau.pdf",
        "https://www.pteridoportal.org/portal/checklists/checklist.php?clid=11555",
        "https://lms.mustansiriyah.net/blog/index.php?entryid=189",
        "https://www.cch2.org/portal/checklists/checklist.php?clid=11735",
        "https://megasventas.com/wp-content/uploads/2022/06/Billing_Ecafepro_416_Full_Version_TOP.pdf",
        "https://megasventas.com/wp-content/uploads/2022/06/Billing_Ecafepro_416_Full_Version_TOP.pdf",
        "http://feline-nord-picardie.fr/advert/in-naturalibus/",
        "https://www.indianhomecook.com/wp-content/uploads/2022/06/jansal.pdf",
        "https://rondaplaces.com/wp-content/uploads/2022/06/Trading_The_Markets_Sudarshan_Sukhani_Pdf_Download.pdf",
        "https://rondaplaces.com/wp-content/uploads/2022/06/Trading_The_Markets_Sudarshan_Sukhani_Pdf_Download.pdf",
        "https://gyllendal.com/wp-content/uploads/2022/06/research_methods_in_the_social_sciences_nachmias_ebook_downl.pdf",
        "https://gyllendal.com/wp-content/uploads/2022/06/research_methods_in_the_social_sciences_nachmias_ebook_downl.pdf",
        "https://www.midwestmakerplace.com/wp-content/uploads/2022/06/Hpsjiip_Vista_Ziprar.pdf",
        "https://bluesteel.ie/wp-content/uploads/2022/06/Tafheem_E_Islamiat_Book_Downloadl.pdf",
        "http://realtorforce.com/sudden-strike-3-no-cd-patch/",
        "https://invertebase.org/portal/checklists/checklist.php?clid=10230",
        "https://admireschools.org/wp-content/uploads/2022/06/A_Cunning_Chess_Opening_Repertoire_For_White_Pdf_18.pdf",
        "https://admireschools.org/wp-content/uploads/2022/06/A_Cunning_Chess_Opening_Repertoire_For_White_Pdf_18.pdf",
        "http://www.tcpdf.org"
    ],
    "regex_urls": [
        "http://evacdir.com/arrows?ZG93bmxvYWR8YTNuT0RkbWJueDhNVFkxTkRjek1EZzRObng4TWpVM05IeDhLRTBwSUhKbFlXUXRZbXh2WnlCYlJtRnpkQ0JIUlU1ZA=/cohorts/kersentuin/eletrick.TXkgSGVhcnQgQmVhdHMgRm9yIExvbGEgRnVsbCBNb3ZpZSBEb3dubG9hZATXk",
        "http://rayca-app.ir/?p=3222",
        "http://www.ubom.com/upload/files/2022/06/U9zk35r6XYydyUQgPTWo_09_19b3009c6d673e2ccf270d24e953bee6_file.pdf",
        "http://www.ubom.com/upload/files/2022/06/U9zk35r6XYydyUQgPTWo_09_19b3009c6d673e2ccf270d24e953bee6_file.pdf",
        "https",
        "https",
        "https",
        "www.crypto-places-directory.com/wp-content/uploads/2022/06/Red_Dead_Redemption_Full_PC_Game_ISO_Razor1911rar.pdf",
        "https",
        "www.crypto-places-directory.com/wp-content/uploads/2022/06/Red_Dead_Redemption_Full_PC_Game_ISO_Razor1911rar.pdf",
        "https",
        "www.pivatoporte.com/wp-content/uploads/2022/06/rilalon.pdf",
        "https",
        "https",
        "https",
        "https",
        "www.pteridoportal.org/portal/checklists/checklist.php?clid=11555",
        "https",
        "https",
        "www.cch2.org/portal/checklists/checklist.php?clid=11735",
        "https",
        "https",
        "http://feline-nord-picardie.fr/advert/in-naturalibus/",
        "https",
        "www.indianhomecook.com/wp-content/uploads/2022/06/jansal.pdf",
        "https",
        "https",
        "https",
        "https",
        "https",
        "www.midwestmakerplace.com/wp-content/uploads/2022/06/Hpsjiip_Vista_Ziprar.pdf",
        "https",
        "http://realtorforce.com/sudden-strike-3-no-cd-patch/",
        "https",
        "https",
        "https",
        "http://www.tcpdf.org",
        "http://www.w3.org/1999/02/22-rdf-syntax-ns#",
        "http://purl.org/dc/elements/1.1/",
        "http://ns.adobe.com/xap/1.0/",
        "http://ns.adobe.com/pdf/1.3/",
        "http://ns.adobe.com/xap/1.0/mm/",
        "http://www.aiim.org/pdfa/ns/extension/",
        "http://www.aiim.org/pdfa/ns/schema#",
        "http://www.aiim.org/pdfa/ns/property#",
        "http://ns.adobe.com/pdf/1.3/",
        "http://ns.adobe.com/xap/1.0/mm/",
        "http://www.aiim.org/pdfa/ns/id/"
    ],
    "scripts": {
        "iframe": [],
        "urls": []
    },
    "static_properties": {
        "JBIG2Decode": "0",
        "XML_forms": "0",
        "acro_form": "0",
        "auto_action": "0",
        "colors": "0",
        "cross_reference_table": "1",
        "embedded_files": "0",
        "file_size": "146",
        "java_script": "0",
        "js": "0",
        "launch_action": "0",
        "object_end": "60",
        "object_start": "60",
        "object_streams": "0",
        "open_action": "1",
        "page_count": "4",
        "rich_media": "0",
        "start_cross_reference_table": "1",
        "stream_end": "14",
        "stream_start": "14",
        "trailer_dictionary": "1"
    },
    "yara_signatures": [
        "without_attachments",
        "without_images",
        "with_urls",
        "contentis_base64",
        "Big_Numbers1"
    ]
}