{
    "exif_signatures": {},
    "file_size": 42194,
    "pdfid_signatures": {},
    "pypdf_uris": [
        "https://netcdn.xyz/app/406889139/free-coin-master-gifts-game-hack",
        "https://netcdn.xyz/app/406889139/free-coin-master-gifts-game-hack",
        "https://elearning.manposo.sch.id/__statics/gudangsoal/files/how-to-get-free-robux-without-downloading-any-apps_GM431946152.pdf",
        "https://elearning.manposo.sch.id/__statics/gudangsoal/files/coin-master-free-spins-and-cards_GM406889139.pdf",
        "https://elearning.manposo.sch.id/__statics/gudangsoal/files/google-coin-master-free-spins_GM406889139.pdf",
        "https://elearning.manposo.sch.id/__statics/gudangsoal/files/roblox-tix-generator_GM431946152.pdf",
        "https://elearning.manposo.sch.id/__statics/gudangsoal/files/promo-codes-to-get-free-robux_GM431946152.pdf",
        "https://elearning.manposo.sch.id/__statics/gudangsoal/files/free-robux-generator-without-human-verification_GM431946152.pdf",
        "https://elearning.manposo.sch.id/__statics/gudangsoal/files/coin-master-hack-ios-10_GM406889139.pdf",
        "https://elearning.manposo.sch.id/__statics/gudangsoal/files/coin-hackhub-coin-master_GM406889139.pdf",
        "https://elearning.manposo.sch.id/__statics/gudangsoal/files/tiktok-free-views-hack_GM835599320.pdf",
        "https://elearning.manposo.sch.id/__statics/gudangsoal/files/free-spin-link-of-coin-master_GM406889139.pdf",
        "https://elearning.manposo.sch.id/__statics/gudangsoal/files/coin-master-free-coins-2021_GM406889139.pdf",
        "https://elearning.manposo.sch.id/__statics/gudangsoal/files/minecraft-maps-pe-free-download_GM479516143.pdf",
        "https://elearning.manposo.sch.id/__statics/gudangsoal/files/free-coin-master-spins-link_GM406889139.pdf",
        "https://elearning.manposo.sch.id/__statics/gudangsoal/files/free-robux-no-email_GM431946152.pdf",
        "https://elearning.manposo.sch.id/__statics/gudangsoal/files/free-robux-script_GM431946152.pdf",
        "https://elearning.manposo.sch.id/__statics/gudangsoal/files/www-coin-master_GM406889139.pdf",
        "https://elearning.manposo.sch.id/__statics/gudangsoal/files/how-do-you-get-free-roblox-money_GM431946152.pdf",
        "https://elearning.manposo.sch.id/__statics/gudangsoal/files/get-free-robux-gg_GM431946152.pdf",
        "https://elearning.manposo.sch.id/__statics/gudangsoal/files/earn-free-spins-in-coin-master_GM406889139.pdf",
        "https://elearning.manposo.sch.id/__statics/gudangsoal/files/free-apk-mod-coin-master_GM406889139.pdf"
    ],
    "regex_uris": [
        "https://netcdn.xyz/app/406889139/free-coin-master-gifts-game-hack",
        "https://netcdn.xyz/app/406889139/free-coin-master-gifts-game-hack",
        "https://elearning.manposo.sch.id/__statics/gudangsoal/files/how-to-get-free-robux-without-downloading-any-apps_GM431946152.pdf",
        "https://elearning.manposo.sch.id/__statics/gudangsoal/files/coin-master-free-spins-and-cards_GM406889139.pdf",
        "https://elearning.manposo.sch.id/__statics/gudangsoal/files/google-coin-master-free-spins_GM406889139.pdf",
        "https://elearning.manposo.sch.id/__statics/gudangsoal/files/roblox-tix-generator_GM431946152.pdf",
        "https://elearning.manposo.sch.id/__statics/gudangsoal/files/promo-codes-to-get-free-robux_GM431946152.pdf",
        "https://elearning.manposo.sch.id/__statics/gudangsoal/files/free-robux-generator-without-human-verification_GM431946152.pdf",
        "https://elearning.manposo.sch.id/__statics/gudangsoal/files/coin-master-hack-ios-10_GM406889139.pdf",
        "https://elearning.manposo.sch.id/__statics/gudangsoal/files/coin-hackhub-coin-master_GM406889139.pdf",
        "https://elearning.manposo.sch.id/__statics/gudangsoal/files/tiktok-free-views-hack_GM835599320.pdf",
        "https://elearning.manposo.sch.id/__statics/gudangsoal/files/free-spin-link-of-coin-master_GM406889139.pdf",
        "https://elearning.manposo.sch.id/__statics/gudangsoal/files/coin-master-free-coins-2021_GM406889139.pdf",
        "https://elearning.manposo.sch.id/__statics/gudangsoal/files/minecraft-maps-pe-free-download_GM479516143.pdf",
        "https://elearning.manposo.sch.id/__statics/gudangsoal/files/free-coin-master-spins-link_GM406889139.pdf",
        "https://elearning.manposo.sch.id/__statics/gudangsoal/files/free-robux-no-email_GM431946152.pdf",
        "https://elearning.manposo.sch.id/__statics/gudangsoal/files/free-robux-script_GM431946152.pdf",
        "https://elearning.manposo.sch.id/__statics/gudangsoal/files/www-coin-master_GM406889139.pdf",
        "https://elearning.manposo.sch.id/__statics/gudangsoal/files/how-do-you-get-free-roblox-money_GM431946152.pdf",
        "https://elearning.manposo.sch.id/__statics/gudangsoal/files/get-free-robux-gg_GM431946152.pdf",
        "https://elearning.manposo.sch.id/__statics/gudangsoal/files/earn-free-spins-in-coin-master_GM406889139.pdf",
        "https://elearning.manposo.sch.id/__statics/gudangsoal/files/free-apk-mod-coin-master_GM406889139.pdf"
    ],
    "regex_urls": [
        "https",
        "https",
        "https",
        "https",
        "https",
        "https",
        "https",
        "https",
        "https",
        "https",
        "https",
        "https",
        "https",
        "https",
        "https",
        "https",
        "https",
        "https",
        "https",
        "https",
        "https",
        "https"
    ],
    "scripts": {
        "iframe": [],
        "urls": []
    },
    "static_properties": {
        "JBIG2Decode": "0",
        "XML_forms": "0",
        "acro_form": "0",
        "auto_action": "0",
        "colors": "0",
        "cross_reference_table": "1",
        "embedded_files": "0",
        "file_size": "42",
        "java_script": "0",
        "js": "0",
        "launch_action": "0",
        "object_end": "60",
        "object_start": "60",
        "object_streams": "0",
        "open_action": "0",
        "page_count": "3",
        "rich_media": "0",
        "start_cross_reference_table": "1",
        "stream_end": "7",
        "stream_start": "7",
        "trailer_dictionary": "1"
    },
    "yara_signatures": [
        "without_attachments",
        "without_images",
        "with_urls",
        "invalid_trailer_structure",
        "contentis_base64"
    ]
}