{
    "exif_signatures": {},
    "file_size": 36302,
    "pdfid_signatures": {},
    "pypdf_uris": [
        "http://netcdn.co/app/431946152/roblox-free-gamepasses-script-game-hack",
        "http://netcdn.co/app/431946152/roblox-free-gamepasses-script-game-hack",
        "https://lib.bunghatta.ac.id/app/repository/do-you-get-free-robux-on-your-birthday_GM431946152.pdf",
        "https://lib.bunghatta.ac.id/app/repository/coin-master-daily-spin-free_GM406889139.pdf",
        "https://lib.bunghatta.ac.id/app/repository/free-spin-and-coin-links_GM406889139.pdf",
        "https://lib.bunghatta.ac.id/app/repository/robux-prices_GM431946152.pdf",
        "https://lib.bunghatta.ac.id/app/repository/coin-master-instagram-free-spins_GM406889139.pdf",
        "https://lib.bunghatta.ac.id/app/repository/how-to-make-a-roblox-cheat-using-code-blocks_GM431946152.pdf",
        "https://lib.bunghatta.ac.id/app/repository/roblox-snow-shoveling-simulator-free-santa-bag-inf_GM431946152.pdf",
        "https://lib.bunghatta.ac.id/app/repository/minecraft-bedrock-download-pc-free_GM479516143.pdf",
        "https://lib.bunghatta.ac.id/app/repository/free-roblox-accounts-2021-real_GM431946152.pdf",
        "https://lib.bunghatta.ac.id/app/repository/como-hackearle-la-cuenta-a-alguien-en-roblox_GM431946152.pdf",
        "https://lib.bunghatta.ac.id/app/repository/coin-master-free-spins-apk_GM406889139.pdf",
        "https://lib.bunghatta.ac.id/app/repository/free-gamepass-in-any-games-roblox_GM431946152.pdf",
        "https://lib.bunghatta.ac.id/app/repository/free-robux-codes-2021-real_GM431946152.pdf",
        "https://lib.bunghatta.ac.id/app/repository/coin-master-hack-ios-10_GM406889139.pdf",
        "https://lib.bunghatta.ac.id/app/repository/how-to-get-free-robux-without-human-verification-2021_GM431946152.pdf",
        "https://lib.bunghatta.ac.id/app/repository/coin-master-free-spin-and-coin_GM406889139.pdf",
        "https://lib.bunghatta.ac.id/app/repository/minecraft-name-tag-hacks_GM479516143.pdf",
        "https://lib.bunghatta.ac.id/app/repository/how-to-get-free-robux-by-using-inspect_GM431946152.pdf",
        "https://lib.bunghatta.ac.id/app/repository/free-robux-sites-2021_GM431946152.pdf",
        "https://lib.bunghatta.ac.id/app/repository/how-to-get-free-robux-on-roblox-mobile-2021_GM431946152.pdf"
    ],
    "regex_uris": [
        "http://netcdn.co/app/431946152/roblox-free-gamepasses-script-game-hack",
        "http://netcdn.co/app/431946152/roblox-free-gamepasses-script-game-hack",
        "https://lib.bunghatta.ac.id/app/repository/do-you-get-free-robux-on-your-birthday_GM431946152.pdf",
        "https://lib.bunghatta.ac.id/app/repository/coin-master-daily-spin-free_GM406889139.pdf",
        "https://lib.bunghatta.ac.id/app/repository/free-spin-and-coin-links_GM406889139.pdf",
        "https://lib.bunghatta.ac.id/app/repository/robux-prices_GM431946152.pdf",
        "https://lib.bunghatta.ac.id/app/repository/coin-master-instagram-free-spins_GM406889139.pdf",
        "https://lib.bunghatta.ac.id/app/repository/how-to-make-a-roblox-cheat-using-code-blocks_GM431946152.pdf",
        "https://lib.bunghatta.ac.id/app/repository/roblox-snow-shoveling-simulator-free-santa-bag-inf_GM431946152.pdf",
        "https://lib.bunghatta.ac.id/app/repository/minecraft-bedrock-download-pc-free_GM479516143.pdf",
        "https://lib.bunghatta.ac.id/app/repository/free-roblox-accounts-2021-real_GM431946152.pdf",
        "https://lib.bunghatta.ac.id/app/repository/como-hackearle-la-cuenta-a-alguien-en-roblox_GM431946152.pdf",
        "https://lib.bunghatta.ac.id/app/repository/coin-master-free-spins-apk_GM406889139.pdf",
        "https://lib.bunghatta.ac.id/app/repository/free-gamepass-in-any-games-roblox_GM431946152.pdf",
        "https://lib.bunghatta.ac.id/app/repository/free-robux-codes-2021-real_GM431946152.pdf",
        "https://lib.bunghatta.ac.id/app/repository/coin-master-hack-ios-10_GM406889139.pdf",
        "https://lib.bunghatta.ac.id/app/repository/how-to-get-free-robux-without-human-verification-2021_GM431946152.pdf",
        "https://lib.bunghatta.ac.id/app/repository/coin-master-free-spin-and-coin_GM406889139.pdf",
        "https://lib.bunghatta.ac.id/app/repository/minecraft-name-tag-hacks_GM479516143.pdf",
        "https://lib.bunghatta.ac.id/app/repository/how-to-get-free-robux-by-using-inspect_GM431946152.pdf",
        "https://lib.bunghatta.ac.id/app/repository/free-robux-sites-2021_GM431946152.pdf",
        "https://lib.bunghatta.ac.id/app/repository/how-to-get-free-robux-on-roblox-mobile-2021_GM431946152.pdf"
    ],
    "regex_urls": [
        "http://netcdn.co/app/431946152/roblox-free-gamepasses-script-game-hack",
        "http://netcdn.co/app/431946152/roblox-free-gamepasses-script-game-hack",
        "https",
        "https",
        "https",
        "https",
        "https",
        "https",
        "https",
        "https",
        "https",
        "https",
        "https",
        "https",
        "https",
        "https",
        "https",
        "https",
        "https",
        "https",
        "https",
        "https"
    ],
    "scripts": {
        "iframe": [],
        "urls": []
    },
    "static_properties": {
        "JBIG2Decode": "0",
        "XML_forms": "0",
        "acro_form": "0",
        "auto_action": "0",
        "colors": "0",
        "cross_reference_table": "1",
        "embedded_files": "0",
        "file_size": "36",
        "java_script": "0",
        "js": "0",
        "launch_action": "0",
        "object_end": "55",
        "object_start": "55",
        "object_streams": "0",
        "open_action": "0",
        "page_count": "2",
        "rich_media": "0",
        "start_cross_reference_table": "1",
        "stream_end": "6",
        "stream_start": "6",
        "trailer_dictionary": "1"
    },
    "yara_signatures": [
        "without_attachments",
        "without_images",
        "with_urls",
        "invalid_trailer_structure",
        "contentis_base64"
    ]
}