{
    "exif_signatures": {},
    "file_size": 363603,
    "pdfid_signatures": {},
    "pypdf_uris": [
        "http://oalroax.com/wb3?utm_term=skillful%20reading%20and%20writing%20students%20book%203%20pdf%20file%20download%20online",
        "https://zigozerapudepi.weebly.com/uploads/1/3/5/3/135398300/8910447.pdf",
        "https://tiwalodosamavap.weebly.com/uploads/1/4/1/3/141387777/vazemajozideg_zaren_tukafive.pdf",
        "https://nijalejufof.weebly.com/uploads/1/4/1/9/141937611/acc8ad4d.pdf",
        "https://janelexireretof.weebly.com/uploads/1/3/4/6/134630470/6bd67dbb15592a.pdf",
        "http://kindergartenhelden.at/upload/file/5255668951.pdf",
        "https://bajarewejewud.weebly.com/uploads/1/3/4/6/134673735/voneso-kututetixit-lepaxij.pdf",
        "http://kimdaiphatsteel.com/Images_upload/files/13361002791.pdf",
        "http://nifaelectronics.com/userfiles/file/jedigefebufuduxaji.pdf",
        "http://pleasanton.com/wysiwygfiles/file/64561482657.pdf",
        "http://www.klub112.cz/upload/files/jetuvalarafoginefepivo.pdf",
        "http://conservationenergy.com/wp-content/plugins/formcraft/file-upload/server/content/files/1620cbc5fe064c---86982568791.pdf",
        "https://rulerirawa.weebly.com/uploads/1/4/1/4/141450904/kurifumozido.pdf",
        "https://vidimepimexuja.weebly.com/uploads/1/3/4/6/134626803/28b75.pdf",
        "http://votava2.altrodesign.eu/ckfinder/userfiles/files/jebeguv.pdf",
        "https://itchanoi.vn/uploads/news_file/61625032915.pdf",
        "https://bisudika.weebly.com/uploads/1/3/4/3/134366448/a674960b8d.pdf",
        "https://wuvelemof.weebly.com/uploads/1/4/1/3/141379647/9305085.pdf",
        "https://wmu24.ru/media/file/dexawuximun.pdf",
        "http://www.saito-ken.jp/userdata/file/sexofoxe.pdf",
        "https://philippebensac.com/upload/files/52980052196.pdf",
        "http://studioego.cz/userfiles/file/gasamob.pdf",
        "https://whitepalacegrill.com/userfiles/45945089803.pdf"
    ],
    "regex_uris": [
        "http://oalroax.com/wb3?utm_term=skillful%20reading%20and%20writing%20students%20book%203%20pdf%20file%20download%20online",
        "https://zigozerapudepi.weebly.com/uploads/1/3/5/3/135398300/8910447.pdf",
        "https://tiwalodosamavap.weebly.com/uploads/1/4/1/3/141387777/vazemajozideg_zaren_tukafive.pdf",
        "https://nijalejufof.weebly.com/uploads/1/4/1/9/141937611/acc8ad4d.pdf",
        "https://janelexireretof.weebly.com/uploads/1/3/4/6/134630470/6bd67dbb15592a.pdf",
        "http://kindergartenhelden.at/upload/file/5255668951.pdf",
        "https://bajarewejewud.weebly.com/uploads/1/3/4/6/134673735/voneso-kututetixit-lepaxij.pdf",
        "http://kimdaiphatsteel.com/Images_upload/files/13361002791.pdf",
        "http://nifaelectronics.com/userfiles/file/jedigefebufuduxaji.pdf",
        "http://pleasanton.com/wysiwygfiles/file/64561482657.pdf",
        "http://www.klub112.cz/upload/files/jetuvalarafoginefepivo.pdf",
        "http://conservationenergy.com/wp-content/plugins/formcraft/file-upload/server/content/files/1620cbc5fe064c---86982568791.pdf",
        "https://rulerirawa.weebly.com/uploads/1/4/1/4/141450904/kurifumozido.pdf",
        "https://vidimepimexuja.weebly.com/uploads/1/3/4/6/134626803/28b75.pdf",
        "http://votava2.altrodesign.eu/ckfinder/userfiles/files/jebeguv.pdf",
        "https://itchanoi.vn/uploads/news_file/61625032915.pdf",
        "https://bisudika.weebly.com/uploads/1/3/4/3/134366448/a674960b8d.pdf",
        "https://wuvelemof.weebly.com/uploads/1/4/1/3/141379647/9305085.pdf",
        "https://wmu24.ru/media/file/dexawuximun.pdf",
        "http://www.saito-ken.jp/userdata/file/sexofoxe.pdf",
        "https://philippebensac.com/upload/files/52980052196.pdf",
        "http://studioego.cz/userfiles/file/gasamob.pdf",
        "https://whitepalacegrill.com/userfiles/45945089803.pdf"
    ],
    "regex_urls": [
        "http://oalroax.com/wb3?utm_term=skillful%20reading%20and%20writing%20students%20book%203%20pdf%20file%20download%20online",
        "https",
        "https",
        "https",
        "https",
        "http://kindergartenhelden.at/upload/file/5255668951.pdf",
        "https",
        "http://kimdaiphatsteel.com/Images_upload/files/13361002791.pdf",
        "http://nifaelectronics.com/userfiles/file/jedigefebufuduxaji.pdf",
        "http://pleasanton.com/wysiwygfiles/file/64561482657.pdf",
        "http://www.klub112.cz/upload/files/jetuvalarafoginefepivo.pdf",
        "http://conservationenergy.com/wp-content/plugins/formcraft/file-upload/server/content/files/1620cbc5fe064c---86982568791.pdf",
        "https",
        "https",
        "http://votava2.altrodesign.eu/ckfinder/userfiles/files/jebeguv.pdf",
        "https",
        "https",
        "https",
        "https",
        "http://www.saito-ken.jp/userdata/file/sexofoxe.pdf",
        "https",
        "http://studioego.cz/userfiles/file/gasamob.pdf",
        "https",
        "http://www.w3.org/1999/02/22-rdf-syntax-ns#",
        "http://purl.org/dc/elements/1.1/",
        "http://ns.adobe.com/pdf/1.3/",
        "http://ns.adobe.com/xap/1.0/",
        "http://ns.adobe.com/xap/1.0/mm/",
        "http://ns.adobe.com/xap/1.0/rights/"
    ],
    "scripts": {
        "iframe": [],
        "urls": []
    },
    "static_properties": {
        "JBIG2Decode": "0",
        "XML_forms": "0",
        "acro_form": "0",
        "auto_action": "0",
        "colors": "0",
        "cross_reference_table": "2",
        "embedded_files": "0",
        "file_size": "364",
        "java_script": "0",
        "js": "0",
        "launch_action": "0",
        "object_end": "101",
        "object_start": "101",
        "object_streams": "0",
        "open_action": "0",
        "page_count": "8",
        "rich_media": "0",
        "start_cross_reference_table": "2",
        "stream_end": "22",
        "stream_start": "22",
        "trailer_dictionary": "2"
    },
    "yara_signatures": [
        "without_attachments",
        "without_images",
        "with_urls",
        "invalid_trailer_structure",
        "multiple_versions",
        "contentis_base64"
    ]
}