{
    "exif_signatures": {},
    "file_size": 100094,
    "pdfid_signatures": {},
    "pypdf_uris": [
        "https://catamma.ru/uplcv?utm_term=java+compiler+android+app",
        "http://www.tobywells.org/media/fckdir/file/wininovutuzugexodubi.pdf",
        "https://flylights.pl/wp-content/plugins/super-forms/uploads/php/files/6jq7sb805kn723dbhqi85fudfl/xabofebarigokomavezisat.pdf",
        "http://xn--80affcyoc0ac1f6a.xn--p1ai/admin/modules/ckeditor/ckfinder/userfiles/files/lorojikikawomonolevupixo.pdf",
        "https://247christianity.org/fckeditor/userfiles/file/rivebudopiraz1630886340.pdf",
        "http://bonsite.nl/phpcmsys/file/zusepos.pdf",
        "https://jagamimpi.net/contents/files/46287089614.pdf",
        "https://habibitours.org/ckfinder/userfiles/files/dovijirulober.pdf",
        "http://mlsconsulting.net/cms/files/File/49005048288.pdf",
        "https://breedlife.com/upload/files/xumufiwen.pdf",
        "https://happycustomerservice.com/wp-content/plugins/super-forms/uploads/php/files/9bb6baecc3e286b9bbcc2fc4c3fe89ee/29512291241.pdf",
        "http://partner-support.net/user_data/userfiles/files/gusojazot.pdf",
        "https://abhrian.com/userfiles/files/zibixejiraxipog.pdf",
        "http://www.aceitunasdelguadalhorce.es/ckfinder/userfiles/files/moxalunobekosadal.pdf",
        "http://kstarsmall.net/userfiles/file///pofebirefupokaw.pdf",
        "http://yotlist.com/uniformkontakt/userfiles/image/files/87829680284.pdf",
        "https://dichvuketoanvn.org/uploads/files/45637292348.pdf",
        "https://netwindowvn.com/uploads/userfiles/file/39358287192.pdf",
        "http://namjapizza.com/app/webroot/files/36570143544.pdf",
        "http://jakpaisanestate.com/images/upload/files/xixitakugoxa.pdf",
        "https://getadoc.in/ckfinder/userfiles/files/kanaxifetekiguwomi.pdf",
        "http://7sate.com/filespath/files/20210905100241.pdf",
        "https://bonekarusa.com/contents/files/dixokub.pdf",
        "http://bluebiz.kr/userData/board/file/49648937444.pdf",
        "http://www.extramas.com/userfiles/files/nejufijeseb.pdf",
        "https://ichapps.com/ichapps/ckeditor-ckfinder-integration/uploads/files/23316002203.pdf"
    ],
    "regex_uris": [
        "https://catamma.ru/uplcv?utm_term=java+compiler+android+app",
        "http://www.tobywells.org/media/fckdir/file/wininovutuzugexodubi.pdf",
        "https://flylights.pl/wp-content/plugins/super-forms/uploads/php/files/6jq7sb805kn723dbhqi85fudfl/xabofebarigokomavezisat.pdf",
        "http://xn--80affcyoc0ac1f6a.xn--p1ai/admin/modules/ckeditor/ckfinder/userfiles/files/lorojikikawomonolevupixo.pdf",
        "https://247christianity.org/fckeditor/userfiles/file/rivebudopiraz1630886340.pdf",
        "http://bonsite.nl/phpcmsys/file/zusepos.pdf",
        "https://jagamimpi.net/contents/files/46287089614.pdf",
        "https://habibitours.org/ckfinder/userfiles/files/dovijirulober.pdf",
        "http://mlsconsulting.net/cms/files/File/49005048288.pdf",
        "https://breedlife.com/upload/files/xumufiwen.pdf",
        "https://happycustomerservice.com/wp-content/plugins/super-forms/uploads/php/files/9bb6baecc3e286b9bbcc2fc4c3fe89ee/29512291241.pdf",
        "http://partner-support.net/user_data/userfiles/files/gusojazot.pdf",
        "https://abhrian.com/userfiles/files/zibixejiraxipog.pdf",
        "http://www.aceitunasdelguadalhorce.es/ckfinder/userfiles/files/moxalunobekosadal.pdf",
        "http://kstarsmall.net/userfiles/file///pofebirefupokaw.pdf",
        "http://yotlist.com/uniformkontakt/userfiles/image/files/87829680284.pdf",
        "https://dichvuketoanvn.org/uploads/files/45637292348.pdf",
        "https://netwindowvn.com/uploads/userfiles/file/39358287192.pdf",
        "http://namjapizza.com/app/webroot/files/36570143544.pdf",
        "http://jakpaisanestate.com/images/upload/files/xixitakugoxa.pdf",
        "https://getadoc.in/ckfinder/userfiles/files/kanaxifetekiguwomi.pdf",
        "http://7sate.com/filespath/files/20210905100241.pdf",
        "https://bonekarusa.com/contents/files/dixokub.pdf",
        "http://bluebiz.kr/userData/board/file/49648937444.pdf",
        "http://www.extramas.com/userfiles/files/nejufijeseb.pdf",
        "https://ichapps.com/ichapps/ckeditor-ckfinder-integration/uploads/files/23316002203.pdf"
    ],
    "regex_urls": [
        "https",
        "http://www.tobywells.org/media/fckdir/file/wininovutuzugexodubi.pdf",
        "https",
        "http://xn--80affcyoc0ac1f6a.xn--p1ai/admin/modules/ckeditor/ckfinder/userfiles/files/lorojikikawomonolevupixo.pdf",
        "https",
        "http://bonsite.nl/phpcmsys/file/zusepos.pdf",
        "https",
        "https",
        "http://mlsconsulting.net/cms/files/File/49005048288.pdf",
        "https",
        "https",
        "http://partner-support.net/user_data/userfiles/files/gusojazot.pdf",
        "https",
        "http://www.aceitunasdelguadalhorce.es/ckfinder/userfiles/files/moxalunobekosadal.pdf",
        "http://kstarsmall.net/userfiles/file///pofebirefupokaw.pdf",
        "http://yotlist.com/uniformkontakt/userfiles/image/files/87829680284.pdf",
        "https",
        "https",
        "http://namjapizza.com/app/webroot/files/36570143544.pdf",
        "http://jakpaisanestate.com/images/upload/files/xixitakugoxa.pdf",
        "https",
        "http://7sate.com/filespath/files/20210905100241.pdf",
        "https",
        "http://bluebiz.kr/userData/board/file/49648937444.pdf",
        "http://www.extramas.com/userfiles/files/nejufijeseb.pdf",
        "https",
        "http://www.w3.org/1999/02/22-rdf-syntax-ns#",
        "http://purl.org/dc/elements/1.1/",
        "http://ns.adobe.com/pdf/1.3/",
        "http://ns.adobe.com/xap/1.0/",
        "http://ns.adobe.com/xap/1.0/mm/",
        "http://ns.adobe.com/xap/1.0/rights/"
    ],
    "scripts": {
        "iframe": [],
        "urls": []
    },
    "static_properties": {
        "JBIG2Decode": "0",
        "XML_forms": "0",
        "acro_form": "0",
        "auto_action": "0",
        "colors": "0",
        "cross_reference_table": "2",
        "embedded_files": "0",
        "file_size": "100",
        "java_script": "0",
        "js": "0",
        "launch_action": "0",
        "object_end": "72",
        "object_start": "72",
        "object_streams": "0",
        "open_action": "0",
        "page_count": "3",
        "rich_media": "0",
        "start_cross_reference_table": "2",
        "stream_end": "14",
        "stream_start": "14",
        "trailer_dictionary": "2"
    },
    "yara_signatures": [
        "without_attachments",
        "without_images",
        "with_urls",
        "invalid_trailer_structure",
        "multiple_versions",
        "contentis_base64",
        "Big_Numbers1"
    ]
}