{
    "exif_signatures": {},
    "file_size": 118471,
    "pdfid_signatures": {
        "Page_Count": {
            "description": "This PDF has only one page",
            "families": [],
            "marks": [],
            "name": "Page_Count",
            "references": [],
            "severity": 1
        }
    },
    "pypdf_uris": [
        "https://bltlly.com/2l2d3u",
        "https://bltlly.com/2l2d3u",
        "http://bulktivdi.yolasite.com/resources/Bigant-Office-Messenger-292-Crack-BEST.pdf",
        "http://brothconstee.yolasite.com/resources/Crack-Agelong-Tree-4-Activation-Code-Free.pdf",
        "http://sausandve.yolasite.com/resources/YOUTUBE--A-Dozen-Inbound-Links-for-Movember-2014.pdf",
        "http://hinmecu.yolasite.com/resources/Riqueza-Ilimitada-Paul-Zane-Pilzerpdf.pdf",
        "http://guimoho.yolasite.com/resources/Tafsir-of-Holy-Quran.pdf",
        "http://www.tcpdf.org"
    ],
    "regex_uris": [
        "https://bltlly.com/2l2d3u",
        "https://bltlly.com/2l2d3u",
        "http://bulktivdi.yolasite.com/resources/Bigant-Office-Messenger-292-Crack-BEST.pdf",
        "http://brothconstee.yolasite.com/resources/Crack-Agelong-Tree-4-Activation-Code-Free.pdf",
        "http://sausandve.yolasite.com/resources/YOUTUBE--A-Dozen-Inbound-Links-for-Movember-2014.pdf",
        "http://hinmecu.yolasite.com/resources/Riqueza-Ilimitada-Paul-Zane-Pilzerpdf.pdf",
        "http://guimoho.yolasite.com/resources/Tafsir-of-Holy-Quran.pdf",
        "http://www.tcpdf.org"
    ],
    "regex_urls": [
        "https",
        "https",
        "http://bulktivdi.yolasite.com/resources/Bigant-Office-Messenger-292-Crack-BEST.pdf",
        "http://brothconstee.yolasite.com/resources/Crack-Agelong-Tree-4-Activation-Code-Free.pdf",
        "http://sausandve.yolasite.com/resources/YOUTUBE--A-Dozen-Inbound-Links-for-Movember-2014.pdf",
        "http://hinmecu.yolasite.com/resources/Riqueza-Ilimitada-Paul-Zane-Pilzerpdf.pdf",
        "http://guimoho.yolasite.com/resources/Tafsir-of-Holy-Quran.pdf",
        "http://www.tcpdf.org",
        "http://www.w3.org/1999/02/22-rdf-syntax-ns#",
        "http://purl.org/dc/elements/1.1/",
        "http://ns.adobe.com/xap/1.0/",
        "http://ns.adobe.com/pdf/1.3/",
        "http://ns.adobe.com/xap/1.0/mm/",
        "http://www.aiim.org/pdfa/ns/extension/",
        "http://www.aiim.org/pdfa/ns/schema#",
        "http://www.aiim.org/pdfa/ns/property#",
        "http://ns.adobe.com/pdf/1.3/",
        "http://ns.adobe.com/xap/1.0/mm/",
        "http://www.aiim.org/pdfa/ns/id/"
    ],
    "scripts": {
        "iframe": [],
        "urls": []
    },
    "static_properties": {
        "JBIG2Decode": "0",
        "XML_forms": "0",
        "acro_form": "0",
        "auto_action": "0",
        "colors": "0",
        "cross_reference_table": "1",
        "embedded_files": "0",
        "file_size": "118",
        "java_script": "0",
        "js": "0",
        "launch_action": "0",
        "object_end": "30",
        "object_start": "30",
        "object_streams": "0",
        "open_action": "1",
        "page_count": "1",
        "rich_media": "0",
        "start_cross_reference_table": "1",
        "stream_end": "9",
        "stream_start": "9",
        "trailer_dictionary": "1"
    },
    "yara_signatures": [
        "without_attachments",
        "without_images",
        "with_urls",
        "contentis_base64",
        "Big_Numbers1"
    ]
}