{
    "exif_signatures": {},
    "file_size": 45580,
    "pdfid_signatures": {},
    "pypdf_uris": [
        "https://netcdn.tw/app/431946152/free-robux-giver-online-game-hack",
        "https://netcdn.tw/app/431946152/free-robux-giver-online-game-hack",
        "https://eastwood.co.ke/uploaded_files/userfiles/files/free-spins-on-coin-master_GM406889139.pdf",
        "https://eastwood.co.ke/uploaded_files/userfiles/files/free-account-roblox-with-robux_GM431946152.pdf",
        "https://eastwood.co.ke/uploaded_files/userfiles/files/robux-free-promo-codes_GM431946152.pdf",
        "https://eastwood.co.ke/uploaded_files/userfiles/files/free-robux-giveaway_GM431946152.pdf",
        "https://eastwood.co.ke/uploaded_files/userfiles/files/free-robux-discord_GM431946152.pdf",
        "https://eastwood.co.ke/uploaded_files/userfiles/files/how-to-get-free-robux-on-mobile_GM431946152.pdf",
        "https://eastwood.co.ke/uploaded_files/userfiles/files/rbx-website_GM431946152.pdf",
        "https://eastwood.co.ke/uploaded_files/userfiles/files/how-to-get-robux-for-free-2021_GM431946152.pdf",
        "https://eastwood.co.ke/uploaded_files/userfiles/files/how-to-get-a-refund-on-roblox-2021_GM431946152.pdf",
        "https://eastwood.co.ke/uploaded_files/userfiles/files/bux-life-free-robux_GM431946152.pdf",
        "https://eastwood.co.ke/uploaded_files/userfiles/files/coin-master-free-spin-and-coins-links-home_GM406889139.pdf",
        "https://eastwood.co.ke/uploaded_files/userfiles/files/minecraft-bedrock-edition-pc-download-free_GM479516143.pdf",
        "https://eastwood.co.ke/uploaded_files/userfiles/files/coin-master-spins_GM406889139.pdf",
        "https://eastwood.co.ke/uploaded_files/userfiles/files/coin-master-unlimited-spin-hack_GM406889139.pdf",
        "https://eastwood.co.ke/uploaded_files/userfiles/files/coin-master-free-spin-today-2021_GM406889139.pdf",
        "https://eastwood.co.ke/uploaded_files/userfiles/files/give-me-robux-now_GM431946152.pdf",
        "https://eastwood.co.ke/uploaded_files/userfiles/files/pokemon-go-free-event-box_GM1094591345.pdf",
        "https://eastwood.co.ke/uploaded_files/userfiles/files/roblox-studio-free-robux_GM431946152.pdf",
        "https://eastwood.co.ke/uploaded_files/userfiles/files/roblox-promo-codes-free-robux_GM431946152.pdf",
        "https://eastwood.co.ke/uploaded_files/userfiles/files/how-to-hack-roblox-to-get-free-robux_GM431946152.pdf"
    ],
    "regex_uris": [
        "https://netcdn.tw/app/431946152/free-robux-giver-online-game-hack",
        "https://netcdn.tw/app/431946152/free-robux-giver-online-game-hack",
        "https://eastwood.co.ke/uploaded_files/userfiles/files/free-spins-on-coin-master_GM406889139.pdf",
        "https://eastwood.co.ke/uploaded_files/userfiles/files/free-account-roblox-with-robux_GM431946152.pdf",
        "https://eastwood.co.ke/uploaded_files/userfiles/files/robux-free-promo-codes_GM431946152.pdf",
        "https://eastwood.co.ke/uploaded_files/userfiles/files/free-robux-giveaway_GM431946152.pdf",
        "https://eastwood.co.ke/uploaded_files/userfiles/files/free-robux-discord_GM431946152.pdf",
        "https://eastwood.co.ke/uploaded_files/userfiles/files/how-to-get-free-robux-on-mobile_GM431946152.pdf",
        "https://eastwood.co.ke/uploaded_files/userfiles/files/rbx-website_GM431946152.pdf",
        "https://eastwood.co.ke/uploaded_files/userfiles/files/how-to-get-robux-for-free-2021_GM431946152.pdf",
        "https://eastwood.co.ke/uploaded_files/userfiles/files/how-to-get-a-refund-on-roblox-2021_GM431946152.pdf",
        "https://eastwood.co.ke/uploaded_files/userfiles/files/bux-life-free-robux_GM431946152.pdf",
        "https://eastwood.co.ke/uploaded_files/userfiles/files/coin-master-free-spin-and-coins-links-home_GM406889139.pdf",
        "https://eastwood.co.ke/uploaded_files/userfiles/files/minecraft-bedrock-edition-pc-download-free_GM479516143.pdf",
        "https://eastwood.co.ke/uploaded_files/userfiles/files/coin-master-spins_GM406889139.pdf",
        "https://eastwood.co.ke/uploaded_files/userfiles/files/coin-master-unlimited-spin-hack_GM406889139.pdf",
        "https://eastwood.co.ke/uploaded_files/userfiles/files/coin-master-free-spin-today-2021_GM406889139.pdf",
        "https://eastwood.co.ke/uploaded_files/userfiles/files/give-me-robux-now_GM431946152.pdf",
        "https://eastwood.co.ke/uploaded_files/userfiles/files/pokemon-go-free-event-box_GM1094591345.pdf",
        "https://eastwood.co.ke/uploaded_files/userfiles/files/roblox-studio-free-robux_GM431946152.pdf",
        "https://eastwood.co.ke/uploaded_files/userfiles/files/roblox-promo-codes-free-robux_GM431946152.pdf",
        "https://eastwood.co.ke/uploaded_files/userfiles/files/how-to-hack-roblox-to-get-free-robux_GM431946152.pdf"
    ],
    "regex_urls": [
        "https",
        "https",
        "https",
        "https",
        "https",
        "https",
        "https",
        "https",
        "https",
        "https",
        "https",
        "https",
        "https",
        "https",
        "https",
        "https",
        "https",
        "https",
        "https",
        "https",
        "https",
        "https"
    ],
    "scripts": {
        "iframe": [],
        "urls": []
    },
    "static_properties": {
        "JBIG2Decode": "0",
        "XML_forms": "0",
        "acro_form": "0",
        "auto_action": "0",
        "colors": "0",
        "cross_reference_table": "1",
        "embedded_files": "0",
        "file_size": "46",
        "java_script": "0",
        "js": "0",
        "launch_action": "0",
        "object_end": "65",
        "object_start": "65",
        "object_streams": "0",
        "open_action": "0",
        "page_count": "4",
        "rich_media": "0",
        "start_cross_reference_table": "1",
        "stream_end": "8",
        "stream_start": "8",
        "trailer_dictionary": "1"
    },
    "yara_signatures": [
        "without_attachments",
        "without_images",
        "with_urls",
        "invalid_trailer_structure",
        "contentis_base64"
    ]
}