{
    "exif_signatures": {},
    "file_size": 46010,
    "pdfid_signatures": {},
    "pypdf_uris": [
        "https://netcdn.tw/app/431946152/roblox-rtd-awakening-cheats-game-hack",
        "https://netcdn.tw/app/431946152/roblox-rtd-awakening-cheats-game-hack",
        "https://eastwood.co.ke/uploaded_files/userfiles/files/free-coin-master-spins-link_GM406889139.pdf",
        "https://eastwood.co.ke/uploaded_files/userfiles/files/play-roblox-for-free-on-google_GM431946152.pdf",
        "https://eastwood.co.ke/uploaded_files/userfiles/files/minecraft-java-edition-free-download_GM479516143.pdf",
        "https://eastwood.co.ke/uploaded_files/userfiles/files/coin-free-spin_GM406889139.pdf",
        "https://eastwood.co.ke/uploaded_files/userfiles/files/coin-master-free-2021-spin-link_GM406889139.pdf",
        "https://eastwood.co.ke/uploaded_files/userfiles/files/free-executors-for-roblox_GM431946152.pdf",
        "https://eastwood.co.ke/uploaded_files/userfiles/files/how-to-get-free-robux-without-verifying-2021_GM431946152.pdf",
        "https://eastwood.co.ke/uploaded_files/userfiles/files/roblox-free-login_GM431946152.pdf",
        "https://eastwood.co.ke/uploaded_files/userfiles/files/how-to-get-daily-free-spins-on-coin-master_GM406889139.pdf",
        "https://eastwood.co.ke/uploaded_files/userfiles/files/free-minecraft-com_GM479516143.pdf",
        "https://eastwood.co.ke/uploaded_files/userfiles/files/roblox-free-models_GM431946152.pdf",
        "https://eastwood.co.ke/uploaded_files/userfiles/files/minecraft-free-ios_GM479516143.pdf",
        "https://eastwood.co.ke/uploaded_files/userfiles/files/free-robux-generator-no-human-verification-or-surveys_GM431946152.pdf",
        "https://eastwood.co.ke/uploaded_files/userfiles/files/spin-free-coin-master_GM406889139.pdf",
        "https://eastwood.co.ke/uploaded_files/userfiles/files/daily-free-spins-on-coin-master_GM406889139.pdf",
        "https://eastwood.co.ke/uploaded_files/userfiles/files/pokemon-go-free-yawn_GM1094591345.pdf",
        "https://eastwood.co.ke/uploaded_files/userfiles/files/free-robux-cards_GM431946152.pdf",
        "https://eastwood.co.ke/uploaded_files/userfiles/files/coin-master-daily-free-rewards_GM406889139.pdf",
        "https://eastwood.co.ke/uploaded_files/userfiles/files/robuxy-com-free-robux_GM431946152.pdf",
        "https://eastwood.co.ke/uploaded_files/userfiles/files/cone-master_GM406889139.pdf"
    ],
    "regex_uris": [
        "https://netcdn.tw/app/431946152/roblox-rtd-awakening-cheats-game-hack",
        "https://netcdn.tw/app/431946152/roblox-rtd-awakening-cheats-game-hack",
        "https://eastwood.co.ke/uploaded_files/userfiles/files/free-coin-master-spins-link_GM406889139.pdf",
        "https://eastwood.co.ke/uploaded_files/userfiles/files/play-roblox-for-free-on-google_GM431946152.pdf",
        "https://eastwood.co.ke/uploaded_files/userfiles/files/minecraft-java-edition-free-download_GM479516143.pdf",
        "https://eastwood.co.ke/uploaded_files/userfiles/files/coin-free-spin_GM406889139.pdf",
        "https://eastwood.co.ke/uploaded_files/userfiles/files/coin-master-free-2021-spin-link_GM406889139.pdf",
        "https://eastwood.co.ke/uploaded_files/userfiles/files/free-executors-for-roblox_GM431946152.pdf",
        "https://eastwood.co.ke/uploaded_files/userfiles/files/how-to-get-free-robux-without-verifying-2021_GM431946152.pdf",
        "https://eastwood.co.ke/uploaded_files/userfiles/files/roblox-free-login_GM431946152.pdf",
        "https://eastwood.co.ke/uploaded_files/userfiles/files/how-to-get-daily-free-spins-on-coin-master_GM406889139.pdf",
        "https://eastwood.co.ke/uploaded_files/userfiles/files/free-minecraft-com_GM479516143.pdf",
        "https://eastwood.co.ke/uploaded_files/userfiles/files/roblox-free-models_GM431946152.pdf",
        "https://eastwood.co.ke/uploaded_files/userfiles/files/minecraft-free-ios_GM479516143.pdf",
        "https://eastwood.co.ke/uploaded_files/userfiles/files/free-robux-generator-no-human-verification-or-surveys_GM431946152.pdf",
        "https://eastwood.co.ke/uploaded_files/userfiles/files/spin-free-coin-master_GM406889139.pdf",
        "https://eastwood.co.ke/uploaded_files/userfiles/files/daily-free-spins-on-coin-master_GM406889139.pdf",
        "https://eastwood.co.ke/uploaded_files/userfiles/files/pokemon-go-free-yawn_GM1094591345.pdf",
        "https://eastwood.co.ke/uploaded_files/userfiles/files/free-robux-cards_GM431946152.pdf",
        "https://eastwood.co.ke/uploaded_files/userfiles/files/coin-master-daily-free-rewards_GM406889139.pdf",
        "https://eastwood.co.ke/uploaded_files/userfiles/files/robuxy-com-free-robux_GM431946152.pdf",
        "https://eastwood.co.ke/uploaded_files/userfiles/files/cone-master_GM406889139.pdf"
    ],
    "regex_urls": [
        "https",
        "https",
        "https",
        "https",
        "https",
        "https",
        "https",
        "https",
        "https",
        "https",
        "https",
        "https",
        "https",
        "https",
        "https",
        "https",
        "https",
        "https",
        "https",
        "https",
        "https",
        "https"
    ],
    "scripts": {
        "iframe": [],
        "urls": []
    },
    "static_properties": {
        "JBIG2Decode": "0",
        "XML_forms": "0",
        "acro_form": "0",
        "auto_action": "0",
        "colors": "0",
        "cross_reference_table": "1",
        "embedded_files": "0",
        "file_size": "46",
        "java_script": "0",
        "js": "0",
        "launch_action": "0",
        "object_end": "65",
        "object_start": "65",
        "object_streams": "0",
        "open_action": "0",
        "page_count": "4",
        "rich_media": "0",
        "start_cross_reference_table": "1",
        "stream_end": "8",
        "stream_start": "8",
        "trailer_dictionary": "1"
    },
    "yara_signatures": [
        "without_attachments",
        "without_images",
        "with_urls",
        "invalid_trailer_structure",
        "contentis_base64"
    ]
}