{
    "exif_signatures": {},
    "file_size": 79550,
    "pdfid_signatures": {},
    "pypdf_uris": [
        "http://getpdf.pw/book?res=123&isbn=9781635765847&kwd=The%20Ultimate%20History%20of%20the%2080s%20Teen%20Movie%20:%20Fast%20Times%20at%20Ridgemont%20High%20Sixteen%20Candles%20Revenge%20of%20the%20Nerds%20the%20Karate%20Kid%20the%20Breakfast%20Club%20Footloose%20Dead%20Poets%20Society%20and%20Everything%20in%20Between",
        "http://getpdf.pw/book?res=123&isbn=9781635765847&kwd=The%20Ultimate%20History%20of%20the%2080s%20Teen%20Movie%20:%20Fast%20Times%20at%20Ridgemont%20High%20Sixteen%20Candles%20Revenge%20of%20the%20Nerds%20the%20Karate%20Kid%20the%20Breakfast%20Club%20Footloose%20Dead%20Poets%20Society%20and%20Everything%20in%20Between",
        "https://static.s123-cdn-static-a.com/uploads/4659603/normal_61ad32086b55f.pdf"
    ],
    "regex_uris": [
        "http://getpdf.pw/book?res=123&isbn=9781635765847&kwd=The%20Ultimate%20History%20of%20the%2080s%20Teen%20Movie%20:%20Fast%20Times%20at%20Ridgemont%20High%20Sixteen%20Candles%20Revenge%20of%20the%20Nerds%20the%20Karate%20Kid%20the%20Breakfast%20Club%20Footloose%20Dead%20Poets%20Society%20and%20Everything%20in%20Between",
        "http://getpdf.pw/book?res=123&isbn=9781635765847&kwd=The%20Ultimate%20History%20of%20the%2080s%20Teen%20Movie%20:%20Fast%20Times%20at%20Ridgemont%20High%20Sixteen%20Candles%20Revenge%20of%20the%20Nerds%20the%20Karate%20Kid%20the%20Breakfast%20Club%20Footloose%20Dead%20Poets%20Society%20and%20Everything%20in%20Between",
        "https://static.s123-cdn-static-a.com/uploads/4659603/normal_61ad32086b55f.pdf"
    ],
    "regex_urls": [
        "http://getpdf.pw/book?res=123",
        "http://getpdf.pw/book?res=123",
        "https"
    ],
    "scripts": {
        "iframe": [],
        "urls": []
    },
    "static_properties": {
        "JBIG2Decode": "0",
        "XML_forms": "0",
        "acro_form": "0",
        "auto_action": "0",
        "colors": "0",
        "cross_reference_table": "1",
        "embedded_files": "0",
        "file_size": "80",
        "java_script": "0",
        "js": "0",
        "launch_action": "0",
        "object_end": "45",
        "object_start": "45",
        "object_streams": "0",
        "open_action": "0",
        "page_count": "3",
        "rich_media": "0",
        "start_cross_reference_table": "1",
        "stream_end": "10",
        "stream_start": "10",
        "trailer_dictionary": "1"
    },
    "yara_signatures": [
        "without_attachments",
        "without_images",
        "with_urls",
        "invalid_trailer_structure",
        "contentis_base64"
    ]
}