{
    "exif_signatures": {},
    "file_size": 44257,
    "pdfid_signatures": {},
    "pypdf_uris": [
        "https://netcdn.xyz/app/406889139/coin-master-daily-free-spin-and-coin-game-hack",
        "https://netcdn.xyz/app/406889139/coin-master-daily-free-spin-and-coin-game-hack",
        "https://elearning.manposo.sch.id/__statics/gudangsoal/files/robux-earning-websites_GM431946152.pdf",
        "https://elearning.manposo.sch.id/__statics/gudangsoal/files/coinmaster-rewards_GM406889139.pdf",
        "https://elearning.manposo.sch.id/__statics/gudangsoal/files/free-robux-no-human-verification-and-no-survey_GM431946152.pdf",
        "https://elearning.manposo.sch.id/__statics/gudangsoal/files/how-can-i-get-free-robux_GM431946152.pdf",
        "https://elearning.manposo.sch.id/__statics/gudangsoal/files/roblox-free-play-no-download_GM431946152.pdf",
        "https://elearning.manposo.sch.id/__statics/gudangsoal/files/roblox-avatar-free_GM431946152.pdf",
        "https://elearning.manposo.sch.id/__statics/gudangsoal/files/coin-master-daily-free-spins-link-today-2021-free_GM406889139.pdf",
        "https://elearning.manposo.sch.id/__statics/gudangsoal/files/free-robux-no-human-verification-2021_GM431946152.pdf",
        "https://elearning.manposo.sch.id/__statics/gudangsoal/files/how-to-hack-to-get-robux_GM431946152.pdf",
        "https://elearning.manposo.sch.id/__statics/gudangsoal/files/how-to-change-your-username-on-roblox-for-free_GM431946152.pdf",
        "https://elearning.manposo.sch.id/__statics/gudangsoal/files/haktuts-coin-master-free-spins_GM406889139.pdf",
        "https://elearning.manposo.sch.id/__statics/gudangsoal/files/how-to-get-minecraft-bedrock-edition-for-free_GM479516143.pdf",
        "https://elearning.manposo.sch.id/__statics/gudangsoal/files/coin-master-hack-generator_GM406889139.pdf",
        "https://elearning.manposo.sch.id/__statics/gudangsoal/files/coin-master-apk_GM406889139.pdf",
        "https://elearning.manposo.sch.id/__statics/gudangsoal/files/is-minecraft-free-on-xbox_GM479516143.pdf",
        "https://elearning.manposo.sch.id/__statics/gudangsoal/files/how-to-win-robux_GM431946152.pdf",
        "https://elearning.manposo.sch.id/__statics/gudangsoal/files/can-you-give-me-free-robux_GM431946152.pdf",
        "https://elearning.manposo.sch.id/__statics/gudangsoal/files/free-robux-no-human-verification-or-survey-or-download-2021_GM431946152.pdf",
        "https://elearning.manposo.sch.id/__statics/gudangsoal/files/minecraft-images-free_GM479516143.pdf",
        "https://elearning.manposo.sch.id/__statics/gudangsoal/files/minecraft-free_GM479516143.pdf"
    ],
    "regex_uris": [
        "https://netcdn.xyz/app/406889139/coin-master-daily-free-spin-and-coin-game-hack",
        "https://netcdn.xyz/app/406889139/coin-master-daily-free-spin-and-coin-game-hack",
        "https://elearning.manposo.sch.id/__statics/gudangsoal/files/robux-earning-websites_GM431946152.pdf",
        "https://elearning.manposo.sch.id/__statics/gudangsoal/files/coinmaster-rewards_GM406889139.pdf",
        "https://elearning.manposo.sch.id/__statics/gudangsoal/files/free-robux-no-human-verification-and-no-survey_GM431946152.pdf",
        "https://elearning.manposo.sch.id/__statics/gudangsoal/files/how-can-i-get-free-robux_GM431946152.pdf",
        "https://elearning.manposo.sch.id/__statics/gudangsoal/files/roblox-free-play-no-download_GM431946152.pdf",
        "https://elearning.manposo.sch.id/__statics/gudangsoal/files/roblox-avatar-free_GM431946152.pdf",
        "https://elearning.manposo.sch.id/__statics/gudangsoal/files/coin-master-daily-free-spins-link-today-2021-free_GM406889139.pdf",
        "https://elearning.manposo.sch.id/__statics/gudangsoal/files/free-robux-no-human-verification-2021_GM431946152.pdf",
        "https://elearning.manposo.sch.id/__statics/gudangsoal/files/how-to-hack-to-get-robux_GM431946152.pdf",
        "https://elearning.manposo.sch.id/__statics/gudangsoal/files/how-to-change-your-username-on-roblox-for-free_GM431946152.pdf",
        "https://elearning.manposo.sch.id/__statics/gudangsoal/files/haktuts-coin-master-free-spins_GM406889139.pdf",
        "https://elearning.manposo.sch.id/__statics/gudangsoal/files/how-to-get-minecraft-bedrock-edition-for-free_GM479516143.pdf",
        "https://elearning.manposo.sch.id/__statics/gudangsoal/files/coin-master-hack-generator_GM406889139.pdf",
        "https://elearning.manposo.sch.id/__statics/gudangsoal/files/coin-master-apk_GM406889139.pdf",
        "https://elearning.manposo.sch.id/__statics/gudangsoal/files/is-minecraft-free-on-xbox_GM479516143.pdf",
        "https://elearning.manposo.sch.id/__statics/gudangsoal/files/how-to-win-robux_GM431946152.pdf",
        "https://elearning.manposo.sch.id/__statics/gudangsoal/files/can-you-give-me-free-robux_GM431946152.pdf",
        "https://elearning.manposo.sch.id/__statics/gudangsoal/files/free-robux-no-human-verification-or-survey-or-download-2021_GM431946152.pdf",
        "https://elearning.manposo.sch.id/__statics/gudangsoal/files/minecraft-images-free_GM479516143.pdf",
        "https://elearning.manposo.sch.id/__statics/gudangsoal/files/minecraft-free_GM479516143.pdf"
    ],
    "regex_urls": [
        "https",
        "https",
        "https",
        "https",
        "https",
        "https",
        "https",
        "https",
        "https",
        "https",
        "https",
        "https",
        "https",
        "https",
        "https",
        "https",
        "https",
        "https",
        "https",
        "https",
        "https",
        "https"
    ],
    "scripts": {
        "iframe": [],
        "urls": []
    },
    "static_properties": {
        "JBIG2Decode": "0",
        "XML_forms": "0",
        "acro_form": "0",
        "auto_action": "0",
        "colors": "0",
        "cross_reference_table": "1",
        "embedded_files": "0",
        "file_size": "44",
        "java_script": "0",
        "js": "0",
        "launch_action": "0",
        "object_end": "60",
        "object_start": "60",
        "object_streams": "0",
        "open_action": "0",
        "page_count": "3",
        "rich_media": "0",
        "start_cross_reference_table": "1",
        "stream_end": "7",
        "stream_start": "7",
        "trailer_dictionary": "1"
    },
    "yara_signatures": [
        "without_attachments",
        "without_images",
        "with_urls",
        "invalid_trailer_structure",
        "contentis_base64"
    ]
}