{
    "exif_signatures": {},
    "file_size": 74618,
    "pdfid_signatures": {},
    "pypdf_uris": [
        "https://druttle.ru/wix?keyword=pillow+pet+dream+lites+mini+keychain+battery",
        "https://s3.amazonaws.com/lezopobigeza/99286017314.pdf",
        "https://uploads.strikinglycdn.com/files/112af772-5f74-47c3-89cd-015489e32d62/does_straight_talk_offer_hotspot_service.pdf",
        "https://uploads.strikinglycdn.com/files/578b0ecc-65c5-4120-b466-791363dc60b4/33932311186.pdf",
        "https://uploads.strikinglycdn.com/files/4ffdb53d-b88a-4230-ba74-a955b04bf23c/how_to_interpret_moca_results.pdf",
        "https://uploads.strikinglycdn.com/files/0e5205bf-cd0f-42d6-9d42-c5487be93f6f/86030615870.pdf",
        "https://s3.amazonaws.com/lurutopobi/74881166166.pdf",
        "https://tizonitiwu.weebly.com/uploads/1/3/4/7/134734793/4878051.pdf",
        "http://studytogether.fun/29210521492yvqez.pdf",
        "https://uploads.strikinglycdn.com/files/7a379f0f-431d-4812-a870-82ae8638a75b/how_to_change_the_ringtone_on_my_phone.pdf",
        "https://suwitasejamuk.weebly.com/uploads/1/3/1/8/131856391/9376661.pdf",
        "https://uploads.strikinglycdn.com/files/c9d29f9b-6021-4452-b8a7-31858df2ecf6/la_carcacha_live_lyrics.pdf",
        "https://uploads.strikinglycdn.com/files/36a0589d-49da-4090-9629-d651509be119/xidafofaxadepopu.pdf",
        "https://uploads.strikinglycdn.com/files/b0c2b735-b01d-4d15-91ef-414ab06e17ca/dafuvibemigexanasa.pdf",
        "http://nowtorrentz.com/lefivevifopfgd7z.pdf",
        "https://rexawalifutox.weebly.com/uploads/1/3/4/4/134458468/8503169.pdf",
        "https://s3.amazonaws.com/saziwijaxodav/basofoxofe.pdf",
        "https://uploads.strikinglycdn.com/files/8a1f3dde-ff03-4229-8df0-c5a3ee14905f/how_the_grinch_stole_christmas_cast_teacher.pdf",
        "https://pulapafux.weebly.com/uploads/1/3/0/8/130874232/2244541.pdf",
        "https://wevinavuligi.weebly.com/uploads/1/3/4/5/134505150/5856711.pdf"
    ],
    "regex_uris": [
        "https://druttle.ru/wix?keyword=pillow+pet+dream+lites+mini+keychain+battery",
        "https://s3.amazonaws.com/lezopobigeza/99286017314.pdf",
        "https://uploads.strikinglycdn.com/files/112af772-5f74-47c3-89cd-015489e32d62/does_straight_talk_offer_hotspot_service.pdf",
        "https://uploads.strikinglycdn.com/files/578b0ecc-65c5-4120-b466-791363dc60b4/33932311186.pdf",
        "https://uploads.strikinglycdn.com/files/4ffdb53d-b88a-4230-ba74-a955b04bf23c/how_to_interpret_moca_results.pdf",
        "https://uploads.strikinglycdn.com/files/0e5205bf-cd0f-42d6-9d42-c5487be93f6f/86030615870.pdf",
        "https://s3.amazonaws.com/lurutopobi/74881166166.pdf",
        "https://tizonitiwu.weebly.com/uploads/1/3/4/7/134734793/4878051.pdf",
        "http://studytogether.fun/29210521492yvqez.pdf",
        "https://uploads.strikinglycdn.com/files/7a379f0f-431d-4812-a870-82ae8638a75b/how_to_change_the_ringtone_on_my_phone.pdf",
        "https://suwitasejamuk.weebly.com/uploads/1/3/1/8/131856391/9376661.pdf",
        "https://uploads.strikinglycdn.com/files/c9d29f9b-6021-4452-b8a7-31858df2ecf6/la_carcacha_live_lyrics.pdf",
        "https://uploads.strikinglycdn.com/files/36a0589d-49da-4090-9629-d651509be119/xidafofaxadepopu.pdf",
        "https://uploads.strikinglycdn.com/files/b0c2b735-b01d-4d15-91ef-414ab06e17ca/dafuvibemigexanasa.pdf",
        "http://nowtorrentz.com/lefivevifopfgd7z.pdf",
        "https://rexawalifutox.weebly.com/uploads/1/3/4/4/134458468/8503169.pdf",
        "https://s3.amazonaws.com/saziwijaxodav/basofoxofe.pdf",
        "https://uploads.strikinglycdn.com/files/8a1f3dde-ff03-4229-8df0-c5a3ee14905f/how_the_grinch_stole_christmas_cast_teacher.pdf",
        "https://pulapafux.weebly.com/uploads/1/3/0/8/130874232/2244541.pdf",
        "https://wevinavuligi.weebly.com/uploads/1/3/4/5/134505150/5856711.pdf"
    ],
    "regex_urls": [
        "https",
        "https",
        "https",
        "https",
        "https",
        "https",
        "https",
        "https",
        "http://studytogether.fun/29210521492yvqez.pdf",
        "https",
        "https",
        "https",
        "https",
        "https",
        "http://nowtorrentz.com/lefivevifopfgd7z.pdf",
        "https",
        "https",
        "https",
        "https",
        "https",
        "http://www.w3.org/1999/02/22-rdf-syntax-ns#",
        "http://purl.org/dc/elements/1.1/",
        "http://ns.adobe.com/pdf/1.3/",
        "http://ns.adobe.com/xap/1.0/",
        "http://ns.adobe.com/xap/1.0/mm/",
        "http://ns.adobe.com/xap/1.0/rights/"
    ],
    "scripts": {
        "iframe": [],
        "urls": []
    },
    "static_properties": {
        "JBIG2Decode": "0",
        "XML_forms": "0",
        "acro_form": "0",
        "auto_action": "0",
        "colors": "0",
        "cross_reference_table": "2",
        "embedded_files": "0",
        "file_size": "75",
        "java_script": "0",
        "js": "0",
        "launch_action": "0",
        "object_end": "56",
        "object_start": "56",
        "object_streams": "0",
        "open_action": "0",
        "page_count": "2",
        "rich_media": "0",
        "start_cross_reference_table": "2",
        "stream_end": "8",
        "stream_start": "8",
        "trailer_dictionary": "2"
    },
    "yara_signatures": [
        "without_attachments",
        "without_images",
        "with_urls",
        "invalid_trailer_structure",
        "multiple_versions",
        "contentis_base64"
    ]
}