{
    "exif_signatures": {},
    "file_size": 33742,
    "pdfid_signatures": {},
    "pypdf_uris": [
        "http://netcdn.co/app/431946152/roblox-cbro-hacks-2021-game-hack",
        "http://netcdn.co/app/431946152/roblox-cbro-hacks-2021-game-hack",
        "https://www.ferraroni.net/public/risorse/ck/files/coins-master_GM406889139.pdf",
        "https://www.ferraroni.net/public/risorse/ck/files/coin-master-daily-free-spins-hack_GM406889139.pdf",
        "https://www.ferraroni.net/public/risorse/ck/files/coin-spin-link_GM406889139.pdf",
        "https://www.ferraroni.net/public/risorse/ck/files/plug-toolbox-for-minecraft-free-ios_GM479516143.pdf",
        "https://www.ferraroni.net/public/risorse/ck/files/roblox-comcom_GM431946152.pdf",
        "https://www.ferraroni.net/public/risorse/ck/files/how-to-hack-roblox-to-get-robux-on-ipad_GM431946152.pdf",
        "https://www.ferraroni.net/public/risorse/ck/files/roblox-nopde-engine-hacks_GM431946152.pdf",
        "https://www.ferraroni.net/public/risorse/ck/files/coin-master-free-spins-that-really_GM406889139.pdf",
        "https://www.ferraroni.net/public/risorse/ck/files/how-to-hack-coin-master-pc_GM406889139.pdf",
        "https://www.ferraroni.net/public/risorse/ck/files/how-to-hack-and-get-free-robux_GM431946152.pdf",
        "https://www.ferraroni.net/public/risorse/ck/files/coin-master-free-spins-hack-apk-download_GM406889139.pdf",
        "https://www.ferraroni.net/public/risorse/ck/files/how-to-log-out-of-coin-master_GM406889139.pdf",
        "https://www.ferraroni.net/public/risorse/ck/files/can-you-get-free-tiktok-followers_GM835599320.pdf",
        "https://www.ferraroni.net/public/risorse/ck/files/best-free-robux-sites_GM431946152.pdf",
        "https://www.ferraroni.net/public/risorse/ck/files/free-stuff-in-roblox-2021_GM431946152.pdf",
        "https://www.ferraroni.net/public/risorse/ck/files/coin-master-game-hack-version-download_GM406889139.pdf",
        "https://www.ferraroni.net/public/risorse/ck/files/how-to-hack-roblox-passwords-2021_GM431946152.pdf",
        "https://www.ferraroni.net/public/risorse/ck/files/coin-master-free-coins-cheat_GM406889139.pdf",
        "https://www.ferraroni.net/public/risorse/ck/files/free-roblox-money-com_GM431946152.pdf",
        "https://www.ferraroni.net/public/risorse/ck/files/robuxy-com-generator_GM431946152.pdf"
    ],
    "regex_uris": [
        "http://netcdn.co/app/431946152/roblox-cbro-hacks-2021-game-hack",
        "http://netcdn.co/app/431946152/roblox-cbro-hacks-2021-game-hack",
        "https://www.ferraroni.net/public/risorse/ck/files/coins-master_GM406889139.pdf",
        "https://www.ferraroni.net/public/risorse/ck/files/coin-master-daily-free-spins-hack_GM406889139.pdf",
        "https://www.ferraroni.net/public/risorse/ck/files/coin-spin-link_GM406889139.pdf",
        "https://www.ferraroni.net/public/risorse/ck/files/plug-toolbox-for-minecraft-free-ios_GM479516143.pdf",
        "https://www.ferraroni.net/public/risorse/ck/files/roblox-comcom_GM431946152.pdf",
        "https://www.ferraroni.net/public/risorse/ck/files/how-to-hack-roblox-to-get-robux-on-ipad_GM431946152.pdf",
        "https://www.ferraroni.net/public/risorse/ck/files/roblox-nopde-engine-hacks_GM431946152.pdf",
        "https://www.ferraroni.net/public/risorse/ck/files/coin-master-free-spins-that-really_GM406889139.pdf",
        "https://www.ferraroni.net/public/risorse/ck/files/how-to-hack-coin-master-pc_GM406889139.pdf",
        "https://www.ferraroni.net/public/risorse/ck/files/how-to-hack-and-get-free-robux_GM431946152.pdf",
        "https://www.ferraroni.net/public/risorse/ck/files/coin-master-free-spins-hack-apk-download_GM406889139.pdf",
        "https://www.ferraroni.net/public/risorse/ck/files/how-to-log-out-of-coin-master_GM406889139.pdf",
        "https://www.ferraroni.net/public/risorse/ck/files/can-you-get-free-tiktok-followers_GM835599320.pdf",
        "https://www.ferraroni.net/public/risorse/ck/files/best-free-robux-sites_GM431946152.pdf",
        "https://www.ferraroni.net/public/risorse/ck/files/free-stuff-in-roblox-2021_GM431946152.pdf",
        "https://www.ferraroni.net/public/risorse/ck/files/coin-master-game-hack-version-download_GM406889139.pdf",
        "https://www.ferraroni.net/public/risorse/ck/files/how-to-hack-roblox-passwords-2021_GM431946152.pdf",
        "https://www.ferraroni.net/public/risorse/ck/files/coin-master-free-coins-cheat_GM406889139.pdf",
        "https://www.ferraroni.net/public/risorse/ck/files/free-roblox-money-com_GM431946152.pdf",
        "https://www.ferraroni.net/public/risorse/ck/files/robuxy-com-generator_GM431946152.pdf"
    ],
    "regex_urls": [
        "http://netcdn.co/app/431946152/roblox-cbro-hacks-2021-game-hack",
        "http://netcdn.co/app/431946152/roblox-cbro-hacks-2021-game-hack",
        "https",
        "www.ferraroni.net/public/risorse/ck/files/coins-master_GM406889139.pdf",
        "https",
        "www.ferraroni.net/public/risorse/ck/files/coin-master-daily-free-spins-hack_GM406889139.pdf",
        "https",
        "www.ferraroni.net/public/risorse/ck/files/coin-spin-link_GM406889139.pdf",
        "https",
        "www.ferraroni.net/public/risorse/ck/files/plug-toolbox-for-minecraft-free-ios_GM479516143.pdf",
        "https",
        "www.ferraroni.net/public/risorse/ck/files/roblox-comcom_GM431946152.pdf",
        "https",
        "www.ferraroni.net/public/risorse/ck/files/how-to-hack-roblox-to-get-robux-on-ipad_GM431946152.pdf",
        "https",
        "www.ferraroni.net/public/risorse/ck/files/roblox-nopde-engine-hacks_GM431946152.pdf",
        "https",
        "www.ferraroni.net/public/risorse/ck/files/coin-master-free-spins-that-really_GM406889139.pdf",
        "https",
        "www.ferraroni.net/public/risorse/ck/files/how-to-hack-coin-master-pc_GM406889139.pdf",
        "https",
        "www.ferraroni.net/public/risorse/ck/files/how-to-hack-and-get-free-robux_GM431946152.pdf",
        "https",
        "www.ferraroni.net/public/risorse/ck/files/coin-master-free-spins-hack-apk-download_GM406889139.pdf",
        "https",
        "www.ferraroni.net/public/risorse/ck/files/how-to-log-out-of-coin-master_GM406889139.pdf",
        "https",
        "www.ferraroni.net/public/risorse/ck/files/can-you-get-free-tiktok-followers_GM835599320.pdf",
        "https",
        "www.ferraroni.net/public/risorse/ck/files/best-free-robux-sites_GM431946152.pdf",
        "https",
        "www.ferraroni.net/public/risorse/ck/files/free-stuff-in-roblox-2021_GM431946152.pdf",
        "https",
        "www.ferraroni.net/public/risorse/ck/files/coin-master-game-hack-version-download_GM406889139.pdf",
        "https",
        "www.ferraroni.net/public/risorse/ck/files/how-to-hack-roblox-passwords-2021_GM431946152.pdf",
        "https",
        "www.ferraroni.net/public/risorse/ck/files/coin-master-free-coins-cheat_GM406889139.pdf",
        "https",
        "www.ferraroni.net/public/risorse/ck/files/free-roblox-money-com_GM431946152.pdf",
        "https",
        "www.ferraroni.net/public/risorse/ck/files/robuxy-com-generator_GM431946152.pdf"
    ],
    "scripts": {
        "iframe": [],
        "urls": []
    },
    "static_properties": {
        "JBIG2Decode": "0",
        "XML_forms": "0",
        "acro_form": "0",
        "auto_action": "0",
        "colors": "0",
        "cross_reference_table": "1",
        "embedded_files": "0",
        "file_size": "34",
        "java_script": "0",
        "js": "0",
        "launch_action": "0",
        "object_end": "55",
        "object_start": "55",
        "object_streams": "0",
        "open_action": "0",
        "page_count": "2",
        "rich_media": "0",
        "start_cross_reference_table": "1",
        "stream_end": "6",
        "stream_start": "6",
        "trailer_dictionary": "1"
    },
    "yara_signatures": [
        "without_attachments",
        "without_images",
        "with_urls",
        "invalid_trailer_structure",
        "contentis_base64"
    ]
}