{
    "exif_signatures": {},
    "file_size": 36630,
    "pdfid_signatures": {},
    "pypdf_uris": [
        "http://netcdn.tw/app/406889139/coin-master-hack-cheat-generator-coins-and-spins-unlimited-game-hack",
        "http://netcdn.tw/app/406889139/coin-master-hack-cheat-generator-coins-and-spins-unlimited-game-hack",
        "https://www.tvoyo.tv/ckfinder/userfiles/files/free-roblox-items-codes_GM431946152.pdf",
        "https://www.tvoyo.tv/ckfinder/userfiles/files/can-u-earn-free-robux-in-roblox_GM431946152.pdf",
        "https://www.tvoyo.tv/ckfinder/userfiles/files/codes-to-get-free-robux-on-roblox_GM431946152.pdf",
        "https://www.tvoyo.tv/ckfinder/userfiles/files/how-to-make-a-group-on-roblox-for-free_GM431946152.pdf",
        "https://www.tvoyo.tv/ckfinder/userfiles/files/boku-no-roblox-hack_GM431946152.pdf",
        "https://www.tvoyo.tv/ckfinder/userfiles/files/how-to-get-free-gamepasses-on-roblox_GM431946152.pdf",
        "https://www.tvoyo.tv/ckfinder/userfiles/files/worst-roblox-avatars_GM431946152.pdf",
        "https://www.tvoyo.tv/ckfinder/userfiles/files/how-to-get-a-free-tail-on-roblox_GM431946152.pdf",
        "https://www.tvoyo.tv/ckfinder/userfiles/files/free-robux-for-kids-no-verification_GM431946152.pdf",
        "https://www.tvoyo.tv/ckfinder/userfiles/files/how-to-get-free-robux-on-ipad-2021_GM431946152.pdf",
        "https://www.tvoyo.tv/ckfinder/userfiles/files/free-coin-master-spins-no-verification_GM406889139.pdf",
        "https://www.tvoyo.tv/ckfinder/userfiles/files/coin-master-daily-free-spins-and-coins-2021_GM406889139.pdf",
        "https://www.tvoyo.tv/ckfinder/userfiles/files/roblox-but_GM431946152.pdf",
        "https://www.tvoyo.tv/ckfinder/userfiles/files/pubg-uc-nasl-alnr_GM1330123889.pdf",
        "https://www.tvoyo.tv/ckfinder/userfiles/files/free-roblox-gea_GM431946152.pdf",
        "https://www.tvoyo.tv/ckfinder/userfiles/files/haktuts-coin-master-today_GM406889139.pdf",
        "https://www.tvoyo.tv/ckfinder/userfiles/files/free-gift-card-codes-no-human-verification-roblox_GM431946152.pdf",
        "https://www.tvoyo.tv/ckfinder/userfiles/files/minecraft-pocket-edition-free-ios_GM479516143.pdf",
        "https://www.tvoyo.tv/ckfinder/userfiles/files/how-to-gift-robux-on-mobile_GM431946152.pdf",
        "https://www.tvoyo.tv/ckfinder/userfiles/files/coin-master-hack-unlimited-spins_GM406889139.pdf"
    ],
    "regex_uris": [
        "http://netcdn.tw/app/406889139/coin-master-hack-cheat-generator-coins-and-spins-unlimited-game-hack",
        "http://netcdn.tw/app/406889139/coin-master-hack-cheat-generator-coins-and-spins-unlimited-game-hack",
        "https://www.tvoyo.tv/ckfinder/userfiles/files/free-roblox-items-codes_GM431946152.pdf",
        "https://www.tvoyo.tv/ckfinder/userfiles/files/can-u-earn-free-robux-in-roblox_GM431946152.pdf",
        "https://www.tvoyo.tv/ckfinder/userfiles/files/codes-to-get-free-robux-on-roblox_GM431946152.pdf",
        "https://www.tvoyo.tv/ckfinder/userfiles/files/how-to-make-a-group-on-roblox-for-free_GM431946152.pdf",
        "https://www.tvoyo.tv/ckfinder/userfiles/files/boku-no-roblox-hack_GM431946152.pdf",
        "https://www.tvoyo.tv/ckfinder/userfiles/files/how-to-get-free-gamepasses-on-roblox_GM431946152.pdf",
        "https://www.tvoyo.tv/ckfinder/userfiles/files/worst-roblox-avatars_GM431946152.pdf",
        "https://www.tvoyo.tv/ckfinder/userfiles/files/how-to-get-a-free-tail-on-roblox_GM431946152.pdf",
        "https://www.tvoyo.tv/ckfinder/userfiles/files/free-robux-for-kids-no-verification_GM431946152.pdf",
        "https://www.tvoyo.tv/ckfinder/userfiles/files/how-to-get-free-robux-on-ipad-2021_GM431946152.pdf",
        "https://www.tvoyo.tv/ckfinder/userfiles/files/free-coin-master-spins-no-verification_GM406889139.pdf",
        "https://www.tvoyo.tv/ckfinder/userfiles/files/coin-master-daily-free-spins-and-coins-2021_GM406889139.pdf",
        "https://www.tvoyo.tv/ckfinder/userfiles/files/roblox-but_GM431946152.pdf",
        "https://www.tvoyo.tv/ckfinder/userfiles/files/pubg-uc-nasl-alnr_GM1330123889.pdf",
        "https://www.tvoyo.tv/ckfinder/userfiles/files/free-roblox-gea_GM431946152.pdf",
        "https://www.tvoyo.tv/ckfinder/userfiles/files/haktuts-coin-master-today_GM406889139.pdf",
        "https://www.tvoyo.tv/ckfinder/userfiles/files/free-gift-card-codes-no-human-verification-roblox_GM431946152.pdf",
        "https://www.tvoyo.tv/ckfinder/userfiles/files/minecraft-pocket-edition-free-ios_GM479516143.pdf",
        "https://www.tvoyo.tv/ckfinder/userfiles/files/how-to-gift-robux-on-mobile_GM431946152.pdf",
        "https://www.tvoyo.tv/ckfinder/userfiles/files/coin-master-hack-unlimited-spins_GM406889139.pdf"
    ],
    "regex_urls": [
        "http://netcdn.tw/app/406889139/coin-master-hack-cheat-generator-coins-and-spins-unlimited-game-hack",
        "http://netcdn.tw/app/406889139/coin-master-hack-cheat-generator-coins-and-spins-unlimited-game-hack",
        "https",
        "www.tvoyo.tv/ckfinder/userfiles/files/free-roblox-items-codes_GM431946152.pdf",
        "https",
        "www.tvoyo.tv/ckfinder/userfiles/files/can-u-earn-free-robux-in-roblox_GM431946152.pdf",
        "https",
        "www.tvoyo.tv/ckfinder/userfiles/files/codes-to-get-free-robux-on-roblox_GM431946152.pdf",
        "https",
        "www.tvoyo.tv/ckfinder/userfiles/files/how-to-make-a-group-on-roblox-for-free_GM431946152.pdf",
        "https",
        "www.tvoyo.tv/ckfinder/userfiles/files/boku-no-roblox-hack_GM431946152.pdf",
        "https",
        "www.tvoyo.tv/ckfinder/userfiles/files/how-to-get-free-gamepasses-on-roblox_GM431946152.pdf",
        "https",
        "www.tvoyo.tv/ckfinder/userfiles/files/worst-roblox-avatars_GM431946152.pdf",
        "https",
        "www.tvoyo.tv/ckfinder/userfiles/files/how-to-get-a-free-tail-on-roblox_GM431946152.pdf",
        "https",
        "www.tvoyo.tv/ckfinder/userfiles/files/free-robux-for-kids-no-verification_GM431946152.pdf",
        "https",
        "www.tvoyo.tv/ckfinder/userfiles/files/how-to-get-free-robux-on-ipad-2021_GM431946152.pdf",
        "https",
        "www.tvoyo.tv/ckfinder/userfiles/files/free-coin-master-spins-no-verification_GM406889139.pdf",
        "https",
        "www.tvoyo.tv/ckfinder/userfiles/files/coin-master-daily-free-spins-and-coins-2021_GM406889139.pdf",
        "https",
        "www.tvoyo.tv/ckfinder/userfiles/files/roblox-but_GM431946152.pdf",
        "https",
        "www.tvoyo.tv/ckfinder/userfiles/files/pubg-uc-nasl-alnr_GM1330123889.pdf",
        "https",
        "www.tvoyo.tv/ckfinder/userfiles/files/free-roblox-gea_GM431946152.pdf",
        "https",
        "www.tvoyo.tv/ckfinder/userfiles/files/haktuts-coin-master-today_GM406889139.pdf",
        "https",
        "www.tvoyo.tv/ckfinder/userfiles/files/free-gift-card-codes-no-human-verification-roblox_GM431946152.pdf",
        "https",
        "www.tvoyo.tv/ckfinder/userfiles/files/minecraft-pocket-edition-free-ios_GM479516143.pdf",
        "https",
        "www.tvoyo.tv/ckfinder/userfiles/files/how-to-gift-robux-on-mobile_GM431946152.pdf",
        "https",
        "www.tvoyo.tv/ckfinder/userfiles/files/coin-master-hack-unlimited-spins_GM406889139.pdf"
    ],
    "scripts": {
        "iframe": [],
        "urls": []
    },
    "static_properties": {
        "JBIG2Decode": "0",
        "XML_forms": "0",
        "acro_form": "0",
        "auto_action": "0",
        "colors": "0",
        "cross_reference_table": "1",
        "embedded_files": "0",
        "file_size": "37",
        "java_script": "0",
        "js": "0",
        "launch_action": "0",
        "object_end": "55",
        "object_start": "55",
        "object_streams": "0",
        "open_action": "0",
        "page_count": "2",
        "rich_media": "0",
        "start_cross_reference_table": "1",
        "stream_end": "6",
        "stream_start": "6",
        "trailer_dictionary": "1"
    },
    "yara_signatures": [
        "without_attachments",
        "without_images",
        "with_urls",
        "invalid_trailer_structure",
        "contentis_base64"
    ]
}