{
    "exif_signatures": {},
    "file_size": 117630,
    "pdfid_signatures": {},
    "pypdf_uris": [
        "http://getpdf.pw/book?res=123&isbn=9780312616953&kwd=A%20Stranger%20in%20Mayfair%20:%20A%20Mystery",
        "http://getpdf.pw/book?res=123&isbn=9780312616953&kwd=A%20Stranger%20in%20Mayfair%20:%20A%20Mystery",
        "https://static.s123-cdn-static-a.com/uploads/4662724/normal_61b245976f75a.pdf",
        "https://static.s123-cdn-static-b.com/uploads/4660843/normal_61b12f4b9136f.pdf"
    ],
    "regex_uris": [
        "http://getpdf.pw/book?res=123&isbn=9780312616953&kwd=A%20Stranger%20in%20Mayfair%20:%20A%20Mystery",
        "http://getpdf.pw/book?res=123&isbn=9780312616953&kwd=A%20Stranger%20in%20Mayfair%20:%20A%20Mystery",
        "https://static.s123-cdn-static-a.com/uploads/4662724/normal_61b245976f75a.pdf",
        "https://static.s123-cdn-static-b.com/uploads/4660843/normal_61b12f4b9136f.pdf"
    ],
    "regex_urls": [
        "http://getpdf.pw/book?res=123",
        "http://getpdf.pw/book?res=123",
        "https",
        "https"
    ],
    "scripts": {
        "iframe": [],
        "urls": []
    },
    "static_properties": {
        "JBIG2Decode": "0",
        "XML_forms": "0",
        "acro_form": "0",
        "auto_action": "0",
        "colors": "0",
        "cross_reference_table": "1",
        "embedded_files": "0",
        "file_size": "118",
        "java_script": "0",
        "js": "0",
        "launch_action": "0",
        "object_end": "79",
        "object_start": "79",
        "object_streams": "0",
        "open_action": "0",
        "page_count": "8",
        "rich_media": "0",
        "start_cross_reference_table": "1",
        "stream_end": "15",
        "stream_start": "15",
        "trailer_dictionary": "1"
    },
    "yara_signatures": [
        "without_attachments",
        "without_images",
        "with_urls",
        "invalid_trailer_structure",
        "contentis_base64"
    ]
}