{
    "exif_signatures": {},
    "file_size": 74287,
    "pdfid_signatures": {},
    "pypdf_uris": [
        "https://jottigo.ru/wix?keyword=what+is+gafe",
        "https://gadolelexuzited.weebly.com/uploads/1/3/4/4/134486477/9910904.pdf",
        "http://mizebojusur.mypressonline.com/nibipozutevawoborobegamos.pdf",
        "https://suzagadagaxu.weebly.com/uploads/1/3/0/7/130775939/fa3fb29cc479.pdf",
        "https://kusawagefeduzuj.weebly.com/uploads/1/3/0/8/130874333/9f4a18ffc70152.pdf",
        "http://ashotik.space/74565083895cny0a.pdf",
        "http://libralab.digital/482130111406p108.pdf",
        "http://doordash.fun/67786020889uakky.pdf",
        "http://neridofufuleteg.scienceontheweb.net/dr_br_ambedkar_books_free_download.pdf",
        "https://c01188fd-d8af-4b86-846b-090f7ecd58d8.filesusr.com/ugd/9058e5_8d6d4d05372a4dd8978afe732e07ad0a.pdf?index=true",
        "https://pogunokele.weebly.com/uploads/1/3/0/7/130739789/wulovip.pdf",
        "http://mandarins.space/rogevisevabipujogfn6a.pdf",
        "http://ihsteam.ru/rozuvmejad.pdf",
        "http://smeshnoykir.space/424696787391mwbs.pdf",
        "https://jadomuvifaxa.weebly.com/uploads/1/3/5/9/135960305/b9edee9cd9ef851.pdf",
        "https://d38713d8-f9e0-49bf-8e72-3f46774ce551.filesusr.com/ugd/b3faf5_b67009bb53114c95966adf9fc09e477e.pdf?index=true",
        "https://jofovavugelizud.weebly.com/uploads/1/3/4/8/134855980/9493294.pdf",
        "https://0c2a7d7b-be9d-4ef2-a94c-09ca905cc17d.filesusr.com/ugd/7d21c0_a8b00bdcc43e48eda3e8da4a168b909d.pdf?index=true",
        "http://idealica-official-it.website/60864173128n2ddc.pdf",
        "https://feposogasutam.weebly.com/uploads/1/3/1/3/131384530/witavuf.pdf",
        "https://simokatojerosu.weebly.com/uploads/1/3/0/8/130874490/nelegororubaked_nutew_zerusinibewup_jibiwikutobu.pdf",
        "http://bumasujofoj.getenjoyment.net/focusrite_scarlett_solo_ableton_live_lite.pdf",
        "http://euromarket.pro/cset_multiple_subject_study_guidepuj7f.pdf",
        "http://vokesakogo.onlinewebshop.net/jonuxunoradog.pdf",
        "http://lnstagramsupportingcenter.com/chaar_sahibzaade_1_filmja65z.pdf"
    ],
    "regex_uris": [
        "https://jottigo.ru/wix?keyword=what+is+gafe",
        "https://gadolelexuzited.weebly.com/uploads/1/3/4/4/134486477/9910904.pdf",
        "http://mizebojusur.mypressonline.com/nibipozutevawoborobegamos.pdf",
        "https://suzagadagaxu.weebly.com/uploads/1/3/0/7/130775939/fa3fb29cc479.pdf",
        "https://kusawagefeduzuj.weebly.com/uploads/1/3/0/8/130874333/9f4a18ffc70152.pdf",
        "http://ashotik.space/74565083895cny0a.pdf",
        "http://libralab.digital/482130111406p108.pdf",
        "http://doordash.fun/67786020889uakky.pdf",
        "http://neridofufuleteg.scienceontheweb.net/dr_br_ambedkar_books_free_download.pdf",
        "https://c01188fd-d8af-4b86-846b-090f7ecd58d8.filesusr.com/ugd/9058e5_8d6d4d05372a4dd8978afe732e07ad0a.pdf?index=true",
        "https://pogunokele.weebly.com/uploads/1/3/0/7/130739789/wulovip.pdf",
        "http://mandarins.space/rogevisevabipujogfn6a.pdf",
        "http://ihsteam.ru/rozuvmejad.pdf",
        "http://smeshnoykir.space/424696787391mwbs.pdf",
        "https://jadomuvifaxa.weebly.com/uploads/1/3/5/9/135960305/b9edee9cd9ef851.pdf",
        "https://d38713d8-f9e0-49bf-8e72-3f46774ce551.filesusr.com/ugd/b3faf5_b67009bb53114c95966adf9fc09e477e.pdf?index=true",
        "https://jofovavugelizud.weebly.com/uploads/1/3/4/8/134855980/9493294.pdf",
        "https://0c2a7d7b-be9d-4ef2-a94c-09ca905cc17d.filesusr.com/ugd/7d21c0_a8b00bdcc43e48eda3e8da4a168b909d.pdf?index=true",
        "http://idealica-official-it.website/60864173128n2ddc.pdf",
        "https://feposogasutam.weebly.com/uploads/1/3/1/3/131384530/witavuf.pdf",
        "https://simokatojerosu.weebly.com/uploads/1/3/0/8/130874490/nelegororubaked_nutew_zerusinibewup_jibiwikutobu.pdf",
        "http://bumasujofoj.getenjoyment.net/focusrite_scarlett_solo_ableton_live_lite.pdf",
        "http://euromarket.pro/cset_multiple_subject_study_guidepuj7f.pdf",
        "http://vokesakogo.onlinewebshop.net/jonuxunoradog.pdf",
        "http://lnstagramsupportingcenter.com/chaar_sahibzaade_1_filmja65z.pdf"
    ],
    "regex_urls": [
        "https",
        "https",
        "http://mizebojusur.mypressonline.com/nibipozutevawoborobegamos.pdf",
        "https",
        "https",
        "http://ashotik.space/74565083895cny0a.pdf",
        "http://libralab.digital/482130111406p108.pdf",
        "http://doordash.fun/67786020889uakky.pdf",
        "http://neridofufuleteg.scienceontheweb.net/dr_br_ambedkar_books_free_download.pdf",
        "https",
        "https",
        "http://mandarins.space/rogevisevabipujogfn6a.pdf",
        "http://ihsteam.ru/rozuvmejad.pdf",
        "http://smeshnoykir.space/424696787391mwbs.pdf",
        "https",
        "https",
        "https",
        "https",
        "http://idealica-official-it.website/60864173128n2ddc.pdf",
        "https",
        "https",
        "http://bumasujofoj.getenjoyment.net/focusrite_scarlett_solo_ableton_live_lite.pdf",
        "http://euromarket.pro/cset_multiple_subject_study_guidepuj7f.pdf",
        "http://vokesakogo.onlinewebshop.net/jonuxunoradog.pdf",
        "http://lnstagramsupportingcenter.com/chaar_sahibzaade_1_filmja65z.pdf",
        "http://www.w3.org/1999/02/22-rdf-syntax-ns#",
        "http://purl.org/dc/elements/1.1/",
        "http://ns.adobe.com/pdf/1.3/",
        "http://ns.adobe.com/xap/1.0/",
        "http://ns.adobe.com/xap/1.0/mm/",
        "http://ns.adobe.com/xap/1.0/rights/"
    ],
    "scripts": {
        "iframe": [],
        "urls": []
    },
    "static_properties": {
        "JBIG2Decode": "0",
        "XML_forms": "0",
        "acro_form": "0",
        "auto_action": "0",
        "colors": "0",
        "cross_reference_table": "2",
        "embedded_files": "0",
        "file_size": "74",
        "java_script": "0",
        "js": "0",
        "launch_action": "0",
        "object_end": "61",
        "object_start": "61",
        "object_streams": "0",
        "open_action": "0",
        "page_count": "2",
        "rich_media": "0",
        "start_cross_reference_table": "2",
        "stream_end": "8",
        "stream_start": "8",
        "trailer_dictionary": "2"
    },
    "yara_signatures": [
        "without_attachments",
        "without_images",
        "with_urls",
        "invalid_trailer_structure",
        "multiple_versions",
        "contentis_base64",
        "Big_Numbers1"
    ]
}