{
    "exif_signatures": {},
    "file_size": 191428,
    "pdfid_signatures": {},
    "pypdf_uris": [
        "https://lazav.co.za/XSRYdR1H?utm_term=ampalaya+planting+guide+pdf",
        "http://www.dnevi-sekretarjev.eu/wp-content/plugins/formcraft/file-upload/server/content/files/161fb61b7c893b---86174723175.pdf",
        "http://jocoseatee.com/userfiles/files/52123724401.pdf",
        "https://maisonfamillesrimouski.com/scripts/php/xenocode/lib/ckfinder/userfiles/files/vabeg.pdf",
        "http://www.sparkprototypes.com/wp-content/plugins/formcraft/file-upload/server/content/files/160dda33d00b2f---99607807213.pdf",
        "https://www.bluegreenshouseboats.in/wp-content/plugins/formcraft/file-upload/server/content/files/161759f85294b8---jezoruduxotu.pdf",
        "http://vektorma.ru/uploads/assets/file/dakuxadukas.pdf",
        "https://reitinguok.lt/userfiles/file/93179616129.pdf",
        "http://offerparts.com/upload/files/56576474443.pdf",
        "http://kfnmdg.com/upfolder/e/files/20210724115921.pdf",
        "https://tumsad.org/img/editor/image/file/16152766337.pdf",
        "https://duext.com/wp-content/plugins/super-forms/uploads/php/files/9122798d19ac07f36a8f3e206b967cfe/30937456497.pdf",
        "https://anandamsanyal.com/userfiles/file/sipimifujaxibudik.pdf",
        "http://mfo-fond.ru/ckeditor/ckfinder/userfiles/Images/files/pomejitanuwiriro.pdf",
        "http://mashhadgardi724.ir/basefile/mashhadgardi724/files/tinexibunatavu.pdf",
        "http://rund.cz/UserFiles/File/16461541817.pdf",
        "https://wentworthre.com/wp-content/plugins/super-forms/uploads/php/files/4967f405e53086c26856299d442ffbc2/1621930508.pdf",
        "http://minhanh.com/files/27081665285.pdf",
        "http://vetportonaccio.it/userfiles/files/18159111492.pdf",
        "http://dzstock.com/Upfiles/file/lepujagerix.pdf",
        "http://jadeite.ru/images/file/mavaguvarakikivajuka.pdf",
        "http://triatlonbizuterie.cz/sites/default/files/file/geluleliwufemirowopowotow.pdf"
    ],
    "regex_uris": [
        "https://lazav.co.za/XSRYdR1H?utm_term=ampalaya+planting+guide+pdf",
        "http://www.dnevi-sekretarjev.eu/wp-content/plugins/formcraft/file-upload/server/content/files/161fb61b7c893b---86174723175.pdf",
        "http://jocoseatee.com/userfiles/files/52123724401.pdf",
        "https://maisonfamillesrimouski.com/scripts/php/xenocode/lib/ckfinder/userfiles/files/vabeg.pdf",
        "http://www.sparkprototypes.com/wp-content/plugins/formcraft/file-upload/server/content/files/160dda33d00b2f---99607807213.pdf",
        "https://www.bluegreenshouseboats.in/wp-content/plugins/formcraft/file-upload/server/content/files/161759f85294b8---jezoruduxotu.pdf",
        "http://vektorma.ru/uploads/assets/file/dakuxadukas.pdf",
        "https://reitinguok.lt/userfiles/file/93179616129.pdf",
        "http://offerparts.com/upload/files/56576474443.pdf",
        "http://kfnmdg.com/upfolder/e/files/20210724115921.pdf",
        "https://tumsad.org/img/editor/image/file/16152766337.pdf",
        "https://duext.com/wp-content/plugins/super-forms/uploads/php/files/9122798d19ac07f36a8f3e206b967cfe/30937456497.pdf",
        "https://anandamsanyal.com/userfiles/file/sipimifujaxibudik.pdf",
        "http://mfo-fond.ru/ckeditor/ckfinder/userfiles/Images/files/pomejitanuwiriro.pdf",
        "http://mashhadgardi724.ir/basefile/mashhadgardi724/files/tinexibunatavu.pdf",
        "http://rund.cz/UserFiles/File/16461541817.pdf",
        "https://wentworthre.com/wp-content/plugins/super-forms/uploads/php/files/4967f405e53086c26856299d442ffbc2/1621930508.pdf",
        "http://minhanh.com/files/27081665285.pdf",
        "http://vetportonaccio.it/userfiles/files/18159111492.pdf",
        "http://dzstock.com/Upfiles/file/lepujagerix.pdf",
        "http://jadeite.ru/images/file/mavaguvarakikivajuka.pdf",
        "http://triatlonbizuterie.cz/sites/default/files/file/geluleliwufemirowopowotow.pdf"
    ],
    "regex_urls": [
        "https",
        "http://www.dnevi-sekretarjev.eu/wp-content/plugins/formcraft/file-upload/server/content/files/161fb61b7c893b---86174723175.pdf",
        "http://jocoseatee.com/userfiles/files/52123724401.pdf",
        "https",
        "http://www.sparkprototypes.com/wp-content/plugins/formcraft/file-upload/server/content/files/160dda33d00b2f---99607807213.pdf",
        "https",
        "www.bluegreenshouseboats.in/wp-content/plugins/formcraft/file-upload/server/content/files/161759f85294b8---jezoruduxotu.pdf",
        "http://vektorma.ru/uploads/assets/file/dakuxadukas.pdf",
        "https",
        "http://offerparts.com/upload/files/56576474443.pdf",
        "http://kfnmdg.com/upfolder/e/files/20210724115921.pdf",
        "https",
        "https",
        "https",
        "http://mfo-fond.ru/ckeditor/ckfinder/userfiles/Images/files/pomejitanuwiriro.pdf",
        "http://mashhadgardi724.ir/basefile/mashhadgardi724/files/tinexibunatavu.pdf",
        "http://rund.cz/UserFiles/File/16461541817.pdf",
        "https",
        "http://minhanh.com/files/27081665285.pdf",
        "http://vetportonaccio.it/userfiles/files/18159111492.pdf",
        "http://dzstock.com/Upfiles/file/lepujagerix.pdf",
        "http://jadeite.ru/images/file/mavaguvarakikivajuka.pdf",
        "http://triatlonbizuterie.cz/sites/default/files/file/geluleliwufemirowopowotow.pdf",
        "http://www.w3.org/1999/02/22-rdf-syntax-ns#",
        "http://purl.org/dc/elements/1.1/",
        "http://ns.adobe.com/pdf/1.3/",
        "http://ns.adobe.com/xap/1.0/",
        "http://ns.adobe.com/xap/1.0/mm/",
        "http://ns.adobe.com/xap/1.0/rights/"
    ],
    "scripts": {
        "iframe": [],
        "urls": []
    },
    "static_properties": {
        "JBIG2Decode": "0",
        "XML_forms": "0",
        "acro_form": "0",
        "auto_action": "0",
        "colors": "0",
        "cross_reference_table": "2",
        "embedded_files": "0",
        "file_size": "191",
        "java_script": "0",
        "js": "0",
        "launch_action": "0",
        "object_end": "83",
        "object_start": "83",
        "object_streams": "0",
        "open_action": "0",
        "page_count": "4",
        "rich_media": "0",
        "start_cross_reference_table": "2",
        "stream_end": "20",
        "stream_start": "20",
        "trailer_dictionary": "2"
    },
    "yara_signatures": [
        "without_attachments",
        "without_images",
        "with_urls",
        "invalid_trailer_structure",
        "multiple_versions",
        "contentis_base64",
        "Big_Numbers1"
    ]
}