{
    "exif_signatures": {},
    "file_size": 36126,
    "pdfid_signatures": {},
    "pypdf_uris": [
        "http://netcdn.tw/app/406889139/coin-master-free-spins-links-app-game-hack",
        "http://netcdn.tw/app/406889139/coin-master-free-spins-links-app-game-hack",
        "https://elearning.mtsn3kebumen.sch.id/__statics/gudangsoal/files/coin-master-hacks-free-spins_GM406889139.pdf",
        "https://elearning.mtsn3kebumen.sch.id/__statics/gudangsoal/files/free-robux-2021-code_GM431946152.pdf",
        "https://elearning.mtsn3kebumen.sch.id/__statics/gudangsoal/files/free-spin-coin-master-link-2021_GM406889139.pdf",
        "https://elearning.mtsn3kebumen.sch.id/__statics/gudangsoal/files/games-that-give-free-robux_GM431946152.pdf",
        "https://elearning.mtsn3kebumen.sch.id/__statics/gudangsoal/files/free-robux-toffu_GM431946152.pdf",
        "https://elearning.mtsn3kebumen.sch.id/__statics/gudangsoal/files/fashion-frenzy-game-roblox-free_GM431946152.pdf",
        "https://elearning.mtsn3kebumen.sch.id/__statics/gudangsoal/files/how-to-get-free-coins-on-coin-master-2021_GM406889139.pdf",
        "https://elearning.mtsn3kebumen.sch.id/__statics/gudangsoal/files/how-to-hack-coin-master-ios-no-jailbreak_GM406889139.pdf",
        "https://elearning.mtsn3kebumen.sch.id/__statics/gudangsoal/files/get-free-spins-in-coin-master_GM406889139.pdf",
        "https://elearning.mtsn3kebumen.sch.id/__statics/gudangsoal/files/how-to-get-robux-on-phone_GM431946152.pdf",
        "https://elearning.mtsn3kebumen.sch.id/__statics/gudangsoal/files/coin-master-free-spins-april-2021_GM406889139.pdf",
        "https://elearning.mtsn3kebumen.sch.id/__statics/gudangsoal/files/get-minecraft-for-free_GM479516143.pdf",
        "https://elearning.mtsn3kebumen.sch.id/__statics/gudangsoal/files/can-you-get-robux-for-free_GM431946152.pdf",
        "https://elearning.mtsn3kebumen.sch.id/__statics/gudangsoal/files/withdraw-robux_GM431946152.pdf",
        "https://elearning.mtsn3kebumen.sch.id/__statics/gudangsoal/files/earn-points-for-robux_GM431946152.pdf",
        "https://elearning.mtsn3kebumen.sch.id/__statics/gudangsoal/files/free-cute-roblox-tops_GM431946152.pdf",
        "https://elearning.mtsn3kebumen.sch.id/__statics/gudangsoal/files/robux-hack-only-today_GM431946152.pdf",
        "https://elearning.mtsn3kebumen.sch.id/__statics/gudangsoal/files/coin-master-spin-hack-no-verification_GM406889139.pdf",
        "https://elearning.mtsn3kebumen.sch.id/__statics/gudangsoal/files/free-robux-no-offers_GM431946152.pdf",
        "https://elearning.mtsn3kebumen.sch.id/__statics/gudangsoal/files/free-gfx-roblox_GM431946152.pdf"
    ],
    "regex_uris": [
        "http://netcdn.tw/app/406889139/coin-master-free-spins-links-app-game-hack",
        "http://netcdn.tw/app/406889139/coin-master-free-spins-links-app-game-hack",
        "https://elearning.mtsn3kebumen.sch.id/__statics/gudangsoal/files/coin-master-hacks-free-spins_GM406889139.pdf",
        "https://elearning.mtsn3kebumen.sch.id/__statics/gudangsoal/files/free-robux-2021-code_GM431946152.pdf",
        "https://elearning.mtsn3kebumen.sch.id/__statics/gudangsoal/files/free-spin-coin-master-link-2021_GM406889139.pdf",
        "https://elearning.mtsn3kebumen.sch.id/__statics/gudangsoal/files/games-that-give-free-robux_GM431946152.pdf",
        "https://elearning.mtsn3kebumen.sch.id/__statics/gudangsoal/files/free-robux-toffu_GM431946152.pdf",
        "https://elearning.mtsn3kebumen.sch.id/__statics/gudangsoal/files/fashion-frenzy-game-roblox-free_GM431946152.pdf",
        "https://elearning.mtsn3kebumen.sch.id/__statics/gudangsoal/files/how-to-get-free-coins-on-coin-master-2021_GM406889139.pdf",
        "https://elearning.mtsn3kebumen.sch.id/__statics/gudangsoal/files/how-to-hack-coin-master-ios-no-jailbreak_GM406889139.pdf",
        "https://elearning.mtsn3kebumen.sch.id/__statics/gudangsoal/files/get-free-spins-in-coin-master_GM406889139.pdf",
        "https://elearning.mtsn3kebumen.sch.id/__statics/gudangsoal/files/how-to-get-robux-on-phone_GM431946152.pdf",
        "https://elearning.mtsn3kebumen.sch.id/__statics/gudangsoal/files/coin-master-free-spins-april-2021_GM406889139.pdf",
        "https://elearning.mtsn3kebumen.sch.id/__statics/gudangsoal/files/get-minecraft-for-free_GM479516143.pdf",
        "https://elearning.mtsn3kebumen.sch.id/__statics/gudangsoal/files/can-you-get-robux-for-free_GM431946152.pdf",
        "https://elearning.mtsn3kebumen.sch.id/__statics/gudangsoal/files/withdraw-robux_GM431946152.pdf",
        "https://elearning.mtsn3kebumen.sch.id/__statics/gudangsoal/files/earn-points-for-robux_GM431946152.pdf",
        "https://elearning.mtsn3kebumen.sch.id/__statics/gudangsoal/files/free-cute-roblox-tops_GM431946152.pdf",
        "https://elearning.mtsn3kebumen.sch.id/__statics/gudangsoal/files/robux-hack-only-today_GM431946152.pdf",
        "https://elearning.mtsn3kebumen.sch.id/__statics/gudangsoal/files/coin-master-spin-hack-no-verification_GM406889139.pdf",
        "https://elearning.mtsn3kebumen.sch.id/__statics/gudangsoal/files/free-robux-no-offers_GM431946152.pdf",
        "https://elearning.mtsn3kebumen.sch.id/__statics/gudangsoal/files/free-gfx-roblox_GM431946152.pdf"
    ],
    "regex_urls": [
        "http://netcdn.tw/app/406889139/coin-master-free-spins-links-app-game-hack",
        "http://netcdn.tw/app/406889139/coin-master-free-spins-links-app-game-hack",
        "https",
        "https",
        "https",
        "https",
        "https",
        "https",
        "https",
        "https",
        "https",
        "https",
        "https",
        "https",
        "https",
        "https",
        "https",
        "https",
        "https",
        "https",
        "https",
        "https"
    ],
    "scripts": {
        "iframe": [],
        "urls": []
    },
    "static_properties": {
        "JBIG2Decode": "0",
        "XML_forms": "0",
        "acro_form": "0",
        "auto_action": "0",
        "colors": "0",
        "cross_reference_table": "1",
        "embedded_files": "0",
        "file_size": "36",
        "java_script": "0",
        "js": "0",
        "launch_action": "0",
        "object_end": "55",
        "object_start": "55",
        "object_streams": "0",
        "open_action": "0",
        "page_count": "2",
        "rich_media": "0",
        "start_cross_reference_table": "1",
        "stream_end": "6",
        "stream_start": "6",
        "trailer_dictionary": "1"
    },
    "yara_signatures": [
        "without_attachments",
        "without_images",
        "with_urls",
        "invalid_trailer_structure",
        "contentis_base64"
    ]
}