{
    "exif_signatures": {},
    "file_size": 479260,
    "pdfid_signatures": {},
    "pypdf_uris": [
        "https://lovig.co.za/XSRYdR1H?utm_term=awr+report+analysis+sample+pdf+free+online",
        "http://ets-sptk.ru/pic/file/1699419653.pdf",
        "http://www.awakohchang.com/image/upload/File/ebere.pdf",
        "http://studiotecnicopetrillo.eu/userfiles/files/36763259958.pdf",
        "https://marblobaths.com/app/webroot/img/files/vovanogetatakofekepumib.pdf",
        "http://www.flexformule.nl/kcfinder/upload/files/reloxatutavobovuvumuka.pdf",
        "https://cpsguffanti.com/uploads/file/jozomasada.pdf",
        "https://nceptionsolutions.com/wp-content/plugins/super-forms/uploads/php/files/63618205bedc3645a48594983cf67d25/53106672367.pdf",
        "http://rostocker-taxi.de/resources/files/47408459345.pdf",
        "http://gemmacapitalgroup.com/foto/file/rokiwadupixifogosabemaju.pdf",
        "http://xn--9d0bk1sn6gncq95flql.com/user_data/kcfinder/files/ranekumologix.pdf",
        "http://outspokenholland.com/userfiles/fckFile/20220416034623.pdf",
        "http://pol2-simf.ru/userfiles/file/66066712702.pdf",
        "http://smartbazar.online/app/webroot/upload/files/84917912271.pdf",
        "http://patrickstaxi.fr/userfiles/file/12517345176.pdf",
        "http://textstricker.de/benutzerdateien/10429137359.pdf",
        "http://dtyxbpzx.com/filespath/files/20220201165605.pdf",
        "http://la-traverse.biz/kcfinder/upload/files/84996226706.pdf",
        "http://showplus.ae/userfiles/files/96672744507.pdf",
        "http://www.1000ena.com/wp-content/plugins/formcraft/file-upload/server/content/files/1620cb97232670---77546340918.pdf",
        "http://paradisetnl.com/FileData/ckfinder/files/20220417_E62BA23A64D57E34.pdf",
        "http://marta-galan.com/files/varios/file/36099672276.pdf",
        "http://twilaw.com/files/files/77846536886.pdf",
        "http://www.its-dph.cz/admin/fckeditor/editor/userfiles/file/natebivak.pdf",
        "http://fohow77.ru/upload/file/konasinutelowefi.pdf",
        "http://flooroverstock.com/admin/userfiles/file/50468162354.pdf",
        "http://inphilong.com/upload/files/55909625382.pdf",
        "http://appartenvue.net/appart/upload/images/juxomokij.pdf",
        "http://kyea.org/imageuploads/40116345493.pdf",
        "http://retete.pentrugatit.ro/userfiles/file/boxokazodawivulit.pdf",
        "https://nomorjp1.com/contents/files/34310543091.pdf",
        "http://extreamtuning.ru/wp-content/plugins/formcraft/file-upload/server/content/files/16238b0b9acaa0---fogevurizosorewiwidu.pdf",
        "http://eschool365.in/js/admin/uploadfiles/file/61001137837.pdf",
        "http://www.inhd.com.br/wp-content/plugins/formcraft/file-upload/server/content/files/16214b2817544a---42280928367.pdf",
        "http://faithhh.net/js/kcfinder/upload/files/tatej.pdf",
        "http://tion.hu/upload/file/47406015896.pdf"
    ],
    "regex_uris": [
        "https://lovig.co.za/XSRYdR1H?utm_term=awr+report+analysis+sample+pdf+free+online",
        "http://ets-sptk.ru/pic/file/1699419653.pdf",
        "http://www.awakohchang.com/image/upload/File/ebere.pdf",
        "http://studiotecnicopetrillo.eu/userfiles/files/36763259958.pdf",
        "https://marblobaths.com/app/webroot/img/files/vovanogetatakofekepumib.pdf",
        "http://www.flexformule.nl/kcfinder/upload/files/reloxatutavobovuvumuka.pdf",
        "https://cpsguffanti.com/uploads/file/jozomasada.pdf",
        "https://nceptionsolutions.com/wp-content/plugins/super-forms/uploads/php/files/63618205bedc3645a48594983cf67d25/53106672367.pdf",
        "http://rostocker-taxi.de/resources/files/47408459345.pdf",
        "http://gemmacapitalgroup.com/foto/file/rokiwadupixifogosabemaju.pdf",
        "http://xn--9d0bk1sn6gncq95flql.com/user_data/kcfinder/files/ranekumologix.pdf",
        "http://outspokenholland.com/userfiles/fckFile/20220416034623.pdf",
        "http://pol2-simf.ru/userfiles/file/66066712702.pdf",
        "http://smartbazar.online/app/webroot/upload/files/84917912271.pdf",
        "http://patrickstaxi.fr/userfiles/file/12517345176.pdf",
        "http://textstricker.de/benutzerdateien/10429137359.pdf",
        "http://dtyxbpzx.com/filespath/files/20220201165605.pdf",
        "http://la-traverse.biz/kcfinder/upload/files/84996226706.pdf",
        "http://showplus.ae/userfiles/files/96672744507.pdf",
        "http://www.1000ena.com/wp-content/plugins/formcraft/file-upload/server/content/files/1620cb97232670---77546340918.pdf",
        "http://paradisetnl.com/FileData/ckfinder/files/20220417_E62BA23A64D57E34.pdf",
        "http://marta-galan.com/files/varios/file/36099672276.pdf",
        "http://twilaw.com/files/files/77846536886.pdf",
        "http://www.its-dph.cz/admin/fckeditor/editor/userfiles/file/natebivak.pdf",
        "http://fohow77.ru/upload/file/konasinutelowefi.pdf",
        "http://flooroverstock.com/admin/userfiles/file/50468162354.pdf",
        "http://inphilong.com/upload/files/55909625382.pdf",
        "http://appartenvue.net/appart/upload/images/juxomokij.pdf",
        "http://kyea.org/imageuploads/40116345493.pdf",
        "http://retete.pentrugatit.ro/userfiles/file/boxokazodawivulit.pdf",
        "https://nomorjp1.com/contents/files/34310543091.pdf",
        "http://extreamtuning.ru/wp-content/plugins/formcraft/file-upload/server/content/files/16238b0b9acaa0---fogevurizosorewiwidu.pdf",
        "http://eschool365.in/js/admin/uploadfiles/file/61001137837.pdf",
        "http://www.inhd.com.br/wp-content/plugins/formcraft/file-upload/server/content/files/16214b2817544a---42280928367.pdf",
        "http://faithhh.net/js/kcfinder/upload/files/tatej.pdf",
        "http://tion.hu/upload/file/47406015896.pdf"
    ],
    "regex_urls": [
        "https",
        "http://ets-sptk.ru/pic/file/1699419653.pdf",
        "http://www.awakohchang.com/image/upload/File/ebere.pdf",
        "http://studiotecnicopetrillo.eu/userfiles/files/36763259958.pdf",
        "https",
        "http://www.flexformule.nl/kcfinder/upload/files/reloxatutavobovuvumuka.pdf",
        "https",
        "https",
        "http://rostocker-taxi.de/resources/files/47408459345.pdf",
        "http://gemmacapitalgroup.com/foto/file/rokiwadupixifogosabemaju.pdf",
        "http://xn--9d0bk1sn6gncq95flql.com/user_data/kcfinder/files/ranekumologix.pdf",
        "http://outspokenholland.com/userfiles/fckFile/20220416034623.pdf",
        "http://pol2-simf.ru/userfiles/file/66066712702.pdf",
        "http://smartbazar.online/app/webroot/upload/files/84917912271.pdf",
        "http://patrickstaxi.fr/userfiles/file/12517345176.pdf",
        "http://textstricker.de/benutzerdateien/10429137359.pdf",
        "http://dtyxbpzx.com/filespath/files/20220201165605.pdf",
        "http://la-traverse.biz/kcfinder/upload/files/84996226706.pdf",
        "http://showplus.ae/userfiles/files/96672744507.pdf",
        "http://www.1000ena.com/wp-content/plugins/formcraft/file-upload/server/content/files/1620cb97232670---77546340918.pdf",
        "http://paradisetnl.com/FileData/ckfinder/files/20220417_E62BA23A64D57E34.pdf",
        "http://marta-galan.com/files/varios/file/36099672276.pdf",
        "http://twilaw.com/files/files/77846536886.pdf",
        "http://www.its-dph.cz/admin/fckeditor/editor/userfiles/file/natebivak.pdf",
        "http://fohow77.ru/upload/file/konasinutelowefi.pdf",
        "http://flooroverstock.com/admin/userfiles/file/50468162354.pdf",
        "http://inphilong.com/upload/files/55909625382.pdf",
        "http://appartenvue.net/appart/upload/images/juxomokij.pdf",
        "http://kyea.org/imageuploads/40116345493.pdf",
        "http://retete.pentrugatit.ro/userfiles/file/boxokazodawivulit.pdf",
        "https",
        "http://extreamtuning.ru/wp-content/plugins/formcraft/file-upload/server/content/files/16238b0b9acaa0---fogevurizosorewiwidu.pdf",
        "http://eschool365.in/js/admin/uploadfiles/file/61001137837.pdf",
        "http://www.inhd.com.br/wp-content/plugins/formcraft/file-upload/server/content/files/16214b2817544a---42280928367.pdf",
        "http://faithhh.net/js/kcfinder/upload/files/tatej.pdf",
        "http://tion.hu/upload/file/47406015896.pdf",
        "http://www.w3.org/1999/02/22-rdf-syntax-ns#",
        "http://purl.org/dc/elements/1.1/",
        "http://ns.adobe.com/pdf/1.3/",
        "http://ns.adobe.com/xap/1.0/",
        "http://ns.adobe.com/xap/1.0/mm/",
        "http://ns.adobe.com/xap/1.0/rights/"
    ],
    "scripts": {
        "iframe": [],
        "urls": []
    },
    "static_properties": {
        "JBIG2Decode": "0",
        "XML_forms": "0",
        "acro_form": "0",
        "auto_action": "0",
        "colors": "0",
        "cross_reference_table": "2",
        "embedded_files": "0",
        "file_size": "479",
        "java_script": "0",
        "js": "0",
        "launch_action": "0",
        "object_end": "107",
        "object_start": "107",
        "object_streams": "0",
        "open_action": "0",
        "page_count": "6",
        "rich_media": "0",
        "start_cross_reference_table": "2",
        "stream_end": "22",
        "stream_start": "22",
        "trailer_dictionary": "2"
    },
    "yara_signatures": [
        "without_attachments",
        "without_images",
        "with_urls",
        "invalid_trailer_structure",
        "multiple_versions",
        "contentis_base64",
        "Big_Numbers1"
    ]
}