{
    "exif_signatures": {},
    "file_size": 45890,
    "pdfid_signatures": {},
    "pypdf_uris": [
        "https://netcdn.tw/app/431946152/get-stuff-for-free-on-roblox-game-hack",
        "https://netcdn.tw/app/431946152/get-stuff-for-free-on-roblox-game-hack",
        "https://repository.poltekkesgorontalo.ac.id/repository/roblox-robux-hack_GM431946152.pdf",
        "https://repository.poltekkesgorontalo.ac.id/repository/coin-master-free-spins-and-coins-haktuts_GM406889139.pdf",
        "https://repository.poltekkesgorontalo.ac.id/repository/roblox-hack-site_GM431946152.pdf",
        "https://repository.poltekkesgorontalo.ac.id/repository/pubg-hack-uc-20219_GM1330123889.pdf",
        "https://repository.poltekkesgorontalo.ac.id/repository/roblox-online-free-no-download_GM431946152.pdf",
        "https://repository.poltekkesgorontalo.ac.id/repository/how-to-get-robux-for-free-2021_GM431946152.pdf",
        "https://repository.poltekkesgorontalo.ac.id/repository/how-do-u-get-free-robux-2021_GM431946152.pdf",
        "https://repository.poltekkesgorontalo.ac.id/repository/free-roblox-gift-card-codes-2021_GM431946152.pdf",
        "https://repository.poltekkesgorontalo.ac.id/repository/how-to-get-free-robux-app_GM431946152.pdf",
        "https://repository.poltekkesgorontalo.ac.id/repository/free-robux-hack-generator_GM431946152.pdf",
        "https://repository.poltekkesgorontalo.ac.id/repository/free-gifts-coin-master_GM406889139.pdf",
        "https://repository.poltekkesgorontalo.ac.id/repository/coin-master-unlimited-coins-hack-apk-download_GM406889139.pdf",
        "https://repository.poltekkesgorontalo.ac.id/repository/minecraft-linux-free_GM479516143.pdf",
        "https://repository.poltekkesgorontalo.ac.id/repository/pokemon-go-free-leafeon_GM1094591345.pdf",
        "https://repository.poltekkesgorontalo.ac.id/repository/free-spins-coin-master-hack-2021_GM406889139.pdf",
        "https://repository.poltekkesgorontalo.ac.id/repository/minecraft-hack-client-18-9_GM479516143.pdf",
        "https://repository.poltekkesgorontalo.ac.id/repository/coin-master-map_GM406889139.pdf",
        "https://repository.poltekkesgorontalo.ac.id/repository/minecraft-pe-hacks-2021_GM479516143.pdf",
        "https://repository.poltekkesgorontalo.ac.id/repository/youtube-roblox-free-robux-hack_GM431946152.pdf",
        "https://repository.poltekkesgorontalo.ac.id/repository/free-roblox-lua-scripts_GM431946152.pdf"
    ],
    "regex_uris": [
        "https://netcdn.tw/app/431946152/get-stuff-for-free-on-roblox-game-hack",
        "https://netcdn.tw/app/431946152/get-stuff-for-free-on-roblox-game-hack",
        "https://repository.poltekkesgorontalo.ac.id/repository/roblox-robux-hack_GM431946152.pdf",
        "https://repository.poltekkesgorontalo.ac.id/repository/coin-master-free-spins-and-coins-haktuts_GM406889139.pdf",
        "https://repository.poltekkesgorontalo.ac.id/repository/roblox-hack-site_GM431946152.pdf",
        "https://repository.poltekkesgorontalo.ac.id/repository/pubg-hack-uc-20219_GM1330123889.pdf",
        "https://repository.poltekkesgorontalo.ac.id/repository/roblox-online-free-no-download_GM431946152.pdf",
        "https://repository.poltekkesgorontalo.ac.id/repository/how-to-get-robux-for-free-2021_GM431946152.pdf",
        "https://repository.poltekkesgorontalo.ac.id/repository/how-do-u-get-free-robux-2021_GM431946152.pdf",
        "https://repository.poltekkesgorontalo.ac.id/repository/free-roblox-gift-card-codes-2021_GM431946152.pdf",
        "https://repository.poltekkesgorontalo.ac.id/repository/how-to-get-free-robux-app_GM431946152.pdf",
        "https://repository.poltekkesgorontalo.ac.id/repository/free-robux-hack-generator_GM431946152.pdf",
        "https://repository.poltekkesgorontalo.ac.id/repository/free-gifts-coin-master_GM406889139.pdf",
        "https://repository.poltekkesgorontalo.ac.id/repository/coin-master-unlimited-coins-hack-apk-download_GM406889139.pdf",
        "https://repository.poltekkesgorontalo.ac.id/repository/minecraft-linux-free_GM479516143.pdf",
        "https://repository.poltekkesgorontalo.ac.id/repository/pokemon-go-free-leafeon_GM1094591345.pdf",
        "https://repository.poltekkesgorontalo.ac.id/repository/free-spins-coin-master-hack-2021_GM406889139.pdf",
        "https://repository.poltekkesgorontalo.ac.id/repository/minecraft-hack-client-18-9_GM479516143.pdf",
        "https://repository.poltekkesgorontalo.ac.id/repository/coin-master-map_GM406889139.pdf",
        "https://repository.poltekkesgorontalo.ac.id/repository/minecraft-pe-hacks-2021_GM479516143.pdf",
        "https://repository.poltekkesgorontalo.ac.id/repository/youtube-roblox-free-robux-hack_GM431946152.pdf",
        "https://repository.poltekkesgorontalo.ac.id/repository/free-roblox-lua-scripts_GM431946152.pdf"
    ],
    "regex_urls": [
        "https",
        "https",
        "https",
        "https",
        "https",
        "https",
        "https",
        "https",
        "https",
        "https",
        "https",
        "https",
        "https",
        "https",
        "https",
        "https",
        "https",
        "https",
        "https",
        "https",
        "https",
        "https"
    ],
    "scripts": {
        "iframe": [],
        "urls": []
    },
    "static_properties": {
        "JBIG2Decode": "0",
        "XML_forms": "0",
        "acro_form": "0",
        "auto_action": "0",
        "colors": "0",
        "cross_reference_table": "1",
        "embedded_files": "0",
        "file_size": "46",
        "java_script": "0",
        "js": "0",
        "launch_action": "0",
        "object_end": "65",
        "object_start": "65",
        "object_streams": "0",
        "open_action": "0",
        "page_count": "4",
        "rich_media": "0",
        "start_cross_reference_table": "1",
        "stream_end": "8",
        "stream_start": "8",
        "trailer_dictionary": "1"
    },
    "yara_signatures": [
        "without_attachments",
        "without_images",
        "with_urls",
        "invalid_trailer_structure",
        "contentis_base64"
    ]
}