{
    "exif_signatures": {},
    "file_size": 45276,
    "pdfid_signatures": {},
    "pypdf_uris": [
        "https://netcdn.xyz/app/406889139/free-chest-coin-master-game-hack",
        "https://netcdn.xyz/app/406889139/free-chest-coin-master-game-hack",
        "https://urp.itk.ac.id/asset/backend/upload/ckeditor/files/coin-master-card-hack-2021_GM406889139.pdf",
        "https://urp.itk.ac.id/asset/backend/upload/ckeditor/files/how-to-hack-coin-master-game-2021_GM406889139.pdf",
        "https://urp.itk.ac.id/asset/backend/upload/ckeditor/files/robux-hack-tools_GM431946152.pdf",
        "https://urp.itk.ac.id/asset/backend/upload/ckeditor/files/todays-free-spin-and-coin-links_GM406889139.pdf",
        "https://urp.itk.ac.id/asset/backend/upload/ckeditor/files/free-coin-master-spin-generator_GM406889139.pdf",
        "https://urp.itk.ac.id/asset/backend/upload/ckeditor/files/coin-master-hack-tool-v1-9-download-free_GM406889139.pdf",
        "https://urp.itk.ac.id/asset/backend/upload/ckeditor/files/dominus-roblox-free_GM431946152.pdf",
        "https://urp.itk.ac.id/asset/backend/upload/ckeditor/files/coin-master-hacks-iphone_GM406889139.pdf",
        "https://urp.itk.ac.id/asset/backend/upload/ckeditor/files/how-to-get-free-robux-without-surveys_GM431946152.pdf",
        "https://urp.itk.ac.id/asset/backend/upload/ckeditor/files/real-robux-codes_GM431946152.pdf",
        "https://urp.itk.ac.id/asset/backend/upload/ckeditor/files/free-coins-for-flip-master_GM406889139.pdf",
        "https://urp.itk.ac.id/asset/backend/upload/ckeditor/files/coin-master-free-generator_GM406889139.pdf",
        "https://urp.itk.ac.id/asset/backend/upload/ckeditor/files/hack-coin-master-apk-32-download_GM406889139.pdf",
        "https://urp.itk.ac.id/asset/backend/upload/ckeditor/files/coin-master-hack-app-for-iphone_GM406889139.pdf"
    ],
    "regex_uris": [
        "https://netcdn.xyz/app/406889139/free-chest-coin-master-game-hack",
        "https://netcdn.xyz/app/406889139/free-chest-coin-master-game-hack",
        "https://urp.itk.ac.id/asset/backend/upload/ckeditor/files/coin-master-card-hack-2021_GM406889139.pdf",
        "https://urp.itk.ac.id/asset/backend/upload/ckeditor/files/how-to-hack-coin-master-game-2021_GM406889139.pdf",
        "https://urp.itk.ac.id/asset/backend/upload/ckeditor/files/robux-hack-tools_GM431946152.pdf",
        "https://urp.itk.ac.id/asset/backend/upload/ckeditor/files/todays-free-spin-and-coin-links_GM406889139.pdf",
        "https://urp.itk.ac.id/asset/backend/upload/ckeditor/files/free-coin-master-spin-generator_GM406889139.pdf",
        "https://urp.itk.ac.id/asset/backend/upload/ckeditor/files/coin-master-hack-tool-v1-9-download-free_GM406889139.pdf",
        "https://urp.itk.ac.id/asset/backend/upload/ckeditor/files/dominus-roblox-free_GM431946152.pdf",
        "https://urp.itk.ac.id/asset/backend/upload/ckeditor/files/coin-master-hacks-iphone_GM406889139.pdf",
        "https://urp.itk.ac.id/asset/backend/upload/ckeditor/files/how-to-get-free-robux-without-surveys_GM431946152.pdf",
        "https://urp.itk.ac.id/asset/backend/upload/ckeditor/files/real-robux-codes_GM431946152.pdf",
        "https://urp.itk.ac.id/asset/backend/upload/ckeditor/files/free-coins-for-flip-master_GM406889139.pdf",
        "https://urp.itk.ac.id/asset/backend/upload/ckeditor/files/coin-master-free-generator_GM406889139.pdf",
        "https://urp.itk.ac.id/asset/backend/upload/ckeditor/files/hack-coin-master-apk-32-download_GM406889139.pdf",
        "https://urp.itk.ac.id/asset/backend/upload/ckeditor/files/coin-master-hack-app-for-iphone_GM406889139.pdf"
    ],
    "regex_urls": [
        "https",
        "https",
        "https",
        "https",
        "https",
        "https",
        "https",
        "https",
        "https",
        "https",
        "https",
        "https",
        "https",
        "https",
        "https",
        "https"
    ],
    "scripts": {
        "iframe": [],
        "urls": []
    },
    "static_properties": {
        "JBIG2Decode": "0",
        "XML_forms": "0",
        "acro_form": "0",
        "auto_action": "0",
        "colors": "0",
        "cross_reference_table": "1",
        "embedded_files": "0",
        "file_size": "45",
        "java_script": "0",
        "js": "0",
        "launch_action": "0",
        "object_end": "60",
        "object_start": "60",
        "object_streams": "0",
        "open_action": "0",
        "page_count": "3",
        "rich_media": "0",
        "start_cross_reference_table": "1",
        "stream_end": "9",
        "stream_start": "9",
        "trailer_dictionary": "1"
    },
    "yara_signatures": [
        "without_attachments",
        "without_images",
        "with_urls",
        "invalid_trailer_structure",
        "contentis_base64"
    ]
}