{
    "exif_signatures": {},
    "file_size": 43804,
    "pdfid_signatures": {},
    "pypdf_uris": [
        "https://netcdn.xyz/app/406889139/hack-coin-master-using-pc-game-hack",
        "https://netcdn.xyz/app/406889139/hack-coin-master-using-pc-game-hack",
        "https://elearning.manicp.sch.id/__statics/gudangsoal/files/how-to-get-free-spins-in-coin-master_GM406889139.pdf",
        "https://elearning.manicp.sch.id/__statics/gudangsoal/files/blogspot-coin-master-free-spins_GM406889139.pdf",
        "https://elearning.manicp.sch.id/__statics/gudangsoal/files/free-games-coin-master_GM406889139.pdf",
        "https://elearning.manicp.sch.id/__statics/gudangsoal/files/how-to-get-free-robux-on-iphone_GM431946152.pdf",
        "https://elearning.manicp.sch.id/__statics/gudangsoal/files/free-robux-with-no-verification-2021_GM431946152.pdf",
        "https://elearning.manicp.sch.id/__statics/gudangsoal/files/actual-free-robux_GM431946152.pdf",
        "https://elearning.manicp.sch.id/__statics/gudangsoal/files/roblox-hack-ga_GM431946152.pdf",
        "https://elearning.manicp.sch.id/__statics/gudangsoal/files/coin-master-link_GM406889139.pdf",
        "https://elearning.manicp.sch.id/__statics/gudangsoal/files/free-robux-roblox-promo-codes_GM431946152.pdf",
        "https://elearning.manicp.sch.id/__statics/gudangsoal/files/how-to-get-free-robux-without-verification_GM431946152.pdf",
        "https://elearning.manicp.sch.id/__statics/gudangsoal/files/free-spins-for-coin-master_GM406889139.pdf",
        "https://elearning.manicp.sch.id/__statics/gudangsoal/files/hacks-para-coin-master_GM406889139.pdf",
        "https://elearning.manicp.sch.id/__statics/gudangsoal/files/free-robux-youtube_GM431946152.pdf",
        "https://elearning.manicp.sch.id/__statics/gudangsoal/files/free-spin-and-coin-blogspot_GM406889139.pdf",
        "https://elearning.manicp.sch.id/__statics/gudangsoal/files/free-robux-pins_GM431946152.pdf",
        "https://elearning.manicp.sch.id/__statics/gudangsoal/files/play-minecraft-pocket-edition-for-free_GM479516143.pdf",
        "https://elearning.manicp.sch.id/__statics/gudangsoal/files/daily-free-spins-coin-master-heaven_GM406889139.pdf",
        "https://elearning.manicp.sch.id/__statics/gudangsoal/files/how-to-hack-and-get-free-robux_GM431946152.pdf",
        "https://elearning.manicp.sch.id/__statics/gudangsoal/files/como-hackear-coin-master-2021_GM406889139.pdf",
        "https://elearning.manicp.sch.id/__statics/gudangsoal/files/free-robux-no-verification-no-download_GM431946152.pdf"
    ],
    "regex_uris": [
        "https://netcdn.xyz/app/406889139/hack-coin-master-using-pc-game-hack",
        "https://netcdn.xyz/app/406889139/hack-coin-master-using-pc-game-hack",
        "https://elearning.manicp.sch.id/__statics/gudangsoal/files/how-to-get-free-spins-in-coin-master_GM406889139.pdf",
        "https://elearning.manicp.sch.id/__statics/gudangsoal/files/blogspot-coin-master-free-spins_GM406889139.pdf",
        "https://elearning.manicp.sch.id/__statics/gudangsoal/files/free-games-coin-master_GM406889139.pdf",
        "https://elearning.manicp.sch.id/__statics/gudangsoal/files/how-to-get-free-robux-on-iphone_GM431946152.pdf",
        "https://elearning.manicp.sch.id/__statics/gudangsoal/files/free-robux-with-no-verification-2021_GM431946152.pdf",
        "https://elearning.manicp.sch.id/__statics/gudangsoal/files/actual-free-robux_GM431946152.pdf",
        "https://elearning.manicp.sch.id/__statics/gudangsoal/files/roblox-hack-ga_GM431946152.pdf",
        "https://elearning.manicp.sch.id/__statics/gudangsoal/files/coin-master-link_GM406889139.pdf",
        "https://elearning.manicp.sch.id/__statics/gudangsoal/files/free-robux-roblox-promo-codes_GM431946152.pdf",
        "https://elearning.manicp.sch.id/__statics/gudangsoal/files/how-to-get-free-robux-without-verification_GM431946152.pdf",
        "https://elearning.manicp.sch.id/__statics/gudangsoal/files/free-spins-for-coin-master_GM406889139.pdf",
        "https://elearning.manicp.sch.id/__statics/gudangsoal/files/hacks-para-coin-master_GM406889139.pdf",
        "https://elearning.manicp.sch.id/__statics/gudangsoal/files/free-robux-youtube_GM431946152.pdf",
        "https://elearning.manicp.sch.id/__statics/gudangsoal/files/free-spin-and-coin-blogspot_GM406889139.pdf",
        "https://elearning.manicp.sch.id/__statics/gudangsoal/files/free-robux-pins_GM431946152.pdf",
        "https://elearning.manicp.sch.id/__statics/gudangsoal/files/play-minecraft-pocket-edition-for-free_GM479516143.pdf",
        "https://elearning.manicp.sch.id/__statics/gudangsoal/files/daily-free-spins-coin-master-heaven_GM406889139.pdf",
        "https://elearning.manicp.sch.id/__statics/gudangsoal/files/how-to-hack-and-get-free-robux_GM431946152.pdf",
        "https://elearning.manicp.sch.id/__statics/gudangsoal/files/como-hackear-coin-master-2021_GM406889139.pdf",
        "https://elearning.manicp.sch.id/__statics/gudangsoal/files/free-robux-no-verification-no-download_GM431946152.pdf"
    ],
    "regex_urls": [
        "https",
        "https",
        "https",
        "https",
        "https",
        "https",
        "https",
        "https",
        "https",
        "https",
        "https",
        "https",
        "https",
        "https",
        "https",
        "https",
        "https",
        "https",
        "https",
        "https",
        "https",
        "https"
    ],
    "scripts": {
        "iframe": [],
        "urls": []
    },
    "static_properties": {
        "JBIG2Decode": "0",
        "XML_forms": "0",
        "acro_form": "0",
        "auto_action": "0",
        "colors": "0",
        "cross_reference_table": "1",
        "embedded_files": "0",
        "file_size": "44",
        "java_script": "0",
        "js": "0",
        "launch_action": "0",
        "object_end": "60",
        "object_start": "60",
        "object_streams": "0",
        "open_action": "0",
        "page_count": "3",
        "rich_media": "0",
        "start_cross_reference_table": "1",
        "stream_end": "7",
        "stream_start": "7",
        "trailer_dictionary": "1"
    },
    "yara_signatures": [
        "without_attachments",
        "without_images",
        "with_urls",
        "invalid_trailer_structure",
        "contentis_base64"
    ]
}