{
    "exif_signatures": {},
    "file_size": 48350,
    "pdfid_signatures": {},
    "pypdf_uris": [
        "https://netcdn.xyz/app/431946152/roblox-report-hacker-game-hack",
        "https://netcdn.xyz/app/431946152/roblox-report-hacker-game-hack",
        "https://www.tvoyo.tv/ckfinder/userfiles/files/how-to-get-free-coins-on-coin-master-hack_GM406889139.pdf",
        "https://www.tvoyo.tv/ckfinder/userfiles/files/free-downloads-for-coin-master-daily-rewards_GM406889139.pdf",
        "https://www.tvoyo.tv/ckfinder/userfiles/files/legit-free-spins-coin-master_GM406889139.pdf",
        "https://www.tvoyo.tv/ckfinder/userfiles/files/to-get-free-robux_GM431946152.pdf",
        "https://www.tvoyo.tv/ckfinder/userfiles/files/best-site-for-free-coin-master_GM406889139.pdf",
        "https://www.tvoyo.tv/ckfinder/userfiles/files/free-spins-and-coins-coin-master_GM406889139.pdf",
        "https://www.tvoyo.tv/ckfinder/userfiles/files/free-robux-group_GM431946152.pdf",
        "https://www.tvoyo.tv/ckfinder/userfiles/files/how-to-get-free-robux-without-offers_GM431946152.pdf",
        "https://www.tvoyo.tv/ckfinder/userfiles/files/ios-coin-master-hack_GM406889139.pdf",
        "https://www.tvoyo.tv/ckfinder/userfiles/files/roblox-april-fools-hack_GM431946152.pdf",
        "https://www.tvoyo.tv/ckfinder/userfiles/files/coin-master-daily-rewards_GM406889139.pdf",
        "https://www.tvoyo.tv/ckfinder/userfiles/files/coin-master-gift-link-hack_GM406889139.pdf",
        "https://www.tvoyo.tv/ckfinder/userfiles/files/free-robux-hack-generator_GM431946152.pdf",
        "https://www.tvoyo.tv/ckfinder/userfiles/files/free-coin-master-spins-2021_GM406889139.pdf",
        "https://www.tvoyo.tv/ckfinder/userfiles/files/free-unlimited-coins-for-coin-master_GM406889139.pdf",
        "https://www.tvoyo.tv/ckfinder/userfiles/files/how-do-you-get-free-robux-without-doing-anything_GM431946152.pdf",
        "https://www.tvoyo.tv/ckfinder/userfiles/files/free-robux-reddit_GM431946152.pdf",
        "https://www.tvoyo.tv/ckfinder/userfiles/files/coin-master-free-coins-and-spins-2021_GM406889139.pdf"
    ],
    "regex_uris": [
        "https://netcdn.xyz/app/431946152/roblox-report-hacker-game-hack",
        "https://netcdn.xyz/app/431946152/roblox-report-hacker-game-hack",
        "https://www.tvoyo.tv/ckfinder/userfiles/files/how-to-get-free-coins-on-coin-master-hack_GM406889139.pdf",
        "https://www.tvoyo.tv/ckfinder/userfiles/files/free-downloads-for-coin-master-daily-rewards_GM406889139.pdf",
        "https://www.tvoyo.tv/ckfinder/userfiles/files/legit-free-spins-coin-master_GM406889139.pdf",
        "https://www.tvoyo.tv/ckfinder/userfiles/files/to-get-free-robux_GM431946152.pdf",
        "https://www.tvoyo.tv/ckfinder/userfiles/files/best-site-for-free-coin-master_GM406889139.pdf",
        "https://www.tvoyo.tv/ckfinder/userfiles/files/free-spins-and-coins-coin-master_GM406889139.pdf",
        "https://www.tvoyo.tv/ckfinder/userfiles/files/free-robux-group_GM431946152.pdf",
        "https://www.tvoyo.tv/ckfinder/userfiles/files/how-to-get-free-robux-without-offers_GM431946152.pdf",
        "https://www.tvoyo.tv/ckfinder/userfiles/files/ios-coin-master-hack_GM406889139.pdf",
        "https://www.tvoyo.tv/ckfinder/userfiles/files/roblox-april-fools-hack_GM431946152.pdf",
        "https://www.tvoyo.tv/ckfinder/userfiles/files/coin-master-daily-rewards_GM406889139.pdf",
        "https://www.tvoyo.tv/ckfinder/userfiles/files/coin-master-gift-link-hack_GM406889139.pdf",
        "https://www.tvoyo.tv/ckfinder/userfiles/files/free-robux-hack-generator_GM431946152.pdf",
        "https://www.tvoyo.tv/ckfinder/userfiles/files/free-coin-master-spins-2021_GM406889139.pdf",
        "https://www.tvoyo.tv/ckfinder/userfiles/files/free-unlimited-coins-for-coin-master_GM406889139.pdf",
        "https://www.tvoyo.tv/ckfinder/userfiles/files/how-do-you-get-free-robux-without-doing-anything_GM431946152.pdf",
        "https://www.tvoyo.tv/ckfinder/userfiles/files/free-robux-reddit_GM431946152.pdf",
        "https://www.tvoyo.tv/ckfinder/userfiles/files/coin-master-free-coins-and-spins-2021_GM406889139.pdf"
    ],
    "regex_urls": [
        "https",
        "https",
        "https",
        "www.tvoyo.tv/ckfinder/userfiles/files/how-to-get-free-coins-on-coin-master-hack_GM406889139.pdf",
        "https",
        "www.tvoyo.tv/ckfinder/userfiles/files/free-downloads-for-coin-master-daily-rewards_GM406889139.pdf",
        "https",
        "www.tvoyo.tv/ckfinder/userfiles/files/legit-free-spins-coin-master_GM406889139.pdf",
        "https",
        "www.tvoyo.tv/ckfinder/userfiles/files/to-get-free-robux_GM431946152.pdf",
        "https",
        "www.tvoyo.tv/ckfinder/userfiles/files/best-site-for-free-coin-master_GM406889139.pdf",
        "https",
        "www.tvoyo.tv/ckfinder/userfiles/files/free-spins-and-coins-coin-master_GM406889139.pdf",
        "https",
        "www.tvoyo.tv/ckfinder/userfiles/files/free-robux-group_GM431946152.pdf",
        "https",
        "www.tvoyo.tv/ckfinder/userfiles/files/how-to-get-free-robux-without-offers_GM431946152.pdf",
        "https",
        "www.tvoyo.tv/ckfinder/userfiles/files/ios-coin-master-hack_GM406889139.pdf",
        "https",
        "www.tvoyo.tv/ckfinder/userfiles/files/roblox-april-fools-hack_GM431946152.pdf",
        "https",
        "www.tvoyo.tv/ckfinder/userfiles/files/coin-master-daily-rewards_GM406889139.pdf",
        "https",
        "www.tvoyo.tv/ckfinder/userfiles/files/coin-master-gift-link-hack_GM406889139.pdf",
        "https",
        "www.tvoyo.tv/ckfinder/userfiles/files/free-robux-hack-generator_GM431946152.pdf",
        "https",
        "www.tvoyo.tv/ckfinder/userfiles/files/free-coin-master-spins-2021_GM406889139.pdf",
        "https",
        "www.tvoyo.tv/ckfinder/userfiles/files/free-unlimited-coins-for-coin-master_GM406889139.pdf",
        "https",
        "www.tvoyo.tv/ckfinder/userfiles/files/how-do-you-get-free-robux-without-doing-anything_GM431946152.pdf",
        "https",
        "www.tvoyo.tv/ckfinder/userfiles/files/free-robux-reddit_GM431946152.pdf",
        "https",
        "www.tvoyo.tv/ckfinder/userfiles/files/coin-master-free-coins-and-spins-2021_GM406889139.pdf"
    ],
    "scripts": {
        "iframe": [],
        "urls": []
    },
    "static_properties": {
        "JBIG2Decode": "0",
        "XML_forms": "0",
        "acro_form": "0",
        "auto_action": "0",
        "colors": "0",
        "cross_reference_table": "1",
        "embedded_files": "0",
        "file_size": "48",
        "java_script": "0",
        "js": "0",
        "launch_action": "0",
        "object_end": "64",
        "object_start": "64",
        "object_streams": "0",
        "open_action": "0",
        "page_count": "3",
        "rich_media": "0",
        "start_cross_reference_table": "1",
        "stream_end": "9",
        "stream_start": "9",
        "trailer_dictionary": "1"
    },
    "yara_signatures": [
        "without_attachments",
        "without_images",
        "with_urls",
        "invalid_trailer_structure",
        "contentis_base64"
    ]
}