{
    "exif_signatures": {},
    "file_size": 128765,
    "pdfid_signatures": {},
    "pypdf_uris": [
        "https://cinurl.com/2l02g2",
        "https://waappitalk.com/upload/files/2022/05/z39AvoCoPYc93AET64gJ_19_51249b722c3e250144aad831c7f50aaf_file.pdf",
        "https://www.skreebee.com/upload/files/2022/05/VIPQJc3VUm5sc1qdoCku_19_d905307395655775a39d532dab872e38_file.pdf",
        "https://www.promorapid.com/upload/files/2022/05/jB4xefzGLbR85Vsfq2uA_19_1b6f29d128f4ccd328269c43548e3922_file.pdf",
        "https://www.myshareshow.com/upload/files/2022/05/5njQJLk5rmo2PPSP6DDe_19_14b55c042c053376c4d9ef8bbda3c9a3_file.pdf",
        "https://americap2.nyc3.digitaloceanspaces.com/upload/files/2022/05/vSuOrxlruIN1bIJv3LgD_19_5cd6254e1a0479ff0b158b766106629a_file.pdf",
        "https://inobee.com/upload/files/2022/05/ad57gW7kSZifiYrLsQmf_19_1b6f29d128f4ccd328269c43548e3922_file.pdf",
        "http://love.pinkjelly.org/upload/files/2022/05/GA67KN6cgdEe9SV3TScq_19_7368273e50d040adb59ccd4dce30f165_file.pdf",
        "https://spacefather.com/andfriends/upload/files/2022/05/gn4pFzzUbmxW5MYQcAk2_19_f18cc95fd3631155b8d7c7a376924a86_file.pdf",
        "https://pra-namorar.paineldemonstrativo.com.br/upload/files/2022/05/Z3c9rugODLa5cVCjTWW6_19_23d40587accec0ffb66513ddd82abddb_file.pdf",
        "https://battlefinity.com/upload/files/2022/05/K9SlXL5K25N7y5u4Gz79_19_2b2308211b1f3f28f21599ddb2945704_file.pdf",
        "http://www.tcpdf.org"
    ],
    "regex_uris": [
        "https://cinurl.com/2l02g2",
        "https://waappitalk.com/upload/files/2022/05/z39AvoCoPYc93AET64gJ_19_51249b722c3e250144aad831c7f50aaf_file.pdf",
        "https://www.skreebee.com/upload/files/2022/05/VIPQJc3VUm5sc1qdoCku_19_d905307395655775a39d532dab872e38_file.pdf",
        "https://www.promorapid.com/upload/files/2022/05/jB4xefzGLbR85Vsfq2uA_19_1b6f29d128f4ccd328269c43548e3922_file.pdf",
        "https://www.myshareshow.com/upload/files/2022/05/5njQJLk5rmo2PPSP6DDe_19_14b55c042c053376c4d9ef8bbda3c9a3_file.pdf",
        "https://americap2.nyc3.digitaloceanspaces.com/upload/files/2022/05/vSuOrxlruIN1bIJv3LgD_19_5cd6254e1a0479ff0b158b766106629a_file.pdf",
        "https://inobee.com/upload/files/2022/05/ad57gW7kSZifiYrLsQmf_19_1b6f29d128f4ccd328269c43548e3922_file.pdf",
        "http://love.pinkjelly.org/upload/files/2022/05/GA67KN6cgdEe9SV3TScq_19_7368273e50d040adb59ccd4dce30f165_file.pdf",
        "https://spacefather.com/andfriends/upload/files/2022/05/gn4pFzzUbmxW5MYQcAk2_19_f18cc95fd3631155b8d7c7a376924a86_file.pdf",
        "https://pra-namorar.paineldemonstrativo.com.br/upload/files/2022/05/Z3c9rugODLa5cVCjTWW6_19_23d40587accec0ffb66513ddd82abddb_file.pdf",
        "https://battlefinity.com/upload/files/2022/05/K9SlXL5K25N7y5u4Gz79_19_2b2308211b1f3f28f21599ddb2945704_file.pdf",
        "http://www.tcpdf.org"
    ],
    "regex_urls": [
        "https",
        "https",
        "https",
        "www.skreebee.com/upload/files/2022/05/VIPQJc3VUm5sc1qdoCku_19_d905307395655775a39d532dab872e38_file.pdf",
        "https",
        "www.promorapid.com/upload/files/2022/05/jB4xefzGLbR85Vsfq2uA_19_1b6f29d128f4ccd328269c43548e3922_file.pdf",
        "https",
        "www.myshareshow.com/upload/files/2022/05/5njQJLk5rmo2PPSP6DDe_19_14b55c042c053376c4d9ef8bbda3c9a3_file.pdf",
        "https",
        "https",
        "http://love.pinkjelly.org/upload/files/2022/05/GA67KN6cgdEe9SV3TScq_19_7368273e50d040adb59ccd4dce30f165_file.pdf",
        "https",
        "https",
        "https",
        "http://www.tcpdf.org",
        "http://www.w3.org/1999/02/22-rdf-syntax-ns#",
        "http://purl.org/dc/elements/1.1/",
        "http://ns.adobe.com/xap/1.0/",
        "http://ns.adobe.com/pdf/1.3/",
        "http://ns.adobe.com/xap/1.0/mm/",
        "http://www.aiim.org/pdfa/ns/extension/",
        "http://www.aiim.org/pdfa/ns/schema#",
        "http://www.aiim.org/pdfa/ns/property#",
        "http://ns.adobe.com/pdf/1.3/",
        "http://ns.adobe.com/xap/1.0/mm/",
        "http://www.aiim.org/pdfa/ns/id/"
    ],
    "scripts": {
        "iframe": [],
        "urls": []
    },
    "static_properties": {
        "JBIG2Decode": "0",
        "XML_forms": "0",
        "acro_form": "0",
        "auto_action": "0",
        "colors": "0",
        "cross_reference_table": "1",
        "embedded_files": "0",
        "file_size": "129",
        "java_script": "0",
        "js": "0",
        "launch_action": "0",
        "object_end": "38",
        "object_start": "38",
        "object_streams": "0",
        "open_action": "1",
        "page_count": "2",
        "rich_media": "0",
        "start_cross_reference_table": "1",
        "stream_end": "12",
        "stream_start": "12",
        "trailer_dictionary": "1"
    },
    "yara_signatures": [
        "without_attachments",
        "without_images",
        "with_urls",
        "contentis_base64",
        "Big_Numbers1"
    ]
}