{
    "exif_signatures": {},
    "file_size": 35374,
    "pdfid_signatures": {},
    "pypdf_uris": [
        "http://netcdn.co/app/431946152/glitch-to-get-free-t-shirt-roblox-game-hack",
        "http://netcdn.co/app/431946152/glitch-to-get-free-t-shirt-roblox-game-hack",
        "https://belajar.mtsn4malang.sch.id/__statics/gudangsoal/files/minecraft-survival-free_GM479516143.pdf",
        "https://belajar.mtsn4malang.sch.id/__statics/gudangsoal/files/minecraft-hacks-pc_GM479516143.pdf",
        "https://belajar.mtsn4malang.sch.id/__statics/gudangsoal/files/real-robux-hack-no-survey-2021_GM431946152.pdf",
        "https://belajar.mtsn4malang.sch.id/__statics/gudangsoal/files/theme-park-tycoon-2-roblox-cheats_GM431946152.pdf",
        "https://belajar.mtsn4malang.sch.id/__statics/gudangsoal/files/my-minecraft-account-was-hacked_GM479516143.pdf",
        "https://belajar.mtsn4malang.sch.id/__statics/gudangsoal/files/free-avatar-roblox_GM431946152.pdf",
        "https://belajar.mtsn4malang.sch.id/__statics/gudangsoal/files/how-to-win-free-robux_GM431946152.pdf",
        "https://belajar.mtsn4malang.sch.id/__statics/gudangsoal/files/robuxmatch-com-free-robux_GM431946152.pdf",
        "https://belajar.mtsn4malang.sch.id/__statics/gudangsoal/files/archery-master-3d-coins-hack_GM406889139.pdf",
        "https://belajar.mtsn4malang.sch.id/__statics/gudangsoal/files/coin-master-daily-spins-and-coins_GM406889139.pdf",
        "https://belajar.mtsn4malang.sch.id/__statics/gudangsoal/files/coin-master-free-spin-27_GM406889139.pdf",
        "https://belajar.mtsn4malang.sch.id/__statics/gudangsoal/files/pokemon-go-free-walk-ios_GM1094591345.pdf",
        "https://belajar.mtsn4malang.sch.id/__statics/gudangsoal/files/lucky-patcher-coin-master-hack_GM406889139.pdf",
        "https://belajar.mtsn4malang.sch.id/__statics/gudangsoal/files/roblox-promocode-hack-script_GM431946152.pdf",
        "https://belajar.mtsn4malang.sch.id/__statics/gudangsoal/files/roblox-hack-tool_GM431946152.pdf",
        "https://belajar.mtsn4malang.sch.id/__statics/gudangsoal/files/free-roblox-accounts-with-robux-that-work-2021_GM431946152.pdf",
        "https://belajar.mtsn4malang.sch.id/__statics/gudangsoal/files/get-free-spins-coin-master-2021_GM406889139.pdf",
        "https://belajar.mtsn4malang.sch.id/__statics/gudangsoal/files/free-spin-gratis-coin-master_GM406889139.pdf",
        "https://belajar.mtsn4malang.sch.id/__statics/gudangsoal/files/free-spins-for-coin-master-app_GM406889139.pdf",
        "https://belajar.mtsn4malang.sch.id/__statics/gudangsoal/files/how-do-you-get-free-roblox-money_GM431946152.pdf"
    ],
    "regex_uris": [
        "http://netcdn.co/app/431946152/glitch-to-get-free-t-shirt-roblox-game-hack",
        "http://netcdn.co/app/431946152/glitch-to-get-free-t-shirt-roblox-game-hack",
        "https://belajar.mtsn4malang.sch.id/__statics/gudangsoal/files/minecraft-survival-free_GM479516143.pdf",
        "https://belajar.mtsn4malang.sch.id/__statics/gudangsoal/files/minecraft-hacks-pc_GM479516143.pdf",
        "https://belajar.mtsn4malang.sch.id/__statics/gudangsoal/files/real-robux-hack-no-survey-2021_GM431946152.pdf",
        "https://belajar.mtsn4malang.sch.id/__statics/gudangsoal/files/theme-park-tycoon-2-roblox-cheats_GM431946152.pdf",
        "https://belajar.mtsn4malang.sch.id/__statics/gudangsoal/files/my-minecraft-account-was-hacked_GM479516143.pdf",
        "https://belajar.mtsn4malang.sch.id/__statics/gudangsoal/files/free-avatar-roblox_GM431946152.pdf",
        "https://belajar.mtsn4malang.sch.id/__statics/gudangsoal/files/how-to-win-free-robux_GM431946152.pdf",
        "https://belajar.mtsn4malang.sch.id/__statics/gudangsoal/files/robuxmatch-com-free-robux_GM431946152.pdf",
        "https://belajar.mtsn4malang.sch.id/__statics/gudangsoal/files/archery-master-3d-coins-hack_GM406889139.pdf",
        "https://belajar.mtsn4malang.sch.id/__statics/gudangsoal/files/coin-master-daily-spins-and-coins_GM406889139.pdf",
        "https://belajar.mtsn4malang.sch.id/__statics/gudangsoal/files/coin-master-free-spin-27_GM406889139.pdf",
        "https://belajar.mtsn4malang.sch.id/__statics/gudangsoal/files/pokemon-go-free-walk-ios_GM1094591345.pdf",
        "https://belajar.mtsn4malang.sch.id/__statics/gudangsoal/files/lucky-patcher-coin-master-hack_GM406889139.pdf",
        "https://belajar.mtsn4malang.sch.id/__statics/gudangsoal/files/roblox-promocode-hack-script_GM431946152.pdf",
        "https://belajar.mtsn4malang.sch.id/__statics/gudangsoal/files/roblox-hack-tool_GM431946152.pdf",
        "https://belajar.mtsn4malang.sch.id/__statics/gudangsoal/files/free-roblox-accounts-with-robux-that-work-2021_GM431946152.pdf",
        "https://belajar.mtsn4malang.sch.id/__statics/gudangsoal/files/get-free-spins-coin-master-2021_GM406889139.pdf",
        "https://belajar.mtsn4malang.sch.id/__statics/gudangsoal/files/free-spin-gratis-coin-master_GM406889139.pdf",
        "https://belajar.mtsn4malang.sch.id/__statics/gudangsoal/files/free-spins-for-coin-master-app_GM406889139.pdf",
        "https://belajar.mtsn4malang.sch.id/__statics/gudangsoal/files/how-do-you-get-free-roblox-money_GM431946152.pdf"
    ],
    "regex_urls": [
        "http://netcdn.co/app/431946152/glitch-to-get-free-t-shirt-roblox-game-hack",
        "http://netcdn.co/app/431946152/glitch-to-get-free-t-shirt-roblox-game-hack",
        "https",
        "https",
        "https",
        "https",
        "https",
        "https",
        "https",
        "https",
        "https",
        "https",
        "https",
        "https",
        "https",
        "https",
        "https",
        "https",
        "https",
        "https",
        "https",
        "https"
    ],
    "scripts": {
        "iframe": [],
        "urls": []
    },
    "static_properties": {
        "JBIG2Decode": "0",
        "XML_forms": "0",
        "acro_form": "0",
        "auto_action": "0",
        "colors": "0",
        "cross_reference_table": "1",
        "embedded_files": "0",
        "file_size": "35",
        "java_script": "0",
        "js": "0",
        "launch_action": "0",
        "object_end": "55",
        "object_start": "55",
        "object_streams": "0",
        "open_action": "0",
        "page_count": "2",
        "rich_media": "0",
        "start_cross_reference_table": "1",
        "stream_end": "6",
        "stream_start": "6",
        "trailer_dictionary": "1"
    },
    "yara_signatures": [
        "without_attachments",
        "without_images",
        "with_urls",
        "invalid_trailer_structure",
        "contentis_base64"
    ]
}