{
    "exif_signatures": {},
    "file_size": 34700,
    "pdfid_signatures": {},
    "pypdf_uris": [
        "http://netcdn.tw/app/431946152/free-robux-hack-generator-game-hack",
        "http://netcdn.tw/app/431946152/free-robux-hack-generator-game-hack",
        "http://elearning.mtsn9jombang.sch.id/__statics/gudangsoal/files/coin-master-hack-spin-generator-tool_GM406889139.pdf",
        "http://elearning.mtsn9jombang.sch.id/__statics/gudangsoal/files/free-robux-games-that-actually-work-2021_GM431946152.pdf",
        "https://elearning.mtsn9jombang.sch.id/__statics/gudangsoal/files/mobile-hack-net-roblox-hack_GM431946152.pdf",
        "http://elearning.mtsn9jombang.sch.id/__statics/gudangsoal/files/buy-robux-for-free-games_GM431946152.pdf",
        "https://elearning.mtsn9jombang.sch.id/__statics/gudangsoal/files/how-to-hack-in-arsenal_GM431946152.pdf",
        "https://elearning.mtsn9jombang.sch.id/__statics/gudangsoal/files/earn-robux-online_GM431946152.pdf",
        "http://elearning.mtsn9jombang.sch.id/__statics/gudangsoal/files/minecraft-pe-texture-packs-free-download_GM479516143.pdf",
        "https://elearning.mtsn9jombang.sch.id/__statics/gudangsoal/files/how-to-hack-ninja-assassin-on-roblox_GM431946152.pdf",
        "http://elearning.mtsn9jombang.sch.id/__statics/gudangsoal/files/cool-roblox-avatar-for-free_GM431946152.pdf",
        "https://elearning.mtsn9jombang.sch.id/__statics/gudangsoal/files/coin-monster_GM406889139.pdf",
        "https://elearning.mtsn9jombang.sch.id/__statics/gudangsoal/files/roblox-jailbreak-hack_GM431946152.pdf",
        "https://elearning.mtsn9jombang.sch.id/__statics/gudangsoal/files/free-robux-2021_GM431946152.pdf",
        "http://elearning.mtsn9jombang.sch.id/__statics/gudangsoal/files/free-spins-coin-master-links-blogspot_GM406889139.pdf",
        "https://elearning.mtsn9jombang.sch.id/__statics/gudangsoal/files/download-portable-hacks-roblox_GM431946152.pdf",
        "http://elearning.mtsn9jombang.sch.id/__statics/gudangsoal/files/how-to-get-free-robux-codes-2021_GM431946152.pdf",
        "http://elearning.mtsn9jombang.sch.id/__statics/gudangsoal/files/coin-master-link_GM406889139.pdf",
        "https://elearning.mtsn9jombang.sch.id/__statics/gudangsoal/files/how-to-get-codes-free-for-robux_GM431946152.pdf",
        "https://elearning.mtsn9jombang.sch.id/__statics/gudangsoal/files/can-i-get-robux-for-free_GM431946152.pdf",
        "https://elearning.mtsn9jombang.sch.id/__statics/gudangsoal/files/free-robux-stream_GM431946152.pdf",
        "http://elearning.mtsn9jombang.sch.id/__statics/gudangsoal/files/free-robux-no-verification-2021_GM431946152.pdf"
    ],
    "regex_uris": [
        "http://netcdn.tw/app/431946152/free-robux-hack-generator-game-hack",
        "http://netcdn.tw/app/431946152/free-robux-hack-generator-game-hack",
        "http://elearning.mtsn9jombang.sch.id/__statics/gudangsoal/files/coin-master-hack-spin-generator-tool_GM406889139.pdf",
        "http://elearning.mtsn9jombang.sch.id/__statics/gudangsoal/files/free-robux-games-that-actually-work-2021_GM431946152.pdf",
        "https://elearning.mtsn9jombang.sch.id/__statics/gudangsoal/files/mobile-hack-net-roblox-hack_GM431946152.pdf",
        "http://elearning.mtsn9jombang.sch.id/__statics/gudangsoal/files/buy-robux-for-free-games_GM431946152.pdf",
        "https://elearning.mtsn9jombang.sch.id/__statics/gudangsoal/files/how-to-hack-in-arsenal_GM431946152.pdf",
        "https://elearning.mtsn9jombang.sch.id/__statics/gudangsoal/files/earn-robux-online_GM431946152.pdf",
        "http://elearning.mtsn9jombang.sch.id/__statics/gudangsoal/files/minecraft-pe-texture-packs-free-download_GM479516143.pdf",
        "https://elearning.mtsn9jombang.sch.id/__statics/gudangsoal/files/how-to-hack-ninja-assassin-on-roblox_GM431946152.pdf",
        "http://elearning.mtsn9jombang.sch.id/__statics/gudangsoal/files/cool-roblox-avatar-for-free_GM431946152.pdf",
        "https://elearning.mtsn9jombang.sch.id/__statics/gudangsoal/files/coin-monster_GM406889139.pdf",
        "https://elearning.mtsn9jombang.sch.id/__statics/gudangsoal/files/roblox-jailbreak-hack_GM431946152.pdf",
        "https://elearning.mtsn9jombang.sch.id/__statics/gudangsoal/files/free-robux-2021_GM431946152.pdf",
        "http://elearning.mtsn9jombang.sch.id/__statics/gudangsoal/files/free-spins-coin-master-links-blogspot_GM406889139.pdf",
        "https://elearning.mtsn9jombang.sch.id/__statics/gudangsoal/files/download-portable-hacks-roblox_GM431946152.pdf",
        "http://elearning.mtsn9jombang.sch.id/__statics/gudangsoal/files/how-to-get-free-robux-codes-2021_GM431946152.pdf",
        "http://elearning.mtsn9jombang.sch.id/__statics/gudangsoal/files/coin-master-link_GM406889139.pdf",
        "https://elearning.mtsn9jombang.sch.id/__statics/gudangsoal/files/how-to-get-codes-free-for-robux_GM431946152.pdf",
        "https://elearning.mtsn9jombang.sch.id/__statics/gudangsoal/files/can-i-get-robux-for-free_GM431946152.pdf",
        "https://elearning.mtsn9jombang.sch.id/__statics/gudangsoal/files/free-robux-stream_GM431946152.pdf",
        "http://elearning.mtsn9jombang.sch.id/__statics/gudangsoal/files/free-robux-no-verification-2021_GM431946152.pdf"
    ],
    "regex_urls": [
        "http://netcdn.tw/app/431946152/free-robux-hack-generator-game-hack",
        "http://netcdn.tw/app/431946152/free-robux-hack-generator-game-hack",
        "http://elearning.mtsn9jombang.sch.id/__statics/gudangsoal/files/coin-master-hack-spin-generator-tool_GM406889139.pdf",
        "http://elearning.mtsn9jombang.sch.id/__statics/gudangsoal/files/free-robux-games-that-actually-work-2021_GM431946152.pdf",
        "https",
        "http://elearning.mtsn9jombang.sch.id/__statics/gudangsoal/files/buy-robux-for-free-games_GM431946152.pdf",
        "https",
        "https",
        "http://elearning.mtsn9jombang.sch.id/__statics/gudangsoal/files/minecraft-pe-texture-packs-free-download_GM479516143.pdf",
        "https",
        "http://elearning.mtsn9jombang.sch.id/__statics/gudangsoal/files/cool-roblox-avatar-for-free_GM431946152.pdf",
        "https",
        "https",
        "https",
        "http://elearning.mtsn9jombang.sch.id/__statics/gudangsoal/files/free-spins-coin-master-links-blogspot_GM406889139.pdf",
        "https",
        "http://elearning.mtsn9jombang.sch.id/__statics/gudangsoal/files/how-to-get-free-robux-codes-2021_GM431946152.pdf",
        "http://elearning.mtsn9jombang.sch.id/__statics/gudangsoal/files/coin-master-link_GM406889139.pdf",
        "https",
        "https",
        "https",
        "http://elearning.mtsn9jombang.sch.id/__statics/gudangsoal/files/free-robux-no-verification-2021_GM431946152.pdf"
    ],
    "scripts": {
        "iframe": [],
        "urls": []
    },
    "static_properties": {
        "JBIG2Decode": "0",
        "XML_forms": "0",
        "acro_form": "0",
        "auto_action": "0",
        "colors": "0",
        "cross_reference_table": "1",
        "embedded_files": "0",
        "file_size": "35",
        "java_script": "0",
        "js": "0",
        "launch_action": "0",
        "object_end": "55",
        "object_start": "55",
        "object_streams": "0",
        "open_action": "0",
        "page_count": "2",
        "rich_media": "0",
        "start_cross_reference_table": "1",
        "stream_end": "6",
        "stream_start": "7",
        "trailer_dictionary": "1"
    },
    "yara_signatures": [
        "without_attachments",
        "without_images",
        "with_urls",
        "invalid_trailer_structure",
        "contentis_base64"
    ]
}