{
    "exif_signatures": {},
    "file_size": 36353,
    "pdfid_signatures": {},
    "pypdf_uris": [
        "http://netcdn.tw/app/431946152/roblox-hack-unlimited-robux-game-hack",
        "http://netcdn.tw/app/431946152/roblox-hack-unlimited-robux-game-hack",
        "https://digilib-bing.stkip-pgri-sumbar.ac.id/repository/how-many-levels-are-there-in-coin-master_GM406889139.pdf",
        "https://digilib-bing.stkip-pgri-sumbar.ac.id/repository/best-free-hacked-client_GM479516143.pdf",
        "https://digilib-bing.stkip-pgri-sumbar.ac.id/repository/roblox-help-free-robux_GM431946152.pdf",
        "https://digilib-bing.stkip-pgri-sumbar.ac.id/repository/coin-master-hacks-for-free-spins_GM406889139.pdf",
        "https://digilib-bing.stkip-pgri-sumbar.ac.id/repository/how-to-hack-roblox-accounts-for-robux_GM431946152.pdf",
        "https://digilib-bing.stkip-pgri-sumbar.ac.id/repository/coin-master-free-coins-and-spins-app_GM406889139.pdf",
        "https://digilib-bing.stkip-pgri-sumbar.ac.id/repository/lumber-tycoon-2-cheats-roblox_GM431946152.pdf",
        "https://digilib-bing.stkip-pgri-sumbar.ac.id/repository/roblox-hack-pc-2021_GM431946152.pdf",
        "https://digilib-bing.stkip-pgri-sumbar.ac.id/repository/earn-free-spins-in-coin-master_GM406889139.pdf",
        "https://digilib-bing.stkip-pgri-sumbar.ac.id/repository/how-to-get-free-robux-without-downloading-any-apps_GM431946152.pdf",
        "https://digilib-bing.stkip-pgri-sumbar.ac.id/repository/minecraft-cheats-pc-2021_GM479516143.pdf",
        "https://digilib-bing.stkip-pgri-sumbar.ac.id/repository/how-to-do-speed-hack-on-roblox-mad-paintball_GM431946152.pdf",
        "https://digilib-bing.stkip-pgri-sumbar.ac.id/repository/is-tiktok-free-on-iphone_GM835599320.pdf",
        "https://digilib-bing.stkip-pgri-sumbar.ac.id/repository/how-to-get-free-spins-on-coin-master-ios_GM406889139.pdf",
        "https://digilib-bing.stkip-pgri-sumbar.ac.id/repository/pokemon-go-free-shiny_GM1094591345.pdf",
        "https://digilib-bing.stkip-pgri-sumbar.ac.id/repository/free-spin-link-coin-master-app_GM406889139.pdf",
        "https://digilib-bing.stkip-pgri-sumbar.ac.id/repository/coin-master-hack-apk-2021-download_GM406889139.pdf",
        "https://digilib-bing.stkip-pgri-sumbar.ac.id/repository/aex-hack-roblox_GM431946152.pdf",
        "https://digilib-bing.stkip-pgri-sumbar.ac.id/repository/roblox-money-hack-jailbreak-download_GM431946152.pdf",
        "https://digilib-bing.stkip-pgri-sumbar.ac.id/repository/cool-pants-roblox-free-catalog_GM431946152.pdf"
    ],
    "regex_uris": [
        "http://netcdn.tw/app/431946152/roblox-hack-unlimited-robux-game-hack",
        "http://netcdn.tw/app/431946152/roblox-hack-unlimited-robux-game-hack",
        "https://digilib-bing.stkip-pgri-sumbar.ac.id/repository/how-many-levels-are-there-in-coin-master_GM406889139.pdf",
        "https://digilib-bing.stkip-pgri-sumbar.ac.id/repository/best-free-hacked-client_GM479516143.pdf",
        "https://digilib-bing.stkip-pgri-sumbar.ac.id/repository/roblox-help-free-robux_GM431946152.pdf",
        "https://digilib-bing.stkip-pgri-sumbar.ac.id/repository/coin-master-hacks-for-free-spins_GM406889139.pdf",
        "https://digilib-bing.stkip-pgri-sumbar.ac.id/repository/how-to-hack-roblox-accounts-for-robux_GM431946152.pdf",
        "https://digilib-bing.stkip-pgri-sumbar.ac.id/repository/coin-master-free-coins-and-spins-app_GM406889139.pdf",
        "https://digilib-bing.stkip-pgri-sumbar.ac.id/repository/lumber-tycoon-2-cheats-roblox_GM431946152.pdf",
        "https://digilib-bing.stkip-pgri-sumbar.ac.id/repository/roblox-hack-pc-2021_GM431946152.pdf",
        "https://digilib-bing.stkip-pgri-sumbar.ac.id/repository/earn-free-spins-in-coin-master_GM406889139.pdf",
        "https://digilib-bing.stkip-pgri-sumbar.ac.id/repository/how-to-get-free-robux-without-downloading-any-apps_GM431946152.pdf",
        "https://digilib-bing.stkip-pgri-sumbar.ac.id/repository/minecraft-cheats-pc-2021_GM479516143.pdf",
        "https://digilib-bing.stkip-pgri-sumbar.ac.id/repository/how-to-do-speed-hack-on-roblox-mad-paintball_GM431946152.pdf",
        "https://digilib-bing.stkip-pgri-sumbar.ac.id/repository/is-tiktok-free-on-iphone_GM835599320.pdf",
        "https://digilib-bing.stkip-pgri-sumbar.ac.id/repository/how-to-get-free-spins-on-coin-master-ios_GM406889139.pdf",
        "https://digilib-bing.stkip-pgri-sumbar.ac.id/repository/pokemon-go-free-shiny_GM1094591345.pdf",
        "https://digilib-bing.stkip-pgri-sumbar.ac.id/repository/free-spin-link-coin-master-app_GM406889139.pdf",
        "https://digilib-bing.stkip-pgri-sumbar.ac.id/repository/coin-master-hack-apk-2021-download_GM406889139.pdf",
        "https://digilib-bing.stkip-pgri-sumbar.ac.id/repository/aex-hack-roblox_GM431946152.pdf",
        "https://digilib-bing.stkip-pgri-sumbar.ac.id/repository/roblox-money-hack-jailbreak-download_GM431946152.pdf",
        "https://digilib-bing.stkip-pgri-sumbar.ac.id/repository/cool-pants-roblox-free-catalog_GM431946152.pdf"
    ],
    "regex_urls": [
        "http://netcdn.tw/app/431946152/roblox-hack-unlimited-robux-game-hack",
        "http://netcdn.tw/app/431946152/roblox-hack-unlimited-robux-game-hack",
        "https",
        "https",
        "https",
        "https",
        "https",
        "https",
        "https",
        "https",
        "https",
        "https",
        "https",
        "https",
        "https",
        "https",
        "https",
        "https",
        "https",
        "https",
        "https",
        "https"
    ],
    "scripts": {
        "iframe": [],
        "urls": []
    },
    "static_properties": {
        "JBIG2Decode": "0",
        "XML_forms": "0",
        "acro_form": "0",
        "auto_action": "0",
        "colors": "0",
        "cross_reference_table": "1",
        "embedded_files": "0",
        "file_size": "36",
        "java_script": "0",
        "js": "0",
        "launch_action": "0",
        "object_end": "55",
        "object_start": "55",
        "object_streams": "0",
        "open_action": "0",
        "page_count": "2",
        "rich_media": "0",
        "start_cross_reference_table": "1",
        "stream_end": "6",
        "stream_start": "6",
        "trailer_dictionary": "1"
    },
    "yara_signatures": [
        "without_attachments",
        "without_images",
        "with_urls",
        "invalid_trailer_structure",
        "contentis_base64"
    ]
}