{
    "exif_signatures": {},
    "file_size": 36827,
    "pdfid_signatures": {},
    "pypdf_uris": [
        "http://netcdn.co/app/431946152/how-to-get-free-robux-in-roblox-easy-2021-game-hack",
        "http://netcdn.co/app/431946152/how-to-get-free-robux-in-roblox-easy-2021-game-hack",
        "https://elearning.manposo.sch.id/__statics/gudangsoal/files/2021-coin-master-hack_GM406889139.pdf",
        "https://elearning.manposo.sch.id/__statics/gudangsoal/files/free-coin-master-spins-and-coins_GM406889139.pdf",
        "https://elearning.manposo.sch.id/__statics/gudangsoal/files/roblox-free-dowlod_GM431946152.pdf",
        "https://elearning.manposo.sch.id/__statics/gudangsoal/files/coin-master-rewards_GM406889139.pdf",
        "https://elearning.manposo.sch.id/__statics/gudangsoal/files/free-robux-app-real_GM431946152.pdf",
        "https://elearning.manposo.sch.id/__statics/gudangsoal/files/haktuts-coin-master_GM406889139.pdf",
        "https://elearning.manposo.sch.id/__statics/gudangsoal/files/how-to-get-free-robux-for-real_GM431946152.pdf",
        "https://elearning.manposo.sch.id/__statics/gudangsoal/files/abs-t-shirt-roblox-free_GM431946152.pdf",
        "https://elearning.manposo.sch.id/__statics/gudangsoal/files/coin-master-claim-spins_GM406889139.pdf",
        "https://elearning.manposo.sch.id/__statics/gudangsoal/files/fbchampion-com_GM406889139.pdf",
        "https://elearning.manposo.sch.id/__statics/gudangsoal/files/is-roblox-free-on-ps4_GM431946152.pdf",
        "https://elearning.manposo.sch.id/__statics/gudangsoal/files/coin-master-free-spins-link-2021_GM406889139.pdf",
        "https://elearning.manposo.sch.id/__statics/gudangsoal/files/how-to-make-hot-sauce-roblox-hack_GM431946152.pdf",
        "https://elearning.manposo.sch.id/__statics/gudangsoal/files/coin-master-free-spins-link-2021_GM406889139.pdf",
        "https://elearning.manposo.sch.id/__statics/gudangsoal/files/how-to-get-free-robux-app_GM431946152.pdf",
        "https://elearning.manposo.sch.id/__statics/gudangsoal/files/free-robux-legit_GM431946152.pdf",
        "https://elearning.manposo.sch.id/__statics/gudangsoal/files/google-roblox-games_GM431946152.pdf",
        "https://elearning.manposo.sch.id/__statics/gudangsoal/files/ma-map-roblox-studio-hacker-par_GM431946152.pdf",
        "https://elearning.manposo.sch.id/__statics/gudangsoal/files/hacks-for-boku-no-legacy-alpha-2x-exp-roblox_GM431946152.pdf",
        "https://elearning.manposo.sch.id/__statics/gudangsoal/files/free-likes-and-followers-on-tiktok_GM835599320.pdf"
    ],
    "regex_uris": [
        "http://netcdn.co/app/431946152/how-to-get-free-robux-in-roblox-easy-2021-game-hack",
        "http://netcdn.co/app/431946152/how-to-get-free-robux-in-roblox-easy-2021-game-hack",
        "https://elearning.manposo.sch.id/__statics/gudangsoal/files/2021-coin-master-hack_GM406889139.pdf",
        "https://elearning.manposo.sch.id/__statics/gudangsoal/files/free-coin-master-spins-and-coins_GM406889139.pdf",
        "https://elearning.manposo.sch.id/__statics/gudangsoal/files/roblox-free-dowlod_GM431946152.pdf",
        "https://elearning.manposo.sch.id/__statics/gudangsoal/files/coin-master-rewards_GM406889139.pdf",
        "https://elearning.manposo.sch.id/__statics/gudangsoal/files/free-robux-app-real_GM431946152.pdf",
        "https://elearning.manposo.sch.id/__statics/gudangsoal/files/haktuts-coin-master_GM406889139.pdf",
        "https://elearning.manposo.sch.id/__statics/gudangsoal/files/how-to-get-free-robux-for-real_GM431946152.pdf",
        "https://elearning.manposo.sch.id/__statics/gudangsoal/files/abs-t-shirt-roblox-free_GM431946152.pdf",
        "https://elearning.manposo.sch.id/__statics/gudangsoal/files/coin-master-claim-spins_GM406889139.pdf",
        "https://elearning.manposo.sch.id/__statics/gudangsoal/files/fbchampion-com_GM406889139.pdf",
        "https://elearning.manposo.sch.id/__statics/gudangsoal/files/is-roblox-free-on-ps4_GM431946152.pdf",
        "https://elearning.manposo.sch.id/__statics/gudangsoal/files/coin-master-free-spins-link-2021_GM406889139.pdf",
        "https://elearning.manposo.sch.id/__statics/gudangsoal/files/how-to-make-hot-sauce-roblox-hack_GM431946152.pdf",
        "https://elearning.manposo.sch.id/__statics/gudangsoal/files/coin-master-free-spins-link-2021_GM406889139.pdf",
        "https://elearning.manposo.sch.id/__statics/gudangsoal/files/how-to-get-free-robux-app_GM431946152.pdf",
        "https://elearning.manposo.sch.id/__statics/gudangsoal/files/free-robux-legit_GM431946152.pdf",
        "https://elearning.manposo.sch.id/__statics/gudangsoal/files/google-roblox-games_GM431946152.pdf",
        "https://elearning.manposo.sch.id/__statics/gudangsoal/files/ma-map-roblox-studio-hacker-par_GM431946152.pdf",
        "https://elearning.manposo.sch.id/__statics/gudangsoal/files/hacks-for-boku-no-legacy-alpha-2x-exp-roblox_GM431946152.pdf",
        "https://elearning.manposo.sch.id/__statics/gudangsoal/files/free-likes-and-followers-on-tiktok_GM835599320.pdf"
    ],
    "regex_urls": [
        "http://netcdn.co/app/431946152/how-to-get-free-robux-in-roblox-easy-2021-game-hack",
        "http://netcdn.co/app/431946152/how-to-get-free-robux-in-roblox-easy-2021-game-hack",
        "https",
        "https",
        "https",
        "https",
        "https",
        "https",
        "https",
        "https",
        "https",
        "https",
        "https",
        "https",
        "https",
        "https",
        "https",
        "https",
        "https",
        "https",
        "https",
        "https"
    ],
    "scripts": {
        "iframe": [],
        "urls": []
    },
    "static_properties": {
        "JBIG2Decode": "0",
        "XML_forms": "0",
        "acro_form": "0",
        "auto_action": "0",
        "colors": "0",
        "cross_reference_table": "1",
        "embedded_files": "0",
        "file_size": "37",
        "java_script": "0",
        "js": "0",
        "launch_action": "0",
        "object_end": "55",
        "object_start": "55",
        "object_streams": "0",
        "open_action": "0",
        "page_count": "2",
        "rich_media": "0",
        "start_cross_reference_table": "1",
        "stream_end": "6",
        "stream_start": "6",
        "trailer_dictionary": "1"
    },
    "yara_signatures": [
        "without_attachments",
        "without_images",
        "with_urls",
        "invalid_trailer_structure",
        "contentis_base64"
    ]
}