{
    "exif_signatures": {},
    "file_size": 102634,
    "pdfid_signatures": {},
    "pypdf_uris": [
        "http://getpdf.pw/book?res=123&isbn=9780757002366&kwd=The%20Irlen%20Revolution%20:%20A%20Guide%20to%20Changing%20Your%20Perception%20and%20Your%20Life",
        "http://getpdf.pw/book?res=123&isbn=9780757002366&kwd=The%20Irlen%20Revolution%20:%20A%20Guide%20to%20Changing%20Your%20Perception%20and%20Your%20Life",
        "https://static.s123-cdn.com/uploads/4649446/normal_61ab2946f03f3.pdf",
        "https://cdn-cms.f-static.net/uploads/4650435/normal_61ab158132043.pdf"
    ],
    "regex_uris": [
        "http://getpdf.pw/book?res=123&isbn=9780757002366&kwd=The%20Irlen%20Revolution%20:%20A%20Guide%20to%20Changing%20Your%20Perception%20and%20Your%20Life",
        "http://getpdf.pw/book?res=123&isbn=9780757002366&kwd=The%20Irlen%20Revolution%20:%20A%20Guide%20to%20Changing%20Your%20Perception%20and%20Your%20Life",
        "https://static.s123-cdn.com/uploads/4649446/normal_61ab2946f03f3.pdf",
        "https://cdn-cms.f-static.net/uploads/4650435/normal_61ab158132043.pdf"
    ],
    "regex_urls": [
        "http://getpdf.pw/book?res=123",
        "http://getpdf.pw/book?res=123",
        "https",
        "https"
    ],
    "scripts": {
        "iframe": [],
        "urls": []
    },
    "static_properties": {
        "JBIG2Decode": "0",
        "XML_forms": "0",
        "acro_form": "0",
        "auto_action": "0",
        "colors": "0",
        "cross_reference_table": "1",
        "embedded_files": "0",
        "file_size": "103",
        "java_script": "0",
        "js": "0",
        "launch_action": "0",
        "object_end": "69",
        "object_start": "69",
        "object_streams": "0",
        "open_action": "0",
        "page_count": "6",
        "rich_media": "0",
        "start_cross_reference_table": "1",
        "stream_end": "13",
        "stream_start": "13",
        "trailer_dictionary": "1"
    },
    "yara_signatures": [
        "without_attachments",
        "without_images",
        "with_urls",
        "invalid_trailer_structure",
        "contentis_base64"
    ]
}