{
    "exif_signatures": {},
    "file_size": 379583,
    "pdfid_signatures": {},
    "pypdf_uris": [
        "https://fecuq.co.za/XSRYdR1H?utm_term=codebreaker+challenge+answers",
        "http://xaydunglenguyen.vn/upload/files/18ae78.pdf",
        "http://braintradingbcn.com/wp-content/plugins/super-forms/uploads/php/files/336d51e2140cd01342ade541547b33e9/61905457370.pdf",
        "http://hasicimosnov.cz/foto/Image/file/31451318385.pdf",
        "https://unique-u.biz/images/uploads/file/72475510232.pdf",
        "https://www.sharpeningfactory.com/wp-content/plugins/formcraft/file-upload/server/content/files/1619c6d994f237---losujigugasaviturir.pdf",
        "http://nessium.fr/userfiles/file/64390500755.pdf",
        "https://www.oabrn.org.br/2017/_ups/files/files/tejajobi.pdf",
        "http://intimatehotelpattaya.com/image/upload/File/28962589004.pdf",
        "http://www.oloron-ste-marie.fr/Oloron/kcfinder/upload/files/8277857961.pdf",
        "https://mchs.kz/userfiles/File/zusef.pdf",
        "http://kipia-nn.ru/userfiles/file/2592716288.pdf",
        "http://vakantie-noordlimburg.nl/ckfinder/userfiles/files/wigoboredakep.pdf",
        "https://bookings.gulfstarsports.com/admin/kcfinder/upload/files/lofedediletuke.pdf",
        "https://vayamcs.com/content_files/files/xasalot.pdf",
        "http://meta-min.com/files/98782056194.pdf",
        "http://constructionone.com.br/wp-content/plugins/formcraft/file-upload/server/content/files/161ab969551a3a---bivorotewesumifoga.pdf",
        "http://rhondachem.com/d/files/lajokevowijegeta.pdf",
        "https://travelsafeway.com/userfiles/file/45733552536.pdf"
    ],
    "regex_uris": [
        "https://fecuq.co.za/XSRYdR1H?utm_term=codebreaker+challenge+answers",
        "http://xaydunglenguyen.vn/upload/files/18ae78.pdf",
        "http://braintradingbcn.com/wp-content/plugins/super-forms/uploads/php/files/336d51e2140cd01342ade541547b33e9/61905457370.pdf",
        "http://hasicimosnov.cz/foto/Image/file/31451318385.pdf",
        "https://unique-u.biz/images/uploads/file/72475510232.pdf",
        "https://www.sharpeningfactory.com/wp-content/plugins/formcraft/file-upload/server/content/files/1619c6d994f237---losujigugasaviturir.pdf",
        "http://nessium.fr/userfiles/file/64390500755.pdf",
        "https://www.oabrn.org.br/2017/_ups/files/files/tejajobi.pdf",
        "http://intimatehotelpattaya.com/image/upload/File/28962589004.pdf",
        "http://www.oloron-ste-marie.fr/Oloron/kcfinder/upload/files/8277857961.pdf",
        "https://mchs.kz/userfiles/File/zusef.pdf",
        "http://kipia-nn.ru/userfiles/file/2592716288.pdf",
        "http://vakantie-noordlimburg.nl/ckfinder/userfiles/files/wigoboredakep.pdf",
        "https://bookings.gulfstarsports.com/admin/kcfinder/upload/files/lofedediletuke.pdf",
        "https://vayamcs.com/content_files/files/xasalot.pdf",
        "http://meta-min.com/files/98782056194.pdf",
        "http://constructionone.com.br/wp-content/plugins/formcraft/file-upload/server/content/files/161ab969551a3a---bivorotewesumifoga.pdf",
        "http://rhondachem.com/d/files/lajokevowijegeta.pdf",
        "https://travelsafeway.com/userfiles/file/45733552536.pdf"
    ],
    "regex_urls": [
        "https",
        "http://xaydunglenguyen.vn/upload/files/18ae78.pdf",
        "http://braintradingbcn.com/wp-content/plugins/super-forms/uploads/php/files/336d51e2140cd01342ade541547b33e9/61905457370.pdf",
        "http://hasicimosnov.cz/foto/Image/file/31451318385.pdf",
        "https",
        "https",
        "www.sharpeningfactory.com/wp-content/plugins/formcraft/file-upload/server/content/files/1619c6d994f237---losujigugasaviturir.pdf",
        "http://nessium.fr/userfiles/file/64390500755.pdf",
        "https",
        "www.oabrn.org.br/2017/_ups/files/files/tejajobi.pdf",
        "http://intimatehotelpattaya.com/image/upload/File/28962589004.pdf",
        "http://www.oloron-ste-marie.fr/Oloron/kcfinder/upload/files/8277857961.pdf",
        "https",
        "http://kipia-nn.ru/userfiles/file/2592716288.pdf",
        "http://vakantie-noordlimburg.nl/ckfinder/userfiles/files/wigoboredakep.pdf",
        "https",
        "https",
        "http://meta-min.com/files/98782056194.pdf",
        "http://constructionone.com.br/wp-content/plugins/formcraft/file-upload/server/content/files/161ab969551a3a---bivorotewesumifoga.pdf",
        "http://rhondachem.com/d/files/lajokevowijegeta.pdf",
        "https",
        "http://www.w3.org/1999/02/22-rdf-syntax-ns#",
        "http://purl.org/dc/elements/1.1/",
        "http://ns.adobe.com/pdf/1.3/",
        "http://ns.adobe.com/xap/1.0/",
        "http://ns.adobe.com/xap/1.0/mm/",
        "http://ns.adobe.com/xap/1.0/rights/"
    ],
    "scripts": {
        "iframe": [],
        "urls": []
    },
    "static_properties": {
        "JBIG2Decode": "0",
        "XML_forms": "0",
        "acro_form": "0",
        "auto_action": "0",
        "colors": "0",
        "cross_reference_table": "2",
        "embedded_files": "0",
        "file_size": "380",
        "java_script": "0",
        "js": "0",
        "launch_action": "0",
        "object_end": "80",
        "object_start": "80",
        "object_streams": "0",
        "open_action": "0",
        "page_count": "4",
        "rich_media": "0",
        "start_cross_reference_table": "2",
        "stream_end": "20",
        "stream_start": "20",
        "trailer_dictionary": "2"
    },
    "yara_signatures": [
        "without_attachments",
        "without_images",
        "with_urls",
        "invalid_trailer_structure",
        "multiple_versions",
        "contentis_base64",
        "Big_Numbers1"
    ]
}