{
    "exif_signatures": {},
    "file_size": 45747,
    "pdfid_signatures": {},
    "pypdf_uris": [
        "https://netcdn.xyz/app/431946152/how-to-get-free-robux-by-playing-games-game-hack",
        "https://netcdn.xyz/app/431946152/how-to-get-free-robux-by-playing-games-game-hack",
        "https://elearning.manicp.sch.id/__statics/gudangsoal/files/free-coins-coin-master-link_GM406889139.pdf",
        "https://elearning.manicp.sch.id/__statics/gudangsoal/files/free-promo-codes-for-robux_GM431946152.pdf",
        "https://elearning.manicp.sch.id/__statics/gudangsoal/files/robux-hack-tools_GM431946152.pdf",
        "https://elearning.manicp.sch.id/__statics/gudangsoal/files/http-bitly-coin-master-free-2021-spins_GM406889139.pdf",
        "https://elearning.manicp.sch.id/__statics/gudangsoal/files/daily-free-spins_GM406889139.pdf",
        "https://elearning.manicp.sch.id/__statics/gudangsoal/files/coin-master-free-coins-and-spins-link-today_GM406889139.pdf",
        "https://elearning.manicp.sch.id/__statics/gudangsoal/files/minecraft-beta-free_GM479516143.pdf",
        "https://elearning.manicp.sch.id/__statics/gudangsoal/files/free-unlimited-coin-master-online-tool_GM406889139.pdf",
        "https://elearning.manicp.sch.id/__statics/gudangsoal/files/daily-free-spin-link-for-coin-master_GM406889139.pdf",
        "https://elearning.manicp.sch.id/__statics/gudangsoal/files/how-do-you-hack-roblox_GM431946152.pdf",
        "https://elearning.manicp.sch.id/__statics/gudangsoal/files/free-spin-links-coin-master-2021_GM406889139.pdf",
        "https://elearning.manicp.sch.id/__statics/gudangsoal/files/roblox-hack-unlimited-robux_GM431946152.pdf",
        "https://elearning.manicp.sch.id/__statics/gudangsoal/files/free-coins-and-spins-coin-master-2021_GM406889139.pdf",
        "https://elearning.manicp.sch.id/__statics/gudangsoal/files/freespinandcoin-blogspot-coin-master_GM406889139.pdf",
        "https://elearning.manicp.sch.id/__statics/gudangsoal/files/200-free-spins-coin-master_GM406889139.pdf",
        "https://elearning.manicp.sch.id/__statics/gudangsoal/files/roblox-free-clothes-codes_GM431946152.pdf",
        "https://elearning.manicp.sch.id/__statics/gudangsoal/files/robux-best_GM431946152.pdf",
        "https://elearning.manicp.sch.id/__statics/gudangsoal/files/roblox-hack-tool_GM431946152.pdf",
        "https://elearning.manicp.sch.id/__statics/gudangsoal/files/free-coin-master-spins-2021_GM406889139.pdf",
        "https://elearning.manicp.sch.id/__statics/gudangsoal/files/coin-master-mod-version-free-download-v344_GM406889139.pdf"
    ],
    "regex_uris": [
        "https://netcdn.xyz/app/431946152/how-to-get-free-robux-by-playing-games-game-hack",
        "https://netcdn.xyz/app/431946152/how-to-get-free-robux-by-playing-games-game-hack",
        "https://elearning.manicp.sch.id/__statics/gudangsoal/files/free-coins-coin-master-link_GM406889139.pdf",
        "https://elearning.manicp.sch.id/__statics/gudangsoal/files/free-promo-codes-for-robux_GM431946152.pdf",
        "https://elearning.manicp.sch.id/__statics/gudangsoal/files/robux-hack-tools_GM431946152.pdf",
        "https://elearning.manicp.sch.id/__statics/gudangsoal/files/http-bitly-coin-master-free-2021-spins_GM406889139.pdf",
        "https://elearning.manicp.sch.id/__statics/gudangsoal/files/daily-free-spins_GM406889139.pdf",
        "https://elearning.manicp.sch.id/__statics/gudangsoal/files/coin-master-free-coins-and-spins-link-today_GM406889139.pdf",
        "https://elearning.manicp.sch.id/__statics/gudangsoal/files/minecraft-beta-free_GM479516143.pdf",
        "https://elearning.manicp.sch.id/__statics/gudangsoal/files/free-unlimited-coin-master-online-tool_GM406889139.pdf",
        "https://elearning.manicp.sch.id/__statics/gudangsoal/files/daily-free-spin-link-for-coin-master_GM406889139.pdf",
        "https://elearning.manicp.sch.id/__statics/gudangsoal/files/how-do-you-hack-roblox_GM431946152.pdf",
        "https://elearning.manicp.sch.id/__statics/gudangsoal/files/free-spin-links-coin-master-2021_GM406889139.pdf",
        "https://elearning.manicp.sch.id/__statics/gudangsoal/files/roblox-hack-unlimited-robux_GM431946152.pdf",
        "https://elearning.manicp.sch.id/__statics/gudangsoal/files/free-coins-and-spins-coin-master-2021_GM406889139.pdf",
        "https://elearning.manicp.sch.id/__statics/gudangsoal/files/freespinandcoin-blogspot-coin-master_GM406889139.pdf",
        "https://elearning.manicp.sch.id/__statics/gudangsoal/files/200-free-spins-coin-master_GM406889139.pdf",
        "https://elearning.manicp.sch.id/__statics/gudangsoal/files/roblox-free-clothes-codes_GM431946152.pdf",
        "https://elearning.manicp.sch.id/__statics/gudangsoal/files/robux-best_GM431946152.pdf",
        "https://elearning.manicp.sch.id/__statics/gudangsoal/files/roblox-hack-tool_GM431946152.pdf",
        "https://elearning.manicp.sch.id/__statics/gudangsoal/files/free-coin-master-spins-2021_GM406889139.pdf",
        "https://elearning.manicp.sch.id/__statics/gudangsoal/files/coin-master-mod-version-free-download-v344_GM406889139.pdf"
    ],
    "regex_urls": [
        "https",
        "https",
        "https",
        "https",
        "https",
        "https",
        "https",
        "https",
        "https",
        "https",
        "https",
        "https",
        "https",
        "https",
        "https",
        "https",
        "https",
        "https",
        "https",
        "https",
        "https",
        "https"
    ],
    "scripts": {
        "iframe": [],
        "urls": []
    },
    "static_properties": {
        "JBIG2Decode": "0",
        "XML_forms": "0",
        "acro_form": "0",
        "auto_action": "0",
        "colors": "0",
        "cross_reference_table": "1",
        "embedded_files": "0",
        "file_size": "46",
        "java_script": "0",
        "js": "1",
        "launch_action": "0",
        "object_end": "60",
        "object_start": "60",
        "object_streams": "0",
        "open_action": "0",
        "page_count": "3",
        "rich_media": "0",
        "start_cross_reference_table": "1",
        "stream_end": "7",
        "stream_start": "7",
        "trailer_dictionary": "1"
    },
    "yara_signatures": [
        "without_attachments",
        "without_images",
        "with_urls",
        "invalid_trailer_structure",
        "contentis_base64"
    ]
}