{
    "exif_signatures": {},
    "file_size": 37052,
    "pdfid_signatures": {},
    "pypdf_uris": [
        "http://netcdn.tw/app/431946152/roblox-piano-hack-game-hack",
        "http://netcdn.tw/app/431946152/roblox-piano-hack-game-hack",
        "https://elearning.mtsn3kebumen.sch.id/__statics/gudangsoal/files/coinmaster-rewards_GM406889139.pdf",
        "https://elearning.mtsn3kebumen.sch.id/__statics/gudangsoal/files/robux-hacks-using-pastebin_GM431946152.pdf",
        "https://elearning.mtsn3kebumen.sch.id/__statics/gudangsoal/files/how-to-get-free-robux-without-downloading-anything_GM431946152.pdf",
        "https://elearning.mtsn3kebumen.sch.id/__statics/gudangsoal/files/free-roblox_GM431946152.pdf",
        "https://elearning.mtsn3kebumen.sch.id/__statics/gudangsoal/files/gratis-hack-royale-hihg-roblox-2021_GM431946152.pdf",
        "https://elearning.mtsn3kebumen.sch.id/__statics/gudangsoal/files/codes-roblox-pants-hacker_GM431946152.pdf",
        "https://elearning.mtsn3kebumen.sch.id/__statics/gudangsoal/files/how-to-legally-get-free-spins-in-coin-master_GM406889139.pdf",
        "https://elearning.mtsn3kebumen.sch.id/__statics/gudangsoal/files/how-do-we-get-free-robux_GM431946152.pdf",
        "https://elearning.mtsn3kebumen.sch.id/__statics/gudangsoal/files/coin-master-free-snacks-link_GM406889139.pdf",
        "https://elearning.mtsn3kebumen.sch.id/__statics/gudangsoal/files/coin-master-hack-apk-july-2021_GM406889139.pdf",
        "https://elearning.mtsn3kebumen.sch.id/__statics/gudangsoal/files/free-robux-without-doing-anything_GM431946152.pdf",
        "https://elearning.mtsn3kebumen.sch.id/__statics/gudangsoal/files/coin-master-free-rewards-link_GM406889139.pdf",
        "https://elearning.mtsn3kebumen.sch.id/__statics/gudangsoal/files/free-spins-and-coins-com_GM406889139.pdf",
        "https://elearning.mtsn3kebumen.sch.id/__statics/gudangsoal/files/block-best-robux_GM431946152.pdf",
        "https://elearning.mtsn3kebumen.sch.id/__statics/gudangsoal/files/roblox-hack-2021-download_GM431946152.pdf",
        "https://elearning.mtsn3kebumen.sch.id/__statics/gudangsoal/files/op-rewards-free-robux_GM431946152.pdf",
        "https://elearning.mtsn3kebumen.sch.id/__statics/gudangsoal/files/60-free-spins-coin-master_GM406889139.pdf",
        "https://elearning.mtsn3kebumen.sch.id/__statics/gudangsoal/files/50-free-spins-coin-master-links_GM406889139.pdf",
        "https://elearning.mtsn3kebumen.sch.id/__statics/gudangsoal/files/coin-master-hack-version-download-2021_GM406889139.pdf",
        "https://elearning.mtsn3kebumen.sch.id/__statics/gudangsoal/files/coin-master-free-spins-without-verification_GM406889139.pdf"
    ],
    "regex_uris": [
        "http://netcdn.tw/app/431946152/roblox-piano-hack-game-hack",
        "http://netcdn.tw/app/431946152/roblox-piano-hack-game-hack",
        "https://elearning.mtsn3kebumen.sch.id/__statics/gudangsoal/files/coinmaster-rewards_GM406889139.pdf",
        "https://elearning.mtsn3kebumen.sch.id/__statics/gudangsoal/files/robux-hacks-using-pastebin_GM431946152.pdf",
        "https://elearning.mtsn3kebumen.sch.id/__statics/gudangsoal/files/how-to-get-free-robux-without-downloading-anything_GM431946152.pdf",
        "https://elearning.mtsn3kebumen.sch.id/__statics/gudangsoal/files/free-roblox_GM431946152.pdf",
        "https://elearning.mtsn3kebumen.sch.id/__statics/gudangsoal/files/gratis-hack-royale-hihg-roblox-2021_GM431946152.pdf",
        "https://elearning.mtsn3kebumen.sch.id/__statics/gudangsoal/files/codes-roblox-pants-hacker_GM431946152.pdf",
        "https://elearning.mtsn3kebumen.sch.id/__statics/gudangsoal/files/how-to-legally-get-free-spins-in-coin-master_GM406889139.pdf",
        "https://elearning.mtsn3kebumen.sch.id/__statics/gudangsoal/files/how-do-we-get-free-robux_GM431946152.pdf",
        "https://elearning.mtsn3kebumen.sch.id/__statics/gudangsoal/files/coin-master-free-snacks-link_GM406889139.pdf",
        "https://elearning.mtsn3kebumen.sch.id/__statics/gudangsoal/files/coin-master-hack-apk-july-2021_GM406889139.pdf",
        "https://elearning.mtsn3kebumen.sch.id/__statics/gudangsoal/files/free-robux-without-doing-anything_GM431946152.pdf",
        "https://elearning.mtsn3kebumen.sch.id/__statics/gudangsoal/files/coin-master-free-rewards-link_GM406889139.pdf",
        "https://elearning.mtsn3kebumen.sch.id/__statics/gudangsoal/files/free-spins-and-coins-com_GM406889139.pdf",
        "https://elearning.mtsn3kebumen.sch.id/__statics/gudangsoal/files/block-best-robux_GM431946152.pdf",
        "https://elearning.mtsn3kebumen.sch.id/__statics/gudangsoal/files/roblox-hack-2021-download_GM431946152.pdf",
        "https://elearning.mtsn3kebumen.sch.id/__statics/gudangsoal/files/op-rewards-free-robux_GM431946152.pdf",
        "https://elearning.mtsn3kebumen.sch.id/__statics/gudangsoal/files/60-free-spins-coin-master_GM406889139.pdf",
        "https://elearning.mtsn3kebumen.sch.id/__statics/gudangsoal/files/50-free-spins-coin-master-links_GM406889139.pdf",
        "https://elearning.mtsn3kebumen.sch.id/__statics/gudangsoal/files/coin-master-hack-version-download-2021_GM406889139.pdf",
        "https://elearning.mtsn3kebumen.sch.id/__statics/gudangsoal/files/coin-master-free-spins-without-verification_GM406889139.pdf"
    ],
    "regex_urls": [
        "http://netcdn.tw/app/431946152/roblox-piano-hack-game-hack",
        "http://netcdn.tw/app/431946152/roblox-piano-hack-game-hack",
        "https",
        "https",
        "https",
        "https",
        "https",
        "https",
        "https",
        "https",
        "https",
        "https",
        "https",
        "https",
        "https",
        "https",
        "https",
        "https",
        "https",
        "https",
        "https",
        "https"
    ],
    "scripts": {
        "iframe": [],
        "urls": []
    },
    "static_properties": {
        "JBIG2Decode": "0",
        "XML_forms": "0",
        "acro_form": "0",
        "auto_action": "0",
        "colors": "0",
        "cross_reference_table": "1",
        "embedded_files": "0",
        "file_size": "37",
        "java_script": "0",
        "js": "0",
        "launch_action": "0",
        "object_end": "55",
        "object_start": "55",
        "object_streams": "0",
        "open_action": "0",
        "page_count": "2",
        "rich_media": "0",
        "start_cross_reference_table": "1",
        "stream_end": "6",
        "stream_start": "6",
        "trailer_dictionary": "1"
    },
    "yara_signatures": [
        "without_attachments",
        "without_images",
        "with_urls",
        "invalid_trailer_structure",
        "contentis_base64"
    ]
}