{
    "exif_signatures": {},
    "file_size": 551622,
    "pdfid_signatures": {},
    "pypdf_uris": [
        "https://podar.co.za/XSRYdR1H?utm_term=adventure+games+android+match+3",
        "http://littlepearlbooks.in/data/eimages/file/62113390349.pdf",
        "http://johndanton.com/customer/3/d/9/3d947ad6ce2568d98b832ccf5548371bFile/gabar.pdf",
        "http://bishnutoursandtravels.in/userfiles/file/gamesatamekalokodipupiz.pdf",
        "http://piazzademarini3ge.com/userfiles/files/wupovokazejovukejowesu.pdf",
        "http://h04ydivan.ru/userfiles/file/67623230805.pdf",
        "http://cedresarquitectura.com/wp-content/plugins/formcraft/file-upload/server/content/files/16145284ee1695---damani.pdf",
        "https://netiko.fr/img/Data/file/rafofozizo.pdf",
        "http://www.korsun.ic.ck.ua/js/kcfinder/upload/files/72105851047.pdf",
        "https://k-barrierfree.com/FileData/ckfinder/files/20210802_97B0B6BDA16A0D1F.pdf",
        "http://ghanzi.net/kcfinder/upload/files/85651023558.pdf",
        "https://ctapigroup3.com/contents//files/15583811755.pdf",
        "https://ijaetis.org/ckfinder/userfiles/files/salasaz.pdf",
        "http://jandebruijn.com/uploadimages/files/68281430111.pdf",
        "https://bodegoncriollo.com/userfiles/file/marizikovinevenokokemilug.pdf",
        "https://zlataraburmevuckovic.com/files/94321477314.pdf",
        "https://stcatherine.ac.ug/wp-content/plugins/formcraft/file-upload/server/content/files/161885949b6176---85223640886.pdf",
        "http://www.ooodkx.ru/ckeditor/kcfinder/upload/files/32269752541.pdf",
        "http://armiikrajowej36.pl/public/upload/ckfinder/userfiles/files/gavebomixakoz.pdf",
        "http://www.w.radeton.cz/ckfinder/userfiles/files/53498113743.pdf",
        "http://covina.crazyrockinsushi.com/uploads/files/15746331555.pdf",
        "http://vhshf.de/File/zozusaze.pdf",
        "http://reside-realestate.de/user_files/files/88743049625.pdf",
        "https://topinsolventa.ro/userfiles/file/92174495026.pdf",
        "https://studiogreenwich.ru/wp-content/plugins/super-forms/uploads/php/files/f667c95a346dcaa73ca4df16affaaafc/pewenokud.pdf",
        "http://belniig.by/public/file/domibogalobif.pdf",
        "http://www.advokat.com/app/webroot/img/fck/file/wezelenopez.pdf",
        "http://mitsubishilongbien.vn/images/ckeditor/files/nosipifiretakol.pdf",
        "https://ecableapp.com/FCKeditor/FCKimgUpload/file/42174003459.pdf",
        "https://turbooto.vn/upload/files/zevokomizi.pdf",
        "https://keiba-like.biz/js/ckfinder/userfiles/files/mufepazojizi.pdf",
        "http://construction-calc.com/userfiles/file/kotazazuwovelatuwirupo.pdf",
        "http://fc-junajted.com/upload/datoteke/49679788432.pdf",
        "http://avtokapriz42.ru/userfiles/file/5972463966.pdf"
    ],
    "regex_uris": [
        "https://podar.co.za/XSRYdR1H?utm_term=adventure+games+android+match+3",
        "http://littlepearlbooks.in/data/eimages/file/62113390349.pdf",
        "http://johndanton.com/customer/3/d/9/3d947ad6ce2568d98b832ccf5548371bFile/gabar.pdf",
        "http://bishnutoursandtravels.in/userfiles/file/gamesatamekalokodipupiz.pdf",
        "http://piazzademarini3ge.com/userfiles/files/wupovokazejovukejowesu.pdf",
        "http://h04ydivan.ru/userfiles/file/67623230805.pdf",
        "http://cedresarquitectura.com/wp-content/plugins/formcraft/file-upload/server/content/files/16145284ee1695---damani.pdf",
        "https://netiko.fr/img/Data/file/rafofozizo.pdf",
        "http://www.korsun.ic.ck.ua/js/kcfinder/upload/files/72105851047.pdf",
        "https://k-barrierfree.com/FileData/ckfinder/files/20210802_97B0B6BDA16A0D1F.pdf",
        "http://ghanzi.net/kcfinder/upload/files/85651023558.pdf",
        "https://ctapigroup3.com/contents//files/15583811755.pdf",
        "https://ijaetis.org/ckfinder/userfiles/files/salasaz.pdf",
        "http://jandebruijn.com/uploadimages/files/68281430111.pdf",
        "https://bodegoncriollo.com/userfiles/file/marizikovinevenokokemilug.pdf",
        "https://zlataraburmevuckovic.com/files/94321477314.pdf",
        "https://stcatherine.ac.ug/wp-content/plugins/formcraft/file-upload/server/content/files/161885949b6176---85223640886.pdf",
        "http://www.ooodkx.ru/ckeditor/kcfinder/upload/files/32269752541.pdf",
        "http://armiikrajowej36.pl/public/upload/ckfinder/userfiles/files/gavebomixakoz.pdf",
        "http://www.w.radeton.cz/ckfinder/userfiles/files/53498113743.pdf",
        "http://covina.crazyrockinsushi.com/uploads/files/15746331555.pdf",
        "http://vhshf.de/File/zozusaze.pdf",
        "http://reside-realestate.de/user_files/files/88743049625.pdf",
        "https://topinsolventa.ro/userfiles/file/92174495026.pdf",
        "https://studiogreenwich.ru/wp-content/plugins/super-forms/uploads/php/files/f667c95a346dcaa73ca4df16affaaafc/pewenokud.pdf",
        "http://belniig.by/public/file/domibogalobif.pdf",
        "http://www.advokat.com/app/webroot/img/fck/file/wezelenopez.pdf",
        "http://mitsubishilongbien.vn/images/ckeditor/files/nosipifiretakol.pdf",
        "https://ecableapp.com/FCKeditor/FCKimgUpload/file/42174003459.pdf",
        "https://turbooto.vn/upload/files/zevokomizi.pdf",
        "https://keiba-like.biz/js/ckfinder/userfiles/files/mufepazojizi.pdf",
        "http://construction-calc.com/userfiles/file/kotazazuwovelatuwirupo.pdf",
        "http://fc-junajted.com/upload/datoteke/49679788432.pdf",
        "http://avtokapriz42.ru/userfiles/file/5972463966.pdf"
    ],
    "regex_urls": [
        "https",
        "http://littlepearlbooks.in/data/eimages/file/62113390349.pdf",
        "http://johndanton.com/customer/3/d/9/3d947ad6ce2568d98b832ccf5548371bFile/gabar.pdf",
        "http://bishnutoursandtravels.in/userfiles/file/gamesatamekalokodipupiz.pdf",
        "http://piazzademarini3ge.com/userfiles/files/wupovokazejovukejowesu.pdf",
        "http://h04ydivan.ru/userfiles/file/67623230805.pdf",
        "http://cedresarquitectura.com/wp-content/plugins/formcraft/file-upload/server/content/files/16145284ee1695---damani.pdf",
        "https",
        "http://www.korsun.ic.ck.ua/js/kcfinder/upload/files/72105851047.pdf",
        "https",
        "http://ghanzi.net/kcfinder/upload/files/85651023558.pdf",
        "https",
        "https",
        "http://jandebruijn.com/uploadimages/files/68281430111.pdf",
        "https",
        "https",
        "https",
        "http://www.ooodkx.ru/ckeditor/kcfinder/upload/files/32269752541.pdf",
        "http://armiikrajowej36.pl/public/upload/ckfinder/userfiles/files/gavebomixakoz.pdf",
        "http://www.w.radeton.cz/ckfinder/userfiles/files/53498113743.pdf",
        "http://covina.crazyrockinsushi.com/uploads/files/15746331555.pdf",
        "http://vhshf.de/File/zozusaze.pdf",
        "http://reside-realestate.de/user_files/files/88743049625.pdf",
        "https",
        "https",
        "http://belniig.by/public/file/domibogalobif.pdf",
        "http://www.advokat.com/app/webroot/img/fck/file/wezelenopez.pdf",
        "http://mitsubishilongbien.vn/images/ckeditor/files/nosipifiretakol.pdf",
        "https",
        "https",
        "https",
        "http://construction-calc.com/userfiles/file/kotazazuwovelatuwirupo.pdf",
        "http://fc-junajted.com/upload/datoteke/49679788432.pdf",
        "http://avtokapriz42.ru/userfiles/file/5972463966.pdf",
        "http://www.w3.org/1999/02/22-rdf-syntax-ns#",
        "http://purl.org/dc/elements/1.1/",
        "http://ns.adobe.com/pdf/1.3/",
        "http://ns.adobe.com/xap/1.0/",
        "http://ns.adobe.com/xap/1.0/mm/",
        "http://ns.adobe.com/xap/1.0/rights/"
    ],
    "scripts": {
        "iframe": [],
        "urls": []
    },
    "static_properties": {
        "JBIG2Decode": "0",
        "XML_forms": "0",
        "acro_form": "0",
        "auto_action": "0",
        "colors": "0",
        "cross_reference_table": "2",
        "embedded_files": "0",
        "file_size": "552",
        "java_script": "0",
        "js": "0",
        "launch_action": "0",
        "object_end": "90",
        "object_start": "90",
        "object_streams": "0",
        "open_action": "0",
        "page_count": "3",
        "rich_media": "0",
        "start_cross_reference_table": "2",
        "stream_end": "19",
        "stream_start": "19",
        "trailer_dictionary": "2"
    },
    "yara_signatures": []
}