{
    "exif_signatures": {},
    "file_size": 44651,
    "pdfid_signatures": {},
    "pypdf_uris": [
        "https://netcdn.xyz/app/406889139/coin-master-online-hack-no-human-verification-game-hack",
        "https://netcdn.xyz/app/406889139/coin-master-online-hack-no-human-verification-game-hack",
        "https://elearning.manicp.sch.id/__statics/gudangsoal/files/coin-master-free-cards_GM406889139.pdf",
        "https://elearning.manicp.sch.id/__statics/gudangsoal/files/ways-to-earn-robux_GM431946152.pdf",
        "https://elearning.manicp.sch.id/__statics/gudangsoal/files/100-free-spins-coin-master-link_GM406889139.pdf",
        "https://elearning.manicp.sch.id/__statics/gudangsoal/files/is-there-a-way-to-get-free-robux_GM431946152.pdf",
        "https://elearning.manicp.sch.id/__statics/gudangsoal/files/free-robux-no-human-verification_GM431946152.pdf",
        "https://elearning.manicp.sch.id/__statics/gudangsoal/files/free-minecraft-printables_GM479516143.pdf",
        "https://elearning.manicp.sch.id/__statics/gudangsoal/files/oprewards-com-earn_GM431946152.pdf",
        "https://elearning.manicp.sch.id/__statics/gudangsoal/files/minecraft-for-free-on-phone_GM479516143.pdf",
        "https://elearning.manicp.sch.id/__statics/gudangsoal/files/free-roebucks_GM431946152.pdf",
        "https://elearning.manicp.sch.id/__statics/gudangsoal/files/free-robux-download_GM431946152.pdf",
        "https://elearning.manicp.sch.id/__statics/gudangsoal/files/free-spin-and-coin-blogspot-com_GM406889139.pdf",
        "https://elearning.manicp.sch.id/__statics/gudangsoal/files/free-headless-head-roblox_GM431946152.pdf",
        "https://elearning.manicp.sch.id/__statics/gudangsoal/files/roblox-hacked-version-download_GM431946152.pdf",
        "https://elearning.manicp.sch.id/__statics/gudangsoal/files/coin-master-free-spins-link-today-haktuts_GM406889139.pdf",
        "https://elearning.manicp.sch.id/__statics/gudangsoal/files/lazyblocks-com-free-robux_GM431946152.pdf",
        "https://elearning.manicp.sch.id/__statics/gudangsoal/files/minecraft-mod-menu_GM479516143.pdf",
        "https://elearning.manicp.sch.id/__statics/gudangsoal/files/free-800-robux_GM431946152.pdf",
        "https://elearning.manicp.sch.id/__statics/gudangsoal/files/coin-master-spin-hack_GM406889139.pdf",
        "https://elearning.manicp.sch.id/__statics/gudangsoal/files/http-bitly-coin-master-free-2021-spins_GM406889139.pdf",
        "https://elearning.manicp.sch.id/__statics/gudangsoal/files/how-to-hack-minecraft_GM479516143.pdf"
    ],
    "regex_uris": [
        "https://netcdn.xyz/app/406889139/coin-master-online-hack-no-human-verification-game-hack",
        "https://netcdn.xyz/app/406889139/coin-master-online-hack-no-human-verification-game-hack",
        "https://elearning.manicp.sch.id/__statics/gudangsoal/files/coin-master-free-cards_GM406889139.pdf",
        "https://elearning.manicp.sch.id/__statics/gudangsoal/files/ways-to-earn-robux_GM431946152.pdf",
        "https://elearning.manicp.sch.id/__statics/gudangsoal/files/100-free-spins-coin-master-link_GM406889139.pdf",
        "https://elearning.manicp.sch.id/__statics/gudangsoal/files/is-there-a-way-to-get-free-robux_GM431946152.pdf",
        "https://elearning.manicp.sch.id/__statics/gudangsoal/files/free-robux-no-human-verification_GM431946152.pdf",
        "https://elearning.manicp.sch.id/__statics/gudangsoal/files/free-minecraft-printables_GM479516143.pdf",
        "https://elearning.manicp.sch.id/__statics/gudangsoal/files/oprewards-com-earn_GM431946152.pdf",
        "https://elearning.manicp.sch.id/__statics/gudangsoal/files/minecraft-for-free-on-phone_GM479516143.pdf",
        "https://elearning.manicp.sch.id/__statics/gudangsoal/files/free-roebucks_GM431946152.pdf",
        "https://elearning.manicp.sch.id/__statics/gudangsoal/files/free-robux-download_GM431946152.pdf",
        "https://elearning.manicp.sch.id/__statics/gudangsoal/files/free-spin-and-coin-blogspot-com_GM406889139.pdf",
        "https://elearning.manicp.sch.id/__statics/gudangsoal/files/free-headless-head-roblox_GM431946152.pdf",
        "https://elearning.manicp.sch.id/__statics/gudangsoal/files/roblox-hacked-version-download_GM431946152.pdf",
        "https://elearning.manicp.sch.id/__statics/gudangsoal/files/coin-master-free-spins-link-today-haktuts_GM406889139.pdf",
        "https://elearning.manicp.sch.id/__statics/gudangsoal/files/lazyblocks-com-free-robux_GM431946152.pdf",
        "https://elearning.manicp.sch.id/__statics/gudangsoal/files/minecraft-mod-menu_GM479516143.pdf",
        "https://elearning.manicp.sch.id/__statics/gudangsoal/files/free-800-robux_GM431946152.pdf",
        "https://elearning.manicp.sch.id/__statics/gudangsoal/files/coin-master-spin-hack_GM406889139.pdf",
        "https://elearning.manicp.sch.id/__statics/gudangsoal/files/http-bitly-coin-master-free-2021-spins_GM406889139.pdf",
        "https://elearning.manicp.sch.id/__statics/gudangsoal/files/how-to-hack-minecraft_GM479516143.pdf"
    ],
    "regex_urls": [
        "https",
        "https",
        "https",
        "https",
        "https",
        "https",
        "https",
        "https",
        "https",
        "https",
        "https",
        "https",
        "https",
        "https",
        "https",
        "https",
        "https",
        "https",
        "https",
        "https",
        "https",
        "https"
    ],
    "scripts": {
        "iframe": [],
        "urls": []
    },
    "static_properties": {
        "JBIG2Decode": "0",
        "XML_forms": "0",
        "acro_form": "0",
        "auto_action": "0",
        "colors": "0",
        "cross_reference_table": "1",
        "embedded_files": "0",
        "file_size": "45",
        "java_script": "0",
        "js": "0",
        "launch_action": "0",
        "object_end": "60",
        "object_start": "60",
        "object_streams": "0",
        "open_action": "0",
        "page_count": "3",
        "rich_media": "0",
        "start_cross_reference_table": "1",
        "stream_end": "7",
        "stream_start": "7",
        "trailer_dictionary": "1"
    },
    "yara_signatures": [
        "without_attachments",
        "without_images",
        "with_urls",
        "invalid_trailer_structure",
        "contentis_base64"
    ]
}