{
    "exif_signatures": {},
    "file_size": 356049,
    "pdfid_signatures": {},
    "pypdf_uris": [
        "http://oalroax.com/c3?utm_term=al+brooks+price+action+pdf+download+full+books",
        "https://static1.squarespace.com/static/604aec14af289a5f7a539cf5/t/62c26fac1ab36024c863f526/1656909740813/factors_affecting_bmr.pdf",
        "https://static1.squarespace.com/static/604aeb86718479732845b7b4/t/62b95ef8995580549499ce6c/1656315640536/wareralaruvuju.pdf",
        "https://mipolokipum.weebly.com/uploads/1/3/5/3/135399848/kizemilafupapi.pdf",
        "https://retezuve.weebly.com/uploads/1/3/2/7/132741149/wofamopakirup.pdf",
        "https://fofapabijutoza.weebly.com/uploads/1/3/4/7/134713913/630387a05.pdf",
        "https://dugaposiga.weebly.com/uploads/1/3/4/8/134857723/razejotunogevo-givudadu-nuxabika-majoxufiwena.pdf",
        "https://mujufirati.weebly.com/uploads/1/4/1/5/141558574/futepe.pdf",
        "https://buvosaxemapo.weebly.com/uploads/1/3/1/4/131437370/kozolazimowidalew.pdf",
        "https://fetorujid.weebly.com/uploads/1/4/2/1/142158079/e18bfa8a96.pdf",
        "https://dekupepevimozis.weebly.com/uploads/1/3/0/7/130738652/piridixamijiben_rupipelavik.pdf",
        "https://kobuvedubi.weebly.com/uploads/1/3/4/0/134017802/105494.pdf",
        "https://static1.squarespace.com/static/604aec14af289a5f7a539cf5/t/62c03eee6fafa51c55f08e44/1656766191131/hebrew_from_scratch_part_1.pdf",
        "https://static1.squarespace.com/static/60aaf25e42d7b60106dc17aa/t/62b473abd6231e65f2211cf9/1655993259747/79315360191.pdf",
        "https://bikezurikol.weebly.com/uploads/1/3/4/6/134612173/zoxuxuva-duwoxoxa-kafinabevaxur.pdf",
        "https://nukonulef.weebly.com/uploads/1/4/1/3/141336464/junexil_dekof.pdf",
        "https://xezojasupaxu.weebly.com/uploads/1/3/4/3/134352535/3f208fdec4.pdf",
        "https://static1.squarespace.com/static/604aec14af289a5f7a539cf5/t/62b98d2077148a5bbe8e8561/1656327457093/74167194987.pdf",
        "https://kimegawukinoge.weebly.com/uploads/1/3/4/6/134601577/rolegokeruzu.pdf",
        "https://zovijewef.weebly.com/uploads/1/3/4/4/134400079/7521978.pdf",
        "https://xajevopo.weebly.com/uploads/1/3/2/6/132682124/56a3d9dda3ed.pdf",
        "https://static1.squarespace.com/static/604aeb86718479732845b7b4/t/62b6053017cbc14b82e617a9/1656096049063/skinner_operant_conditioning_theory.pdf",
        "https://fulesinarube.weebly.com/uploads/1/3/4/7/134729099/780127.pdf",
        "https://sapezirotup.weebly.com/uploads/1/3/4/5/134576964/kuximu.pdf",
        "https://static1.squarespace.com/static/60aaf27c8bac0413e6f804fa/t/62b2edf4df3c8e798e6ce5b6/1655893493413/cheek_to_cheek_sheet_music_free.pdf",
        "https://bekipijinokowew.weebly.com/uploads/1/4/2/1/142130785/najizeneremedok.pdf",
        "https://wasumorupukefu.weebly.com/uploads/1/3/4/5/134581702/2743388.pdf",
        "https://vanunogagasibe.weebly.com/uploads/1/3/5/9/135964710/5d61028072f42.pdf",
        "https://supekekimut.weebly.com/uploads/1/3/4/8/134871395/7661505.pdf",
        "https://fabevapomuwi.weebly.com/uploads/1/3/4/6/134607330/fisatuwe_wigupuwu_zafezatasiwatit.pdf",
        "https://fuwiposodunumof.weebly.com/uploads/1/3/1/4/131438128/fosepu.pdf",
        "https://diboboxu.weebly.com/uploads/1/3/4/3/134330346/367080.pdf",
        "https://fozuzejodede.weebly.com/uploads/1/4/1/2/141261003/d0a72ed0aee.pdf",
        "https://static1.squarespace.com/static/60aaf27c8bac0413e6f804fa/t/62c388b423155769106ee583/1656981684768/2013_toyota_camry_manual_book.pdf",
        "https://static1.squarespace.com/static/60aaf25e42d7b60106dc17aa/t/62c1a93531a4b61bf023af8e/1656858933708/rerebekolewazefewesajuga.pdf",
        "https://static1.squarespace.com/static/60aaf25e42d7b60106dc17aa/t/62bce32c2b2ae25d96e281a1/1656546093497/caracteristicas_gerais_dos_gases_resumo.pdf",
        "https://static1.squarespace.com/static/604aec14af289a5f7a539cf5/t/62bc8a8b113756252893f392/1656523404626/blues_in_the_closet.pdf",
        "https://static1.squarespace.com/static/604aebe5436e397a99d53e8a/t/62bded917aaae810a0264540/1656614289761/36068360227.pdf",
        "https://static1.squarespace.com/static/60aaf25e42d7b60106dc17aa/t/62b2ece971face0a011c1349/1655893226477/xevaravetevokogi.pdf"
    ],
    "regex_uris": [
        "http://oalroax.com/c3?utm_term=al+brooks+price+action+pdf+download+full+books",
        "https://static1.squarespace.com/static/604aec14af289a5f7a539cf5/t/62c26fac1ab36024c863f526/1656909740813/factors_affecting_bmr.pdf",
        "https://static1.squarespace.com/static/604aeb86718479732845b7b4/t/62b95ef8995580549499ce6c/1656315640536/wareralaruvuju.pdf",
        "https://mipolokipum.weebly.com/uploads/1/3/5/3/135399848/kizemilafupapi.pdf",
        "https://retezuve.weebly.com/uploads/1/3/2/7/132741149/wofamopakirup.pdf",
        "https://fofapabijutoza.weebly.com/uploads/1/3/4/7/134713913/630387a05.pdf",
        "https://dugaposiga.weebly.com/uploads/1/3/4/8/134857723/razejotunogevo-givudadu-nuxabika-majoxufiwena.pdf",
        "https://mujufirati.weebly.com/uploads/1/4/1/5/141558574/futepe.pdf",
        "https://buvosaxemapo.weebly.com/uploads/1/3/1/4/131437370/kozolazimowidalew.pdf",
        "https://fetorujid.weebly.com/uploads/1/4/2/1/142158079/e18bfa8a96.pdf",
        "https://dekupepevimozis.weebly.com/uploads/1/3/0/7/130738652/piridixamijiben_rupipelavik.pdf",
        "https://kobuvedubi.weebly.com/uploads/1/3/4/0/134017802/105494.pdf",
        "https://static1.squarespace.com/static/604aec14af289a5f7a539cf5/t/62c03eee6fafa51c55f08e44/1656766191131/hebrew_from_scratch_part_1.pdf",
        "https://static1.squarespace.com/static/60aaf25e42d7b60106dc17aa/t/62b473abd6231e65f2211cf9/1655993259747/79315360191.pdf",
        "https://bikezurikol.weebly.com/uploads/1/3/4/6/134612173/zoxuxuva-duwoxoxa-kafinabevaxur.pdf",
        "https://nukonulef.weebly.com/uploads/1/4/1/3/141336464/junexil_dekof.pdf",
        "https://xezojasupaxu.weebly.com/uploads/1/3/4/3/134352535/3f208fdec4.pdf",
        "https://static1.squarespace.com/static/604aec14af289a5f7a539cf5/t/62b98d2077148a5bbe8e8561/1656327457093/74167194987.pdf",
        "https://kimegawukinoge.weebly.com/uploads/1/3/4/6/134601577/rolegokeruzu.pdf",
        "https://zovijewef.weebly.com/uploads/1/3/4/4/134400079/7521978.pdf",
        "https://xajevopo.weebly.com/uploads/1/3/2/6/132682124/56a3d9dda3ed.pdf",
        "https://static1.squarespace.com/static/604aeb86718479732845b7b4/t/62b6053017cbc14b82e617a9/1656096049063/skinner_operant_conditioning_theory.pdf",
        "https://fulesinarube.weebly.com/uploads/1/3/4/7/134729099/780127.pdf",
        "https://sapezirotup.weebly.com/uploads/1/3/4/5/134576964/kuximu.pdf",
        "https://static1.squarespace.com/static/60aaf27c8bac0413e6f804fa/t/62b2edf4df3c8e798e6ce5b6/1655893493413/cheek_to_cheek_sheet_music_free.pdf",
        "https://bekipijinokowew.weebly.com/uploads/1/4/2/1/142130785/najizeneremedok.pdf",
        "https://wasumorupukefu.weebly.com/uploads/1/3/4/5/134581702/2743388.pdf",
        "https://vanunogagasibe.weebly.com/uploads/1/3/5/9/135964710/5d61028072f42.pdf",
        "https://supekekimut.weebly.com/uploads/1/3/4/8/134871395/7661505.pdf",
        "https://fabevapomuwi.weebly.com/uploads/1/3/4/6/134607330/fisatuwe_wigupuwu_zafezatasiwatit.pdf",
        "https://fuwiposodunumof.weebly.com/uploads/1/3/1/4/131438128/fosepu.pdf",
        "https://diboboxu.weebly.com/uploads/1/3/4/3/134330346/367080.pdf",
        "https://fozuzejodede.weebly.com/uploads/1/4/1/2/141261003/d0a72ed0aee.pdf",
        "https://static1.squarespace.com/static/60aaf27c8bac0413e6f804fa/t/62c388b423155769106ee583/1656981684768/2013_toyota_camry_manual_book.pdf",
        "https://static1.squarespace.com/static/60aaf25e42d7b60106dc17aa/t/62c1a93531a4b61bf023af8e/1656858933708/rerebekolewazefewesajuga.pdf",
        "https://static1.squarespace.com/static/60aaf25e42d7b60106dc17aa/t/62bce32c2b2ae25d96e281a1/1656546093497/caracteristicas_gerais_dos_gases_resumo.pdf",
        "https://static1.squarespace.com/static/604aec14af289a5f7a539cf5/t/62bc8a8b113756252893f392/1656523404626/blues_in_the_closet.pdf",
        "https://static1.squarespace.com/static/604aebe5436e397a99d53e8a/t/62bded917aaae810a0264540/1656614289761/36068360227.pdf",
        "https://static1.squarespace.com/static/60aaf25e42d7b60106dc17aa/t/62b2ece971face0a011c1349/1655893226477/xevaravetevokogi.pdf"
    ],
    "regex_urls": [
        "http://oalroax.com/c3?utm_term=al+brooks+price+action+pdf+download+full+books",
        "https",
        "https",
        "https",
        "https",
        "https",
        "https",
        "https",
        "https",
        "https",
        "https",
        "https",
        "https",
        "https",
        "https",
        "https",
        "https",
        "https",
        "https",
        "https",
        "https",
        "https",
        "https",
        "https",
        "https",
        "https",
        "https",
        "https",
        "https",
        "https",
        "https",
        "https",
        "https",
        "https",
        "https",
        "https",
        "https",
        "https",
        "https",
        "http://www.w3.org/1999/02/22-rdf-syntax-ns#",
        "http://purl.org/dc/elements/1.1/",
        "http://ns.adobe.com/pdf/1.3/",
        "http://ns.adobe.com/xap/1.0/",
        "http://ns.adobe.com/xap/1.0/mm/",
        "http://ns.adobe.com/xap/1.0/rights/"
    ],
    "scripts": {
        "iframe": [],
        "urls": []
    },
    "static_properties": {
        "JBIG2Decode": "0",
        "XML_forms": "0",
        "acro_form": "0",
        "auto_action": "0",
        "colors": "0",
        "cross_reference_table": "2",
        "embedded_files": "0",
        "file_size": "356",
        "java_script": "0",
        "js": "0",
        "launch_action": "0",
        "object_end": "103",
        "object_start": "103",
        "object_streams": "0",
        "open_action": "0",
        "page_count": "6",
        "rich_media": "0",
        "start_cross_reference_table": "2",
        "stream_end": "19",
        "stream_start": "19",
        "trailer_dictionary": "2"
    },
    "yara_signatures": [
        "without_attachments",
        "without_images",
        "with_urls",
        "invalid_trailer_structure",
        "multiple_versions",
        "contentis_base64"
    ]
}