{
    "exif_signatures": {},
    "file_size": 54291,
    "pdfid_signatures": {},
    "pypdf_uris": [
        "http://ydeepty.com/wb3?utm_term=slumdog%20millionaire%20book%20pdf%20download%20pdf%20document%20download",
        "http://jmk.kr/ckfinder/userfiles/files/tanobananij.pdf",
        "http://96rangjai.com/userfiles/file/6698483894.pdf",
        "https://re-media.ru/foto/ck/files/23410390018.pdf",
        "http://gioithieu.btccorp.vn/uploads/files/72053845674.pdf",
        "https://vmwarts.com/ecovic/file/96061396252.pdf",
        "http://dobre-jaja.com/Upload/file/89758578778.pdf",
        "https://drjou-vc.com/upload/files/kogogelemako.pdf",
        "http://cc-loges.com/uploads/file/wekulunoxisijetamuvano.pdf",
        "https://ncfouting.com/wp-content/plugins/formcraft/file-upload/server/content/files/162a30160bbbc5---96737532856.pdf",
        "https://chingchia.com/uploads/files/202204160211329216.pdf",
        "http://antichigelsi.it/userfiles/files/22508110460.pdf",
        "https://askisan.daynexdemo.tk/upload/files/74752487177.pdf",
        "http://sanxuatbanthinghiem.org/app/webroot/uploads/files/fomipipagijemalebosotifuv.pdf",
        "https://imapcb.org/wp-content/plugins/super-forms/uploads/php/files/065069761a014a14cfa4a53a65854af4/jugopi.pdf",
        "https://orangevelodrometrail.fr/img/uploads/files/tifojefamokefigive.pdf",
        "http://euredit-editions.com/userfiles/file/gujumelilowezilul.pdf",
        "https://mytutr.com/wp-content/plugins/super-forms/uploads/php/files/261ffc8070bbfd4123fa52315a799c5b/66429478606.pdf",
        "https://ihotel2b.com/upfiles/editor/files/11445154131.pdf",
        "https://www.hotelashray.in/kcfinder/upload/files/30154790277.pdf",
        "http://mercuresamuichaweng.com/admin/file/47925261674.pdf"
    ],
    "regex_uris": [
        "http://ydeepty.com/wb3?utm_term=slumdog%20millionaire%20book%20pdf%20download%20pdf%20document%20download",
        "http://jmk.kr/ckfinder/userfiles/files/tanobananij.pdf",
        "http://96rangjai.com/userfiles/file/6698483894.pdf",
        "https://re-media.ru/foto/ck/files/23410390018.pdf",
        "http://gioithieu.btccorp.vn/uploads/files/72053845674.pdf",
        "https://vmwarts.com/ecovic/file/96061396252.pdf",
        "http://dobre-jaja.com/Upload/file/89758578778.pdf",
        "https://drjou-vc.com/upload/files/kogogelemako.pdf",
        "http://cc-loges.com/uploads/file/wekulunoxisijetamuvano.pdf",
        "https://ncfouting.com/wp-content/plugins/formcraft/file-upload/server/content/files/162a30160bbbc5---96737532856.pdf",
        "https://chingchia.com/uploads/files/202204160211329216.pdf",
        "http://antichigelsi.it/userfiles/files/22508110460.pdf",
        "https://askisan.daynexdemo.tk/upload/files/74752487177.pdf",
        "http://sanxuatbanthinghiem.org/app/webroot/uploads/files/fomipipagijemalebosotifuv.pdf",
        "https://imapcb.org/wp-content/plugins/super-forms/uploads/php/files/065069761a014a14cfa4a53a65854af4/jugopi.pdf",
        "https://orangevelodrometrail.fr/img/uploads/files/tifojefamokefigive.pdf",
        "http://euredit-editions.com/userfiles/file/gujumelilowezilul.pdf",
        "https://mytutr.com/wp-content/plugins/super-forms/uploads/php/files/261ffc8070bbfd4123fa52315a799c5b/66429478606.pdf",
        "https://ihotel2b.com/upfiles/editor/files/11445154131.pdf",
        "https://www.hotelashray.in/kcfinder/upload/files/30154790277.pdf",
        "http://mercuresamuichaweng.com/admin/file/47925261674.pdf"
    ],
    "regex_urls": [
        "http://ydeepty.com/wb3?utm_term=slumdog%20millionaire%20book%20pdf%20download%20pdf%20document%20download",
        "http://jmk.kr/ckfinder/userfiles/files/tanobananij.pdf",
        "http://96rangjai.com/userfiles/file/6698483894.pdf",
        "https",
        "http://gioithieu.btccorp.vn/uploads/files/72053845674.pdf",
        "https",
        "http://dobre-jaja.com/Upload/file/89758578778.pdf",
        "https",
        "http://cc-loges.com/uploads/file/wekulunoxisijetamuvano.pdf",
        "https",
        "https",
        "http://antichigelsi.it/userfiles/files/22508110460.pdf",
        "https",
        "http://sanxuatbanthinghiem.org/app/webroot/uploads/files/fomipipagijemalebosotifuv.pdf",
        "https",
        "https",
        "http://euredit-editions.com/userfiles/file/gujumelilowezilul.pdf",
        "https",
        "https",
        "https",
        "www.hotelashray.in/kcfinder/upload/files/30154790277.pdf",
        "http://mercuresamuichaweng.com/admin/file/47925261674.pdf",
        "http://www.w3.org/1999/02/22-rdf-syntax-ns#",
        "http://purl.org/dc/elements/1.1/",
        "http://ns.adobe.com/pdf/1.3/",
        "http://ns.adobe.com/xap/1.0/",
        "http://ns.adobe.com/xap/1.0/mm/",
        "http://ns.adobe.com/xap/1.0/rights/"
    ],
    "scripts": {
        "iframe": [],
        "urls": []
    },
    "static_properties": {
        "JBIG2Decode": "0",
        "XML_forms": "0",
        "acro_form": "0",
        "auto_action": "0",
        "colors": "0",
        "cross_reference_table": "2",
        "embedded_files": "0",
        "file_size": "54",
        "java_script": "0",
        "js": "0",
        "launch_action": "0",
        "object_end": "70",
        "object_start": "70",
        "object_streams": "0",
        "open_action": "0",
        "page_count": "5",
        "rich_media": "0",
        "start_cross_reference_table": "2",
        "stream_end": "13",
        "stream_start": "13",
        "trailer_dictionary": "2"
    },
    "yara_signatures": [
        "without_attachments",
        "without_images",
        "with_urls",
        "invalid_trailer_structure",
        "multiple_versions",
        "contentis_base64",
        "Big_Numbers1"
    ]
}