{
    "exif_signatures": {},
    "file_size": 86249,
    "pdfid_signatures": {},
    "pypdf_uris": [
        "https://philabc.ru/uplcv?utm_term=the+meaning+of+nausea",
        "http://winfielddeli.com/ckfinder/userfiles/files/vizawufekuxegupozelozutos.pdf",
        "http://www.fliesen-brill.de/wp-content/plugins/formcraft/file-upload/server/content/files/160930c25bd788---75849054650.pdf",
        "http://computergramm.com/userfiles/file/47612177193.pdf",
        "https://limpjet.com.br/wp-content/plugins/super-forms/uploads/php/files/b433c7e7b8a13771a66295942af0d027/xugivumoda.pdf",
        "https://www.hotel-palladium.gr/wp-content/plugins/super-forms/uploads/php/files/noikcr0obrevpft3mf5itoi1d4/mopuzisawog.pdf",
        "http://kystop.com/wp-content/plugins/super-forms/uploads/php/files/v6etosppo349cgivm1odmp1if6/jukowob.pdf",
        "https://ciar.vn/uploads/image/files/gazalinolipub.pdf",
        "https://akapacha.com/userfiles/file/wajekemak.pdf",
        "http://www.blackhillsdancecentre.com/wp-content/plugins/formcraft/file-upload/server/content/files/160867b7266c43---61875109489.pdf",
        "https://razvozka24.ru/wp-content/plugins/super-forms/uploads/php/files/657d3e4398e476cf42df5851dfa1a3e8/fogadojikufitinupurapop.pdf",
        "http://www.hkqi.com/wp-content/plugins/formcraft/file-upload/server/content/files/160c3205383d2b---tenukegonamafadutewejo.pdf",
        "http://btc-ltd.com/upload/file/50646012296.pdf",
        "http://safeabortionnepal.com/userfiles/file/72177040470.pdf",
        "http://dalaichau.com/files/petuvorironek.pdf",
        "https://www.frontierexim.com/wp-content/plugins/super-forms/uploads/php/files/u85hnlkav4m8ee2d6kaco4t7qm/piwulit.pdf",
        "https://hankilfood.com/upfile/files/37438575200.pdf",
        "http://www.oschouston.com/osc/wp-content/plugins/formcraft/file-upload/server/content/files/160b256d976968---92555007250.pdf",
        "http://protech.com.ng/wp-content/plugins/formcraft/file-upload/server/content/files/160845cf73b6d2---dojuzazefuguzotu.pdf",
        "http://nage-z.com/ckfinder/userfiles/files/dusixos.pdf",
        "http://kennedy-jackson.com/clients/f/f7/f78508644b517540cdb1549d93860f53/File/mezipemowetaribuno.pdf",
        "https://www.aceitedeoliva.com/wp-content/plugins/super-forms/uploads/php/files/36bc51c45484fb50aaffbb097cadf9f2/tenigulilinegasowos.pdf",
        "http://www.inhd.com.br/wp-content/plugins/formcraft/file-upload/server/content/files/1608f697835390---84950917491.pdf"
    ],
    "regex_uris": [
        "https://philabc.ru/uplcv?utm_term=the+meaning+of+nausea",
        "http://winfielddeli.com/ckfinder/userfiles/files/vizawufekuxegupozelozutos.pdf",
        "http://www.fliesen-brill.de/wp-content/plugins/formcraft/file-upload/server/content/files/160930c25bd788---75849054650.pdf",
        "http://computergramm.com/userfiles/file/47612177193.pdf",
        "https://limpjet.com.br/wp-content/plugins/super-forms/uploads/php/files/b433c7e7b8a13771a66295942af0d027/xugivumoda.pdf",
        "https://www.hotel-palladium.gr/wp-content/plugins/super-forms/uploads/php/files/noikcr0obrevpft3mf5itoi1d4/mopuzisawog.pdf",
        "http://kystop.com/wp-content/plugins/super-forms/uploads/php/files/v6etosppo349cgivm1odmp1if6/jukowob.pdf",
        "https://ciar.vn/uploads/image/files/gazalinolipub.pdf",
        "https://akapacha.com/userfiles/file/wajekemak.pdf",
        "http://www.blackhillsdancecentre.com/wp-content/plugins/formcraft/file-upload/server/content/files/160867b7266c43---61875109489.pdf",
        "https://razvozka24.ru/wp-content/plugins/super-forms/uploads/php/files/657d3e4398e476cf42df5851dfa1a3e8/fogadojikufitinupurapop.pdf",
        "http://www.hkqi.com/wp-content/plugins/formcraft/file-upload/server/content/files/160c3205383d2b---tenukegonamafadutewejo.pdf",
        "http://btc-ltd.com/upload/file/50646012296.pdf",
        "http://safeabortionnepal.com/userfiles/file/72177040470.pdf",
        "http://dalaichau.com/files/petuvorironek.pdf",
        "https://www.frontierexim.com/wp-content/plugins/super-forms/uploads/php/files/u85hnlkav4m8ee2d6kaco4t7qm/piwulit.pdf",
        "https://hankilfood.com/upfile/files/37438575200.pdf",
        "http://www.oschouston.com/osc/wp-content/plugins/formcraft/file-upload/server/content/files/160b256d976968---92555007250.pdf",
        "http://protech.com.ng/wp-content/plugins/formcraft/file-upload/server/content/files/160845cf73b6d2---dojuzazefuguzotu.pdf",
        "http://nage-z.com/ckfinder/userfiles/files/dusixos.pdf",
        "http://kennedy-jackson.com/clients/f/f7/f78508644b517540cdb1549d93860f53/File/mezipemowetaribuno.pdf",
        "https://www.aceitedeoliva.com/wp-content/plugins/super-forms/uploads/php/files/36bc51c45484fb50aaffbb097cadf9f2/tenigulilinegasowos.pdf",
        "http://www.inhd.com.br/wp-content/plugins/formcraft/file-upload/server/content/files/1608f697835390---84950917491.pdf"
    ],
    "regex_urls": [
        "https",
        "http://winfielddeli.com/ckfinder/userfiles/files/vizawufekuxegupozelozutos.pdf",
        "http://www.fliesen-brill.de/wp-content/plugins/formcraft/file-upload/server/content/files/160930c25bd788---75849054650.pdf",
        "http://computergramm.com/userfiles/file/47612177193.pdf",
        "https",
        "https",
        "www.hotel-palladium.gr/wp-content/plugins/super-forms/uploads/php/files/noikcr0obrevpft3mf5itoi1d4/mopuzisawog.pdf",
        "http://kystop.com/wp-content/plugins/super-forms/uploads/php/files/v6etosppo349cgivm1odmp1if6/jukowob.pdf",
        "https",
        "https",
        "http://www.blackhillsdancecentre.com/wp-content/plugins/formcraft/file-upload/server/content/files/160867b7266c43---61875109489.pdf",
        "https",
        "http://www.hkqi.com/wp-content/plugins/formcraft/file-upload/server/content/files/160c3205383d2b---tenukegonamafadutewejo.pdf",
        "http://btc-ltd.com/upload/file/50646012296.pdf",
        "http://safeabortionnepal.com/userfiles/file/72177040470.pdf",
        "http://dalaichau.com/files/petuvorironek.pdf",
        "https",
        "www.frontierexim.com/wp-content/plugins/super-forms/uploads/php/files/u85hnlkav4m8ee2d6kaco4t7qm/piwulit.pdf",
        "https",
        "http://www.oschouston.com/osc/wp-content/plugins/formcraft/file-upload/server/content/files/160b256d976968---92555007250.pdf",
        "http://protech.com.ng/wp-content/plugins/formcraft/file-upload/server/content/files/160845cf73b6d2---dojuzazefuguzotu.pdf",
        "http://nage-z.com/ckfinder/userfiles/files/dusixos.pdf",
        "http://kennedy-jackson.com/clients/f/f7/f78508644b517540cdb1549d93860f53/File/mezipemowetaribuno.pdf",
        "https",
        "www.aceitedeoliva.com/wp-content/plugins/super-forms/uploads/php/files/36bc51c45484fb50aaffbb097cadf9f2/tenigulilinegasowos.pdf",
        "http://www.inhd.com.br/wp-content/plugins/formcraft/file-upload/server/content/files/1608f697835390---84950917491.pdf",
        "http://www.w3.org/1999/02/22-rdf-syntax-ns#",
        "http://purl.org/dc/elements/1.1/",
        "http://ns.adobe.com/pdf/1.3/",
        "http://ns.adobe.com/xap/1.0/",
        "http://ns.adobe.com/xap/1.0/mm/",
        "http://ns.adobe.com/xap/1.0/rights/"
    ],
    "scripts": {
        "iframe": [],
        "urls": []
    },
    "static_properties": {
        "JBIG2Decode": "0",
        "XML_forms": "0",
        "acro_form": "0",
        "auto_action": "0",
        "colors": "0",
        "cross_reference_table": "2",
        "embedded_files": "0",
        "file_size": "86",
        "java_script": "0",
        "js": "0",
        "launch_action": "0",
        "object_end": "84",
        "object_start": "84",
        "object_streams": "0",
        "open_action": "0",
        "page_count": "6",
        "rich_media": "0",
        "start_cross_reference_table": "2",
        "stream_end": "17",
        "stream_start": "17",
        "trailer_dictionary": "2"
    },
    "yara_signatures": [
        "vmdetect",
        "without_attachments",
        "without_images",
        "with_urls",
        "invalid_trailer_structure",
        "multiple_versions",
        "contentis_base64",
        "Big_Numbers1"
    ]
}