{
    "exif_signatures": {},
    "file_size": 44688,
    "pdfid_signatures": {},
    "pypdf_uris": [
        "https://netcdn.xyz/app/406889139/coin-master-hack-spins-and-coins-unlimited-free-download-game-hack",
        "https://netcdn.xyz/app/406889139/coin-master-hack-spins-and-coins-unlimited-free-download-game-hack",
        "https://elearning.manbatam.sch.id/__statics/gudangsoal/files/what-games-give-you-robux_GM431946152.pdf",
        "https://elearning.manbatam.sch.id/__statics/gudangsoal/files/legit-free-spins-coin-master_GM406889139.pdf",
        "https://elearning.manbatam.sch.id/__statics/gudangsoal/files/www-coin-master-hack-tk_GM406889139.pdf",
        "https://elearning.manbatam.sch.id/__statics/gudangsoal/files/wahoogaming-co-free-robux_GM431946152.pdf",
        "https://elearning.manbatam.sch.id/__statics/gudangsoal/files/free-robux-no-verification-2021_GM431946152.pdf",
        "https://elearning.manbatam.sch.id/__statics/gudangsoal/files/how-to-hack-coin-master-without-root_GM406889139.pdf",
        "https://elearning.manbatam.sch.id/__statics/gudangsoal/files/free-coin-master-spins-daily_GM406889139.pdf",
        "https://elearning.manbatam.sch.id/__statics/gudangsoal/files/mcpe-master-free-coins_GM406889139.pdf",
        "https://elearning.manbatam.sch.id/__statics/gudangsoal/files/how-do-you-get-free-robux_GM431946152.pdf",
        "https://elearning.manbatam.sch.id/__statics/gudangsoal/files/free-roblox-items-codes_GM431946152.pdf",
        "https://elearning.manbatam.sch.id/__statics/gudangsoal/files/free-robux-generator-no-human-verification-2021_GM431946152.pdf",
        "https://elearning.manbatam.sch.id/__statics/gudangsoal/files/coin-master-hack-unlimited-spins-apk_GM406889139.pdf",
        "https://elearning.manbatam.sch.id/__statics/gudangsoal/files/how-to-hack-roblox-to-get-robux_GM431946152.pdf",
        "https://elearning.manbatam.sch.id/__statics/gudangsoal/files/how-to-get-free-gamepasses-on-roblox_GM431946152.pdf",
        "https://elearning.manbatam.sch.id/__statics/gudangsoal/files/coin-master-daily-free-spin-app_GM406889139.pdf",
        "https://elearning.manbatam.sch.id/__statics/gudangsoal/files/how-to-generate-free-coin-master-spin_GM406889139.pdf",
        "https://elearning.manbatam.sch.id/__statics/gudangsoal/files/haktuts-coin-master-free-spins_GM406889139.pdf",
        "https://elearning.manbatam.sch.id/__statics/gudangsoal/files/who-to-get-free-robux_GM431946152.pdf",
        "https://elearning.manbatam.sch.id/__statics/gudangsoal/files/coin-master-daily-free-spins-25_GM406889139.pdf",
        "https://elearning.manbatam.sch.id/__statics/gudangsoal/files/easy-how-to-get-free-robux_GM431946152.pdf"
    ],
    "regex_uris": [
        "https://netcdn.xyz/app/406889139/coin-master-hack-spins-and-coins-unlimited-free-download-game-hack",
        "https://netcdn.xyz/app/406889139/coin-master-hack-spins-and-coins-unlimited-free-download-game-hack",
        "https://elearning.manbatam.sch.id/__statics/gudangsoal/files/what-games-give-you-robux_GM431946152.pdf",
        "https://elearning.manbatam.sch.id/__statics/gudangsoal/files/legit-free-spins-coin-master_GM406889139.pdf",
        "https://elearning.manbatam.sch.id/__statics/gudangsoal/files/www-coin-master-hack-tk_GM406889139.pdf",
        "https://elearning.manbatam.sch.id/__statics/gudangsoal/files/wahoogaming-co-free-robux_GM431946152.pdf",
        "https://elearning.manbatam.sch.id/__statics/gudangsoal/files/free-robux-no-verification-2021_GM431946152.pdf",
        "https://elearning.manbatam.sch.id/__statics/gudangsoal/files/how-to-hack-coin-master-without-root_GM406889139.pdf",
        "https://elearning.manbatam.sch.id/__statics/gudangsoal/files/free-coin-master-spins-daily_GM406889139.pdf",
        "https://elearning.manbatam.sch.id/__statics/gudangsoal/files/mcpe-master-free-coins_GM406889139.pdf",
        "https://elearning.manbatam.sch.id/__statics/gudangsoal/files/how-do-you-get-free-robux_GM431946152.pdf",
        "https://elearning.manbatam.sch.id/__statics/gudangsoal/files/free-roblox-items-codes_GM431946152.pdf",
        "https://elearning.manbatam.sch.id/__statics/gudangsoal/files/free-robux-generator-no-human-verification-2021_GM431946152.pdf",
        "https://elearning.manbatam.sch.id/__statics/gudangsoal/files/coin-master-hack-unlimited-spins-apk_GM406889139.pdf",
        "https://elearning.manbatam.sch.id/__statics/gudangsoal/files/how-to-hack-roblox-to-get-robux_GM431946152.pdf",
        "https://elearning.manbatam.sch.id/__statics/gudangsoal/files/how-to-get-free-gamepasses-on-roblox_GM431946152.pdf",
        "https://elearning.manbatam.sch.id/__statics/gudangsoal/files/coin-master-daily-free-spin-app_GM406889139.pdf",
        "https://elearning.manbatam.sch.id/__statics/gudangsoal/files/how-to-generate-free-coin-master-spin_GM406889139.pdf",
        "https://elearning.manbatam.sch.id/__statics/gudangsoal/files/haktuts-coin-master-free-spins_GM406889139.pdf",
        "https://elearning.manbatam.sch.id/__statics/gudangsoal/files/who-to-get-free-robux_GM431946152.pdf",
        "https://elearning.manbatam.sch.id/__statics/gudangsoal/files/coin-master-daily-free-spins-25_GM406889139.pdf",
        "https://elearning.manbatam.sch.id/__statics/gudangsoal/files/easy-how-to-get-free-robux_GM431946152.pdf"
    ],
    "regex_urls": [
        "https",
        "https",
        "https",
        "https",
        "https",
        "https",
        "https",
        "https",
        "https",
        "https",
        "https",
        "https",
        "https",
        "https",
        "https",
        "https",
        "https",
        "https",
        "https",
        "https",
        "https",
        "https"
    ],
    "scripts": {
        "iframe": [],
        "urls": []
    },
    "static_properties": {
        "JBIG2Decode": "0",
        "XML_forms": "0",
        "acro_form": "0",
        "auto_action": "0",
        "colors": "0",
        "cross_reference_table": "1",
        "embedded_files": "0",
        "file_size": "45",
        "java_script": "0",
        "js": "0",
        "launch_action": "0",
        "object_end": "60",
        "object_start": "60",
        "object_streams": "0",
        "open_action": "0",
        "page_count": "3",
        "rich_media": "0",
        "start_cross_reference_table": "1",
        "stream_end": "7",
        "stream_start": "7",
        "trailer_dictionary": "1"
    },
    "yara_signatures": [
        "without_attachments",
        "without_images",
        "with_urls",
        "invalid_trailer_structure",
        "contentis_base64"
    ]
}