{
    "exif_signatures": {},
    "file_size": 43340,
    "pdfid_signatures": {},
    "pypdf_uris": [
        "https://netcdn.xyz/app/406889139/free-spins-coin-master-unlimited-game-hack",
        "https://netcdn.xyz/app/406889139/free-spins-coin-master-unlimited-game-hack",
        "https://brainpads.com/images/coin-master-hack-spins-free_GM406889139.pdf",
        "https://www.brainpads.com/images/rbxoffer-com-free-robux_GM431946152.pdf",
        "https://www.brainpads.com/images/how-do-you-get-free-food-in-coin-master_GM406889139.pdf",
        "https://www.brainpads.com/images/wurst-commands_GM479516143.pdf",
        "https://www.brainpads.com/images/free-robux-no-human-verification-or-survey-or-download_GM431946152.pdf",
        "https://brainpads.com/images/how-to-get-free-robux-without-verification-2021_GM431946152.pdf",
        "https://brainpads.com/images/how-to-robux_GM431946152.pdf",
        "https://brainpads.com/images/free-robux-hacker-us_GM431946152.pdf",
        "https://brainpads.com/images/blox-world-free-robux_GM431946152.pdf",
        "https://brainpads.com/images/cheats-for-coin-master_GM406889139.pdf",
        "https://brainpads.com/images/coin-master-reward-link_GM406889139.pdf",
        "https://brainpads.com/images/free-roblox-accounts-with-robux-2021_GM431946152.pdf",
        "https://www.brainpads.com/images/hack-coin-master-apk-mod_GM406889139.pdf",
        "https://brainpads.com/images/can-u-get-free-robux_GM431946152.pdf",
        "https://brainpads.com/images/cm-free-spins_GM406889139.pdf",
        "https://www.brainpads.com/images/coin-master-hack-pc-cheat-engine_GM406889139.pdf",
        "https://brainpads.com/images/is-minecraft-vr-free_GM479516143.pdf",
        "https://www.brainpads.com/images/coin-master-hack-android-root_GM406889139.pdf",
        "https://brainpads.com/images/coin-master-free-spins-2-5-2021_GM406889139.pdf",
        "https://brainpads.com/images/haktuts-2021-coin-master-free-spin-link_GM406889139.pdf"
    ],
    "regex_uris": [
        "https://netcdn.xyz/app/406889139/free-spins-coin-master-unlimited-game-hack",
        "https://netcdn.xyz/app/406889139/free-spins-coin-master-unlimited-game-hack",
        "https://brainpads.com/images/coin-master-hack-spins-free_GM406889139.pdf",
        "https://www.brainpads.com/images/rbxoffer-com-free-robux_GM431946152.pdf",
        "https://www.brainpads.com/images/how-do-you-get-free-food-in-coin-master_GM406889139.pdf",
        "https://www.brainpads.com/images/wurst-commands_GM479516143.pdf",
        "https://www.brainpads.com/images/free-robux-no-human-verification-or-survey-or-download_GM431946152.pdf",
        "https://brainpads.com/images/how-to-get-free-robux-without-verification-2021_GM431946152.pdf",
        "https://brainpads.com/images/how-to-robux_GM431946152.pdf",
        "https://brainpads.com/images/free-robux-hacker-us_GM431946152.pdf",
        "https://brainpads.com/images/blox-world-free-robux_GM431946152.pdf",
        "https://brainpads.com/images/cheats-for-coin-master_GM406889139.pdf",
        "https://brainpads.com/images/coin-master-reward-link_GM406889139.pdf",
        "https://brainpads.com/images/free-roblox-accounts-with-robux-2021_GM431946152.pdf",
        "https://www.brainpads.com/images/hack-coin-master-apk-mod_GM406889139.pdf",
        "https://brainpads.com/images/can-u-get-free-robux_GM431946152.pdf",
        "https://brainpads.com/images/cm-free-spins_GM406889139.pdf",
        "https://www.brainpads.com/images/coin-master-hack-pc-cheat-engine_GM406889139.pdf",
        "https://brainpads.com/images/is-minecraft-vr-free_GM479516143.pdf",
        "https://www.brainpads.com/images/coin-master-hack-android-root_GM406889139.pdf",
        "https://brainpads.com/images/coin-master-free-spins-2-5-2021_GM406889139.pdf",
        "https://brainpads.com/images/haktuts-2021-coin-master-free-spin-link_GM406889139.pdf"
    ],
    "regex_urls": [
        "https",
        "https",
        "https",
        "https",
        "www.brainpads.com/images/rbxoffer-com-free-robux_GM431946152.pdf",
        "https",
        "www.brainpads.com/images/how-do-you-get-free-food-in-coin-master_GM406889139.pdf",
        "https",
        "www.brainpads.com/images/wurst-commands_GM479516143.pdf",
        "https",
        "www.brainpads.com/images/free-robux-no-human-verification-or-survey-or-download_GM431946152.pdf",
        "https",
        "https",
        "https",
        "https",
        "https",
        "https",
        "https",
        "https",
        "www.brainpads.com/images/hack-coin-master-apk-mod_GM406889139.pdf",
        "https",
        "https",
        "https",
        "www.brainpads.com/images/coin-master-hack-pc-cheat-engine_GM406889139.pdf",
        "https",
        "https",
        "www.brainpads.com/images/coin-master-hack-android-root_GM406889139.pdf",
        "https",
        "https"
    ],
    "scripts": {
        "iframe": [],
        "urls": []
    },
    "static_properties": {
        "JBIG2Decode": "0",
        "XML_forms": "0",
        "acro_form": "0",
        "auto_action": "0",
        "colors": "0",
        "cross_reference_table": "1",
        "embedded_files": "0",
        "file_size": "43",
        "java_script": "0",
        "js": "0",
        "launch_action": "0",
        "object_end": "60",
        "object_start": "60",
        "object_streams": "0",
        "open_action": "0",
        "page_count": "3",
        "rich_media": "0",
        "start_cross_reference_table": "1",
        "stream_end": "7",
        "stream_start": "7",
        "trailer_dictionary": "1"
    },
    "yara_signatures": [
        "without_attachments",
        "without_images",
        "with_urls",
        "invalid_trailer_structure",
        "contentis_base64"
    ]
}