{
    "exif_signatures": {},
    "file_size": 43114,
    "pdfid_signatures": {},
    "pypdf_uris": [
        "https://netcdn.xyz/app/406889139/spin-coin-master-hack-game-hack",
        "https://netcdn.xyz/app/406889139/spin-coin-master-hack-game-hack",
        "https://elearning.manicp.sch.id/__statics/gudangsoal/files/minecraft-tools_GM479516143.pdf",
        "https://elearning.manicp.sch.id/__statics/gudangsoal/files/haktutsin-2021-09-coinmaster50freespinandcoinlinkhtml-m-1_GM406889139.pdf",
        "https://elearning.manicp.sch.id/__statics/gudangsoal/files/how-to-get-free-snacks-in-coin-master_GM406889139.pdf",
        "https://elearning.manicp.sch.id/__statics/gudangsoal/files/coin-master-free-daily-spins-link_GM406889139.pdf",
        "https://elearning.manicp.sch.id/__statics/gudangsoal/files/roblox-free-clothes-codes_GM431946152.pdf",
        "https://elearning.manicp.sch.id/__statics/gudangsoal/files/rbxfree-com-free-robux_GM431946152.pdf",
        "https://elearning.manicp.sch.id/__statics/gudangsoal/files/coin-master-hack-tool-access-online-generator_GM406889139.pdf",
        "https://elearning.manicp.sch.id/__statics/gudangsoal/files/coin-master-hack-mod-apk-35-8_GM406889139.pdf",
        "https://elearning.manicp.sch.id/__statics/gudangsoal/files/can-i-get-robux-for-free_GM431946152.pdf",
        "https://elearning.manicp.sch.id/__statics/gudangsoal/files/roblox-free-play-no-download_GM431946152.pdf",
        "https://elearning.manicp.sch.id/__statics/gudangsoal/files/how-to-hack-into-someones-roblox-account_GM431946152.pdf",
        "https://elearning.manicp.sch.id/__statics/gudangsoal/files/free-spin-link-in-coin-master-game_GM406889139.pdf",
        "https://elearning.manicp.sch.id/__statics/gudangsoal/files/www-roblox-com-robux-free_GM431946152.pdf",
        "https://elearning.manicp.sch.id/__statics/gudangsoal/files/roblox-free-skin_GM431946152.pdf",
        "https://elearning.manicp.sch.id/__statics/gudangsoal/files/coin-master-free-spins-cash_GM406889139.pdf",
        "https://elearning.manicp.sch.id/__statics/gudangsoal/files/get-robux-now_GM431946152.pdf",
        "https://elearning.manicp.sch.id/__statics/gudangsoal/files/how-to-get-free-robux-no-survey_GM431946152.pdf",
        "https://elearning.manicp.sch.id/__statics/gudangsoal/files/coin-master-free-gift-links-2021_GM406889139.pdf",
        "https://elearning.manicp.sch.id/__statics/gudangsoal/files/free-robux-codes-2021-real_GM431946152.pdf",
        "https://elearning.manicp.sch.id/__statics/gudangsoal/files/robux-free-gift-card-org-hack_GM431946152.pdf"
    ],
    "regex_uris": [
        "https://netcdn.xyz/app/406889139/spin-coin-master-hack-game-hack",
        "https://netcdn.xyz/app/406889139/spin-coin-master-hack-game-hack",
        "https://elearning.manicp.sch.id/__statics/gudangsoal/files/minecraft-tools_GM479516143.pdf",
        "https://elearning.manicp.sch.id/__statics/gudangsoal/files/haktutsin-2021-09-coinmaster50freespinandcoinlinkhtml-m-1_GM406889139.pdf",
        "https://elearning.manicp.sch.id/__statics/gudangsoal/files/how-to-get-free-snacks-in-coin-master_GM406889139.pdf",
        "https://elearning.manicp.sch.id/__statics/gudangsoal/files/coin-master-free-daily-spins-link_GM406889139.pdf",
        "https://elearning.manicp.sch.id/__statics/gudangsoal/files/roblox-free-clothes-codes_GM431946152.pdf",
        "https://elearning.manicp.sch.id/__statics/gudangsoal/files/rbxfree-com-free-robux_GM431946152.pdf",
        "https://elearning.manicp.sch.id/__statics/gudangsoal/files/coin-master-hack-tool-access-online-generator_GM406889139.pdf",
        "https://elearning.manicp.sch.id/__statics/gudangsoal/files/coin-master-hack-mod-apk-35-8_GM406889139.pdf",
        "https://elearning.manicp.sch.id/__statics/gudangsoal/files/can-i-get-robux-for-free_GM431946152.pdf",
        "https://elearning.manicp.sch.id/__statics/gudangsoal/files/roblox-free-play-no-download_GM431946152.pdf",
        "https://elearning.manicp.sch.id/__statics/gudangsoal/files/how-to-hack-into-someones-roblox-account_GM431946152.pdf",
        "https://elearning.manicp.sch.id/__statics/gudangsoal/files/free-spin-link-in-coin-master-game_GM406889139.pdf",
        "https://elearning.manicp.sch.id/__statics/gudangsoal/files/www-roblox-com-robux-free_GM431946152.pdf",
        "https://elearning.manicp.sch.id/__statics/gudangsoal/files/roblox-free-skin_GM431946152.pdf",
        "https://elearning.manicp.sch.id/__statics/gudangsoal/files/coin-master-free-spins-cash_GM406889139.pdf",
        "https://elearning.manicp.sch.id/__statics/gudangsoal/files/get-robux-now_GM431946152.pdf",
        "https://elearning.manicp.sch.id/__statics/gudangsoal/files/how-to-get-free-robux-no-survey_GM431946152.pdf",
        "https://elearning.manicp.sch.id/__statics/gudangsoal/files/coin-master-free-gift-links-2021_GM406889139.pdf",
        "https://elearning.manicp.sch.id/__statics/gudangsoal/files/free-robux-codes-2021-real_GM431946152.pdf",
        "https://elearning.manicp.sch.id/__statics/gudangsoal/files/robux-free-gift-card-org-hack_GM431946152.pdf"
    ],
    "regex_urls": [
        "https",
        "https",
        "https",
        "https",
        "https",
        "https",
        "https",
        "https",
        "https",
        "https",
        "https",
        "https",
        "https",
        "https",
        "https",
        "https",
        "https",
        "https",
        "https",
        "https",
        "https",
        "https"
    ],
    "scripts": {
        "iframe": [],
        "urls": []
    },
    "static_properties": {
        "JBIG2Decode": "0",
        "XML_forms": "0",
        "acro_form": "0",
        "auto_action": "0",
        "colors": "0",
        "cross_reference_table": "1",
        "embedded_files": "0",
        "file_size": "43",
        "java_script": "0",
        "js": "0",
        "launch_action": "0",
        "object_end": "60",
        "object_start": "60",
        "object_streams": "0",
        "open_action": "0",
        "page_count": "3",
        "rich_media": "0",
        "start_cross_reference_table": "1",
        "stream_end": "7",
        "stream_start": "7",
        "trailer_dictionary": "1"
    },
    "yara_signatures": [
        "without_attachments",
        "without_images",
        "with_urls",
        "invalid_trailer_structure",
        "contentis_base64"
    ]
}