{
    "exif_signatures": {},
    "file_size": 46728,
    "pdfid_signatures": {},
    "pypdf_uris": [
        "https://netcdn.xyz/app/406889139/coin-master-free-spins-that-really-game-hack",
        "https://netcdn.xyz/app/406889139/coin-master-free-spins-that-really-game-hack",
        "https://www.wearmyspex.com/uploaded_files/userfiles/files/spin-free-coin-master_GM406889139.pdf",
        "https://www.wearmyspex.com/uploaded_files/userfiles/files/free-minecraft-skin-creator_GM479516143.pdf",
        "https://www.wearmyspex.com/uploaded_files/userfiles/files/cm-free-spin-link-today_GM406889139.pdf",
        "https://www.wearmyspex.com/uploaded_files/userfiles/files/coin-master-level-4_GM406889139.pdf",
        "https://www.wearmyspex.com/uploaded_files/userfiles/files/how-to-hack-a-roblox-account-easy_GM431946152.pdf",
        "https://www.wearmyspex.com/uploaded_files/userfiles/files/how-to-get-free-premium-roblox_GM431946152.pdf",
        "https://www.wearmyspex.com/uploaded_files/userfiles/files/robux-in_GM431946152.pdf",
        "https://www.wearmyspex.com/uploaded_files/userfiles/files/static-moonactive-net_GM406889139.pdf",
        "https://www.wearmyspex.com/uploaded_files/userfiles/files/how-to-get-free-robux-without-downloading-any-apps_GM431946152.pdf",
        "https://www.wearmyspex.com/uploaded_files/userfiles/files/free-roblox-usernames-and-passwords_GM431946152.pdf",
        "https://www.wearmyspex.com/uploaded_files/userfiles/files/coin-master-mod-apk-latest-hack-with-unlimited-free-spins_GM406889139.pdf",
        "https://www.wearmyspex.com/uploaded_files/userfiles/files/how-to-get-free-robux-for-free_GM431946152.pdf",
        "https://www.wearmyspex.com/uploaded_files/userfiles/files/roblox-hack-ga_GM431946152.pdf",
        "https://www.wearmyspex.com/uploaded_files/userfiles/files/is-there-a-way-to-get-minecraft-for-free_GM479516143.pdf",
        "https://www.wearmyspex.com/uploaded_files/userfiles/files/free-roblox-money_GM431946152.pdf",
        "https://www.wearmyspex.com/uploaded_files/userfiles/files/coin-master-mod-apk_GM406889139.pdf",
        "https://www.wearmyspex.com/uploaded_files/userfiles/files/minecraft-xbox-one-edition-digital-code-free_GM479516143.pdf",
        "https://www.wearmyspex.com/uploaded_files/userfiles/files/minecraft-windows-10-edition-unlock-full-game-free_GM479516143.pdf",
        "https://www.wearmyspex.com/uploaded_files/userfiles/files/roblox-zone-free-robux_GM431946152.pdf",
        "https://www.wearmyspex.com/uploaded_files/userfiles/files/free-magical-chest-coin-master_GM406889139.pdf"
    ],
    "regex_uris": [
        "https://netcdn.xyz/app/406889139/coin-master-free-spins-that-really-game-hack",
        "https://netcdn.xyz/app/406889139/coin-master-free-spins-that-really-game-hack",
        "https://www.wearmyspex.com/uploaded_files/userfiles/files/spin-free-coin-master_GM406889139.pdf",
        "https://www.wearmyspex.com/uploaded_files/userfiles/files/free-minecraft-skin-creator_GM479516143.pdf",
        "https://www.wearmyspex.com/uploaded_files/userfiles/files/cm-free-spin-link-today_GM406889139.pdf",
        "https://www.wearmyspex.com/uploaded_files/userfiles/files/coin-master-level-4_GM406889139.pdf",
        "https://www.wearmyspex.com/uploaded_files/userfiles/files/how-to-hack-a-roblox-account-easy_GM431946152.pdf",
        "https://www.wearmyspex.com/uploaded_files/userfiles/files/how-to-get-free-premium-roblox_GM431946152.pdf",
        "https://www.wearmyspex.com/uploaded_files/userfiles/files/robux-in_GM431946152.pdf",
        "https://www.wearmyspex.com/uploaded_files/userfiles/files/static-moonactive-net_GM406889139.pdf",
        "https://www.wearmyspex.com/uploaded_files/userfiles/files/how-to-get-free-robux-without-downloading-any-apps_GM431946152.pdf",
        "https://www.wearmyspex.com/uploaded_files/userfiles/files/free-roblox-usernames-and-passwords_GM431946152.pdf",
        "https://www.wearmyspex.com/uploaded_files/userfiles/files/coin-master-mod-apk-latest-hack-with-unlimited-free-spins_GM406889139.pdf",
        "https://www.wearmyspex.com/uploaded_files/userfiles/files/how-to-get-free-robux-for-free_GM431946152.pdf",
        "https://www.wearmyspex.com/uploaded_files/userfiles/files/roblox-hack-ga_GM431946152.pdf",
        "https://www.wearmyspex.com/uploaded_files/userfiles/files/is-there-a-way-to-get-minecraft-for-free_GM479516143.pdf",
        "https://www.wearmyspex.com/uploaded_files/userfiles/files/free-roblox-money_GM431946152.pdf",
        "https://www.wearmyspex.com/uploaded_files/userfiles/files/coin-master-mod-apk_GM406889139.pdf",
        "https://www.wearmyspex.com/uploaded_files/userfiles/files/minecraft-xbox-one-edition-digital-code-free_GM479516143.pdf",
        "https://www.wearmyspex.com/uploaded_files/userfiles/files/minecraft-windows-10-edition-unlock-full-game-free_GM479516143.pdf",
        "https://www.wearmyspex.com/uploaded_files/userfiles/files/roblox-zone-free-robux_GM431946152.pdf",
        "https://www.wearmyspex.com/uploaded_files/userfiles/files/free-magical-chest-coin-master_GM406889139.pdf"
    ],
    "regex_urls": [
        "https",
        "https",
        "https",
        "www.wearmyspex.com/uploaded_files/userfiles/files/spin-free-coin-master_GM406889139.pdf",
        "https",
        "www.wearmyspex.com/uploaded_files/userfiles/files/free-minecraft-skin-creator_GM479516143.pdf",
        "https",
        "www.wearmyspex.com/uploaded_files/userfiles/files/cm-free-spin-link-today_GM406889139.pdf",
        "https",
        "www.wearmyspex.com/uploaded_files/userfiles/files/coin-master-level-4_GM406889139.pdf",
        "https",
        "www.wearmyspex.com/uploaded_files/userfiles/files/how-to-hack-a-roblox-account-easy_GM431946152.pdf",
        "https",
        "www.wearmyspex.com/uploaded_files/userfiles/files/how-to-get-free-premium-roblox_GM431946152.pdf",
        "https",
        "www.wearmyspex.com/uploaded_files/userfiles/files/robux-in_GM431946152.pdf",
        "https",
        "www.wearmyspex.com/uploaded_files/userfiles/files/static-moonactive-net_GM406889139.pdf",
        "https",
        "www.wearmyspex.com/uploaded_files/userfiles/files/how-to-get-free-robux-without-downloading-any-apps_GM431946152.pdf",
        "https",
        "www.wearmyspex.com/uploaded_files/userfiles/files/free-roblox-usernames-and-passwords_GM431946152.pdf",
        "https",
        "www.wearmyspex.com/uploaded_files/userfiles/files/coin-master-mod-apk-latest-hack-with-unlimited-free-spins_GM406889139.pdf",
        "https",
        "www.wearmyspex.com/uploaded_files/userfiles/files/how-to-get-free-robux-for-free_GM431946152.pdf",
        "https",
        "www.wearmyspex.com/uploaded_files/userfiles/files/roblox-hack-ga_GM431946152.pdf",
        "https",
        "www.wearmyspex.com/uploaded_files/userfiles/files/is-there-a-way-to-get-minecraft-for-free_GM479516143.pdf",
        "https",
        "www.wearmyspex.com/uploaded_files/userfiles/files/free-roblox-money_GM431946152.pdf",
        "https",
        "www.wearmyspex.com/uploaded_files/userfiles/files/coin-master-mod-apk_GM406889139.pdf",
        "https",
        "www.wearmyspex.com/uploaded_files/userfiles/files/minecraft-xbox-one-edition-digital-code-free_GM479516143.pdf",
        "https",
        "www.wearmyspex.com/uploaded_files/userfiles/files/minecraft-windows-10-edition-unlock-full-game-free_GM479516143.pdf",
        "https",
        "www.wearmyspex.com/uploaded_files/userfiles/files/roblox-zone-free-robux_GM431946152.pdf",
        "https",
        "www.wearmyspex.com/uploaded_files/userfiles/files/free-magical-chest-coin-master_GM406889139.pdf"
    ],
    "scripts": {
        "iframe": [],
        "urls": []
    },
    "static_properties": {
        "JBIG2Decode": "0",
        "XML_forms": "0",
        "acro_form": "0",
        "auto_action": "0",
        "colors": "0",
        "cross_reference_table": "1",
        "embedded_files": "0",
        "file_size": "47",
        "java_script": "0",
        "js": "0",
        "launch_action": "0",
        "object_end": "66",
        "object_start": "66",
        "object_streams": "0",
        "open_action": "0",
        "page_count": "3",
        "rich_media": "0",
        "start_cross_reference_table": "1",
        "stream_end": "9",
        "stream_start": "9",
        "trailer_dictionary": "1"
    },
    "yara_signatures": [
        "without_attachments",
        "without_images",
        "with_urls",
        "invalid_trailer_structure",
        "contentis_base64"
    ]
}