{
    "exif_signatures": {},
    "file_size": 43428,
    "pdfid_signatures": {},
    "pypdf_uris": [
        "https://netcdn.xyz/app/479516143/minecraft-server-hacks-game-hack",
        "https://netcdn.xyz/app/479516143/minecraft-server-hacks-game-hack",
        "https://eastwood.co.ke/uploaded_files/userfiles/files/roblox-hacks-com_GM431946152.pdf",
        "https://eastwood.co.ke/uploaded_files/userfiles/files/how-to-hack-someones-roblox-account_GM431946152.pdf",
        "https://eastwood.co.ke/uploaded_files/userfiles/files/robux-converter_GM431946152.pdf",
        "https://eastwood.co.ke/uploaded_files/userfiles/files/free-800-robux_GM431946152.pdf",
        "https://eastwood.co.ke/uploaded_files/userfiles/files/minecraft-hack-client-download_GM479516143.pdf",
        "https://eastwood.co.ke/uploaded_files/userfiles/files/how-to-get-free-robux-youtube_GM431946152.pdf",
        "https://eastwood.co.ke/uploaded_files/userfiles/files/coin-master-free-spins-heaven_GM406889139.pdf",
        "https://eastwood.co.ke/uploaded_files/userfiles/files/how-to-get-free-roblox_GM431946152.pdf",
        "https://eastwood.co.ke/uploaded_files/userfiles/files/coin-master-bonus_GM406889139.pdf",
        "https://eastwood.co.ke/uploaded_files/userfiles/files/spins-gratis-coin-master-hoy_GM406889139.pdf",
        "https://eastwood.co.ke/uploaded_files/userfiles/files/coin-master-free-coins-and-spins-daily_GM406889139.pdf",
        "https://eastwood.co.ke/uploaded_files/userfiles/files/minecraft-free-demo_GM479516143.pdf",
        "https://eastwood.co.ke/uploaded_files/userfiles/files/coin-master-free-spins-link-today-new_GM406889139.pdf",
        "https://eastwood.co.ke/uploaded_files/userfiles/files/free-spin-coin-master-2021-link_GM406889139.pdf",
        "https://eastwood.co.ke/uploaded_files/userfiles/files/como-hackear-coin-master-iphone_GM406889139.pdf",
        "https://eastwood.co.ke/uploaded_files/userfiles/files/free-robux-no-apps_GM431946152.pdf",
        "https://eastwood.co.ke/uploaded_files/userfiles/files/minecraft-coins-free_GM479516143.pdf",
        "https://eastwood.co.ke/uploaded_files/userfiles/files/how-to-get-daily-free-spins-on-coin-master_GM406889139.pdf",
        "https://eastwood.co.ke/uploaded_files/userfiles/files/free-spins-for-coin-master-hack_GM406889139.pdf",
        "https://eastwood.co.ke/uploaded_files/userfiles/files/how-to-hack-coin-master_GM406889139.pdf"
    ],
    "regex_uris": [
        "https://netcdn.xyz/app/479516143/minecraft-server-hacks-game-hack",
        "https://netcdn.xyz/app/479516143/minecraft-server-hacks-game-hack",
        "https://eastwood.co.ke/uploaded_files/userfiles/files/roblox-hacks-com_GM431946152.pdf",
        "https://eastwood.co.ke/uploaded_files/userfiles/files/how-to-hack-someones-roblox-account_GM431946152.pdf",
        "https://eastwood.co.ke/uploaded_files/userfiles/files/robux-converter_GM431946152.pdf",
        "https://eastwood.co.ke/uploaded_files/userfiles/files/free-800-robux_GM431946152.pdf",
        "https://eastwood.co.ke/uploaded_files/userfiles/files/minecraft-hack-client-download_GM479516143.pdf",
        "https://eastwood.co.ke/uploaded_files/userfiles/files/how-to-get-free-robux-youtube_GM431946152.pdf",
        "https://eastwood.co.ke/uploaded_files/userfiles/files/coin-master-free-spins-heaven_GM406889139.pdf",
        "https://eastwood.co.ke/uploaded_files/userfiles/files/how-to-get-free-roblox_GM431946152.pdf",
        "https://eastwood.co.ke/uploaded_files/userfiles/files/coin-master-bonus_GM406889139.pdf",
        "https://eastwood.co.ke/uploaded_files/userfiles/files/spins-gratis-coin-master-hoy_GM406889139.pdf",
        "https://eastwood.co.ke/uploaded_files/userfiles/files/coin-master-free-coins-and-spins-daily_GM406889139.pdf",
        "https://eastwood.co.ke/uploaded_files/userfiles/files/minecraft-free-demo_GM479516143.pdf",
        "https://eastwood.co.ke/uploaded_files/userfiles/files/coin-master-free-spins-link-today-new_GM406889139.pdf",
        "https://eastwood.co.ke/uploaded_files/userfiles/files/free-spin-coin-master-2021-link_GM406889139.pdf",
        "https://eastwood.co.ke/uploaded_files/userfiles/files/como-hackear-coin-master-iphone_GM406889139.pdf",
        "https://eastwood.co.ke/uploaded_files/userfiles/files/free-robux-no-apps_GM431946152.pdf",
        "https://eastwood.co.ke/uploaded_files/userfiles/files/minecraft-coins-free_GM479516143.pdf",
        "https://eastwood.co.ke/uploaded_files/userfiles/files/how-to-get-daily-free-spins-on-coin-master_GM406889139.pdf",
        "https://eastwood.co.ke/uploaded_files/userfiles/files/free-spins-for-coin-master-hack_GM406889139.pdf",
        "https://eastwood.co.ke/uploaded_files/userfiles/files/how-to-hack-coin-master_GM406889139.pdf"
    ],
    "regex_urls": [
        "https",
        "https",
        "https",
        "https",
        "https",
        "https",
        "https",
        "https",
        "https",
        "https",
        "https",
        "https",
        "https",
        "https",
        "https",
        "https",
        "https",
        "https",
        "https",
        "https",
        "https",
        "https"
    ],
    "scripts": {
        "iframe": [],
        "urls": []
    },
    "static_properties": {
        "JBIG2Decode": "0",
        "XML_forms": "0",
        "acro_form": "0",
        "auto_action": "0",
        "colors": "0",
        "cross_reference_table": "1",
        "embedded_files": "0",
        "file_size": "43",
        "java_script": "0",
        "js": "0",
        "launch_action": "0",
        "object_end": "60",
        "object_start": "60",
        "object_streams": "0",
        "open_action": "0",
        "page_count": "3",
        "rich_media": "0",
        "start_cross_reference_table": "1",
        "stream_end": "7",
        "stream_start": "7",
        "trailer_dictionary": "1"
    },
    "yara_signatures": [
        "vmdetect",
        "without_attachments",
        "without_images",
        "with_urls",
        "invalid_trailer_structure",
        "contentis_base64"
    ]
}