{
    "exif_signatures": {},
    "file_size": 95675,
    "pdfid_signatures": {},
    "pypdf_uris": [
        "http://joopsoa.com/c3?utm_term=winchester+1300+shotgun+parts+diagram+manual+for+sale+near+me",
        "http://gocash2u.xyz/userfiles/file/68908962787.pdf",
        "http://tycoonmedical.com/userfiles/file/lawurorisedoki.pdf",
        "https://static1.squarespace.com/static/60aaf27c8bac0413e6f804fa/t/62c326771ab36024c8756998/1656956535868/evaluating_algebraic_expressions_free_worksheets.pdf",
        "https://static1.squarespace.com/static/60aaf27c8bac0413e6f804fa/t/62b2ed07d574657e5cd611d5/1655893256094/ayrampo_propiedades_medicinales.pdf",
        "https://static1.squarespace.com/static/604aeb86718479732845b7b4/t/62d512267372a872d67c069d/1658130982357/xalapunefan.pdf",
        "http://panelko.hu/files/files/nigibejutuvoz.pdf",
        "https://www.webursitet.ru/kcfinder/upload/files/640908424.pdf",
        "http://villa-margherita.biz/userfiles/files/fugiwavexinokonuwer.pdf",
        "https://beautyyaurient.com/editor_upload/file/tiseniwojemav.pdf",
        "https://static1.squarespace.com/static/604aebe5436e397a99d53e8a/t/62c8ecfe3e7e3277ca592ab8/1657335038610/chudalani_undi_songs_download.pdf",
        "http://mojuerp.com/uploads/ckeditor/files/20220423143519.pdf",
        "https://static1.squarespace.com/static/604aea6a97201213e037dc4e/t/62d4fa74212d85347ea866df/1658124917446/derilenadapezoxegibeka.pdf",
        "https://themarketlook.com/assets/ckfinder/core/connector/php/uploads/files/5014912147.pdf",
        "http://spbmedax.ru/sites/default/files/uploads/zuzodobukawefaloka.pdf",
        "https://static1.squarespace.com/static/60aaf25e42d7b60106dc17aa/t/62c9bdfc1e6a7f3db33e5b2f/1657388540708/21388014406.pdf",
        "https://aqua2go.pl/galeria/file/jeduva.pdf",
        "https://ateneoarbonaida.com/wp-content/plugins/formcraft/file-upload/server/content/files/16262a18bb25dc---firamijebopomujil.pdf",
        "https://static1.squarespace.com/static/60aaf27c8bac0413e6f804fa/t/62c90ccc7deb1074a24b62a2/1657343181131/56609836220.pdf",
        "https://eco-conservator.com/userfiles/file/reduxaxifufadago.pdf",
        "http://imagespa.mx/wp-content/plugins/formcraft/file-upload/server/content/files/162a821ff4ef86---witomikof.pdf",
        "https://static1.squarespace.com/static/60aaf25e42d7b60106dc17aa/t/62c5be456e8475208708a832/1657126469897/bekupotason.pdf",
        "http://pyhunlian.com/uploadfile/file/rajawelozunatokena.pdf",
        "https://static1.squarespace.com/static/604aec14af289a5f7a539cf5/t/62b7694194e2396356cb265c/1656187202089/bafepegodasokat.pdf",
        "https://static1.squarespace.com/static/604aec14af289a5f7a539cf5/t/62bed004d6653113841d5ff3/1656672261676/76079203690.pdf",
        "https://static1.squarespace.com/static/604aeb86718479732845b7b4/t/62cbaee9b3a4074e212b8d1e/1657515753563/ejercicios_de_powerpoint_2013_avanza.pdf",
        "https://senegal4d.com/contents/files/tivekatoginivuvuku.pdf",
        "https://static1.squarespace.com/static/60aaf25e42d7b60106dc17aa/t/62c5b3f66d8d2e2958cac356/1657123830811/libro_administracion_de_la_cadena_de.pdf",
        "https://static1.squarespace.com/static/60aaf27c8bac0413e6f804fa/t/62b4d0c022a41974facf3470/1656017088756/xunojenaxoga.pdf",
        "http://xn--zb0b8a770aowi8xe5tfo88a.com/upload/tmp/file/1650310670.pdf",
        "https://laundrybyconrads.com/nbloom/fckuploads/file/65963134417.pdf",
        "https://static1.squarespace.com/static/60aaf25e42d7b60106dc17aa/t/62d32a93f1e9ae0eaf3ba9ff/1658006163736/la_panza_es_primero_rius.pdf",
        "https://skykharchono.mn/editor/files/5317262761.pdf",
        "http://papienbanana.com/user_file/file/57842655121.pdf",
        "https://static1.squarespace.com/static/60aaf25e42d7b60106dc17aa/t/62bc00feaf7300238a8ca2fe/1656488190796/safunuvajusitaruw.pdf",
        "http://samuiluxurytravel.com/Uploads/file/46116018454.pdf",
        "https://static1.squarespace.com/static/604aea6a97201213e037dc4e/t/62cf1589d94f9535c7d42852/1657738633558/huawei_mediapad_x1.pdf",
        "https://static1.squarespace.com/static/604aea6a97201213e037dc4e/t/62ca6b532acf6c18d7fc8d40/1657432916055/komowezolose.pdf",
        "http://struttur-arch.it/userfiles/files/71783726474.pdf",
        "https://static1.squarespace.com/static/604aebe5436e397a99d53e8a/t/62c299e22ea9432c736b683f/1656920546550/lfs_rims_manager_6t.pdf"
    ],
    "regex_uris": [
        "http://joopsoa.com/c3?utm_term=winchester+1300+shotgun+parts+diagram+manual+for+sale+near+me",
        "http://gocash2u.xyz/userfiles/file/68908962787.pdf",
        "http://tycoonmedical.com/userfiles/file/lawurorisedoki.pdf",
        "https://static1.squarespace.com/static/60aaf27c8bac0413e6f804fa/t/62c326771ab36024c8756998/1656956535868/evaluating_algebraic_expressions_free_worksheets.pdf",
        "https://static1.squarespace.com/static/60aaf27c8bac0413e6f804fa/t/62b2ed07d574657e5cd611d5/1655893256094/ayrampo_propiedades_medicinales.pdf",
        "https://static1.squarespace.com/static/604aeb86718479732845b7b4/t/62d512267372a872d67c069d/1658130982357/xalapunefan.pdf",
        "http://panelko.hu/files/files/nigibejutuvoz.pdf",
        "https://www.webursitet.ru/kcfinder/upload/files/640908424.pdf",
        "http://villa-margherita.biz/userfiles/files/fugiwavexinokonuwer.pdf",
        "https://beautyyaurient.com/editor_upload/file/tiseniwojemav.pdf",
        "https://static1.squarespace.com/static/604aebe5436e397a99d53e8a/t/62c8ecfe3e7e3277ca592ab8/1657335038610/chudalani_undi_songs_download.pdf",
        "http://mojuerp.com/uploads/ckeditor/files/20220423143519.pdf",
        "https://static1.squarespace.com/static/604aea6a97201213e037dc4e/t/62d4fa74212d85347ea866df/1658124917446/derilenadapezoxegibeka.pdf",
        "https://themarketlook.com/assets/ckfinder/core/connector/php/uploads/files/5014912147.pdf",
        "http://spbmedax.ru/sites/default/files/uploads/zuzodobukawefaloka.pdf",
        "https://static1.squarespace.com/static/60aaf25e42d7b60106dc17aa/t/62c9bdfc1e6a7f3db33e5b2f/1657388540708/21388014406.pdf",
        "https://aqua2go.pl/galeria/file/jeduva.pdf",
        "https://ateneoarbonaida.com/wp-content/plugins/formcraft/file-upload/server/content/files/16262a18bb25dc---firamijebopomujil.pdf",
        "https://static1.squarespace.com/static/60aaf27c8bac0413e6f804fa/t/62c90ccc7deb1074a24b62a2/1657343181131/56609836220.pdf",
        "https://eco-conservator.com/userfiles/file/reduxaxifufadago.pdf",
        "http://imagespa.mx/wp-content/plugins/formcraft/file-upload/server/content/files/162a821ff4ef86---witomikof.pdf",
        "https://static1.squarespace.com/static/60aaf25e42d7b60106dc17aa/t/62c5be456e8475208708a832/1657126469897/bekupotason.pdf",
        "http://pyhunlian.com/uploadfile/file/rajawelozunatokena.pdf",
        "https://static1.squarespace.com/static/604aec14af289a5f7a539cf5/t/62b7694194e2396356cb265c/1656187202089/bafepegodasokat.pdf",
        "https://static1.squarespace.com/static/604aec14af289a5f7a539cf5/t/62bed004d6653113841d5ff3/1656672261676/76079203690.pdf",
        "https://static1.squarespace.com/static/604aeb86718479732845b7b4/t/62cbaee9b3a4074e212b8d1e/1657515753563/ejercicios_de_powerpoint_2013_avanza.pdf",
        "https://senegal4d.com/contents/files/tivekatoginivuvuku.pdf",
        "https://static1.squarespace.com/static/60aaf25e42d7b60106dc17aa/t/62c5b3f66d8d2e2958cac356/1657123830811/libro_administracion_de_la_cadena_de.pdf",
        "https://static1.squarespace.com/static/60aaf27c8bac0413e6f804fa/t/62b4d0c022a41974facf3470/1656017088756/xunojenaxoga.pdf",
        "http://xn--zb0b8a770aowi8xe5tfo88a.com/upload/tmp/file/1650310670.pdf",
        "https://laundrybyconrads.com/nbloom/fckuploads/file/65963134417.pdf",
        "https://static1.squarespace.com/static/60aaf25e42d7b60106dc17aa/t/62d32a93f1e9ae0eaf3ba9ff/1658006163736/la_panza_es_primero_rius.pdf",
        "https://skykharchono.mn/editor/files/5317262761.pdf",
        "http://papienbanana.com/user_file/file/57842655121.pdf",
        "https://static1.squarespace.com/static/60aaf25e42d7b60106dc17aa/t/62bc00feaf7300238a8ca2fe/1656488190796/safunuvajusitaruw.pdf",
        "http://samuiluxurytravel.com/Uploads/file/46116018454.pdf",
        "https://static1.squarespace.com/static/604aea6a97201213e037dc4e/t/62cf1589d94f9535c7d42852/1657738633558/huawei_mediapad_x1.pdf",
        "https://static1.squarespace.com/static/604aea6a97201213e037dc4e/t/62ca6b532acf6c18d7fc8d40/1657432916055/komowezolose.pdf",
        "http://struttur-arch.it/userfiles/files/71783726474.pdf",
        "https://static1.squarespace.com/static/604aebe5436e397a99d53e8a/t/62c299e22ea9432c736b683f/1656920546550/lfs_rims_manager_6t.pdf"
    ],
    "regex_urls": [
        "http://joopsoa.com/c3?utm_term=winchester+1300+shotgun+parts+diagram+manual+for+sale+near+me",
        "http://gocash2u.xyz/userfiles/file/68908962787.pdf",
        "http://tycoonmedical.com/userfiles/file/lawurorisedoki.pdf",
        "https",
        "https",
        "https",
        "http://panelko.hu/files/files/nigibejutuvoz.pdf",
        "https",
        "www.webursitet.ru/kcfinder/upload/files/640908424.pdf",
        "http://villa-margherita.biz/userfiles/files/fugiwavexinokonuwer.pdf",
        "https",
        "https",
        "http://mojuerp.com/uploads/ckeditor/files/20220423143519.pdf",
        "https",
        "https",
        "http://spbmedax.ru/sites/default/files/uploads/zuzodobukawefaloka.pdf",
        "https",
        "https",
        "https",
        "https",
        "https",
        "http://imagespa.mx/wp-content/plugins/formcraft/file-upload/server/content/files/162a821ff4ef86---witomikof.pdf",
        "https",
        "http://pyhunlian.com/uploadfile/file/rajawelozunatokena.pdf",
        "https",
        "https",
        "https",
        "https",
        "https",
        "https",
        "http://xn--zb0b8a770aowi8xe5tfo88a.com/upload/tmp/file/1650310670.pdf",
        "https",
        "https",
        "https",
        "http://papienbanana.com/user_file/file/57842655121.pdf",
        "https",
        "http://samuiluxurytravel.com/Uploads/file/46116018454.pdf",
        "https",
        "https",
        "http://struttur-arch.it/userfiles/files/71783726474.pdf",
        "https",
        "http://www.w3.org/1999/02/22-rdf-syntax-ns#",
        "http://purl.org/dc/elements/1.1/",
        "http://ns.adobe.com/pdf/1.3/",
        "http://ns.adobe.com/xap/1.0/",
        "http://ns.adobe.com/xap/1.0/mm/",
        "http://ns.adobe.com/xap/1.0/rights/"
    ],
    "scripts": {
        "iframe": [],
        "urls": []
    },
    "static_properties": {
        "JBIG2Decode": "0",
        "XML_forms": "0",
        "acro_form": "0",
        "auto_action": "0",
        "colors": "0",
        "cross_reference_table": "2",
        "embedded_files": "0",
        "file_size": "96",
        "java_script": "0",
        "js": "0",
        "launch_action": "0",
        "object_end": "91",
        "object_start": "91",
        "object_streams": "0",
        "open_action": "0",
        "page_count": "4",
        "rich_media": "0",
        "start_cross_reference_table": "2",
        "stream_end": "15",
        "stream_start": "15",
        "trailer_dictionary": "2"
    },
    "yara_signatures": [
        "without_attachments",
        "without_images",
        "with_urls",
        "invalid_trailer_structure",
        "multiple_versions",
        "contentis_base64"
    ]
}