{
    "exif_signatures": {},
    "file_size": 36690,
    "pdfid_signatures": {},
    "pypdf_uris": [
        "http://netcdn.tw/app/406889139/coin-master-card-collection-hack-apk-game-hack",
        "http://netcdn.tw/app/406889139/coin-master-card-collection-hack-apk-game-hack",
        "https://pn-tapaktuan.go.id/pustaka/repository/how-to-get-free-robux-2021-no-verification_GM431946152.pdf",
        "https://pn-tapaktuan.go.id/pustaka/repository/robux-com-free_GM431946152.pdf",
        "https://pn-tapaktuan.go.id/pustaka/repository/live-roblox-bubble-gum-simulator-hack_GM431946152.pdf",
        "https://pn-tapaktuan.go.id/pustaka/repository/roblox-command-cheat_GM431946152.pdf",
        "https://pn-tapaktuan.go.id/pustaka/repository/coin-master-free-link-today_GM406889139.pdf",
        "https://pn-tapaktuan.go.id/pustaka/repository/how-to-get-free-spins-in-coin-master_GM406889139.pdf",
        "https://pn-tapaktuan.go.id/pustaka/repository/free-custom-minecraft-skins_GM479516143.pdf",
        "https://pn-tapaktuan.go.id/pustaka/repository/hack-coin-master-game-download_GM406889139.pdf",
        "https://pn-tapaktuan.go.id/pustaka/repository/how-to-get-free-robux-2021-without-builders-club_GM431946152.pdf",
        "https://pn-tapaktuan.go.id/pustaka/repository/free-star-codes-roblox_GM431946152.pdf",
        "https://pn-tapaktuan.go.id/pustaka/repository/how-to-get-free-robux-on-computer_GM431946152.pdf",
        "https://pn-tapaktuan.go.id/pustaka/repository/roblox-avatar-free-draw_GM431946152.pdf",
        "https://pn-tapaktuan.go.id/pustaka/repository/roblox-script-hack_GM431946152.pdf",
        "https://pn-tapaktuan.go.id/pustaka/repository/free-robux-codes-no-human-verification_GM431946152.pdf",
        "https://pn-tapaktuan.go.id/pustaka/repository/no-verification-coin-master-hack_GM406889139.pdf",
        "https://pn-tapaktuan.go.id/pustaka/repository/free-robux-flame_GM431946152.pdf",
        "https://pn-tapaktuan.go.id/pustaka/repository/free-robux-without-human-verification_GM431946152.pdf",
        "https://pn-tapaktuan.go.id/pustaka/repository/hacks-de-roblox-para-descargar_GM431946152.pdf",
        "https://pn-tapaktuan.go.id/pustaka/repository/spin-links-for-coin-master_GM406889139.pdf",
        "https://pn-tapaktuan.go.id/pustaka/repository/free-robux-rbx-place_GM431946152.pdf"
    ],
    "regex_uris": [
        "http://netcdn.tw/app/406889139/coin-master-card-collection-hack-apk-game-hack",
        "http://netcdn.tw/app/406889139/coin-master-card-collection-hack-apk-game-hack",
        "https://pn-tapaktuan.go.id/pustaka/repository/how-to-get-free-robux-2021-no-verification_GM431946152.pdf",
        "https://pn-tapaktuan.go.id/pustaka/repository/robux-com-free_GM431946152.pdf",
        "https://pn-tapaktuan.go.id/pustaka/repository/live-roblox-bubble-gum-simulator-hack_GM431946152.pdf",
        "https://pn-tapaktuan.go.id/pustaka/repository/roblox-command-cheat_GM431946152.pdf",
        "https://pn-tapaktuan.go.id/pustaka/repository/coin-master-free-link-today_GM406889139.pdf",
        "https://pn-tapaktuan.go.id/pustaka/repository/how-to-get-free-spins-in-coin-master_GM406889139.pdf",
        "https://pn-tapaktuan.go.id/pustaka/repository/free-custom-minecraft-skins_GM479516143.pdf",
        "https://pn-tapaktuan.go.id/pustaka/repository/hack-coin-master-game-download_GM406889139.pdf",
        "https://pn-tapaktuan.go.id/pustaka/repository/how-to-get-free-robux-2021-without-builders-club_GM431946152.pdf",
        "https://pn-tapaktuan.go.id/pustaka/repository/free-star-codes-roblox_GM431946152.pdf",
        "https://pn-tapaktuan.go.id/pustaka/repository/how-to-get-free-robux-on-computer_GM431946152.pdf",
        "https://pn-tapaktuan.go.id/pustaka/repository/roblox-avatar-free-draw_GM431946152.pdf",
        "https://pn-tapaktuan.go.id/pustaka/repository/roblox-script-hack_GM431946152.pdf",
        "https://pn-tapaktuan.go.id/pustaka/repository/free-robux-codes-no-human-verification_GM431946152.pdf",
        "https://pn-tapaktuan.go.id/pustaka/repository/no-verification-coin-master-hack_GM406889139.pdf",
        "https://pn-tapaktuan.go.id/pustaka/repository/free-robux-flame_GM431946152.pdf",
        "https://pn-tapaktuan.go.id/pustaka/repository/free-robux-without-human-verification_GM431946152.pdf",
        "https://pn-tapaktuan.go.id/pustaka/repository/hacks-de-roblox-para-descargar_GM431946152.pdf",
        "https://pn-tapaktuan.go.id/pustaka/repository/spin-links-for-coin-master_GM406889139.pdf",
        "https://pn-tapaktuan.go.id/pustaka/repository/free-robux-rbx-place_GM431946152.pdf"
    ],
    "regex_urls": [
        "http://netcdn.tw/app/406889139/coin-master-card-collection-hack-apk-game-hack",
        "http://netcdn.tw/app/406889139/coin-master-card-collection-hack-apk-game-hack",
        "https",
        "https",
        "https",
        "https",
        "https",
        "https",
        "https",
        "https",
        "https",
        "https",
        "https",
        "https",
        "https",
        "https",
        "https",
        "https",
        "https",
        "https",
        "https",
        "https"
    ],
    "scripts": {
        "iframe": [],
        "urls": []
    },
    "static_properties": {
        "JBIG2Decode": "0",
        "XML_forms": "0",
        "acro_form": "0",
        "auto_action": "0",
        "colors": "0",
        "cross_reference_table": "1",
        "embedded_files": "0",
        "file_size": "37",
        "java_script": "0",
        "js": "0",
        "launch_action": "0",
        "object_end": "55",
        "object_start": "55",
        "object_streams": "0",
        "open_action": "0",
        "page_count": "2",
        "rich_media": "0",
        "start_cross_reference_table": "1",
        "stream_end": "6",
        "stream_start": "6",
        "trailer_dictionary": "1"
    },
    "yara_signatures": [
        "without_attachments",
        "without_images",
        "with_urls",
        "invalid_trailer_structure",
        "contentis_base64"
    ]
}