{
    "exif_signatures": {},
    "file_size": 37313,
    "pdfid_signatures": {},
    "pypdf_uris": [
        "https://netcdn.xyz/app/479516143/how-to-make-a-server-in-minecraft-java-for-free-game-hack",
        "https://netcdn.xyz/app/479516143/how-to-make-a-server-in-minecraft-java-for-free-game-hack",
        "https://eastwood.co.ke/uploaded_files/userfiles/files/how-to-get-a-refund-on-roblox-2021_GM431946152.pdf",
        "https://eastwood.co.ke/uploaded_files/userfiles/files/how-do-you-hack-roblox_GM431946152.pdf",
        "https://eastwood.co.ke/uploaded_files/userfiles/files/tryrbx-site-free-robux_GM431946152.pdf",
        "https://eastwood.co.ke/uploaded_files/userfiles/files/how-to-get-free-coins-on-flip-master_GM406889139.pdf",
        "https://eastwood.co.ke/uploaded_files/userfiles/files/free-coin-master-spins-2021_GM406889139.pdf"
    ],
    "regex_uris": [
        "https://netcdn.xyz/app/479516143/how-to-make-a-server-in-minecraft-java-for-free-game-hack",
        "https://netcdn.xyz/app/479516143/how-to-make-a-server-in-minecraft-java-for-free-game-hack",
        "https://eastwood.co.ke/uploaded_files/userfiles/files/how-to-get-a-refund-on-roblox-2021_GM431946152.pdf",
        "https://eastwood.co.ke/uploaded_files/userfiles/files/how-do-you-hack-roblox_GM431946152.pdf",
        "https://eastwood.co.ke/uploaded_files/userfiles/files/tryrbx-site-free-robux_GM431946152.pdf",
        "https://eastwood.co.ke/uploaded_files/userfiles/files/how-to-get-free-coins-on-flip-master_GM406889139.pdf",
        "https://eastwood.co.ke/uploaded_files/userfiles/files/free-coin-master-spins-2021_GM406889139.pdf"
    ],
    "regex_urls": [
        "https",
        "https",
        "https",
        "https",
        "https",
        "https",
        "https"
    ],
    "scripts": {
        "iframe": [],
        "urls": []
    },
    "static_properties": {
        "JBIG2Decode": "0",
        "XML_forms": "0",
        "acro_form": "0",
        "auto_action": "0",
        "colors": "0",
        "cross_reference_table": "1",
        "embedded_files": "0",
        "file_size": "37",
        "java_script": "0",
        "js": "0",
        "launch_action": "0",
        "object_end": "40",
        "object_start": "40",
        "object_streams": "0",
        "open_action": "0",
        "page_count": "2",
        "rich_media": "0",
        "start_cross_reference_table": "1",
        "stream_end": "6",
        "stream_start": "6",
        "trailer_dictionary": "1"
    },
    "yara_signatures": [
        "without_attachments",
        "without_images",
        "with_urls",
        "invalid_trailer_structure",
        "contentis_base64"
    ]
}