{
    "exif_signatures": {},
    "file_size": 83863,
    "pdfid_signatures": {},
    "pypdf_uris": [
        "https://bologen.ru/wix?keyword=the+gazette+kai+twitter",
        "https://cdn.sqhk.co/jabosuve/PGidHha/62686600559.pdf",
        "http://lnstagram-helping-centre.com/513058768159sk79.pdf",
        "https://jogemubo.weebly.com/uploads/1/3/4/3/134321321/c4051e7da.pdf",
        "http://nejovafejasujob.rf.gd/ich_guidelines_genotoxic_impurities.pdf",
        "https://cdn.sqhk.co/pigajifaw/f7RfSsU/24956422553.pdf",
        "https://wetololat.weebly.com/uploads/1/3/4/7/134710700/pavoxit.pdf",
        "https://cdn.sqhk.co/zuxosutuku/ie6jeij/xidiwovemibetujabop.pdf",
        "https://cdn.sqhk.co/pimidima/jgfFiih/nifitopirojabevefijipe.pdf",
        "http://bakilipos.epizy.com/24965086286.pdf",
        "http://fofeparulofiz.rf.gd/29662938036.pdf",
        "http://mivetys.xyz/builders_of_tiny_houses_in_ohioogs23.pdf",
        "https://cdn.sqhk.co/faxinomitux/9hhKqhi/save_the_planet_x_vans.pdf",
        "http://jitokinut.iblogger.org/seismic_data_interpretation.pdf",
        "https://jobalexaxikut.weebly.com/uploads/1/3/4/8/134892204/158983.pdf",
        "http://powajokex.rf.gd/symmetrical_patterns_ks1_worksheet.pdf",
        "http://muduwabu.rf.gd/63754309893.pdf",
        "https://sonalopuxarore.weebly.com/uploads/1/3/4/3/134310538/zimoxefekenef_selavowikupa_sufidexir.pdf",
        "http://dupipavigojas.iblogger.org/jutorilu.pdf",
        "https://siwurarililoto.weebly.com/uploads/1/3/1/4/131453181/264c9f0f14d34.pdf",
        "https://cdn.sqhk.co/jowapezo/jihdjft/vewanumuwokeza.pdf",
        "http://xutulatovemi.epizy.com/96086927824.pdf"
    ],
    "regex_uris": [
        "https://bologen.ru/wix?keyword=the+gazette+kai+twitter",
        "https://cdn.sqhk.co/jabosuve/PGidHha/62686600559.pdf",
        "http://lnstagram-helping-centre.com/513058768159sk79.pdf",
        "https://jogemubo.weebly.com/uploads/1/3/4/3/134321321/c4051e7da.pdf",
        "http://nejovafejasujob.rf.gd/ich_guidelines_genotoxic_impurities.pdf",
        "https://cdn.sqhk.co/pigajifaw/f7RfSsU/24956422553.pdf",
        "https://wetololat.weebly.com/uploads/1/3/4/7/134710700/pavoxit.pdf",
        "https://cdn.sqhk.co/zuxosutuku/ie6jeij/xidiwovemibetujabop.pdf",
        "https://cdn.sqhk.co/pimidima/jgfFiih/nifitopirojabevefijipe.pdf",
        "http://bakilipos.epizy.com/24965086286.pdf",
        "http://fofeparulofiz.rf.gd/29662938036.pdf",
        "http://mivetys.xyz/builders_of_tiny_houses_in_ohioogs23.pdf",
        "https://cdn.sqhk.co/faxinomitux/9hhKqhi/save_the_planet_x_vans.pdf",
        "http://jitokinut.iblogger.org/seismic_data_interpretation.pdf",
        "https://jobalexaxikut.weebly.com/uploads/1/3/4/8/134892204/158983.pdf",
        "http://powajokex.rf.gd/symmetrical_patterns_ks1_worksheet.pdf",
        "http://muduwabu.rf.gd/63754309893.pdf",
        "https://sonalopuxarore.weebly.com/uploads/1/3/4/3/134310538/zimoxefekenef_selavowikupa_sufidexir.pdf",
        "http://dupipavigojas.iblogger.org/jutorilu.pdf",
        "https://siwurarililoto.weebly.com/uploads/1/3/1/4/131453181/264c9f0f14d34.pdf",
        "https://cdn.sqhk.co/jowapezo/jihdjft/vewanumuwokeza.pdf",
        "http://xutulatovemi.epizy.com/96086927824.pdf"
    ],
    "regex_urls": [
        "https",
        "https",
        "http://lnstagram-helping-centre.com/513058768159sk79.pdf",
        "https",
        "http://nejovafejasujob.rf.gd/ich_guidelines_genotoxic_impurities.pdf",
        "https",
        "https",
        "https",
        "https",
        "http://bakilipos.epizy.com/24965086286.pdf",
        "http://fofeparulofiz.rf.gd/29662938036.pdf",
        "http://mivetys.xyz/builders_of_tiny_houses_in_ohioogs23.pdf",
        "https",
        "http://jitokinut.iblogger.org/seismic_data_interpretation.pdf",
        "https",
        "http://powajokex.rf.gd/symmetrical_patterns_ks1_worksheet.pdf",
        "http://muduwabu.rf.gd/63754309893.pdf",
        "https",
        "http://dupipavigojas.iblogger.org/jutorilu.pdf",
        "https",
        "https",
        "http://xutulatovemi.epizy.com/96086927824.pdf",
        "http://www.w3.org/1999/02/22-rdf-syntax-ns#",
        "http://purl.org/dc/elements/1.1/",
        "http://ns.adobe.com/pdf/1.3/",
        "http://ns.adobe.com/xap/1.0/",
        "http://ns.adobe.com/xap/1.0/mm/",
        "http://ns.adobe.com/xap/1.0/rights/"
    ],
    "scripts": {
        "iframe": [],
        "urls": []
    },
    "static_properties": {
        "JBIG2Decode": "0",
        "XML_forms": "0",
        "acro_form": "0",
        "auto_action": "0",
        "colors": "0",
        "cross_reference_table": "2",
        "embedded_files": "0",
        "file_size": "84",
        "java_script": "0",
        "js": "0",
        "launch_action": "0",
        "object_end": "76",
        "object_start": "76",
        "object_streams": "0",
        "open_action": "0",
        "page_count": "2",
        "rich_media": "0",
        "start_cross_reference_table": "2",
        "stream_end": "14",
        "stream_start": "14",
        "trailer_dictionary": "2"
    },
    "yara_signatures": [
        "without_attachments",
        "without_images",
        "with_urls",
        "invalid_trailer_structure",
        "multiple_versions",
        "contentis_base64"
    ]
}