{
    "exif_signatures": {},
    "file_size": 64818,
    "pdfid_signatures": {},
    "pypdf_uris": [
        "http://ydeepty.com/wb3?utm_term=blokus%20trigon%20rules%20pdf%20printable%202017%20pdf%20template",
        "https://igmof.com/admin/js/kcfinder/upload/web_file_ig_1/files/nuzisis.pdf",
        "https://neritakewu.weebly.com/uploads/1/3/1/8/131856632/e86c904.pdf",
        "http://studiorinaldibedin.eu/userfiles/files/suruzuvibuxav.pdf",
        "http://www.kizkulesikizogrenciyurdu.com/public/ckfinderuploads/files/vozodixesowaje.pdf",
        "https://povejuzulegaje.weebly.com/uploads/1/3/5/3/135301343/1199dbbd2.pdf",
        "http://eugensa.lt/app/webroot/uploads/userfiles/files/813575034.pdf",
        "https://artofsurfing.com/preview/ckfinder/userfiles/files/9015746612.pdf",
        "http://hajostanfolyam.hu/admin/kcfinder/upload/files/levotipupivonisavakogu.pdf",
        "https://klubkanine.com/home/klub/public_html/ckfinder/userfiles/files/mofigilulukopoko.pdf",
        "http://zavodmdu.ru/userfiles/files/9717938556.pdf",
        "https://konnektim.ru/upload/files/fatamos.pdf",
        "https://armenia4d.com/contents/files/zesarevodofajekal.pdf",
        "https://tajeer.co/userfiles/file/navofiwezuvalotuwuguj.pdf",
        "https://fimenatomexe.weebly.com/uploads/1/4/2/1/142116838/e66aa55a91.pdf",
        "http://baracenter.be/userfiles/file/60057539365.pdf",
        "http://electriccityusa.com/images/fck_uploads/file/11713575835.pdf",
        "https://supogukifululeb.weebly.com/uploads/1/3/4/3/134307834/7833089.pdf",
        "https://www.ideaklinik.com.tr/wp-content/plugins/formcraft/file-upload/server/content/files/16268a5f77c629---66247295441.pdf",
        "http://www.kreasoft.mx/wp-content/plugins/formcraft/file-upload/server/content/files/16201990da5c16---dimuzobak.pdf"
    ],
    "regex_uris": [
        "http://ydeepty.com/wb3?utm_term=blokus%20trigon%20rules%20pdf%20printable%202017%20pdf%20template",
        "https://igmof.com/admin/js/kcfinder/upload/web_file_ig_1/files/nuzisis.pdf",
        "https://neritakewu.weebly.com/uploads/1/3/1/8/131856632/e86c904.pdf",
        "http://studiorinaldibedin.eu/userfiles/files/suruzuvibuxav.pdf",
        "http://www.kizkulesikizogrenciyurdu.com/public/ckfinderuploads/files/vozodixesowaje.pdf",
        "https://povejuzulegaje.weebly.com/uploads/1/3/5/3/135301343/1199dbbd2.pdf",
        "http://eugensa.lt/app/webroot/uploads/userfiles/files/813575034.pdf",
        "https://artofsurfing.com/preview/ckfinder/userfiles/files/9015746612.pdf",
        "http://hajostanfolyam.hu/admin/kcfinder/upload/files/levotipupivonisavakogu.pdf",
        "https://klubkanine.com/home/klub/public_html/ckfinder/userfiles/files/mofigilulukopoko.pdf",
        "http://zavodmdu.ru/userfiles/files/9717938556.pdf",
        "https://konnektim.ru/upload/files/fatamos.pdf",
        "https://armenia4d.com/contents/files/zesarevodofajekal.pdf",
        "https://tajeer.co/userfiles/file/navofiwezuvalotuwuguj.pdf",
        "https://fimenatomexe.weebly.com/uploads/1/4/2/1/142116838/e66aa55a91.pdf",
        "http://baracenter.be/userfiles/file/60057539365.pdf",
        "http://electriccityusa.com/images/fck_uploads/file/11713575835.pdf",
        "https://supogukifululeb.weebly.com/uploads/1/3/4/3/134307834/7833089.pdf",
        "https://www.ideaklinik.com.tr/wp-content/plugins/formcraft/file-upload/server/content/files/16268a5f77c629---66247295441.pdf",
        "http://www.kreasoft.mx/wp-content/plugins/formcraft/file-upload/server/content/files/16201990da5c16---dimuzobak.pdf"
    ],
    "regex_urls": [
        "http://ydeepty.com/wb3?utm_term=blokus%20trigon%20rules%20pdf%20printable%202017%20pdf%20template",
        "https",
        "https",
        "http://studiorinaldibedin.eu/userfiles/files/suruzuvibuxav.pdf",
        "http://www.kizkulesikizogrenciyurdu.com/public/ckfinderuploads/files/vozodixesowaje.pdf",
        "https",
        "http://eugensa.lt/app/webroot/uploads/userfiles/files/813575034.pdf",
        "https",
        "http://hajostanfolyam.hu/admin/kcfinder/upload/files/levotipupivonisavakogu.pdf",
        "https",
        "http://zavodmdu.ru/userfiles/files/9717938556.pdf",
        "https",
        "https",
        "https",
        "https",
        "http://baracenter.be/userfiles/file/60057539365.pdf",
        "http://electriccityusa.com/images/fck_uploads/file/11713575835.pdf",
        "https",
        "https",
        "www.ideaklinik.com.tr/wp-content/plugins/formcraft/file-upload/server/content/files/16268a5f77c629---66247295441.pdf",
        "http://www.kreasoft.mx/wp-content/plugins/formcraft/file-upload/server/content/files/16201990da5c16---dimuzobak.pdf",
        "http://www.w3.org/1999/02/22-rdf-syntax-ns#",
        "http://purl.org/dc/elements/1.1/",
        "http://ns.adobe.com/pdf/1.3/",
        "http://ns.adobe.com/xap/1.0/",
        "http://ns.adobe.com/xap/1.0/mm/",
        "http://ns.adobe.com/xap/1.0/rights/"
    ],
    "scripts": {
        "iframe": [],
        "urls": []
    },
    "static_properties": {
        "JBIG2Decode": "0",
        "XML_forms": "0",
        "acro_form": "0",
        "auto_action": "0",
        "colors": "0",
        "cross_reference_table": "2",
        "embedded_files": "0",
        "file_size": "65",
        "java_script": "0",
        "js": "0",
        "launch_action": "0",
        "object_end": "64",
        "object_start": "64",
        "object_streams": "0",
        "open_action": "0",
        "page_count": "4",
        "rich_media": "0",
        "start_cross_reference_table": "2",
        "stream_end": "12",
        "stream_start": "12",
        "trailer_dictionary": "2"
    },
    "yara_signatures": [
        "without_attachments",
        "without_images",
        "with_urls",
        "invalid_trailer_structure",
        "multiple_versions",
        "contentis_base64"
    ]
}