{
    "exif_signatures": {},
    "file_size": 84351,
    "pdfid_signatures": {},
    "pypdf_uris": [
        "https://leonvi.ru/strik?utm_term=generac+7019+onewash+review",
        "https://cdn.sqhk.co/gavezexu/hbjdcaT/wefozigiwipodu.pdf",
        "https://static.s123-cdn-static.com/uploads/4500430/normal_5fc69df4f38f5.pdf",
        "https://cdn-cms.f-static.net/uploads/4476127/normal_600f0e464f20e.pdf",
        "https://cdn.sqhk.co/fefamujigip/jn7gdgj/running_run_endless_runner_games.pdf",
        "https://cdn.sqhk.co/nimabugokofa/imiicY1/lanedofesege.pdf",
        "http://raicen.com/slipper_rubber_sheet_supplier_in_delhihx0sn.pdf",
        "http://sayfelengs.space/absence_procedure_templatezqz4p.pdf",
        "https://rosiruwolokixa.weebly.com/uploads/1/3/4/7/134765588/bibupexifomamow.pdf",
        "http://richteam.site/buvusulifolotoadykb.pdf",
        "http://kotozavarikima.22web.org/10464455353.pdf",
        "http://kmplitka.shop/864295263320yoxq.pdf",
        "https://batuputuj.weebly.com/uploads/1/3/0/7/130739628/zamufajaxosag_tusaxosis.pdf"
    ],
    "regex_uris": [
        "https://leonvi.ru/strik?utm_term=generac+7019+onewash+review",
        "https://cdn.sqhk.co/gavezexu/hbjdcaT/wefozigiwipodu.pdf",
        "https://static.s123-cdn-static.com/uploads/4500430/normal_5fc69df4f38f5.pdf",
        "https://cdn-cms.f-static.net/uploads/4476127/normal_600f0e464f20e.pdf",
        "https://cdn.sqhk.co/fefamujigip/jn7gdgj/running_run_endless_runner_games.pdf",
        "https://cdn.sqhk.co/nimabugokofa/imiicY1/lanedofesege.pdf",
        "http://raicen.com/slipper_rubber_sheet_supplier_in_delhihx0sn.pdf",
        "http://sayfelengs.space/absence_procedure_templatezqz4p.pdf",
        "https://rosiruwolokixa.weebly.com/uploads/1/3/4/7/134765588/bibupexifomamow.pdf",
        "http://richteam.site/buvusulifolotoadykb.pdf",
        "http://kotozavarikima.22web.org/10464455353.pdf",
        "http://kmplitka.shop/864295263320yoxq.pdf",
        "https://batuputuj.weebly.com/uploads/1/3/0/7/130739628/zamufajaxosag_tusaxosis.pdf"
    ],
    "regex_urls": [
        "https",
        "https",
        "https",
        "https",
        "https",
        "https",
        "http://raicen.com/slipper_rubber_sheet_supplier_in_delhihx0sn.pdf",
        "http://sayfelengs.space/absence_procedure_templatezqz4p.pdf",
        "https",
        "http://richteam.site/buvusulifolotoadykb.pdf",
        "http://kotozavarikima.22web.org/10464455353.pdf",
        "http://kmplitka.shop/864295263320yoxq.pdf",
        "https",
        "http://www.w3.org/1999/02/22-rdf-syntax-ns#",
        "http://purl.org/dc/elements/1.1/",
        "http://ns.adobe.com/pdf/1.3/",
        "http://ns.adobe.com/xap/1.0/",
        "http://ns.adobe.com/xap/1.0/mm/",
        "http://ns.adobe.com/xap/1.0/rights/"
    ],
    "scripts": {
        "iframe": [],
        "urls": []
    },
    "static_properties": {
        "JBIG2Decode": "0",
        "XML_forms": "0",
        "acro_form": "0",
        "auto_action": "0",
        "colors": "0",
        "cross_reference_table": "2",
        "embedded_files": "0",
        "file_size": "84",
        "java_script": "0",
        "js": "0",
        "launch_action": "0",
        "object_end": "54",
        "object_start": "54",
        "object_streams": "0",
        "open_action": "0",
        "page_count": "3",
        "rich_media": "0",
        "start_cross_reference_table": "2",
        "stream_end": "9",
        "stream_start": "9",
        "trailer_dictionary": "2"
    },
    "yara_signatures": [
        "without_attachments",
        "without_images",
        "with_urls",
        "invalid_trailer_structure",
        "multiple_versions",
        "contentis_base64"
    ]
}