{
    "exif_signatures": {},
    "file_size": 48290,
    "pdfid_signatures": {},
    "pypdf_uris": [
        "https://netcdn.xyz/app/431946152/blox-fish-free-robux-game-hack",
        "https://netcdn.xyz/app/431946152/blox-fish-free-robux-game-hack",
        "https://elearning.manicp.sch.id/__statics/gudangsoal/files/free-roblox-shirt-templates_GM431946152.pdf",
        "https://elearning.manicp.sch.id/__statics/gudangsoal/files/coin-master-daily-free-spins-hack_GM406889139.pdf",
        "https://elearning.manicp.sch.id/__statics/gudangsoal/files/free-roebucks_GM431946152.pdf",
        "https://elearning.manicp.sch.id/__statics/gudangsoal/files/hack-coin-master-link_GM406889139.pdf",
        "https://elearning.manicp.sch.id/__statics/gudangsoal/files/free-robux-on-ipad_GM431946152.pdf",
        "https://elearning.manicp.sch.id/__statics/gudangsoal/files/free-spins-coin-master-legit_GM406889139.pdf",
        "https://elearning.manicp.sch.id/__statics/gudangsoal/files/coin-master-hack-no-human-verification-2021_GM406889139.pdf",
        "https://elearning.manicp.sch.id/__statics/gudangsoal/files/static-moonactive-net-free-spins-coin-master_GM406889139.pdf",
        "https://elearning.manicp.sch.id/__statics/gudangsoal/files/100-free-spins-coin-master-link_GM406889139.pdf",
        "https://elearning.manicp.sch.id/__statics/gudangsoal/files/coin-master-free-blogspot_GM406889139.pdf",
        "https://elearning.manicp.sch.id/__statics/gudangsoal/files/coin-master-free-spins-apk-2021_GM406889139.pdf",
        "https://elearning.manicp.sch.id/__statics/gudangsoal/files/coin-master-hack-without-human-verification-india_GM406889139.pdf",
        "https://elearning.manicp.sch.id/__statics/gudangsoal/files/free-coin-master-spin-app_GM406889139.pdf",
        "https://elearning.manicp.sch.id/__statics/gudangsoal/files/coin-master-free-spins-link-2021-download_GM406889139.pdf",
        "https://elearning.manicp.sch.id/__statics/gudangsoal/files/my-roblox-avatar_GM431946152.pdf",
        "https://elearning.manicp.sch.id/__statics/gudangsoal/files/how-to-play-roblox-for-free_GM431946152.pdf",
        "https://elearning.manicp.sch.id/__statics/gudangsoal/files/coin-master-cheats-2021_GM406889139.pdf",
        "https://elearning.manicp.sch.id/__statics/gudangsoal/files/hack-coin-master-no-survey_GM406889139.pdf",
        "https://elearning.manicp.sch.id/__statics/gudangsoal/files/can-you-really-hack-coin-master_GM406889139.pdf",
        "https://elearning.manicp.sch.id/__statics/gudangsoal/files/free-robux-microsoft_GM431946152.pdf"
    ],
    "regex_uris": [
        "https://netcdn.xyz/app/431946152/blox-fish-free-robux-game-hack",
        "https://netcdn.xyz/app/431946152/blox-fish-free-robux-game-hack",
        "https://elearning.manicp.sch.id/__statics/gudangsoal/files/free-roblox-shirt-templates_GM431946152.pdf",
        "https://elearning.manicp.sch.id/__statics/gudangsoal/files/coin-master-daily-free-spins-hack_GM406889139.pdf",
        "https://elearning.manicp.sch.id/__statics/gudangsoal/files/free-roebucks_GM431946152.pdf",
        "https://elearning.manicp.sch.id/__statics/gudangsoal/files/hack-coin-master-link_GM406889139.pdf",
        "https://elearning.manicp.sch.id/__statics/gudangsoal/files/free-robux-on-ipad_GM431946152.pdf",
        "https://elearning.manicp.sch.id/__statics/gudangsoal/files/free-spins-coin-master-legit_GM406889139.pdf",
        "https://elearning.manicp.sch.id/__statics/gudangsoal/files/coin-master-hack-no-human-verification-2021_GM406889139.pdf",
        "https://elearning.manicp.sch.id/__statics/gudangsoal/files/static-moonactive-net-free-spins-coin-master_GM406889139.pdf",
        "https://elearning.manicp.sch.id/__statics/gudangsoal/files/100-free-spins-coin-master-link_GM406889139.pdf",
        "https://elearning.manicp.sch.id/__statics/gudangsoal/files/coin-master-free-blogspot_GM406889139.pdf",
        "https://elearning.manicp.sch.id/__statics/gudangsoal/files/coin-master-free-spins-apk-2021_GM406889139.pdf",
        "https://elearning.manicp.sch.id/__statics/gudangsoal/files/coin-master-hack-without-human-verification-india_GM406889139.pdf",
        "https://elearning.manicp.sch.id/__statics/gudangsoal/files/free-coin-master-spin-app_GM406889139.pdf",
        "https://elearning.manicp.sch.id/__statics/gudangsoal/files/coin-master-free-spins-link-2021-download_GM406889139.pdf",
        "https://elearning.manicp.sch.id/__statics/gudangsoal/files/my-roblox-avatar_GM431946152.pdf",
        "https://elearning.manicp.sch.id/__statics/gudangsoal/files/how-to-play-roblox-for-free_GM431946152.pdf",
        "https://elearning.manicp.sch.id/__statics/gudangsoal/files/coin-master-cheats-2021_GM406889139.pdf",
        "https://elearning.manicp.sch.id/__statics/gudangsoal/files/hack-coin-master-no-survey_GM406889139.pdf",
        "https://elearning.manicp.sch.id/__statics/gudangsoal/files/can-you-really-hack-coin-master_GM406889139.pdf",
        "https://elearning.manicp.sch.id/__statics/gudangsoal/files/free-robux-microsoft_GM431946152.pdf"
    ],
    "regex_urls": [
        "https",
        "https",
        "https",
        "https",
        "https",
        "https",
        "https",
        "https",
        "https",
        "https",
        "https",
        "https",
        "https",
        "https",
        "https",
        "https",
        "https",
        "https",
        "https",
        "https",
        "https",
        "https"
    ],
    "scripts": {
        "iframe": [],
        "urls": []
    },
    "static_properties": {
        "JBIG2Decode": "0",
        "XML_forms": "0",
        "acro_form": "0",
        "auto_action": "0",
        "colors": "0",
        "cross_reference_table": "1",
        "embedded_files": "0",
        "file_size": "48",
        "java_script": "0",
        "js": "0",
        "launch_action": "0",
        "object_end": "66",
        "object_start": "66",
        "object_streams": "0",
        "open_action": "0",
        "page_count": "3",
        "rich_media": "0",
        "start_cross_reference_table": "1",
        "stream_end": "9",
        "stream_start": "9",
        "trailer_dictionary": "1"
    },
    "yara_signatures": [
        "without_attachments",
        "without_images",
        "with_urls",
        "invalid_trailer_structure",
        "contentis_base64"
    ]
}