{
    "exif_signatures": {},
    "file_size": 128711,
    "pdfid_signatures": {},
    "pypdf_uris": [
        "https://urloso.com/2l05vn",
        "https://urloso.com/2l05vn",
        "https://360.com.ng/upload/files/2022/05/dTxhCKDi9SSa1OtUoYbC_19_db564408d17f3ec9eaebb13b087c8568_file.pdf",
        "https://myrealex.com/upload/files/2022/05/OBTm66wVBPT8XTcml6XJ_19_8c0c913233f9c139bdd59cbee8b70182_file.pdf",
        "https://storage.googleapis.com/paloodles/upload/files/2022/05/9E54fpsE5vNBNuj5yirJ_19_49ace0de318bbf069512f5a531396732_file.pdf",
        "https://bikerhall.com/upload/files/2022/05/VCwggO7gfrqdN4qZqjEE_19_7e54948822f6d1bdac2422b27afea35b_file.pdf",
        "https://www.collegeconexion.in/upload/files/2022/05/rnXvhUXSmF3AYmj5dlHi_19_a3b2e3c6b92e968c23783be21cffab71_file.pdf",
        "https://cdn.geeb.xyz/upload/files/2022/05/GQXhFayZfNiJKKTP1YDR_19_db564408d17f3ec9eaebb13b087c8568_file.pdf",
        "https://beta.pinoysg.net/upload/files/2022/05/oAoPdx5LhqfJRRoNaLcI_19_4524ef7c24b67a6133b83a6b2b1e6595_file.pdf",
        "https://now.jumpeats.com/upload/files/2022/05/6nByPxkXDFkEoqVbF27c_19_8c0c913233f9c139bdd59cbee8b70182_file.pdf",
        "https://kaalama.org/upload/files/2022/05/G9qd8vBNbPVSxZqWwRWs_19_49ace0de318bbf069512f5a531396732_file.pdf",
        "https://influencerstech.com/upload/files/2022/05/LEQrY8h9TXpbfwhODuSX_19_db564408d17f3ec9eaebb13b087c8568_file.pdf",
        "http://www.tcpdf.org"
    ],
    "regex_uris": [
        "https://urloso.com/2l05vn",
        "https://urloso.com/2l05vn",
        "https://360.com.ng/upload/files/2022/05/dTxhCKDi9SSa1OtUoYbC_19_db564408d17f3ec9eaebb13b087c8568_file.pdf",
        "https://myrealex.com/upload/files/2022/05/OBTm66wVBPT8XTcml6XJ_19_8c0c913233f9c139bdd59cbee8b70182_file.pdf",
        "https://storage.googleapis.com/paloodles/upload/files/2022/05/9E54fpsE5vNBNuj5yirJ_19_49ace0de318bbf069512f5a531396732_file.pdf",
        "https://bikerhall.com/upload/files/2022/05/VCwggO7gfrqdN4qZqjEE_19_7e54948822f6d1bdac2422b27afea35b_file.pdf",
        "https://www.collegeconexion.in/upload/files/2022/05/rnXvhUXSmF3AYmj5dlHi_19_a3b2e3c6b92e968c23783be21cffab71_file.pdf",
        "https://cdn.geeb.xyz/upload/files/2022/05/GQXhFayZfNiJKKTP1YDR_19_db564408d17f3ec9eaebb13b087c8568_file.pdf",
        "https://beta.pinoysg.net/upload/files/2022/05/oAoPdx5LhqfJRRoNaLcI_19_4524ef7c24b67a6133b83a6b2b1e6595_file.pdf",
        "https://now.jumpeats.com/upload/files/2022/05/6nByPxkXDFkEoqVbF27c_19_8c0c913233f9c139bdd59cbee8b70182_file.pdf",
        "https://kaalama.org/upload/files/2022/05/G9qd8vBNbPVSxZqWwRWs_19_49ace0de318bbf069512f5a531396732_file.pdf",
        "https://influencerstech.com/upload/files/2022/05/LEQrY8h9TXpbfwhODuSX_19_db564408d17f3ec9eaebb13b087c8568_file.pdf",
        "http://www.tcpdf.org"
    ],
    "regex_urls": [
        "https",
        "https",
        "https",
        "https",
        "https",
        "https",
        "https",
        "www.collegeconexion.in/upload/files/2022/05/rnXvhUXSmF3AYmj5dlHi_19_a3b2e3c6b92e968c23783be21cffab71_file.pdf",
        "https",
        "https",
        "https",
        "https",
        "https",
        "http://www.tcpdf.org",
        "http://www.w3.org/1999/02/22-rdf-syntax-ns#",
        "http://purl.org/dc/elements/1.1/",
        "http://ns.adobe.com/xap/1.0/",
        "http://ns.adobe.com/pdf/1.3/",
        "http://ns.adobe.com/xap/1.0/mm/",
        "http://www.aiim.org/pdfa/ns/extension/",
        "http://www.aiim.org/pdfa/ns/schema#",
        "http://www.aiim.org/pdfa/ns/property#",
        "http://ns.adobe.com/pdf/1.3/",
        "http://ns.adobe.com/xap/1.0/mm/",
        "http://www.aiim.org/pdfa/ns/id/"
    ],
    "scripts": {
        "iframe": [],
        "urls": []
    },
    "static_properties": {
        "JBIG2Decode": "0",
        "XML_forms": "0",
        "acro_form": "0",
        "auto_action": "0",
        "colors": "0",
        "cross_reference_table": "1",
        "embedded_files": "0",
        "file_size": "129",
        "java_script": "0",
        "js": "0",
        "launch_action": "0",
        "object_end": "47",
        "object_start": "47",
        "object_streams": "0",
        "open_action": "1",
        "page_count": "7",
        "rich_media": "0",
        "start_cross_reference_table": "1",
        "stream_end": "15",
        "stream_start": "15",
        "trailer_dictionary": "1"
    },
    "yara_signatures": [
        "without_attachments",
        "without_images",
        "with_urls",
        "contentis_base64",
        "Big_Numbers1"
    ]
}