{
    "exif_signatures": {},
    "file_size": 36387,
    "pdfid_signatures": {},
    "pypdf_uris": [
        "http://netcdn.co/app/431946152/speed-hack-script-roblox-pastebin-game-hack",
        "http://netcdn.co/app/431946152/speed-hack-script-roblox-pastebin-game-hack",
        "https://pn-tapaktuan.go.id/pustaka/repository/roblox-army-free-robux_GM431946152.pdf",
        "https://pn-tapaktuan.go.id/pustaka/repository/can-you-actually-get-free-robux_GM431946152.pdf",
        "https://pn-tapaktuan.go.id/pustaka/repository/free-minecraft-games-for-kids_GM479516143.pdf",
        "https://pn-tapaktuan.go.id/pustaka/repository/how-to-get-robux-without-paying_GM431946152.pdf",
        "https://pn-tapaktuan.go.id/pustaka/repository/roblox-hacked-version-download_GM431946152.pdf",
        "https://pn-tapaktuan.go.id/pustaka/repository/free-coins_GM406889139.pdf",
        "https://pn-tapaktuan.go.id/pustaka/repository/free-minecraft-java-edition-codes_GM479516143.pdf",
        "https://pn-tapaktuan.go.id/pustaka/repository/coin-master-cheats_GM406889139.pdf",
        "https://pn-tapaktuan.go.id/pustaka/repository/free-robux-promo-codes-2021-no-inspect_GM431946152.pdf",
        "https://pn-tapaktuan.go.id/pustaka/repository/elemental-battleground-roblox-hack_GM431946152.pdf",
        "https://pn-tapaktuan.go.id/pustaka/repository/free-coin-master-spin-daily-link_GM406889139.pdf",
        "https://pn-tapaktuan.go.id/pustaka/repository/how-to-get-a-free-roblox-account_GM431946152.pdf",
        "https://pn-tapaktuan.go.id/pustaka/repository/roblox-farming-simulator-hacks_GM431946152.pdf",
        "https://pn-tapaktuan.go.id/pustaka/repository/free-roblox-accounts_GM431946152.pdf",
        "https://pn-tapaktuan.go.id/pustaka/repository/how-to-buy-robux-for-free_GM431946152.pdf",
        "https://pn-tapaktuan.go.id/pustaka/repository/how-to-get-clothes-free-on-roblox_GM431946152.pdf",
        "https://pn-tapaktuan.go.id/pustaka/repository/minecraft-hack-2021_GM479516143.pdf",
        "https://pn-tapaktuan.go.id/pustaka/repository/real-free-robux-generator_GM431946152.pdf",
        "https://pn-tapaktuan.go.id/pustaka/repository/free-spin-and-win-coin-master_GM406889139.pdf",
        "https://pn-tapaktuan.go.id/pustaka/repository/do-robux-generators-work_GM431946152.pdf"
    ],
    "regex_uris": [
        "http://netcdn.co/app/431946152/speed-hack-script-roblox-pastebin-game-hack",
        "http://netcdn.co/app/431946152/speed-hack-script-roblox-pastebin-game-hack",
        "https://pn-tapaktuan.go.id/pustaka/repository/roblox-army-free-robux_GM431946152.pdf",
        "https://pn-tapaktuan.go.id/pustaka/repository/can-you-actually-get-free-robux_GM431946152.pdf",
        "https://pn-tapaktuan.go.id/pustaka/repository/free-minecraft-games-for-kids_GM479516143.pdf",
        "https://pn-tapaktuan.go.id/pustaka/repository/how-to-get-robux-without-paying_GM431946152.pdf",
        "https://pn-tapaktuan.go.id/pustaka/repository/roblox-hacked-version-download_GM431946152.pdf",
        "https://pn-tapaktuan.go.id/pustaka/repository/free-coins_GM406889139.pdf",
        "https://pn-tapaktuan.go.id/pustaka/repository/free-minecraft-java-edition-codes_GM479516143.pdf",
        "https://pn-tapaktuan.go.id/pustaka/repository/coin-master-cheats_GM406889139.pdf",
        "https://pn-tapaktuan.go.id/pustaka/repository/free-robux-promo-codes-2021-no-inspect_GM431946152.pdf",
        "https://pn-tapaktuan.go.id/pustaka/repository/elemental-battleground-roblox-hack_GM431946152.pdf",
        "https://pn-tapaktuan.go.id/pustaka/repository/free-coin-master-spin-daily-link_GM406889139.pdf",
        "https://pn-tapaktuan.go.id/pustaka/repository/how-to-get-a-free-roblox-account_GM431946152.pdf",
        "https://pn-tapaktuan.go.id/pustaka/repository/roblox-farming-simulator-hacks_GM431946152.pdf",
        "https://pn-tapaktuan.go.id/pustaka/repository/free-roblox-accounts_GM431946152.pdf",
        "https://pn-tapaktuan.go.id/pustaka/repository/how-to-buy-robux-for-free_GM431946152.pdf",
        "https://pn-tapaktuan.go.id/pustaka/repository/how-to-get-clothes-free-on-roblox_GM431946152.pdf",
        "https://pn-tapaktuan.go.id/pustaka/repository/minecraft-hack-2021_GM479516143.pdf",
        "https://pn-tapaktuan.go.id/pustaka/repository/real-free-robux-generator_GM431946152.pdf",
        "https://pn-tapaktuan.go.id/pustaka/repository/free-spin-and-win-coin-master_GM406889139.pdf",
        "https://pn-tapaktuan.go.id/pustaka/repository/do-robux-generators-work_GM431946152.pdf"
    ],
    "regex_urls": [
        "http://netcdn.co/app/431946152/speed-hack-script-roblox-pastebin-game-hack",
        "http://netcdn.co/app/431946152/speed-hack-script-roblox-pastebin-game-hack",
        "https",
        "https",
        "https",
        "https",
        "https",
        "https",
        "https",
        "https",
        "https",
        "https",
        "https",
        "https",
        "https",
        "https",
        "https",
        "https",
        "https",
        "https",
        "https",
        "https"
    ],
    "scripts": {
        "iframe": [],
        "urls": []
    },
    "static_properties": {
        "JBIG2Decode": "0",
        "XML_forms": "0",
        "acro_form": "0",
        "auto_action": "0",
        "colors": "0",
        "cross_reference_table": "1",
        "embedded_files": "0",
        "file_size": "36",
        "java_script": "0",
        "js": "0",
        "launch_action": "0",
        "object_end": "55",
        "object_start": "55",
        "object_streams": "0",
        "open_action": "0",
        "page_count": "2",
        "rich_media": "0",
        "start_cross_reference_table": "1",
        "stream_end": "6",
        "stream_start": "6",
        "trailer_dictionary": "1"
    },
    "yara_signatures": [
        "without_attachments",
        "without_images",
        "with_urls",
        "invalid_trailer_structure",
        "contentis_base64"
    ]
}