{
    "exif_signatures": {},
    "file_size": 76649,
    "pdfid_signatures": {},
    "pypdf_uris": [
        "https://druttle.ru/123?utm_term=free+web+templates+for+photography+website",
        "https://332892e0-6a2b-40ad-946e-e7c92c61c867.filesusr.com/ugd/3e5d97_507d0eca34464759896c59d16ac1f8f8.pdf?index=true",
        "https://s3.amazonaws.com/tugafebip/56594892812.pdf",
        "https://cdn.sqhk.co/bimolixumotu/dji5gcl/pewuxesadites.pdf",
        "https://cdn.sqhk.co/guvevifowo/PhizBja/oceanhorn_walkthrough_sky_island.pdf",
        "https://s3.amazonaws.com/xetasif/arch_linux_install_font_manually.pdf",
        "https://uploads.strikinglycdn.com/files/6e3ccf49-4854-42c4-ab62-2fba87100541/90560016500.pdf",
        "https://cdn.sqhk.co/vufuvevu/rgdgdid/the_bonfire_forsaken_lands_shipyard.pdf",
        "https://cdn.sqhk.co/livixugakuf/wjYjbIF/soccer_world_cup_trophy_stolen.pdf",
        "https://cdn.sqhk.co/zixifazod/egcMjiO/desert_rider_game_free_download.pdf",
        "https://f5ab370f-1445-465c-ae0a-adb246d340ff.filesusr.com/ugd/2d95ce_a87c69b195364f258c3bd39c0f852e12.pdf?index=true",
        "https://cdn.sqhk.co/lirebirab/cLhiift/cramped_up_with_work.pdf",
        "https://13cfbe10-32e4-4d7a-9072-8dbd3280e6b8.filesusr.com/ugd/994e9e_71d4080b668b4999a193cd9ebbf4283c.pdf?index=true",
        "https://s3.amazonaws.com/zodererezuzuxi/91915687042.pdf",
        "https://cdn.sqhk.co/xuxibila/dihjdhl/typical_ages_for_baby_growth_spurts.pdf",
        "https://cdn.sqhk.co/sakixowofeg/ZhbwPaD/best_love_ringtones_2018_download.pdf",
        "https://s3.amazonaws.com/fidefofudi/breast_cancer_screening_guidelines_comparison.pdf",
        "https://4694dce0-4d1e-4c77-b4da-d1f025f82355.filesusr.com/ugd/fb332b_3a7b7ec27d0c4bc59d290b97036aef9f.pdf?index=true",
        "https://uploads.strikinglycdn.com/files/f06813f4-6565-4380-ab0b-e3420b3c1918/4422600006.pdf",
        "https://s3.amazonaws.com/xovajukoxin/15091178336.pdf",
        "https://cdn.sqhk.co/bixatavafut/UgcLQgc/93082734211.pdf",
        "https://uploads.strikinglycdn.com/files/56891d56-e586-431d-9286-2ff305dbf422/wenijubijavaxudexakob.pdf"
    ],
    "regex_uris": [
        "https://druttle.ru/123?utm_term=free+web+templates+for+photography+website",
        "https://332892e0-6a2b-40ad-946e-e7c92c61c867.filesusr.com/ugd/3e5d97_507d0eca34464759896c59d16ac1f8f8.pdf?index=true",
        "https://s3.amazonaws.com/tugafebip/56594892812.pdf",
        "https://cdn.sqhk.co/bimolixumotu/dji5gcl/pewuxesadites.pdf",
        "https://cdn.sqhk.co/guvevifowo/PhizBja/oceanhorn_walkthrough_sky_island.pdf",
        "https://s3.amazonaws.com/xetasif/arch_linux_install_font_manually.pdf",
        "https://uploads.strikinglycdn.com/files/6e3ccf49-4854-42c4-ab62-2fba87100541/90560016500.pdf",
        "https://cdn.sqhk.co/vufuvevu/rgdgdid/the_bonfire_forsaken_lands_shipyard.pdf",
        "https://cdn.sqhk.co/livixugakuf/wjYjbIF/soccer_world_cup_trophy_stolen.pdf",
        "https://cdn.sqhk.co/zixifazod/egcMjiO/desert_rider_game_free_download.pdf",
        "https://f5ab370f-1445-465c-ae0a-adb246d340ff.filesusr.com/ugd/2d95ce_a87c69b195364f258c3bd39c0f852e12.pdf?index=true",
        "https://cdn.sqhk.co/lirebirab/cLhiift/cramped_up_with_work.pdf",
        "https://13cfbe10-32e4-4d7a-9072-8dbd3280e6b8.filesusr.com/ugd/994e9e_71d4080b668b4999a193cd9ebbf4283c.pdf?index=true",
        "https://s3.amazonaws.com/zodererezuzuxi/91915687042.pdf",
        "https://cdn.sqhk.co/xuxibila/dihjdhl/typical_ages_for_baby_growth_spurts.pdf",
        "https://cdn.sqhk.co/sakixowofeg/ZhbwPaD/best_love_ringtones_2018_download.pdf",
        "https://s3.amazonaws.com/fidefofudi/breast_cancer_screening_guidelines_comparison.pdf",
        "https://4694dce0-4d1e-4c77-b4da-d1f025f82355.filesusr.com/ugd/fb332b_3a7b7ec27d0c4bc59d290b97036aef9f.pdf?index=true",
        "https://uploads.strikinglycdn.com/files/f06813f4-6565-4380-ab0b-e3420b3c1918/4422600006.pdf",
        "https://s3.amazonaws.com/xovajukoxin/15091178336.pdf",
        "https://cdn.sqhk.co/bixatavafut/UgcLQgc/93082734211.pdf",
        "https://uploads.strikinglycdn.com/files/56891d56-e586-431d-9286-2ff305dbf422/wenijubijavaxudexakob.pdf"
    ],
    "regex_urls": [
        "https",
        "https",
        "https",
        "https",
        "https",
        "https",
        "https",
        "https",
        "https",
        "https",
        "https",
        "https",
        "https",
        "https",
        "https",
        "https",
        "https",
        "https",
        "https",
        "https",
        "https",
        "https",
        "http://www.w3.org/1999/02/22-rdf-syntax-ns#",
        "http://purl.org/dc/elements/1.1/",
        "http://ns.adobe.com/pdf/1.3/",
        "http://ns.adobe.com/xap/1.0/",
        "http://ns.adobe.com/xap/1.0/mm/",
        "http://ns.adobe.com/xap/1.0/rights/"
    ],
    "scripts": {
        "iframe": [],
        "urls": []
    },
    "static_properties": {
        "JBIG2Decode": "0",
        "XML_forms": "0",
        "acro_form": "0",
        "auto_action": "0",
        "colors": "0",
        "cross_reference_table": "2",
        "embedded_files": "0",
        "file_size": "77",
        "java_script": "0",
        "js": "0",
        "launch_action": "0",
        "object_end": "58",
        "object_start": "58",
        "object_streams": "0",
        "open_action": "0",
        "page_count": "2",
        "rich_media": "0",
        "start_cross_reference_table": "2",
        "stream_end": "8",
        "stream_start": "8",
        "trailer_dictionary": "2"
    },
    "yara_signatures": [
        "without_attachments",
        "without_images",
        "with_urls",
        "invalid_trailer_structure",
        "multiple_versions",
        "contentis_base64",
        "Big_Numbers1"
    ]
}