{
    "exif_signatures": {},
    "file_size": 149111,
    "pdfid_signatures": {},
    "pypdf_uris": [
        "http://eelruxe.com/wb3?utm_term=encyclopedia%20britannica%202012%20free%20download%20pdf",
        "https://banukusisazej.weebly.com/uploads/1/3/4/8/134893357/5057386.pdf",
        "https://kifezitiwiwafu.weebly.com/uploads/1/3/5/4/135400929/zujajerowap.pdf",
        "http://ogledalata.bg/uploads/pages/files/kuxade.pdf",
        "https://lurofajar.weebly.com/uploads/1/3/4/1/134131478/9327746.pdf",
        "https://mawugazukifowav.weebly.com/uploads/1/4/1/5/141515481/5336499.pdf",
        "http://visualpaint.com/wp-content/plugins/formcraft/file-upload/server/content/files/1625e52a0f19ad---66278727694.pdf",
        "https://needletherapy.eu/upload/file/79349441706.pdf",
        "https://quizzip.nl/app/webroot/js/kcfinder/files/42671698509.pdf",
        "https://orangevelodrometrail.fr/img/uploads/files/39213322933.pdf",
        "https://sofaruxilo.weebly.com/uploads/1/3/5/3/135309187/1f923a3687.pdf",
        "https://paxepogemikut.weebly.com/uploads/1/3/5/3/135316128/sezevedulovaga.pdf",
        "https://vokapizute.weebly.com/uploads/1/4/2/3/142381803/fositoj.pdf",
        "https://kevujabuguve.weebly.com/uploads/1/3/4/7/134745112/xixizakobigi-jusifore-gukipukaludena-tudevojo.pdf",
        "https://ponixetuga.weebly.com/uploads/1/3/4/6/134668384/fosojapifokolib.pdf",
        "https://zalinojawovuga.weebly.com/uploads/1/3/4/8/134886974/e7d084.pdf",
        "https://nilozejofi.weebly.com/uploads/1/4/1/7/141776813/vodosujeribulojoj.pdf",
        "https://midusafamiriron.weebly.com/uploads/1/3/4/7/134702540/zibanigof.pdf",
        "https://minervatech.work/js/ckfinder/userfiles/files/miwikukewajajufogude.pdf",
        "http://zzzwchem.com/upload/files/56425670418.pdf",
        "https://gatixitawenubik.weebly.com/uploads/1/3/4/6/134643062/zegiwata_femuliferibu_vekekuruvujewi.pdf",
        "https://mapupuvegov.weebly.com/uploads/1/3/4/7/134712300/2691878.pdf",
        "https://palitapal.weebly.com/uploads/1/4/1/6/141628816/76dbeb4dd6047.pdf",
        "http://articolo17.it/siti/usr/foto/files/nexijalofolimajemamogo.pdf",
        "https://bishopsalamatkhokhar-org.bskm.org/userfiles/file/86926913622.pdf",
        "https://jeevadhara.org/work/london/userfiles/file/19980847599.pdf"
    ],
    "regex_uris": [
        "http://eelruxe.com/wb3?utm_term=encyclopedia%20britannica%202012%20free%20download%20pdf",
        "https://banukusisazej.weebly.com/uploads/1/3/4/8/134893357/5057386.pdf",
        "https://kifezitiwiwafu.weebly.com/uploads/1/3/5/4/135400929/zujajerowap.pdf",
        "http://ogledalata.bg/uploads/pages/files/kuxade.pdf",
        "https://lurofajar.weebly.com/uploads/1/3/4/1/134131478/9327746.pdf",
        "https://mawugazukifowav.weebly.com/uploads/1/4/1/5/141515481/5336499.pdf",
        "http://visualpaint.com/wp-content/plugins/formcraft/file-upload/server/content/files/1625e52a0f19ad---66278727694.pdf",
        "https://needletherapy.eu/upload/file/79349441706.pdf",
        "https://quizzip.nl/app/webroot/js/kcfinder/files/42671698509.pdf",
        "https://orangevelodrometrail.fr/img/uploads/files/39213322933.pdf",
        "https://sofaruxilo.weebly.com/uploads/1/3/5/3/135309187/1f923a3687.pdf",
        "https://paxepogemikut.weebly.com/uploads/1/3/5/3/135316128/sezevedulovaga.pdf",
        "https://vokapizute.weebly.com/uploads/1/4/2/3/142381803/fositoj.pdf",
        "https://kevujabuguve.weebly.com/uploads/1/3/4/7/134745112/xixizakobigi-jusifore-gukipukaludena-tudevojo.pdf",
        "https://ponixetuga.weebly.com/uploads/1/3/4/6/134668384/fosojapifokolib.pdf",
        "https://zalinojawovuga.weebly.com/uploads/1/3/4/8/134886974/e7d084.pdf",
        "https://nilozejofi.weebly.com/uploads/1/4/1/7/141776813/vodosujeribulojoj.pdf",
        "https://midusafamiriron.weebly.com/uploads/1/3/4/7/134702540/zibanigof.pdf",
        "https://minervatech.work/js/ckfinder/userfiles/files/miwikukewajajufogude.pdf",
        "http://zzzwchem.com/upload/files/56425670418.pdf",
        "https://gatixitawenubik.weebly.com/uploads/1/3/4/6/134643062/zegiwata_femuliferibu_vekekuruvujewi.pdf",
        "https://mapupuvegov.weebly.com/uploads/1/3/4/7/134712300/2691878.pdf",
        "https://palitapal.weebly.com/uploads/1/4/1/6/141628816/76dbeb4dd6047.pdf",
        "http://articolo17.it/siti/usr/foto/files/nexijalofolimajemamogo.pdf",
        "https://bishopsalamatkhokhar-org.bskm.org/userfiles/file/86926913622.pdf",
        "https://jeevadhara.org/work/london/userfiles/file/19980847599.pdf"
    ],
    "regex_urls": [
        "http://eelruxe.com/wb3?utm_term=encyclopedia%20britannica%202012%20free%20download%20pdf",
        "https",
        "https",
        "http://ogledalata.bg/uploads/pages/files/kuxade.pdf",
        "https",
        "https",
        "http://visualpaint.com/wp-content/plugins/formcraft/file-upload/server/content/files/1625e52a0f19ad---66278727694.pdf",
        "https",
        "https",
        "https",
        "https",
        "https",
        "https",
        "https",
        "https",
        "https",
        "https",
        "https",
        "https",
        "http://zzzwchem.com/upload/files/56425670418.pdf",
        "https",
        "https",
        "https",
        "http://articolo17.it/siti/usr/foto/files/nexijalofolimajemamogo.pdf",
        "https",
        "https",
        "http://www.w3.org/1999/02/22-rdf-syntax-ns#",
        "http://purl.org/dc/elements/1.1/",
        "http://ns.adobe.com/pdf/1.3/",
        "http://ns.adobe.com/xap/1.0/",
        "http://ns.adobe.com/xap/1.0/mm/",
        "http://ns.adobe.com/xap/1.0/rights/"
    ],
    "scripts": {
        "iframe": [],
        "urls": []
    },
    "static_properties": {
        "JBIG2Decode": "0",
        "XML_forms": "0",
        "acro_form": "0",
        "auto_action": "0",
        "colors": "0",
        "cross_reference_table": "2",
        "embedded_files": "0",
        "file_size": "149",
        "java_script": "0",
        "js": "0",
        "launch_action": "0",
        "object_end": "94",
        "object_start": "94",
        "object_streams": "0",
        "open_action": "0",
        "page_count": "6",
        "rich_media": "0",
        "start_cross_reference_table": "2",
        "stream_end": "20",
        "stream_start": "20",
        "trailer_dictionary": "2"
    },
    "yara_signatures": [
        "without_attachments",
        "without_images",
        "with_urls",
        "invalid_trailer_structure",
        "multiple_versions",
        "contentis_base64"
    ]
}