{
    "exif_signatures": {},
    "file_size": 37765,
    "pdfid_signatures": {},
    "pypdf_uris": [
        "http://netcdn.tw/app/431946152/how-to-get-free-robux-without-downloading-any-apps-game-hack",
        "http://netcdn.tw/app/431946152/how-to-get-free-robux-without-downloading-any-apps-game-hack",
        "https://www.wearmyspex.com/uploaded_files/userfiles/files/cool-free-roblox-t-shirts_GM431946152.pdf",
        "https://www.wearmyspex.com/uploaded_files/userfiles/files/roblox-how-to-get-the-animal-hoodies-free_GM431946152.pdf",
        "https://www.wearmyspex.com/uploaded_files/userfiles/files/free-black-roblox-music_GM431946152.pdf",
        "https://www.wearmyspex.com/uploaded_files/userfiles/files/blogger-free-spins-and-coins_GM406889139.pdf",
        "https://www.wearmyspex.com/uploaded_files/userfiles/files/getrobux-info_GM431946152.pdf",
        "https://www.wearmyspex.com/uploaded_files/userfiles/files/classic-builders-club-roblox-free_GM431946152.pdf",
        "https://www.wearmyspex.com/uploaded_files/userfiles/files/apps-that-give-you-free-robux_GM431946152.pdf",
        "https://www.wearmyspex.com/uploaded_files/userfiles/files/free-coin-master-spin-app_GM406889139.pdf",
        "https://www.wearmyspex.com/uploaded_files/userfiles/files/promo-code-free-robux_GM431946152.pdf",
        "https://www.wearmyspex.com/uploaded_files/userfiles/files/free-domain-for-minecraft-server_GM479516143.pdf",
        "https://www.wearmyspex.com/uploaded_files/userfiles/files/is-minecraft-free-on-xbox-one_GM479516143.pdf",
        "https://www.wearmyspex.com/uploaded_files/userfiles/files/get-free-robux-2021_GM431946152.pdf",
        "https://www.wearmyspex.com/uploaded_files/userfiles/files/roblox-admin-hack_GM431946152.pdf",
        "https://www.wearmyspex.com/uploaded_files/userfiles/files/how-to-get-robux-for-free-2021_GM431946152.pdf",
        "https://www.wearmyspex.com/uploaded_files/userfiles/files/yin-and-yang-roblox-hack_GM431946152.pdf",
        "https://www.wearmyspex.com/uploaded_files/userfiles/files/a-free-robux-code_GM431946152.pdf",
        "https://www.wearmyspex.com/uploaded_files/userfiles/files/coin-master-daily-free-spins-link-today_GM406889139.pdf",
        "https://www.wearmyspex.com/uploaded_files/userfiles/files/coin-master-cheats-2021_GM406889139.pdf",
        "https://www.wearmyspex.com/uploaded_files/userfiles/files/roblox-free-executor_GM431946152.pdf",
        "https://www.wearmyspex.com/uploaded_files/userfiles/files/coin-master-free-cards_GM406889139.pdf"
    ],
    "regex_uris": [
        "http://netcdn.tw/app/431946152/how-to-get-free-robux-without-downloading-any-apps-game-hack",
        "http://netcdn.tw/app/431946152/how-to-get-free-robux-without-downloading-any-apps-game-hack",
        "https://www.wearmyspex.com/uploaded_files/userfiles/files/cool-free-roblox-t-shirts_GM431946152.pdf",
        "https://www.wearmyspex.com/uploaded_files/userfiles/files/roblox-how-to-get-the-animal-hoodies-free_GM431946152.pdf",
        "https://www.wearmyspex.com/uploaded_files/userfiles/files/free-black-roblox-music_GM431946152.pdf",
        "https://www.wearmyspex.com/uploaded_files/userfiles/files/blogger-free-spins-and-coins_GM406889139.pdf",
        "https://www.wearmyspex.com/uploaded_files/userfiles/files/getrobux-info_GM431946152.pdf",
        "https://www.wearmyspex.com/uploaded_files/userfiles/files/classic-builders-club-roblox-free_GM431946152.pdf",
        "https://www.wearmyspex.com/uploaded_files/userfiles/files/apps-that-give-you-free-robux_GM431946152.pdf",
        "https://www.wearmyspex.com/uploaded_files/userfiles/files/free-coin-master-spin-app_GM406889139.pdf",
        "https://www.wearmyspex.com/uploaded_files/userfiles/files/promo-code-free-robux_GM431946152.pdf",
        "https://www.wearmyspex.com/uploaded_files/userfiles/files/free-domain-for-minecraft-server_GM479516143.pdf",
        "https://www.wearmyspex.com/uploaded_files/userfiles/files/is-minecraft-free-on-xbox-one_GM479516143.pdf",
        "https://www.wearmyspex.com/uploaded_files/userfiles/files/get-free-robux-2021_GM431946152.pdf",
        "https://www.wearmyspex.com/uploaded_files/userfiles/files/roblox-admin-hack_GM431946152.pdf",
        "https://www.wearmyspex.com/uploaded_files/userfiles/files/how-to-get-robux-for-free-2021_GM431946152.pdf",
        "https://www.wearmyspex.com/uploaded_files/userfiles/files/yin-and-yang-roblox-hack_GM431946152.pdf",
        "https://www.wearmyspex.com/uploaded_files/userfiles/files/a-free-robux-code_GM431946152.pdf",
        "https://www.wearmyspex.com/uploaded_files/userfiles/files/coin-master-daily-free-spins-link-today_GM406889139.pdf",
        "https://www.wearmyspex.com/uploaded_files/userfiles/files/coin-master-cheats-2021_GM406889139.pdf",
        "https://www.wearmyspex.com/uploaded_files/userfiles/files/roblox-free-executor_GM431946152.pdf",
        "https://www.wearmyspex.com/uploaded_files/userfiles/files/coin-master-free-cards_GM406889139.pdf"
    ],
    "regex_urls": [
        "http://netcdn.tw/app/431946152/how-to-get-free-robux-without-downloading-any-apps-game-hack",
        "http://netcdn.tw/app/431946152/how-to-get-free-robux-without-downloading-any-apps-game-hack",
        "https",
        "www.wearmyspex.com/uploaded_files/userfiles/files/cool-free-roblox-t-shirts_GM431946152.pdf",
        "https",
        "www.wearmyspex.com/uploaded_files/userfiles/files/roblox-how-to-get-the-animal-hoodies-free_GM431946152.pdf",
        "https",
        "www.wearmyspex.com/uploaded_files/userfiles/files/free-black-roblox-music_GM431946152.pdf",
        "https",
        "www.wearmyspex.com/uploaded_files/userfiles/files/blogger-free-spins-and-coins_GM406889139.pdf",
        "https",
        "www.wearmyspex.com/uploaded_files/userfiles/files/getrobux-info_GM431946152.pdf",
        "https",
        "www.wearmyspex.com/uploaded_files/userfiles/files/classic-builders-club-roblox-free_GM431946152.pdf",
        "https",
        "www.wearmyspex.com/uploaded_files/userfiles/files/apps-that-give-you-free-robux_GM431946152.pdf",
        "https",
        "www.wearmyspex.com/uploaded_files/userfiles/files/free-coin-master-spin-app_GM406889139.pdf",
        "https",
        "www.wearmyspex.com/uploaded_files/userfiles/files/promo-code-free-robux_GM431946152.pdf",
        "https",
        "www.wearmyspex.com/uploaded_files/userfiles/files/free-domain-for-minecraft-server_GM479516143.pdf",
        "https",
        "www.wearmyspex.com/uploaded_files/userfiles/files/is-minecraft-free-on-xbox-one_GM479516143.pdf",
        "https",
        "www.wearmyspex.com/uploaded_files/userfiles/files/get-free-robux-2021_GM431946152.pdf",
        "https",
        "www.wearmyspex.com/uploaded_files/userfiles/files/roblox-admin-hack_GM431946152.pdf",
        "https",
        "www.wearmyspex.com/uploaded_files/userfiles/files/how-to-get-robux-for-free-2021_GM431946152.pdf",
        "https",
        "www.wearmyspex.com/uploaded_files/userfiles/files/yin-and-yang-roblox-hack_GM431946152.pdf",
        "https",
        "www.wearmyspex.com/uploaded_files/userfiles/files/a-free-robux-code_GM431946152.pdf",
        "https",
        "www.wearmyspex.com/uploaded_files/userfiles/files/coin-master-daily-free-spins-link-today_GM406889139.pdf",
        "https",
        "www.wearmyspex.com/uploaded_files/userfiles/files/coin-master-cheats-2021_GM406889139.pdf",
        "https",
        "www.wearmyspex.com/uploaded_files/userfiles/files/roblox-free-executor_GM431946152.pdf",
        "https",
        "www.wearmyspex.com/uploaded_files/userfiles/files/coin-master-free-cards_GM406889139.pdf"
    ],
    "scripts": {
        "iframe": [],
        "urls": []
    },
    "static_properties": {
        "JBIG2Decode": "0",
        "XML_forms": "0",
        "acro_form": "0",
        "auto_action": "0",
        "colors": "0",
        "cross_reference_table": "1",
        "embedded_files": "0",
        "file_size": "38",
        "java_script": "0",
        "js": "0",
        "launch_action": "0",
        "object_end": "55",
        "object_start": "55",
        "object_streams": "0",
        "open_action": "0",
        "page_count": "2",
        "rich_media": "0",
        "start_cross_reference_table": "1",
        "stream_end": "6",
        "stream_start": "6",
        "trailer_dictionary": "1"
    },
    "yara_signatures": [
        "without_attachments",
        "without_images",
        "with_urls",
        "invalid_trailer_structure",
        "contentis_base64"
    ]
}