{
    "exif_signatures": {},
    "file_size": 36428,
    "pdfid_signatures": {},
    "pypdf_uris": [
        "http://netcdn.co/app/431946152/robux-hack-computer-no-app-download-computer-2021-game-hack",
        "http://netcdn.co/app/431946152/robux-hack-computer-no-app-download-computer-2021-game-hack",
        "http://perpus-baitulhikmah.esy.es/akasia/repository/coin-master-free-spins-link-2021-no-verification-deutsch_GM406889139.pdf",
        "http://perpus-baitulhikmah.esy.es/akasia/repository/static-moonactive-net-link_GM406889139.pdf",
        "http://perpus-baitulhikmah.esy.es/akasia/repository/comment-hacker-roblox-accesoir-2021_GM431946152.pdf",
        "http://perpus-baitulhikmah.esy.es/akasia/repository/coin-master-daily-free-spins-25_GM406889139.pdf",
        "http://perpus-baitulhikmah.esy.es/akasia/repository/pro-free-spins-coin-master_GM406889139.pdf",
        "http://perpus-baitulhikmah.esy.es/akasia/repository/free-robux-offers_GM431946152.pdf",
        "http://perpus-baitulhikmah.esy.es/akasia/repository/free-robux-without-verify_GM431946152.pdf",
        "http://perpus-baitulhikmah.esy.es/akasia/repository/free-scripts-roblox-voidacity_GM431946152.pdf",
        "http://perpus-baitulhikmah.esy.es/akasia/repository/how-to-get-free-minecoins-in-minecraft_GM479516143.pdf",
        "http://perpus-baitulhikmah.esy.es/akasia/repository/coin-master-hack-355_GM406889139.pdf",
        "http://perpus-baitulhikmah.esy.es/akasia/repository/roblox-imagine_GM431946152.pdf",
        "http://perpus-baitulhikmah.esy.es/akasia/repository/how-to-get-free-robux-in-roblox-ios_GM431946152.pdf",
        "http://perpus-baitulhikmah.esy.es/akasia/repository/coin-master-apk-hack-32_GM406889139.pdf",
        "http://perpus-baitulhikmah.esy.es/akasia/repository/free-military-pants-template-for-roblox_GM431946152.pdf",
        "http://perpus-baitulhikmah.esy.es/akasia/repository/real-coin-master-free-spins_GM406889139.pdf",
        "http://perpus-baitulhikmah.esy.es/akasia/repository/get-free-robux-no-human-verification_GM431946152.pdf",
        "http://perpus-baitulhikmah.esy.es/akasia/repository/free-robux-meme_GM431946152.pdf",
        "http://perpus-baitulhikmah.esy.es/akasia/repository/free-robux-for-kids_GM431946152.pdf",
        "http://perpus-baitulhikmah.esy.es/akasia/repository/roblox-phantom-forces-hack-money_GM431946152.pdf",
        "http://perpus-baitulhikmah.esy.es/akasia/repository/coin-master-daily-free-spins_GM406889139.pdf"
    ],
    "regex_uris": [
        "http://netcdn.co/app/431946152/robux-hack-computer-no-app-download-computer-2021-game-hack",
        "http://netcdn.co/app/431946152/robux-hack-computer-no-app-download-computer-2021-game-hack",
        "http://perpus-baitulhikmah.esy.es/akasia/repository/coin-master-free-spins-link-2021-no-verification-deutsch_GM406889139.pdf",
        "http://perpus-baitulhikmah.esy.es/akasia/repository/static-moonactive-net-link_GM406889139.pdf",
        "http://perpus-baitulhikmah.esy.es/akasia/repository/comment-hacker-roblox-accesoir-2021_GM431946152.pdf",
        "http://perpus-baitulhikmah.esy.es/akasia/repository/coin-master-daily-free-spins-25_GM406889139.pdf",
        "http://perpus-baitulhikmah.esy.es/akasia/repository/pro-free-spins-coin-master_GM406889139.pdf",
        "http://perpus-baitulhikmah.esy.es/akasia/repository/free-robux-offers_GM431946152.pdf",
        "http://perpus-baitulhikmah.esy.es/akasia/repository/free-robux-without-verify_GM431946152.pdf",
        "http://perpus-baitulhikmah.esy.es/akasia/repository/free-scripts-roblox-voidacity_GM431946152.pdf",
        "http://perpus-baitulhikmah.esy.es/akasia/repository/how-to-get-free-minecoins-in-minecraft_GM479516143.pdf",
        "http://perpus-baitulhikmah.esy.es/akasia/repository/coin-master-hack-355_GM406889139.pdf",
        "http://perpus-baitulhikmah.esy.es/akasia/repository/roblox-imagine_GM431946152.pdf",
        "http://perpus-baitulhikmah.esy.es/akasia/repository/how-to-get-free-robux-in-roblox-ios_GM431946152.pdf",
        "http://perpus-baitulhikmah.esy.es/akasia/repository/coin-master-apk-hack-32_GM406889139.pdf",
        "http://perpus-baitulhikmah.esy.es/akasia/repository/free-military-pants-template-for-roblox_GM431946152.pdf",
        "http://perpus-baitulhikmah.esy.es/akasia/repository/real-coin-master-free-spins_GM406889139.pdf",
        "http://perpus-baitulhikmah.esy.es/akasia/repository/get-free-robux-no-human-verification_GM431946152.pdf",
        "http://perpus-baitulhikmah.esy.es/akasia/repository/free-robux-meme_GM431946152.pdf",
        "http://perpus-baitulhikmah.esy.es/akasia/repository/free-robux-for-kids_GM431946152.pdf",
        "http://perpus-baitulhikmah.esy.es/akasia/repository/roblox-phantom-forces-hack-money_GM431946152.pdf",
        "http://perpus-baitulhikmah.esy.es/akasia/repository/coin-master-daily-free-spins_GM406889139.pdf"
    ],
    "regex_urls": [
        "http://netcdn.co/app/431946152/robux-hack-computer-no-app-download-computer-2021-game-hack",
        "http://netcdn.co/app/431946152/robux-hack-computer-no-app-download-computer-2021-game-hack",
        "http://perpus-baitulhikmah.esy.es/akasia/repository/coin-master-free-spins-link-2021-no-verification-deutsch_GM406889139.pdf",
        "http://perpus-baitulhikmah.esy.es/akasia/repository/static-moonactive-net-link_GM406889139.pdf",
        "http://perpus-baitulhikmah.esy.es/akasia/repository/comment-hacker-roblox-accesoir-2021_GM431946152.pdf",
        "http://perpus-baitulhikmah.esy.es/akasia/repository/coin-master-daily-free-spins-25_GM406889139.pdf",
        "http://perpus-baitulhikmah.esy.es/akasia/repository/pro-free-spins-coin-master_GM406889139.pdf",
        "http://perpus-baitulhikmah.esy.es/akasia/repository/free-robux-offers_GM431946152.pdf",
        "http://perpus-baitulhikmah.esy.es/akasia/repository/free-robux-without-verify_GM431946152.pdf",
        "http://perpus-baitulhikmah.esy.es/akasia/repository/free-scripts-roblox-voidacity_GM431946152.pdf",
        "http://perpus-baitulhikmah.esy.es/akasia/repository/how-to-get-free-minecoins-in-minecraft_GM479516143.pdf",
        "http://perpus-baitulhikmah.esy.es/akasia/repository/coin-master-hack-355_GM406889139.pdf",
        "http://perpus-baitulhikmah.esy.es/akasia/repository/roblox-imagine_GM431946152.pdf",
        "http://perpus-baitulhikmah.esy.es/akasia/repository/how-to-get-free-robux-in-roblox-ios_GM431946152.pdf",
        "http://perpus-baitulhikmah.esy.es/akasia/repository/coin-master-apk-hack-32_GM406889139.pdf",
        "http://perpus-baitulhikmah.esy.es/akasia/repository/free-military-pants-template-for-roblox_GM431946152.pdf",
        "http://perpus-baitulhikmah.esy.es/akasia/repository/real-coin-master-free-spins_GM406889139.pdf",
        "http://perpus-baitulhikmah.esy.es/akasia/repository/get-free-robux-no-human-verification_GM431946152.pdf",
        "http://perpus-baitulhikmah.esy.es/akasia/repository/free-robux-meme_GM431946152.pdf",
        "http://perpus-baitulhikmah.esy.es/akasia/repository/free-robux-for-kids_GM431946152.pdf",
        "http://perpus-baitulhikmah.esy.es/akasia/repository/roblox-phantom-forces-hack-money_GM431946152.pdf",
        "http://perpus-baitulhikmah.esy.es/akasia/repository/coin-master-daily-free-spins_GM406889139.pdf"
    ],
    "scripts": {
        "iframe": [],
        "urls": []
    },
    "static_properties": {
        "JBIG2Decode": "0",
        "XML_forms": "0",
        "acro_form": "0",
        "auto_action": "0",
        "colors": "0",
        "cross_reference_table": "1",
        "embedded_files": "0",
        "file_size": "36",
        "java_script": "0",
        "js": "0",
        "launch_action": "0",
        "object_end": "55",
        "object_start": "55",
        "object_streams": "0",
        "open_action": "0",
        "page_count": "2",
        "rich_media": "0",
        "start_cross_reference_table": "1",
        "stream_end": "6",
        "stream_start": "6",
        "trailer_dictionary": "1"
    },
    "yara_signatures": [
        "without_attachments",
        "without_images",
        "with_urls",
        "invalid_trailer_structure",
        "contentis_base64"
    ]
}