{
    "exif_signatures": {},
    "file_size": 83066,
    "pdfid_signatures": {},
    "pypdf_uris": [
        "https://crophysi.ru/strik?utm_term=the+game+plan+movie+rating",
        "http://dalnoboyi.xyz/lovofiwigsbw4l.pdf",
        "https://s3.amazonaws.com/bugutaj/ragnarok_m_eternal_love_archer_stat_guide.pdf",
        "https://fupopafesuz.weebly.com/uploads/1/3/4/4/134443157/5247155.pdf",
        "https://s3.amazonaws.com/fodose/cake_recipes_cookbook.pdf",
        "https://s3.amazonaws.com/bubisifapagefe/37206765921.pdf",
        "http://help-service-support.com/216333972161kr3d.pdf",
        "https://jatufabafalili.weebly.com/uploads/1/3/1/6/131637938/dda70.pdf",
        "https://mosevulex.weebly.com/uploads/1/3/4/8/134860143/fusevezogebokus-luzawesarumir.pdf",
        "http://vulekagezefodek.rf.gd/vetidiwidof.pdf",
        "http://xubedoper.epizy.com/muxikaxepuvapunotimi.pdf",
        "https://s3.amazonaws.com/voxazedisula/56631252744.pdf",
        "https://buvonumonub.weebly.com/uploads/1/3/5/3/135304713/2393236.pdf",
        "https://xuvakaxatal.weebly.com/uploads/1/3/1/0/131070170/21daa18ba854d1.pdf"
    ],
    "regex_uris": [
        "https://crophysi.ru/strik?utm_term=the+game+plan+movie+rating",
        "http://dalnoboyi.xyz/lovofiwigsbw4l.pdf",
        "https://s3.amazonaws.com/bugutaj/ragnarok_m_eternal_love_archer_stat_guide.pdf",
        "https://fupopafesuz.weebly.com/uploads/1/3/4/4/134443157/5247155.pdf",
        "https://s3.amazonaws.com/fodose/cake_recipes_cookbook.pdf",
        "https://s3.amazonaws.com/bubisifapagefe/37206765921.pdf",
        "http://help-service-support.com/216333972161kr3d.pdf",
        "https://jatufabafalili.weebly.com/uploads/1/3/1/6/131637938/dda70.pdf",
        "https://mosevulex.weebly.com/uploads/1/3/4/8/134860143/fusevezogebokus-luzawesarumir.pdf",
        "http://vulekagezefodek.rf.gd/vetidiwidof.pdf",
        "http://xubedoper.epizy.com/muxikaxepuvapunotimi.pdf",
        "https://s3.amazonaws.com/voxazedisula/56631252744.pdf",
        "https://buvonumonub.weebly.com/uploads/1/3/5/3/135304713/2393236.pdf",
        "https://xuvakaxatal.weebly.com/uploads/1/3/1/0/131070170/21daa18ba854d1.pdf"
    ],
    "regex_urls": [
        "https",
        "http://dalnoboyi.xyz/lovofiwigsbw4l.pdf",
        "https",
        "https",
        "https",
        "https",
        "http://help-service-support.com/216333972161kr3d.pdf",
        "https",
        "https",
        "http://vulekagezefodek.rf.gd/vetidiwidof.pdf",
        "http://xubedoper.epizy.com/muxikaxepuvapunotimi.pdf",
        "https",
        "https",
        "https",
        "http://www.w3.org/1999/02/22-rdf-syntax-ns#",
        "http://purl.org/dc/elements/1.1/",
        "http://ns.adobe.com/pdf/1.3/",
        "http://ns.adobe.com/xap/1.0/",
        "http://ns.adobe.com/xap/1.0/mm/",
        "http://ns.adobe.com/xap/1.0/rights/"
    ],
    "scripts": {
        "iframe": [],
        "urls": []
    },
    "static_properties": {
        "JBIG2Decode": "0",
        "XML_forms": "0",
        "acro_form": "0",
        "auto_action": "0",
        "colors": "0",
        "cross_reference_table": "2",
        "embedded_files": "0",
        "file_size": "83",
        "java_script": "0",
        "js": "0",
        "launch_action": "0",
        "object_end": "55",
        "object_start": "55",
        "object_streams": "0",
        "open_action": "0",
        "page_count": "3",
        "rich_media": "0",
        "start_cross_reference_table": "2",
        "stream_end": "9",
        "stream_start": "9",
        "trailer_dictionary": "2"
    },
    "yara_signatures": [
        "without_attachments",
        "without_images",
        "with_urls",
        "suspicious_creator",
        "invalid_trailer_structure",
        "multiple_versions",
        "contentis_base64"
    ]
}