{
    "exif_signatures": {},
    "file_size": 81382,
    "pdfid_signatures": {},
    "pypdf_uris": [
        "http://feedproxy.google.com/~r/wb/ENAH/~3/bQ3nTxENlgE/wb?keyword=the%20kissing%20booth%202%20going%20the%20distance%20book%20ending",
        "https://s3.amazonaws.com/bejenosugede/stargirl_book_summary_chapter_1.pdf",
        "https://cdn.sqhk.co/rivogigaweb/63QpVZj/xorodegewale.pdf",
        "https://s3.amazonaws.com/sirilagewuga/does_my_vizio_have_screen_mirroring.pdf",
        "http://fepetixapokurob.myartsonline.com/7453331848.pdf",
        "https://uploads.strikinglycdn.com/files/44c7d86d-16b3-4dc6-aba3-b8ea5964c92c/lord_of_the_flies_study_guide_answers_chapter_1.pdf",
        "http://gifidabula.atwebpages.com/what_are_the_common_examples_of_academic_writing.pdf",
        "http://pusokum.66ghz.com/rirov.pdf",
        "https://cdn.sqhk.co/pulovafafita/Mjcic4W/olympics_2016_results_table.pdf",
        "https://s3.amazonaws.com/nonabafat/brother_intellifax_4100e_will_not_receive_faxes.pdf",
        "https://uploads.strikinglycdn.com/files/5e0de803-ede0-463f-8d88-003ae7bc316e/jojukowagokisuviwix.pdf",
        "http://jazomavok.epizy.com/96586075937.pdf",
        "https://uploads.strikinglycdn.com/files/198f28e9-dac0-47fc-beba-9b5761ed536a/gimp_for_absolute_beginners.pdf",
        "https://s3.amazonaws.com/vuforewebub/anita_anita_movie_songs.pdf",
        "https://uploads.strikinglycdn.com/files/64d799ee-544c-4dfe-a847-ca82dcc2bc5c/81250581630.pdf",
        "http://kudukudimox.sportsontheweb.net/accsap_download.pdf",
        "https://uploads.strikinglycdn.com/files/af69de6b-b712-482a-8841-b136df51f831/how_to_expend_spell_slots_5e.pdf",
        "https://cdn.sqhk.co/gufezitaxato/qMYhbZv/tudupuzexofepomuziro.pdf",
        "http://zirutabu.myartsonline.com/66095097169.pdf",
        "https://uploads.strikinglycdn.com/files/aeee6d33-c710-4907-a028-b1b32837f260/fisubumuzidevudotexez.pdf",
        "https://s3.amazonaws.com/lekezaru/79075363480.pdf"
    ],
    "regex_uris": [
        "http://feedproxy.google.com/~r/wb/ENAH/~3/bQ3nTxENlgE/wb?keyword=the%20kissing%20booth%202%20going%20the%20distance%20book%20ending",
        "https://s3.amazonaws.com/bejenosugede/stargirl_book_summary_chapter_1.pdf",
        "https://cdn.sqhk.co/rivogigaweb/63QpVZj/xorodegewale.pdf",
        "https://s3.amazonaws.com/sirilagewuga/does_my_vizio_have_screen_mirroring.pdf",
        "http://fepetixapokurob.myartsonline.com/7453331848.pdf",
        "https://uploads.strikinglycdn.com/files/44c7d86d-16b3-4dc6-aba3-b8ea5964c92c/lord_of_the_flies_study_guide_answers_chapter_1.pdf",
        "http://gifidabula.atwebpages.com/what_are_the_common_examples_of_academic_writing.pdf",
        "http://pusokum.66ghz.com/rirov.pdf",
        "https://cdn.sqhk.co/pulovafafita/Mjcic4W/olympics_2016_results_table.pdf",
        "https://s3.amazonaws.com/nonabafat/brother_intellifax_4100e_will_not_receive_faxes.pdf",
        "https://uploads.strikinglycdn.com/files/5e0de803-ede0-463f-8d88-003ae7bc316e/jojukowagokisuviwix.pdf",
        "http://jazomavok.epizy.com/96586075937.pdf",
        "https://uploads.strikinglycdn.com/files/198f28e9-dac0-47fc-beba-9b5761ed536a/gimp_for_absolute_beginners.pdf",
        "https://s3.amazonaws.com/vuforewebub/anita_anita_movie_songs.pdf",
        "https://uploads.strikinglycdn.com/files/64d799ee-544c-4dfe-a847-ca82dcc2bc5c/81250581630.pdf",
        "http://kudukudimox.sportsontheweb.net/accsap_download.pdf",
        "https://uploads.strikinglycdn.com/files/af69de6b-b712-482a-8841-b136df51f831/how_to_expend_spell_slots_5e.pdf",
        "https://cdn.sqhk.co/gufezitaxato/qMYhbZv/tudupuzexofepomuziro.pdf",
        "http://zirutabu.myartsonline.com/66095097169.pdf",
        "https://uploads.strikinglycdn.com/files/aeee6d33-c710-4907-a028-b1b32837f260/fisubumuzidevudotexez.pdf",
        "https://s3.amazonaws.com/lekezaru/79075363480.pdf"
    ],
    "regex_urls": [
        "http://feedproxy.google.com/~r/wb/ENAH/~3/bQ3nTxENlgE/wb?keyword=the%20kissing%20booth%202%20going%20the%20distance%20book%20ending",
        "https",
        "https",
        "https",
        "http://fepetixapokurob.myartsonline.com/7453331848.pdf",
        "https",
        "http://gifidabula.atwebpages.com/what_are_the_common_examples_of_academic_writing.pdf",
        "http://pusokum.66ghz.com/rirov.pdf",
        "https",
        "https",
        "https",
        "http://jazomavok.epizy.com/96586075937.pdf",
        "https",
        "https",
        "https",
        "http://kudukudimox.sportsontheweb.net/accsap_download.pdf",
        "https",
        "https",
        "http://zirutabu.myartsonline.com/66095097169.pdf",
        "https",
        "https",
        "http://www.w3.org/1999/02/22-rdf-syntax-ns#",
        "http://purl.org/dc/elements/1.1/",
        "http://ns.adobe.com/pdf/1.3/",
        "http://ns.adobe.com/xap/1.0/",
        "http://ns.adobe.com/xap/1.0/mm/",
        "http://ns.adobe.com/xap/1.0/rights/"
    ],
    "scripts": {
        "iframe": [],
        "urls": []
    },
    "static_properties": {
        "JBIG2Decode": "0",
        "XML_forms": "0",
        "acro_form": "0",
        "auto_action": "0",
        "colors": "0",
        "cross_reference_table": "2",
        "embedded_files": "0",
        "file_size": "81",
        "java_script": "0",
        "js": "0",
        "launch_action": "0",
        "object_end": "68",
        "object_start": "68",
        "object_streams": "0",
        "open_action": "0",
        "page_count": "3",
        "rich_media": "0",
        "start_cross_reference_table": "2",
        "stream_end": "11",
        "stream_start": "11",
        "trailer_dictionary": "2"
    },
    "yara_signatures": [
        "without_attachments",
        "without_images",
        "with_urls",
        "invalid_trailer_structure",
        "multiple_versions",
        "contentis_base64"
    ]
}