{
    "exif_signatures": {},
    "file_size": 362801,
    "pdfid_signatures": {},
    "pypdf_uris": [
        "http://foaptoa.com/c3?utm_term=lara+flores+el%C3%ADas+primer+curso+de+contabilidad+pdf+gratis+de+para+y",
        "https://fobh.net/userfiles/files/61880100678.pdf",
        "https://lecachet.fr/docs/files/10092731536.pdf",
        "http://www.itbaloch.com/wp-content/plugins/formcraft/file-upload/server/content/files/16201f8593fcc3---rixitokoloruvimurupabog.pdf",
        "http://kartelabasligi.com/images_upload/files/jukexajuwexujopuzogewovar.pdf",
        "https://dogathermalhotel.com/resimler/files/barepopegatuzuraxopiwo.pdf",
        "https://static1.squarespace.com/static/604aebe5436e397a99d53e8a/t/62cd1b4292e4ba281bd6d6c5/1657609026847/tifedowamubip.pdf",
        "https://static1.squarespace.com/static/60aaf27c8bac0413e6f804fa/t/62b48553f040d4221fdfa635/1655997780276/pakistani_saraiki_audio_songs_free.pdf",
        "http://batteryzone.pk/assets/kcfinder/upload/files/nojutusifenonadopelat.pdf",
        "https://ltes.tw-goods.com/UserFiles/files/83091132721.pdf",
        "https://static1.squarespace.com/static/604aeb86718479732845b7b4/t/62c729eab5906e21edc7478e/1657219563123/one_piece_capitulo_5_espaol_latino.pdf",
        "https://vialivonica.eu/userfiles/files/77109010144.pdf",
        "http://hcvitamin.com/webroot/img/files/sogutujesukutopot.pdf",
        "https://static1.squarespace.com/static/60aaf27c8bac0413e6f804fa/t/62ccf45677cebd1b0dfe28dd/1657599063232/rejijemufitedete.pdf",
        "https://static1.squarespace.com/static/60aaf27c8bac0413e6f804fa/t/62ba849641344046659247c6/1656390807005/peanuts_christmas_song_sheet_music_free.pdf",
        "https://static1.squarespace.com/static/604aeb86718479732845b7b4/t/62c136d2f3e34c5a84980bcd/1656829650449/evaluation_grands_nombres_cm2.pdf",
        "https://www.trungtammaychieu.com/ad-min/js/libs/kcfinder/upload/files/genobonusuv.pdf",
        "http://gjbbang.com/userData/board/file/zufirevavaxutib.pdf",
        "https://static1.squarespace.com/static/604aec14af289a5f7a539cf5/t/62bbc7d948eeaf4bce0fc4fe/1656473562410/98879432223.pdf",
        "https://static1.squarespace.com/static/60aaf27c8bac0413e6f804fa/t/62c2cca3619739746b5821ce/1656933540118/download_airxonix_kostenlos.pdf",
        "https://static1.squarespace.com/static/60aaf25e42d7b60106dc17aa/t/62c97c8f6a3d6b58b3a54c2f/1657371791709/53572037056.pdf",
        "https://static1.squarespace.com/static/604aebe5436e397a99d53e8a/t/62c7e342d60f8958fc6ceb29/1657267011187/colt_1911_service_manual.pdf",
        "https://www.insideaccess.lk/assets/js/kcfinder/upload/files/83308675888.pdf",
        "https://static1.squarespace.com/static/604aea6a97201213e037dc4e/t/62c5674f14a33e1ed586d3cd/1657104207979/acoustic_guitar_chord_chart_finger_position.pdf",
        "http://gewald.ru/content/Files/61784318537.pdf",
        "http://hermanosgolbano.com/admin/fckeditor/editor/filemanager/connectors/phpfile/24656629083.pdf",
        "https://massvt.sk/editor_uploads/system/files/rutapupar.pdf",
        "https://static1.squarespace.com/static/604aebe5436e397a99d53e8a/t/62c8bb3726a9ce029d5fa9ed/1657322295936/5192031232.pdf"
    ],
    "regex_uris": [
        "http://foaptoa.com/c3?utm_term=lara+flores+el%C3%ADas+primer+curso+de+contabilidad+pdf+gratis+de+para+y",
        "https://fobh.net/userfiles/files/61880100678.pdf",
        "https://lecachet.fr/docs/files/10092731536.pdf",
        "http://www.itbaloch.com/wp-content/plugins/formcraft/file-upload/server/content/files/16201f8593fcc3---rixitokoloruvimurupabog.pdf",
        "http://kartelabasligi.com/images_upload/files/jukexajuwexujopuzogewovar.pdf",
        "https://dogathermalhotel.com/resimler/files/barepopegatuzuraxopiwo.pdf",
        "https://static1.squarespace.com/static/604aebe5436e397a99d53e8a/t/62cd1b4292e4ba281bd6d6c5/1657609026847/tifedowamubip.pdf",
        "https://static1.squarespace.com/static/60aaf27c8bac0413e6f804fa/t/62b48553f040d4221fdfa635/1655997780276/pakistani_saraiki_audio_songs_free.pdf",
        "http://batteryzone.pk/assets/kcfinder/upload/files/nojutusifenonadopelat.pdf",
        "https://ltes.tw-goods.com/UserFiles/files/83091132721.pdf",
        "https://static1.squarespace.com/static/604aeb86718479732845b7b4/t/62c729eab5906e21edc7478e/1657219563123/one_piece_capitulo_5_espaol_latino.pdf",
        "https://vialivonica.eu/userfiles/files/77109010144.pdf",
        "http://hcvitamin.com/webroot/img/files/sogutujesukutopot.pdf",
        "https://static1.squarespace.com/static/60aaf27c8bac0413e6f804fa/t/62ccf45677cebd1b0dfe28dd/1657599063232/rejijemufitedete.pdf",
        "https://static1.squarespace.com/static/60aaf27c8bac0413e6f804fa/t/62ba849641344046659247c6/1656390807005/peanuts_christmas_song_sheet_music_free.pdf",
        "https://static1.squarespace.com/static/604aeb86718479732845b7b4/t/62c136d2f3e34c5a84980bcd/1656829650449/evaluation_grands_nombres_cm2.pdf",
        "https://www.trungtammaychieu.com/ad-min/js/libs/kcfinder/upload/files/genobonusuv.pdf",
        "http://gjbbang.com/userData/board/file/zufirevavaxutib.pdf",
        "https://static1.squarespace.com/static/604aec14af289a5f7a539cf5/t/62bbc7d948eeaf4bce0fc4fe/1656473562410/98879432223.pdf",
        "https://static1.squarespace.com/static/60aaf27c8bac0413e6f804fa/t/62c2cca3619739746b5821ce/1656933540118/download_airxonix_kostenlos.pdf",
        "https://static1.squarespace.com/static/60aaf25e42d7b60106dc17aa/t/62c97c8f6a3d6b58b3a54c2f/1657371791709/53572037056.pdf",
        "https://static1.squarespace.com/static/604aebe5436e397a99d53e8a/t/62c7e342d60f8958fc6ceb29/1657267011187/colt_1911_service_manual.pdf",
        "https://www.insideaccess.lk/assets/js/kcfinder/upload/files/83308675888.pdf",
        "https://static1.squarespace.com/static/604aea6a97201213e037dc4e/t/62c5674f14a33e1ed586d3cd/1657104207979/acoustic_guitar_chord_chart_finger_position.pdf",
        "http://gewald.ru/content/Files/61784318537.pdf",
        "http://hermanosgolbano.com/admin/fckeditor/editor/filemanager/connectors/phpfile/24656629083.pdf",
        "https://massvt.sk/editor_uploads/system/files/rutapupar.pdf",
        "https://static1.squarespace.com/static/604aebe5436e397a99d53e8a/t/62c8bb3726a9ce029d5fa9ed/1657322295936/5192031232.pdf"
    ],
    "regex_urls": [
        "http://foaptoa.com/c3?utm_term=lara+flores+el%C3%ADas+primer+curso+de+contabilidad+pdf+gratis+de+para+y",
        "https",
        "https",
        "http://www.itbaloch.com/wp-content/plugins/formcraft/file-upload/server/content/files/16201f8593fcc3---rixitokoloruvimurupabog.pdf",
        "http://kartelabasligi.com/images_upload/files/jukexajuwexujopuzogewovar.pdf",
        "https",
        "https",
        "https",
        "http://batteryzone.pk/assets/kcfinder/upload/files/nojutusifenonadopelat.pdf",
        "https",
        "https",
        "https",
        "http://hcvitamin.com/webroot/img/files/sogutujesukutopot.pdf",
        "https",
        "https",
        "https",
        "https",
        "www.trungtammaychieu.com/ad-min/js/libs/kcfinder/upload/files/genobonusuv.pdf",
        "http://gjbbang.com/userData/board/file/zufirevavaxutib.pdf",
        "https",
        "https",
        "https",
        "https",
        "https",
        "www.insideaccess.lk/assets/js/kcfinder/upload/files/83308675888.pdf",
        "https",
        "http://gewald.ru/content/Files/61784318537.pdf",
        "http://hermanosgolbano.com/admin/fckeditor/editor/filemanager/connectors/phpfile/24656629083.pdf",
        "https",
        "https",
        "http://www.w3.org/1999/02/22-rdf-syntax-ns#",
        "http://purl.org/dc/elements/1.1/",
        "http://ns.adobe.com/pdf/1.3/",
        "http://ns.adobe.com/xap/1.0/",
        "http://ns.adobe.com/xap/1.0/mm/",
        "http://ns.adobe.com/xap/1.0/rights/"
    ],
    "scripts": {
        "iframe": [],
        "urls": []
    },
    "static_properties": {
        "JBIG2Decode": "0",
        "XML_forms": "0",
        "acro_form": "0",
        "auto_action": "0",
        "colors": "0",
        "cross_reference_table": "2",
        "embedded_files": "0",
        "file_size": "363",
        "java_script": "0",
        "js": "0",
        "launch_action": "0",
        "object_end": "87",
        "object_start": "87",
        "object_streams": "0",
        "open_action": "0",
        "page_count": "5",
        "rich_media": "0",
        "start_cross_reference_table": "2",
        "stream_end": "18",
        "stream_start": "18",
        "trailer_dictionary": "2"
    },
    "yara_signatures": [
        "without_attachments",
        "without_images",
        "with_urls",
        "invalid_trailer_structure",
        "multiple_versions",
        "contentis_base64",
        "Big_Numbers1"
    ]
}