{
    "exif_signatures": {},
    "file_size": 33858,
    "pdfid_signatures": {
        "Page_Count": {
            "description": "This PDF has only one page",
            "families": [],
            "marks": [],
            "name": "Page_Count",
            "references": [],
            "severity": 1
        }
    },
    "pypdf_uris": [
        "http://netcdn.tw/app/406889139/free-coin-master-app-game-hack",
        "http://netcdn.tw/app/406889139/free-coin-master-app-game-hack",
        "https://eastwood.co.ke/uploaded_files/userfiles/files/how-to-downgrade-minecraft-pe_GM479516143.pdf",
        "https://eastwood.co.ke/uploaded_files/userfiles/files/hack-coin-master-android_GM406889139.pdf",
        "https://eastwood.co.ke/uploaded_files/userfiles/files/free-coin-master-hack-no-verification_GM406889139.pdf",
        "https://eastwood.co.ke/uploaded_files/userfiles/files/free-skin-bundles-roblox_GM431946152.pdf",
        "https://eastwood.co.ke/uploaded_files/userfiles/files/how-are-people-able-to-cheat-in-items-in-roblox_GM431946152.pdf",
        "https://eastwood.co.ke/uploaded_files/userfiles/files/assasin-2-roblox-hack-khnif_GM431946152.pdf",
        "https://eastwood.co.ke/uploaded_files/userfiles/files/minecraft-font-free_GM479516143.pdf",
        "https://eastwood.co.ke/uploaded_files/userfiles/files/all-free-things-on-roblox_GM431946152.pdf",
        "https://eastwood.co.ke/uploaded_files/userfiles/files/is-minecraft-free-on-xbox_GM479516143.pdf",
        "https://eastwood.co.ke/uploaded_files/userfiles/files/cheat-codes-for-roblox-lumber-tycoon-2_GM431946152.pdf",
        "https://eastwood.co.ke/uploaded_files/userfiles/files/coin-master-attack-hack-apk_GM406889139.pdf",
        "https://eastwood.co.ke/uploaded_files/userfiles/files/coin-master-free-spins-and-coins-generator_GM406889139.pdf",
        "https://eastwood.co.ke/uploaded_files/userfiles/files/pubg-75-uc_GM1330123889.pdf",
        "https://eastwood.co.ke/uploaded_files/userfiles/files/roblox-fashion-frenzy-free-online-game_GM431946152.pdf",
        "https://eastwood.co.ke/uploaded_files/userfiles/files/universal-minecraft-converter-free_GM479516143.pdf",
        "https://eastwood.co.ke/uploaded_files/userfiles/files/free-robux-no-verification-or-survey_GM431946152.pdf",
        "https://eastwood.co.ke/uploaded_files/userfiles/files/get-free-robux-generator_GM431946152.pdf",
        "https://eastwood.co.ke/uploaded_files/userfiles/files/free-pro-tiktok_GM835599320.pdf",
        "https://eastwood.co.ke/uploaded_files/userfiles/files/best-roblox-scripts-free_GM431946152.pdf",
        "https://eastwood.co.ke/uploaded_files/userfiles/files/tiktok-free-promotion_GM835599320.pdf"
    ],
    "regex_uris": [
        "http://netcdn.tw/app/406889139/free-coin-master-app-game-hack",
        "http://netcdn.tw/app/406889139/free-coin-master-app-game-hack",
        "https://eastwood.co.ke/uploaded_files/userfiles/files/how-to-downgrade-minecraft-pe_GM479516143.pdf",
        "https://eastwood.co.ke/uploaded_files/userfiles/files/hack-coin-master-android_GM406889139.pdf",
        "https://eastwood.co.ke/uploaded_files/userfiles/files/free-coin-master-hack-no-verification_GM406889139.pdf",
        "https://eastwood.co.ke/uploaded_files/userfiles/files/free-skin-bundles-roblox_GM431946152.pdf",
        "https://eastwood.co.ke/uploaded_files/userfiles/files/how-are-people-able-to-cheat-in-items-in-roblox_GM431946152.pdf",
        "https://eastwood.co.ke/uploaded_files/userfiles/files/assasin-2-roblox-hack-khnif_GM431946152.pdf",
        "https://eastwood.co.ke/uploaded_files/userfiles/files/minecraft-font-free_GM479516143.pdf",
        "https://eastwood.co.ke/uploaded_files/userfiles/files/all-free-things-on-roblox_GM431946152.pdf",
        "https://eastwood.co.ke/uploaded_files/userfiles/files/is-minecraft-free-on-xbox_GM479516143.pdf",
        "https://eastwood.co.ke/uploaded_files/userfiles/files/cheat-codes-for-roblox-lumber-tycoon-2_GM431946152.pdf",
        "https://eastwood.co.ke/uploaded_files/userfiles/files/coin-master-attack-hack-apk_GM406889139.pdf",
        "https://eastwood.co.ke/uploaded_files/userfiles/files/coin-master-free-spins-and-coins-generator_GM406889139.pdf",
        "https://eastwood.co.ke/uploaded_files/userfiles/files/pubg-75-uc_GM1330123889.pdf",
        "https://eastwood.co.ke/uploaded_files/userfiles/files/roblox-fashion-frenzy-free-online-game_GM431946152.pdf",
        "https://eastwood.co.ke/uploaded_files/userfiles/files/universal-minecraft-converter-free_GM479516143.pdf",
        "https://eastwood.co.ke/uploaded_files/userfiles/files/free-robux-no-verification-or-survey_GM431946152.pdf",
        "https://eastwood.co.ke/uploaded_files/userfiles/files/get-free-robux-generator_GM431946152.pdf",
        "https://eastwood.co.ke/uploaded_files/userfiles/files/free-pro-tiktok_GM835599320.pdf",
        "https://eastwood.co.ke/uploaded_files/userfiles/files/best-roblox-scripts-free_GM431946152.pdf",
        "https://eastwood.co.ke/uploaded_files/userfiles/files/tiktok-free-promotion_GM835599320.pdf"
    ],
    "regex_urls": [
        "http://netcdn.tw/app/406889139/free-coin-master-app-game-hack",
        "http://netcdn.tw/app/406889139/free-coin-master-app-game-hack",
        "https",
        "https",
        "https",
        "https",
        "https",
        "https",
        "https",
        "https",
        "https",
        "https",
        "https",
        "https",
        "https",
        "https",
        "https",
        "https",
        "https",
        "https",
        "https",
        "https"
    ],
    "scripts": {
        "iframe": [],
        "urls": []
    },
    "static_properties": {
        "JBIG2Decode": "0",
        "XML_forms": "0",
        "acro_form": "0",
        "auto_action": "0",
        "colors": "0",
        "cross_reference_table": "1",
        "embedded_files": "0",
        "file_size": "34",
        "java_script": "0",
        "js": "0",
        "launch_action": "0",
        "object_end": "50",
        "object_start": "50",
        "object_streams": "0",
        "open_action": "0",
        "page_count": "1",
        "rich_media": "0",
        "start_cross_reference_table": "1",
        "stream_end": "5",
        "stream_start": "5",
        "trailer_dictionary": "1"
    },
    "yara_signatures": [
        "without_attachments",
        "without_images",
        "with_urls",
        "invalid_trailer_structure",
        "contentis_base64"
    ]
}