{
    "exif_signatures": {},
    "file_size": 35700,
    "pdfid_signatures": {},
    "pypdf_uris": [
        "http://netcdn.tw/app/479516143/free-minecraft-server-hosting-24-7-game-hack",
        "http://netcdn.tw/app/479516143/free-minecraft-server-hosting-24-7-game-hack",
        "https://belajar.mtsn4malang.sch.id/__statics/gudangsoal/files/moonactive-free-spins-link_GM406889139.pdf",
        "https://belajar.mtsn4malang.sch.id/__statics/gudangsoal/files/free-list-of-roblox-accounts_GM431946152.pdf",
        "https://belajar.mtsn4malang.sch.id/__statics/gudangsoal/files/how-to-get-free-robux-bypass-survey_GM431946152.pdf",
        "https://belajar.mtsn4malang.sch.id/__statics/gudangsoal/files/free-800-robux_GM431946152.pdf",
        "https://belajar.mtsn4malang.sch.id/__statics/gudangsoal/files/coin-master-free-stuff_GM406889139.pdf",
        "https://belajar.mtsn4malang.sch.id/__statics/gudangsoal/files/free-minecraft-account-generator_GM479516143.pdf",
        "https://belajar.mtsn4malang.sch.id/__statics/gudangsoal/files/coin-master-free-link-today_GM406889139.pdf",
        "https://belajar.mtsn4malang.sch.id/__statics/gudangsoal/files/download-coin-master-hack-apk_GM406889139.pdf",
        "https://belajar.mtsn4malang.sch.id/__statics/gudangsoal/files/pastebin-how-to-get-free-robux_GM431946152.pdf",
        "https://belajar.mtsn4malang.sch.id/__statics/gudangsoal/files/coin-master-free-spins-twitter_GM406889139.pdf",
        "https://belajar.mtsn4malang.sch.id/__statics/gudangsoal/files/minecraft-free-minecoins_GM479516143.pdf",
        "https://belajar.mtsn4malang.sch.id/__statics/gudangsoal/files/minecraft-hack-download_GM479516143.pdf",
        "https://belajar.mtsn4malang.sch.id/__statics/gudangsoal/files/roblox-free-robux-hack-no-survey-no-download_GM431946152.pdf",
        "https://belajar.mtsn4malang.sch.id/__statics/gudangsoal/files/all-vip-admin-commands-for-free-roblox_GM431946152.pdf",
        "https://belajar.mtsn4malang.sch.id/__statics/gudangsoal/files/how-to-get-free-robux-2021_GM431946152.pdf",
        "https://belajar.mtsn4malang.sch.id/__statics/gudangsoal/files/free-robux-just-enter-username_GM431946152.pdf",
        "https://belajar.mtsn4malang.sch.id/__statics/gudangsoal/files/how-to-legally-get-free-spins-in-coin-master_GM406889139.pdf",
        "https://belajar.mtsn4malang.sch.id/__statics/gudangsoal/files/free-robux-gift-card-codes-2021_GM431946152.pdf",
        "https://belajar.mtsn4malang.sch.id/__statics/gudangsoal/files/hack-download_GM431946152.pdf",
        "https://belajar.mtsn4malang.sch.id/__statics/gudangsoal/files/free-robux-no-human-verification-generator_GM431946152.pdf"
    ],
    "regex_uris": [
        "http://netcdn.tw/app/479516143/free-minecraft-server-hosting-24-7-game-hack",
        "http://netcdn.tw/app/479516143/free-minecraft-server-hosting-24-7-game-hack",
        "https://belajar.mtsn4malang.sch.id/__statics/gudangsoal/files/moonactive-free-spins-link_GM406889139.pdf",
        "https://belajar.mtsn4malang.sch.id/__statics/gudangsoal/files/free-list-of-roblox-accounts_GM431946152.pdf",
        "https://belajar.mtsn4malang.sch.id/__statics/gudangsoal/files/how-to-get-free-robux-bypass-survey_GM431946152.pdf",
        "https://belajar.mtsn4malang.sch.id/__statics/gudangsoal/files/free-800-robux_GM431946152.pdf",
        "https://belajar.mtsn4malang.sch.id/__statics/gudangsoal/files/coin-master-free-stuff_GM406889139.pdf",
        "https://belajar.mtsn4malang.sch.id/__statics/gudangsoal/files/free-minecraft-account-generator_GM479516143.pdf",
        "https://belajar.mtsn4malang.sch.id/__statics/gudangsoal/files/coin-master-free-link-today_GM406889139.pdf",
        "https://belajar.mtsn4malang.sch.id/__statics/gudangsoal/files/download-coin-master-hack-apk_GM406889139.pdf",
        "https://belajar.mtsn4malang.sch.id/__statics/gudangsoal/files/pastebin-how-to-get-free-robux_GM431946152.pdf",
        "https://belajar.mtsn4malang.sch.id/__statics/gudangsoal/files/coin-master-free-spins-twitter_GM406889139.pdf",
        "https://belajar.mtsn4malang.sch.id/__statics/gudangsoal/files/minecraft-free-minecoins_GM479516143.pdf",
        "https://belajar.mtsn4malang.sch.id/__statics/gudangsoal/files/minecraft-hack-download_GM479516143.pdf",
        "https://belajar.mtsn4malang.sch.id/__statics/gudangsoal/files/roblox-free-robux-hack-no-survey-no-download_GM431946152.pdf",
        "https://belajar.mtsn4malang.sch.id/__statics/gudangsoal/files/all-vip-admin-commands-for-free-roblox_GM431946152.pdf",
        "https://belajar.mtsn4malang.sch.id/__statics/gudangsoal/files/how-to-get-free-robux-2021_GM431946152.pdf",
        "https://belajar.mtsn4malang.sch.id/__statics/gudangsoal/files/free-robux-just-enter-username_GM431946152.pdf",
        "https://belajar.mtsn4malang.sch.id/__statics/gudangsoal/files/how-to-legally-get-free-spins-in-coin-master_GM406889139.pdf",
        "https://belajar.mtsn4malang.sch.id/__statics/gudangsoal/files/free-robux-gift-card-codes-2021_GM431946152.pdf",
        "https://belajar.mtsn4malang.sch.id/__statics/gudangsoal/files/hack-download_GM431946152.pdf",
        "https://belajar.mtsn4malang.sch.id/__statics/gudangsoal/files/free-robux-no-human-verification-generator_GM431946152.pdf"
    ],
    "regex_urls": [
        "http://netcdn.tw/app/479516143/free-minecraft-server-hosting-24-7-game-hack",
        "http://netcdn.tw/app/479516143/free-minecraft-server-hosting-24-7-game-hack",
        "https",
        "https",
        "https",
        "https",
        "https",
        "https",
        "https",
        "https",
        "https",
        "https",
        "https",
        "https",
        "https",
        "https",
        "https",
        "https",
        "https",
        "https",
        "https",
        "https"
    ],
    "scripts": {
        "iframe": [],
        "urls": []
    },
    "static_properties": {
        "JBIG2Decode": "0",
        "XML_forms": "0",
        "acro_form": "0",
        "auto_action": "0",
        "colors": "0",
        "cross_reference_table": "1",
        "embedded_files": "0",
        "file_size": "36",
        "java_script": "0",
        "js": "0",
        "launch_action": "0",
        "object_end": "55",
        "object_start": "55",
        "object_streams": "0",
        "open_action": "0",
        "page_count": "2",
        "rich_media": "0",
        "start_cross_reference_table": "1",
        "stream_end": "6",
        "stream_start": "6",
        "trailer_dictionary": "1"
    },
    "yara_signatures": [
        "without_attachments",
        "without_images",
        "with_urls",
        "invalid_trailer_structure",
        "contentis_base64"
    ]
}