{
    "exif_signatures": {},
    "file_size": 43765,
    "pdfid_signatures": {},
    "pypdf_uris": [
        "https://netcdn.xyz/app/431946152/free-robux-no-human-verification-no-survey-game-hack",
        "https://netcdn.xyz/app/431946152/free-robux-no-human-verification-no-survey-game-hack",
        "https://www.ferraroni.net/public/risorse/ck/files/free-800-robux_GM431946152.pdf",
        "https://www.ferraroni.net/public/risorse/ck/files/coin-master-hacks-free-spins_GM406889139.pdf",
        "https://www.ferraroni.net/public/risorse/ck/files/roblox-free-robux-codes_GM431946152.pdf",
        "https://www.ferraroni.net/public/risorse/ck/files/free-robux-games-that-actually-work-2021_GM431946152.pdf",
        "https://www.ferraroni.net/public/risorse/ck/files/ways-to-earn-robux_GM431946152.pdf",
        "https://www.ferraroni.net/public/risorse/ck/files/coin-master-free-coins-cheat_GM406889139.pdf",
        "https://www.ferraroni.net/public/risorse/ck/files/coin-master-free-spins-hack-apk-download_GM406889139.pdf",
        "https://www.ferraroni.net/public/risorse/ck/files/free-robux-only-1-step_GM431946152.pdf",
        "https://www.ferraroni.net/public/risorse/ck/files/how-to-get-free-robux-2021-easy_GM431946152.pdf",
        "https://www.ferraroni.net/public/risorse/ck/files/get-me-robux_GM431946152.pdf",
        "https://www.ferraroni.net/public/risorse/ck/files/how-do-i-get-robux_GM431946152.pdf",
        "https://www.ferraroni.net/public/risorse/ck/files/how-to-free-robux_GM431946152.pdf",
        "https://www.ferraroni.net/public/risorse/ck/files/best-minecraft-hacked-client_GM479516143.pdf",
        "https://www.ferraroni.net/public/risorse/ck/files/robux-withdraw_GM431946152.pdf",
        "https://www.ferraroni.net/public/risorse/ck/files/free-spins-for-coin-master_GM406889139.pdf",
        "https://www.ferraroni.net/public/risorse/ck/files/free-robux-real-working_GM431946152.pdf",
        "https://www.ferraroni.net/public/risorse/ck/files/hack-coin-master-without-human-verification_GM406889139.pdf",
        "https://www.ferraroni.net/public/risorse/ck/files/roblox-royale-high-diamond-hack_GM431946152.pdf",
        "https://www.ferraroni.net/public/risorse/ck/files/coin-master-rewards-app_GM406889139.pdf",
        "https://www.ferraroni.net/public/risorse/ck/files/free-spins-promo-code-for-coin-master_GM406889139.pdf"
    ],
    "regex_uris": [
        "https://netcdn.xyz/app/431946152/free-robux-no-human-verification-no-survey-game-hack",
        "https://netcdn.xyz/app/431946152/free-robux-no-human-verification-no-survey-game-hack",
        "https://www.ferraroni.net/public/risorse/ck/files/free-800-robux_GM431946152.pdf",
        "https://www.ferraroni.net/public/risorse/ck/files/coin-master-hacks-free-spins_GM406889139.pdf",
        "https://www.ferraroni.net/public/risorse/ck/files/roblox-free-robux-codes_GM431946152.pdf",
        "https://www.ferraroni.net/public/risorse/ck/files/free-robux-games-that-actually-work-2021_GM431946152.pdf",
        "https://www.ferraroni.net/public/risorse/ck/files/ways-to-earn-robux_GM431946152.pdf",
        "https://www.ferraroni.net/public/risorse/ck/files/coin-master-free-coins-cheat_GM406889139.pdf",
        "https://www.ferraroni.net/public/risorse/ck/files/coin-master-free-spins-hack-apk-download_GM406889139.pdf",
        "https://www.ferraroni.net/public/risorse/ck/files/free-robux-only-1-step_GM431946152.pdf",
        "https://www.ferraroni.net/public/risorse/ck/files/how-to-get-free-robux-2021-easy_GM431946152.pdf",
        "https://www.ferraroni.net/public/risorse/ck/files/get-me-robux_GM431946152.pdf",
        "https://www.ferraroni.net/public/risorse/ck/files/how-do-i-get-robux_GM431946152.pdf",
        "https://www.ferraroni.net/public/risorse/ck/files/how-to-free-robux_GM431946152.pdf",
        "https://www.ferraroni.net/public/risorse/ck/files/best-minecraft-hacked-client_GM479516143.pdf",
        "https://www.ferraroni.net/public/risorse/ck/files/robux-withdraw_GM431946152.pdf",
        "https://www.ferraroni.net/public/risorse/ck/files/free-spins-for-coin-master_GM406889139.pdf",
        "https://www.ferraroni.net/public/risorse/ck/files/free-robux-real-working_GM431946152.pdf",
        "https://www.ferraroni.net/public/risorse/ck/files/hack-coin-master-without-human-verification_GM406889139.pdf",
        "https://www.ferraroni.net/public/risorse/ck/files/roblox-royale-high-diamond-hack_GM431946152.pdf",
        "https://www.ferraroni.net/public/risorse/ck/files/coin-master-rewards-app_GM406889139.pdf",
        "https://www.ferraroni.net/public/risorse/ck/files/free-spins-promo-code-for-coin-master_GM406889139.pdf"
    ],
    "regex_urls": [
        "https",
        "https",
        "https",
        "www.ferraroni.net/public/risorse/ck/files/free-800-robux_GM431946152.pdf",
        "https",
        "www.ferraroni.net/public/risorse/ck/files/coin-master-hacks-free-spins_GM406889139.pdf",
        "https",
        "www.ferraroni.net/public/risorse/ck/files/roblox-free-robux-codes_GM431946152.pdf",
        "https",
        "www.ferraroni.net/public/risorse/ck/files/free-robux-games-that-actually-work-2021_GM431946152.pdf",
        "https",
        "www.ferraroni.net/public/risorse/ck/files/ways-to-earn-robux_GM431946152.pdf",
        "https",
        "www.ferraroni.net/public/risorse/ck/files/coin-master-free-coins-cheat_GM406889139.pdf",
        "https",
        "www.ferraroni.net/public/risorse/ck/files/coin-master-free-spins-hack-apk-download_GM406889139.pdf",
        "https",
        "www.ferraroni.net/public/risorse/ck/files/free-robux-only-1-step_GM431946152.pdf",
        "https",
        "www.ferraroni.net/public/risorse/ck/files/how-to-get-free-robux-2021-easy_GM431946152.pdf",
        "https",
        "www.ferraroni.net/public/risorse/ck/files/get-me-robux_GM431946152.pdf",
        "https",
        "www.ferraroni.net/public/risorse/ck/files/how-do-i-get-robux_GM431946152.pdf",
        "https",
        "www.ferraroni.net/public/risorse/ck/files/how-to-free-robux_GM431946152.pdf",
        "https",
        "www.ferraroni.net/public/risorse/ck/files/best-minecraft-hacked-client_GM479516143.pdf",
        "https",
        "www.ferraroni.net/public/risorse/ck/files/robux-withdraw_GM431946152.pdf",
        "https",
        "www.ferraroni.net/public/risorse/ck/files/free-spins-for-coin-master_GM406889139.pdf",
        "https",
        "www.ferraroni.net/public/risorse/ck/files/free-robux-real-working_GM431946152.pdf",
        "https",
        "www.ferraroni.net/public/risorse/ck/files/hack-coin-master-without-human-verification_GM406889139.pdf",
        "https",
        "www.ferraroni.net/public/risorse/ck/files/roblox-royale-high-diamond-hack_GM431946152.pdf",
        "https",
        "www.ferraroni.net/public/risorse/ck/files/coin-master-rewards-app_GM406889139.pdf",
        "https",
        "www.ferraroni.net/public/risorse/ck/files/free-spins-promo-code-for-coin-master_GM406889139.pdf"
    ],
    "scripts": {
        "iframe": [],
        "urls": []
    },
    "static_properties": {
        "JBIG2Decode": "0",
        "XML_forms": "0",
        "acro_form": "0",
        "auto_action": "0",
        "colors": "0",
        "cross_reference_table": "1",
        "embedded_files": "0",
        "file_size": "44",
        "java_script": "0",
        "js": "0",
        "launch_action": "0",
        "object_end": "60",
        "object_start": "60",
        "object_streams": "0",
        "open_action": "0",
        "page_count": "3",
        "rich_media": "0",
        "start_cross_reference_table": "1",
        "stream_end": "7",
        "stream_start": "7",
        "trailer_dictionary": "1"
    },
    "yara_signatures": [
        "without_attachments",
        "without_images",
        "with_urls",
        "invalid_trailer_structure",
        "contentis_base64"
    ]
}