{
    "exif_signatures": {},
    "file_size": 50570,
    "pdfid_signatures": {},
    "pypdf_uris": [
        "https://netcdn.tw/app/431946152/robux-free-pastebin.com-game-hack",
        "https://netcdn.tw/app/431946152/robux-free-pastebin.com-game-hack",
        "https://elearning.manicp.sch.id/__statics/gudangsoal/files/coin-master-free-spins-link-today-blogspot_GM406889139.pdf",
        "https://elearning.manicp.sch.id/__statics/gudangsoal/files/coin-master-free-spins-link-2021-today_GM406889139.pdf",
        "https://elearning.manicp.sch.id/__statics/gudangsoal/files/xsos-hack-roblox_GM431946152.pdf",
        "https://elearning.manicp.sch.id/__statics/gudangsoal/files/free-spins-coin-master-2021_GM406889139.pdf",
        "https://elearning.manicp.sch.id/__statics/gudangsoal/files/how-to-get-minecraft-bedrock-edition-for-free_GM479516143.pdf",
        "https://elearning.manicp.sch.id/__statics/gudangsoal/files/free-minecraft-mods-for-xbox-one_GM479516143.pdf",
        "https://elearning.manicp.sch.id/__statics/gudangsoal/files/online-free-roblox-add-maker_GM431946152.pdf",
        "https://elearning.manicp.sch.id/__statics/gudangsoal/files/simplysarc_GM479516143.pdf",
        "https://elearning.manicp.sch.id/__statics/gudangsoal/files/hack-free-spin-coin-master_GM406889139.pdf",
        "https://elearning.manicp.sch.id/__statics/gudangsoal/files/coin-master-generator-hack_GM406889139.pdf",
        "https://elearning.manicp.sch.id/__statics/gudangsoal/files/how-to-get-free-robux-without-human-verification-2021_GM431946152.pdf",
        "https://elearning.manicp.sch.id/__statics/gudangsoal/files/roblox-btools-cheat-tables_GM431946152.pdf",
        "https://elearning.manicp.sch.id/__statics/gudangsoal/files/minecraft-clipart-free_GM479516143.pdf",
        "https://elearning.manicp.sch.id/__statics/gudangsoal/files/free-roblox-hair-girl_GM431946152.pdf",
        "https://elearning.manicp.sch.id/__statics/gudangsoal/files/free-spins-and-coins-coin-master-2021-link_GM406889139.pdf",
        "https://elearning.manicp.sch.id/__statics/gudangsoal/files/coin-master-free-spins-no-generator_GM406889139.pdf",
        "https://elearning.manicp.sch.id/__statics/gudangsoal/files/free-robux-ad_GM431946152.pdf",
        "https://elearning.manicp.sch.id/__statics/gudangsoal/files/free-robux-on-phone_GM431946152.pdf",
        "https://elearning.manicp.sch.id/__statics/gudangsoal/files/free-game-pack-with-google-play-coin-master_GM406889139.pdf",
        "https://elearning.manicp.sch.id/__statics/gudangsoal/files/80-free-spins-coin-master_GM406889139.pdf"
    ],
    "regex_uris": [
        "https://netcdn.tw/app/431946152/robux-free-pastebin.com-game-hack",
        "https://netcdn.tw/app/431946152/robux-free-pastebin.com-game-hack",
        "https://elearning.manicp.sch.id/__statics/gudangsoal/files/coin-master-free-spins-link-today-blogspot_GM406889139.pdf",
        "https://elearning.manicp.sch.id/__statics/gudangsoal/files/coin-master-free-spins-link-2021-today_GM406889139.pdf",
        "https://elearning.manicp.sch.id/__statics/gudangsoal/files/xsos-hack-roblox_GM431946152.pdf",
        "https://elearning.manicp.sch.id/__statics/gudangsoal/files/free-spins-coin-master-2021_GM406889139.pdf",
        "https://elearning.manicp.sch.id/__statics/gudangsoal/files/how-to-get-minecraft-bedrock-edition-for-free_GM479516143.pdf",
        "https://elearning.manicp.sch.id/__statics/gudangsoal/files/free-minecraft-mods-for-xbox-one_GM479516143.pdf",
        "https://elearning.manicp.sch.id/__statics/gudangsoal/files/online-free-roblox-add-maker_GM431946152.pdf",
        "https://elearning.manicp.sch.id/__statics/gudangsoal/files/simplysarc_GM479516143.pdf",
        "https://elearning.manicp.sch.id/__statics/gudangsoal/files/hack-free-spin-coin-master_GM406889139.pdf",
        "https://elearning.manicp.sch.id/__statics/gudangsoal/files/coin-master-generator-hack_GM406889139.pdf",
        "https://elearning.manicp.sch.id/__statics/gudangsoal/files/how-to-get-free-robux-without-human-verification-2021_GM431946152.pdf",
        "https://elearning.manicp.sch.id/__statics/gudangsoal/files/roblox-btools-cheat-tables_GM431946152.pdf",
        "https://elearning.manicp.sch.id/__statics/gudangsoal/files/minecraft-clipart-free_GM479516143.pdf",
        "https://elearning.manicp.sch.id/__statics/gudangsoal/files/free-roblox-hair-girl_GM431946152.pdf",
        "https://elearning.manicp.sch.id/__statics/gudangsoal/files/free-spins-and-coins-coin-master-2021-link_GM406889139.pdf",
        "https://elearning.manicp.sch.id/__statics/gudangsoal/files/coin-master-free-spins-no-generator_GM406889139.pdf",
        "https://elearning.manicp.sch.id/__statics/gudangsoal/files/free-robux-ad_GM431946152.pdf",
        "https://elearning.manicp.sch.id/__statics/gudangsoal/files/free-robux-on-phone_GM431946152.pdf",
        "https://elearning.manicp.sch.id/__statics/gudangsoal/files/free-game-pack-with-google-play-coin-master_GM406889139.pdf",
        "https://elearning.manicp.sch.id/__statics/gudangsoal/files/80-free-spins-coin-master_GM406889139.pdf"
    ],
    "regex_urls": [
        "https",
        "https",
        "https",
        "https",
        "https",
        "https",
        "https",
        "https",
        "https",
        "https",
        "https",
        "https",
        "https",
        "https",
        "https",
        "https",
        "https",
        "https",
        "https",
        "https",
        "https",
        "https"
    ],
    "scripts": {
        "iframe": [],
        "urls": []
    },
    "static_properties": {
        "JBIG2Decode": "0",
        "XML_forms": "0",
        "acro_form": "0",
        "auto_action": "0",
        "colors": "0",
        "cross_reference_table": "1",
        "embedded_files": "0",
        "file_size": "51",
        "java_script": "0",
        "js": "0",
        "launch_action": "0",
        "object_end": "71",
        "object_start": "71",
        "object_streams": "0",
        "open_action": "0",
        "page_count": "4",
        "rich_media": "0",
        "start_cross_reference_table": "1",
        "stream_end": "10",
        "stream_start": "10",
        "trailer_dictionary": "1"
    },
    "yara_signatures": [
        "without_attachments",
        "without_images",
        "with_urls",
        "invalid_trailer_structure",
        "contentis_base64"
    ]
}