{
    "exif_signatures": {},
    "file_size": 646729,
    "pdfid_signatures": {},
    "pypdf_uris": [
        "https://lovig.co.za/XSRYdR1H?utm_term=chemical+bonding+chapter+notes+pdf++2020+word",
        "https://kaxejawajafu.weebly.com/uploads/1/3/4/7/134776484/307c201.pdf",
        "https://aiaciran.org/cache/fck_files/file/41313807634.pdf",
        "https://betedodokadez.weebly.com/uploads/1/3/4/8/134882186/ruvodak_zafodemalosogin.pdf",
        "https://sagesopam.weebly.com/uploads/1/4/1/4/141444942/78ac7edf5483.pdf",
        "https://zowomotoridaxa.weebly.com/uploads/1/3/1/4/131438570/zozujuriwuterad_tagutirus.pdf",
        "https://sadajaxedekabu.weebly.com/uploads/1/4/1/5/141513442/996e8b90a1d5d.pdf",
        "http://batiment-tunisie.com/userfiles/file/pejugejazovuf.pdf",
        "http://hanghot1vn.com/uploads/userfiles/file/xavowiponajoneti.pdf",
        "https://jv-cms.crazy-jessie.nl/uploads/files/33365296668.pdf",
        "https://www.hotelashray.in/kcfinder/upload/files/lugupiwuxepom.pdf",
        "https://wefizaxire.weebly.com/uploads/1/3/0/9/130969527/957345.pdf",
        "http://mdcegy.com/app/webroot/img/fck/file/11113187698.pdf",
        "https://givumiwiv.weebly.com/uploads/1/3/4/8/134879308/c6110.pdf",
        "https://zewerigavuj.weebly.com/uploads/1/3/2/6/132681779/xinidavolosafa.pdf",
        "https://tradingphrases.com/userfiles/files/39551146126.pdf",
        "http://fusheng-vietnam.vn/admin/webroot/upload/image/files/56554550168.pdf",
        "http://ambulatorioveterinariopisillibertozzi.eu/userfiles/files/dojive.pdf",
        "http://52fotki.ru/ckfinder/userfiles/files/90854191425.pdf",
        "https://intellitraders.com/upload/files/gusumatojodoxadofukipodid.pdf",
        "https://roribevewo.weebly.com/uploads/1/3/4/5/134502196/xaworirikitifu_rokovuru_zujojo_subodedoxi.pdf",
        "https://www.artikel238.nl/emmwebbit/resources/ckfinder/userfiles/files/wopasedijowis.pdf",
        "http://tinhdauvietnam.vn/upload/files/suwaxalajaxoluzunibuf.pdf",
        "https://fojozotewimoko.weebly.com/uploads/1/3/5/3/135324817/892d7b.pdf",
        "https://sexutenevasasi.weebly.com/uploads/1/3/4/3/134306733/263141fa0d.pdf",
        "http://kkagro.com/media/images/upload/file/45444000692.pdf",
        "https://tenadugal.weebly.com/uploads/1/3/2/7/132740541/demuzute_vugunof.pdf",
        "https://xovodozavaso.weebly.com/uploads/1/3/1/0/131069890/2247737.pdf",
        "https://zexenokupilifuw.weebly.com/uploads/1/3/4/3/134375928/famoruwebaxima.pdf"
    ],
    "regex_uris": [
        "https://lovig.co.za/XSRYdR1H?utm_term=chemical+bonding+chapter+notes+pdf++2020+word",
        "https://kaxejawajafu.weebly.com/uploads/1/3/4/7/134776484/307c201.pdf",
        "https://aiaciran.org/cache/fck_files/file/41313807634.pdf",
        "https://betedodokadez.weebly.com/uploads/1/3/4/8/134882186/ruvodak_zafodemalosogin.pdf",
        "https://sagesopam.weebly.com/uploads/1/4/1/4/141444942/78ac7edf5483.pdf",
        "https://zowomotoridaxa.weebly.com/uploads/1/3/1/4/131438570/zozujuriwuterad_tagutirus.pdf",
        "https://sadajaxedekabu.weebly.com/uploads/1/4/1/5/141513442/996e8b90a1d5d.pdf",
        "http://batiment-tunisie.com/userfiles/file/pejugejazovuf.pdf",
        "http://hanghot1vn.com/uploads/userfiles/file/xavowiponajoneti.pdf",
        "https://jv-cms.crazy-jessie.nl/uploads/files/33365296668.pdf",
        "https://www.hotelashray.in/kcfinder/upload/files/lugupiwuxepom.pdf",
        "https://wefizaxire.weebly.com/uploads/1/3/0/9/130969527/957345.pdf",
        "http://mdcegy.com/app/webroot/img/fck/file/11113187698.pdf",
        "https://givumiwiv.weebly.com/uploads/1/3/4/8/134879308/c6110.pdf",
        "https://zewerigavuj.weebly.com/uploads/1/3/2/6/132681779/xinidavolosafa.pdf",
        "https://tradingphrases.com/userfiles/files/39551146126.pdf",
        "http://fusheng-vietnam.vn/admin/webroot/upload/image/files/56554550168.pdf",
        "http://ambulatorioveterinariopisillibertozzi.eu/userfiles/files/dojive.pdf",
        "http://52fotki.ru/ckfinder/userfiles/files/90854191425.pdf",
        "https://intellitraders.com/upload/files/gusumatojodoxadofukipodid.pdf",
        "https://roribevewo.weebly.com/uploads/1/3/4/5/134502196/xaworirikitifu_rokovuru_zujojo_subodedoxi.pdf",
        "https://www.artikel238.nl/emmwebbit/resources/ckfinder/userfiles/files/wopasedijowis.pdf",
        "http://tinhdauvietnam.vn/upload/files/suwaxalajaxoluzunibuf.pdf",
        "https://fojozotewimoko.weebly.com/uploads/1/3/5/3/135324817/892d7b.pdf",
        "https://sexutenevasasi.weebly.com/uploads/1/3/4/3/134306733/263141fa0d.pdf",
        "http://kkagro.com/media/images/upload/file/45444000692.pdf",
        "https://tenadugal.weebly.com/uploads/1/3/2/7/132740541/demuzute_vugunof.pdf",
        "https://xovodozavaso.weebly.com/uploads/1/3/1/0/131069890/2247737.pdf",
        "https://zexenokupilifuw.weebly.com/uploads/1/3/4/3/134375928/famoruwebaxima.pdf"
    ],
    "regex_urls": [
        "https",
        "https",
        "https",
        "https",
        "https",
        "https",
        "https",
        "http://batiment-tunisie.com/userfiles/file/pejugejazovuf.pdf",
        "http://hanghot1vn.com/uploads/userfiles/file/xavowiponajoneti.pdf",
        "https",
        "https",
        "www.hotelashray.in/kcfinder/upload/files/lugupiwuxepom.pdf",
        "https",
        "http://mdcegy.com/app/webroot/img/fck/file/11113187698.pdf",
        "https",
        "https",
        "https",
        "http://fusheng-vietnam.vn/admin/webroot/upload/image/files/56554550168.pdf",
        "http://ambulatorioveterinariopisillibertozzi.eu/userfiles/files/dojive.pdf",
        "http://52fotki.ru/ckfinder/userfiles/files/90854191425.pdf",
        "https",
        "https",
        "https",
        "www.artikel238.nl/emmwebbit/resources/ckfinder/userfiles/files/wopasedijowis.pdf",
        "http://tinhdauvietnam.vn/upload/files/suwaxalajaxoluzunibuf.pdf",
        "https",
        "https",
        "http://kkagro.com/media/images/upload/file/45444000692.pdf",
        "https",
        "https",
        "https",
        "http://www.w3.org/1999/02/22-rdf-syntax-ns#",
        "http://purl.org/dc/elements/1.1/",
        "http://ns.adobe.com/pdf/1.3/",
        "http://ns.adobe.com/xap/1.0/",
        "http://ns.adobe.com/xap/1.0/mm/",
        "http://ns.adobe.com/xap/1.0/rights/"
    ],
    "scripts": {
        "iframe": [],
        "urls": []
    },
    "static_properties": {
        "JBIG2Decode": "0",
        "XML_forms": "0",
        "acro_form": "0",
        "auto_action": "1",
        "colors": "0",
        "cross_reference_table": "2",
        "embedded_files": "0",
        "file_size": "647",
        "java_script": "0",
        "js": "0",
        "launch_action": "0",
        "object_end": "97",
        "object_start": "97",
        "object_streams": "0",
        "open_action": "0",
        "page_count": "5",
        "rich_media": "0",
        "start_cross_reference_table": "2",
        "stream_end": "22",
        "stream_start": "22",
        "trailer_dictionary": "2"
    },
    "yara_signatures": []
}