{
    "exif_signatures": {},
    "file_size": 36362,
    "pdfid_signatures": {},
    "pypdf_uris": [
        "http://netcdn.tw/app/406889139/coin-master-free-spin-app-reviews-game-hack",
        "http://netcdn.tw/app/406889139/coin-master-free-spin-app-reviews-game-hack",
        "https://elearning.manposo.sch.id/__statics/gudangsoal/files/clients-minecraft_GM479516143.pdf",
        "https://elearning.manposo.sch.id/__statics/gudangsoal/files/tower-of-hell-roblox-hack_GM431946152.pdf",
        "https://elearning.manposo.sch.id/__statics/gudangsoal/files/moonactive-free-spins-link_GM406889139.pdf",
        "https://elearning.manposo.sch.id/__statics/gudangsoal/files/coin-master-spins-hack_GM406889139.pdf",
        "https://elearning.manposo.sch.id/__statics/gudangsoal/files/minecraft-pocket-edition-free_GM479516143.pdf",
        "https://elearning.manposo.sch.id/__statics/gudangsoal/files/coin-master-heaven-links_GM406889139.pdf",
        "https://elearning.manposo.sch.id/__statics/gudangsoal/files/how-to-hack-a-roblox-account-password-2021_GM431946152.pdf",
        "https://elearning.manposo.sch.id/__statics/gudangsoal/files/free-flow-id-roblox-fortnite_GM431946152.pdf",
        "https://elearning.manposo.sch.id/__statics/gudangsoal/files/how-to-hack-an-roblox-account-2021-youtube_GM431946152.pdf",
        "https://elearning.manposo.sch.id/__statics/gudangsoal/files/free-robux-mobile_GM431946152.pdf",
        "https://elearning.manposo.sch.id/__statics/gudangsoal/files/how-to-get-free-rep-on-roblox-got-talent_GM431946152.pdf",
        "https://elearning.manposo.sch.id/__statics/gudangsoal/files/earn-robux-sites_GM431946152.pdf",
        "https://elearning.manposo.sch.id/__statics/gudangsoal/files/roblox-girl_GM431946152.pdf",
        "https://elearning.manposo.sch.id/__statics/gudangsoal/files/free-robux-gift-card-generator_GM431946152.pdf",
        "https://elearning.manposo.sch.id/__statics/gudangsoal/files/how-to-get-free-minecraft-skins_GM479516143.pdf",
        "https://elearning.manposo.sch.id/__statics/gudangsoal/files/free-robux-no-verify-2021_GM431946152.pdf",
        "https://elearning.manposo.sch.id/__statics/gudangsoal/files/robux-in_GM431946152.pdf",
        "https://elearning.manposo.sch.id/__statics/gudangsoal/files/coin-master-daily-free-spins-and-coins_GM406889139.pdf",
        "https://elearning.manposo.sch.id/__statics/gudangsoal/files/how-to-get-catalog-items-for-free-in-roblox_GM431946152.pdf",
        "https://elearning.manposo.sch.id/__statics/gudangsoal/files/how-to-get-robux-in-roblox-cheat_GM431946152.pdf"
    ],
    "regex_uris": [
        "http://netcdn.tw/app/406889139/coin-master-free-spin-app-reviews-game-hack",
        "http://netcdn.tw/app/406889139/coin-master-free-spin-app-reviews-game-hack",
        "https://elearning.manposo.sch.id/__statics/gudangsoal/files/clients-minecraft_GM479516143.pdf",
        "https://elearning.manposo.sch.id/__statics/gudangsoal/files/tower-of-hell-roblox-hack_GM431946152.pdf",
        "https://elearning.manposo.sch.id/__statics/gudangsoal/files/moonactive-free-spins-link_GM406889139.pdf",
        "https://elearning.manposo.sch.id/__statics/gudangsoal/files/coin-master-spins-hack_GM406889139.pdf",
        "https://elearning.manposo.sch.id/__statics/gudangsoal/files/minecraft-pocket-edition-free_GM479516143.pdf",
        "https://elearning.manposo.sch.id/__statics/gudangsoal/files/coin-master-heaven-links_GM406889139.pdf",
        "https://elearning.manposo.sch.id/__statics/gudangsoal/files/how-to-hack-a-roblox-account-password-2021_GM431946152.pdf",
        "https://elearning.manposo.sch.id/__statics/gudangsoal/files/free-flow-id-roblox-fortnite_GM431946152.pdf",
        "https://elearning.manposo.sch.id/__statics/gudangsoal/files/how-to-hack-an-roblox-account-2021-youtube_GM431946152.pdf",
        "https://elearning.manposo.sch.id/__statics/gudangsoal/files/free-robux-mobile_GM431946152.pdf",
        "https://elearning.manposo.sch.id/__statics/gudangsoal/files/how-to-get-free-rep-on-roblox-got-talent_GM431946152.pdf",
        "https://elearning.manposo.sch.id/__statics/gudangsoal/files/earn-robux-sites_GM431946152.pdf",
        "https://elearning.manposo.sch.id/__statics/gudangsoal/files/roblox-girl_GM431946152.pdf",
        "https://elearning.manposo.sch.id/__statics/gudangsoal/files/free-robux-gift-card-generator_GM431946152.pdf",
        "https://elearning.manposo.sch.id/__statics/gudangsoal/files/how-to-get-free-minecraft-skins_GM479516143.pdf",
        "https://elearning.manposo.sch.id/__statics/gudangsoal/files/free-robux-no-verify-2021_GM431946152.pdf",
        "https://elearning.manposo.sch.id/__statics/gudangsoal/files/robux-in_GM431946152.pdf",
        "https://elearning.manposo.sch.id/__statics/gudangsoal/files/coin-master-daily-free-spins-and-coins_GM406889139.pdf",
        "https://elearning.manposo.sch.id/__statics/gudangsoal/files/how-to-get-catalog-items-for-free-in-roblox_GM431946152.pdf",
        "https://elearning.manposo.sch.id/__statics/gudangsoal/files/how-to-get-robux-in-roblox-cheat_GM431946152.pdf"
    ],
    "regex_urls": [
        "http://netcdn.tw/app/406889139/coin-master-free-spin-app-reviews-game-hack",
        "http://netcdn.tw/app/406889139/coin-master-free-spin-app-reviews-game-hack",
        "https",
        "https",
        "https",
        "https",
        "https",
        "https",
        "https",
        "https",
        "https",
        "https",
        "https",
        "https",
        "https",
        "https",
        "https",
        "https",
        "https",
        "https",
        "https",
        "https"
    ],
    "scripts": {
        "iframe": [],
        "urls": []
    },
    "static_properties": {
        "JBIG2Decode": "0",
        "XML_forms": "0",
        "acro_form": "0",
        "auto_action": "0",
        "colors": "0",
        "cross_reference_table": "1",
        "embedded_files": "0",
        "file_size": "36",
        "java_script": "0",
        "js": "0",
        "launch_action": "0",
        "object_end": "55",
        "object_start": "55",
        "object_streams": "0",
        "open_action": "0",
        "page_count": "2",
        "rich_media": "0",
        "start_cross_reference_table": "1",
        "stream_end": "6",
        "stream_start": "6",
        "trailer_dictionary": "1"
    },
    "yara_signatures": [
        "without_attachments",
        "without_images",
        "with_urls",
        "invalid_trailer_structure",
        "contentis_base64"
    ]
}