{
    "exif_signatures": {},
    "file_size": 95276,
    "pdfid_signatures": {},
    "pypdf_uris": [
        "http://getpdf.pw/book?res=123&isbn=9781101936511&kwd=Warriors%20:%20A%20Nonfiction%20Companion%20to%20Magic%20Tree%20House%20#31:%20Warriors%20in%20Winter",
        "http://getpdf.pw/book?res=123&isbn=9781101936511&kwd=Warriors%20:%20A%20Nonfiction%20Companion%20to%20Magic%20Tree%20House%20#31:%20Warriors%20in%20Winter",
        "https://static.s123-cdn-static-d.com/uploads/4661213/normal_61afb66336553.pdf",
        "https://cdn-cms.f-static.net/uploads/4661671/normal_61afbed75437a.pdf"
    ],
    "regex_uris": [
        "http://getpdf.pw/book?res=123&isbn=9781101936511&kwd=Warriors%20:%20A%20Nonfiction%20Companion%20to%20Magic%20Tree%20House%20#31:%20Warriors%20in%20Winter",
        "http://getpdf.pw/book?res=123&isbn=9781101936511&kwd=Warriors%20:%20A%20Nonfiction%20Companion%20to%20Magic%20Tree%20House%20#31:%20Warriors%20in%20Winter",
        "https://static.s123-cdn-static-d.com/uploads/4661213/normal_61afb66336553.pdf",
        "https://cdn-cms.f-static.net/uploads/4661671/normal_61afbed75437a.pdf"
    ],
    "regex_urls": [
        "http://getpdf.pw/book?res=123",
        "http://getpdf.pw/book?res=123",
        "https",
        "https"
    ],
    "scripts": {
        "iframe": [],
        "urls": []
    },
    "static_properties": {
        "JBIG2Decode": "0",
        "XML_forms": "0",
        "acro_form": "0",
        "auto_action": "0",
        "colors": "0",
        "cross_reference_table": "1",
        "embedded_files": "0",
        "file_size": "95",
        "java_script": "0",
        "js": "0",
        "launch_action": "0",
        "object_end": "62",
        "object_start": "62",
        "object_streams": "0",
        "open_action": "0",
        "page_count": "5",
        "rich_media": "0",
        "start_cross_reference_table": "1",
        "stream_end": "12",
        "stream_start": "12",
        "trailer_dictionary": "1"
    },
    "yara_signatures": [
        "without_attachments",
        "without_images",
        "with_urls",
        "invalid_trailer_structure",
        "contentis_base64"
    ]
}