{
    "exif_signatures": {},
    "file_size": 177058,
    "pdfid_signatures": {},
    "pypdf_uris": [
        "http://tds.advtraff2014.ru/wp1?sub_id_1=%D1%81%D0%BA%D0%B0%D1%87%D0%B0%D1%82%D1%8C+%D0%BC%D1%83%D0%B7%D1%8B%D0%BA%D1%83+%D0%BB%D0%B5%D0%BD%D0%B0+%D1%82%D0%B5%D0%BC%D0%BD%D0%B8%D0%BA%D0%BE%D0%B2%D0%B0+%D0%BD%D0%B0%D1%82%D0%B0%D0%BD+%D0%BD%D0%B0%D0%B2%D0%B5%D1%80%D0%BD%D0%BE"
    ],
    "regex_uris": [
        "http://tds.advtraff2014.ru/wp1?sub_id_1=%D1%81%D0%BA%D0%B0%D1%87%D0%B0%D1%82%D1%8C+%D0%BC%D1%83%D0%B7%D1%8B%D0%BA%D1%83+%D0%BB%D0%B5%D0%BD%D0%B0+%D1%82%D0%B5%D0%BC%D0%BD%D0%B8%D0%BA%D0%BE%D0%B2%D0%B0+%D0%BD%D0%B0%D1%82%D0%B0%D0%BD+%D0%BD%D0%B0%D0%B2%D0%B5%D1%80%D0%BD%D0%BE"
    ],
    "regex_urls": [
        "http://tds.advtraff2014.ru/wp1?sub_id_1=%D1%81%D0%BA%D0%B0%D1%87%D0%B0%D1%82%D1%8C+%D0%BC%D1%83%D0%B7%D1%8B%D0%BA%D1%83+%D0%BB%D0%B5%D0%BD%D0%B0+%D1%82%D0%B5%D0%BC%D0%BD%D0%B8%D0%BA%D0%BE%D0%B2%D0%B0+%D0%BD%D0%B0%D1%82%D0%B0%D0%BD+%D0%BD%D0%B0%D0%B2%D0%B5%D1%80%D0%BD%D0%BE"
    ],
    "scripts": {
        "iframe": [],
        "urls": []
    },
    "static_properties": {
        "JBIG2Decode": "0",
        "XML_forms": "0",
        "acro_form": "0",
        "auto_action": "0",
        "colors": "0",
        "cross_reference_table": "1",
        "embedded_files": "0",
        "file_size": "177",
        "java_script": "0",
        "js": "0",
        "launch_action": "0",
        "object_end": "43",
        "object_start": "43",
        "object_streams": "0",
        "open_action": "0",
        "page_count": "3",
        "rich_media": "0",
        "start_cross_reference_table": "1",
        "stream_end": "10",
        "stream_start": "10",
        "trailer_dictionary": "1"
    },
    "yara_signatures": [
        "without_attachments",
        "without_images",
        "with_urls",
        "invalid_trailer_structure",
        "contentis_base64"
    ]
}