{
    "exif_signatures": {},
    "file_size": 34687,
    "pdfid_signatures": {},
    "pypdf_uris": [
        "http://netcdn.co/app/431946152/hacks-for-roblox-the-purge-game-hack",
        "http://netcdn.co/app/431946152/hacks-for-roblox-the-purge-game-hack",
        "https://library.fdk.ac.id/repository/coin-master-app-free-download_GM406889139.pdf",
        "https://library.fdk.ac.id/repository/roblox-hack_GM431946152.pdf",
        "https://library.fdk.ac.id/repository/copy-paste-bin-1million-free-robux-script_GM431946152.pdf",
        "https://library.fdk.ac.id/repository/final-stand-hack-roblox_GM431946152.pdf",
        "https://library.fdk.ac.id/repository/how-to-get-free-tiktok-followers-without-human-verification_GM835599320.pdf",
        "https://library.fdk.ac.id/repository/coin-master-hack-spins-2021_GM406889139.pdf",
        "https://library.fdk.ac.id/repository/minecraft-windows-10-edition-free_GM479516143.pdf",
        "https://library.fdk.ac.id/repository/free-robux-com_GM431946152.pdf",
        "https://library.fdk.ac.id/repository/lua-c-free-camera-roblox_GM431946152.pdf",
        "https://library.fdk.ac.id/repository/hackaron-com-roblox_GM431946152.pdf",
        "https://library.fdk.ac.id/repository/free-roblox-toy-codes-not-used_GM431946152.pdf",
        "https://library.fdk.ac.id/repository/redeem-roblox-card-generator-free_GM431946152.pdf",
        "https://library.fdk.ac.id/repository/coin-master-free-cards-link-2021_GM406889139.pdf",
        "https://library.fdk.ac.id/repository/cmaster-club-coin-master-hack-tool_GM406889139.pdf",
        "https://library.fdk.ac.id/repository/static-moonactive-net_GM406889139.pdf",
        "https://library.fdk.ac.id/repository/free-robux-giveaway-stream_GM431946152.pdf",
        "https://library.fdk.ac.id/repository/free-game-pass-on-roblox_GM431946152.pdf",
        "https://library.fdk.ac.id/repository/hack-de-roblox-robux-2021_GM431946152.pdf",
        "https://library.fdk.ac.id/repository/how-to-get-rocket-fuel-for-free-roblox-jailbreak_GM431946152.pdf",
        "https://library.fdk.ac.id/repository/roblox-royale-high-outfit-hacks_GM431946152.pdf"
    ],
    "regex_uris": [
        "http://netcdn.co/app/431946152/hacks-for-roblox-the-purge-game-hack",
        "http://netcdn.co/app/431946152/hacks-for-roblox-the-purge-game-hack",
        "https://library.fdk.ac.id/repository/coin-master-app-free-download_GM406889139.pdf",
        "https://library.fdk.ac.id/repository/roblox-hack_GM431946152.pdf",
        "https://library.fdk.ac.id/repository/copy-paste-bin-1million-free-robux-script_GM431946152.pdf",
        "https://library.fdk.ac.id/repository/final-stand-hack-roblox_GM431946152.pdf",
        "https://library.fdk.ac.id/repository/how-to-get-free-tiktok-followers-without-human-verification_GM835599320.pdf",
        "https://library.fdk.ac.id/repository/coin-master-hack-spins-2021_GM406889139.pdf",
        "https://library.fdk.ac.id/repository/minecraft-windows-10-edition-free_GM479516143.pdf",
        "https://library.fdk.ac.id/repository/free-robux-com_GM431946152.pdf",
        "https://library.fdk.ac.id/repository/lua-c-free-camera-roblox_GM431946152.pdf",
        "https://library.fdk.ac.id/repository/hackaron-com-roblox_GM431946152.pdf",
        "https://library.fdk.ac.id/repository/free-roblox-toy-codes-not-used_GM431946152.pdf",
        "https://library.fdk.ac.id/repository/redeem-roblox-card-generator-free_GM431946152.pdf",
        "https://library.fdk.ac.id/repository/coin-master-free-cards-link-2021_GM406889139.pdf",
        "https://library.fdk.ac.id/repository/cmaster-club-coin-master-hack-tool_GM406889139.pdf",
        "https://library.fdk.ac.id/repository/static-moonactive-net_GM406889139.pdf",
        "https://library.fdk.ac.id/repository/free-robux-giveaway-stream_GM431946152.pdf",
        "https://library.fdk.ac.id/repository/free-game-pass-on-roblox_GM431946152.pdf",
        "https://library.fdk.ac.id/repository/hack-de-roblox-robux-2021_GM431946152.pdf",
        "https://library.fdk.ac.id/repository/how-to-get-rocket-fuel-for-free-roblox-jailbreak_GM431946152.pdf",
        "https://library.fdk.ac.id/repository/roblox-royale-high-outfit-hacks_GM431946152.pdf"
    ],
    "regex_urls": [
        "http://netcdn.co/app/431946152/hacks-for-roblox-the-purge-game-hack",
        "http://netcdn.co/app/431946152/hacks-for-roblox-the-purge-game-hack",
        "https",
        "https",
        "https",
        "https",
        "https",
        "https",
        "https",
        "https",
        "https",
        "https",
        "https",
        "https",
        "https",
        "https",
        "https",
        "https",
        "https",
        "https",
        "https",
        "https"
    ],
    "scripts": {
        "iframe": [],
        "urls": []
    },
    "static_properties": {
        "JBIG2Decode": "0",
        "XML_forms": "0",
        "acro_form": "0",
        "auto_action": "0",
        "colors": "0",
        "cross_reference_table": "1",
        "embedded_files": "0",
        "file_size": "35",
        "java_script": "0",
        "js": "0",
        "launch_action": "0",
        "object_end": "55",
        "object_start": "55",
        "object_streams": "0",
        "open_action": "0",
        "page_count": "2",
        "rich_media": "0",
        "start_cross_reference_table": "1",
        "stream_end": "6",
        "stream_start": "7",
        "trailer_dictionary": "1"
    },
    "yara_signatures": [
        "without_attachments",
        "without_images",
        "with_urls",
        "invalid_trailer_structure",
        "contentis_base64"
    ]
}