{
    "exif_signatures": {},
    "file_size": 212813,
    "pdfid_signatures": {},
    "pypdf_uris": [
        "http://tds.advtraff2014.ru/wp1?keyword=%D0%B5%D0%B3%D1%8D+%D0%B1%D0%B0%D0%B7%D0%BE%D0%B2%D1%8B%D0%B9+%D1%83%D1%80%D0%BE%D0%B2%D0%B5%D0%BD%D1%8C+2015+%D0%B3.%D0%B2",
        "https://hahudalaguwikohedoli.files.wordpress.com/2018/04/dukajepemobukuk-rabochaia-tetrad-po-russkomu-iazyku-3-klimanova-babushkina-otvety-2-zivixotogi.pdf",
        "https://quhegasim.files.wordpress.com/2018/04/bajuj-gdz-po-angliiskomu-iazyku-8-klass-afanaseva-uchebnik-s-perevodom-tekstov-xezakoregam.pdf",
        "https://tumaqusecime.files.wordpress.com/2018/04/rovizokusagofan-iuridicheskie-universitety-v-moskve-bez-ege-tadimopemitux.pdf",
        "https://gupidesu.files.wordpress.com/2018/04/xesufoge-fipi-iashchenko-ege-2017-matematika-baza-30-variantov-otvety-s-resheniem-selinukav.pdf",
        "https://qaboporap.files.wordpress.com/2018/04/kefogafenuvaba-zadanie-15-iz-ege-po-matematike-2016-jefurilane.pdf",
        "https://ritibugesaf.files.wordpress.com/2018/04/xovuj-gdz-po-matematike-1-klass-vinogradova-3-chast-rabochaia-tetrad-otvety-wowufuja.pdf",
        "https://peqawomesosew.files.wordpress.com/2018/04/muxelipus-istoriia-otechestva-podgotovka-k-ege-kamek.pdf",
        "https://wehivepadaja.files.wordpress.com/2018/04/tasurufepojap-gdz-po-algebre-i-nachala-matematicheskogo-analiza-10-11-klass-alimov-suzesaxifa.pdf",
        "https://mikuxidalusoq.files.wordpress.com/2018/04/soxumezu-gdz-po-angl-za-4-klass-uchebnik-zumotalume.pdf",
        "https://helujesifupuli.files.wordpress.com/2018/04/zosur-russkii-iazyk-3-klass-buneev-buneeva-pronina-2-chast-reshebnik-gdz-libipuwifowa.pdf",
        "https://morehequbuseluju.files.wordpress.com/2018/04/demerosiwosi-gdz-khimiia-9-klass-gabrielian-o-s-2013-goda-sigoworalujon.pdf",
        "https://rubepiso.files.wordpress.com/2018/04/negarosuf-gdz-po-geografii-tetrad-ekzamenator-6-klass-xumakuweredidiw.pdf",
        "https://vefaqunevagulo.files.wordpress.com/2018/04/medil-matika-6-klass-reshebnik-puzerabiwuzaxow.pdf",
        "https://figakefig.files.wordpress.com/2018/04/bulizerazi-reshebnik-po-angliiskomu-iazyku-6-klass-biboletova-uchebnik-tuxevolenofo.pdf",
        "https://vituhehajuqikevomoki.files.wordpress.com/2018/04/sigofuliru-gdz-po-algebre-9-klass-dorofeev-suvorova-bunimovich-kuznetsova-minaeva-2014-wunozapixato.pdf",
        "https://diporefavuv.files.wordpress.com/2018/04/gamumowon-gdz-po-angliiskomu-iazyku-5-klass-grammatika-barashkova-1-chast-otvety-jojizuzado.pdf",
        "https://muvunesijej.files.wordpress.com/2018/04/pipulogubipe-bally-po-russkomu-iazyku-ege-2017-kak-schitat-po-zadaniiam-zuxikevogon.pdf",
        "https://wibuqepecuxeg.files.wordpress.com/2018/04/kozexov-matematika-ege-2017-profilnyi-uroven-zadaniia-varianty-i-reshenie-wogid.pdf",
        "https://tiseqegiqomepulun.files.wordpress.com/2018/04/lupede-ege-po-literature-2018-literatura-spisok-proizvedenii-zewolitiv.pdf",
        "https://pukifadojihux.files.wordpress.com/2018/04/jemuxisazavuse-fipi-ege-2017-angliiskii-iazyk-ustnaia-chast-otvety-fusiwojixig.pdf"
    ],
    "regex_uris": [
        "http://tds.advtraff2014.ru/wp1?keyword=%D0%B5%D0%B3%D1%8D+%D0%B1%D0%B0%D0%B7%D0%BE%D0%B2%D1%8B%D0%B9+%D1%83%D1%80%D0%BE%D0%B2%D0%B5%D0%BD%D1%8C+2015+%D0%B3.%D0%B2",
        "https://hahudalaguwikohedoli.files.wordpress.com/2018/04/dukajepemobukuk-rabochaia-tetrad-po-russkomu-iazyku-3-klimanova-babushkina-otvety-2-zivixotogi.pdf",
        "https://quhegasim.files.wordpress.com/2018/04/bajuj-gdz-po-angliiskomu-iazyku-8-klass-afanaseva-uchebnik-s-perevodom-tekstov-xezakoregam.pdf",
        "https://tumaqusecime.files.wordpress.com/2018/04/rovizokusagofan-iuridicheskie-universitety-v-moskve-bez-ege-tadimopemitux.pdf",
        "https://gupidesu.files.wordpress.com/2018/04/xesufoge-fipi-iashchenko-ege-2017-matematika-baza-30-variantov-otvety-s-resheniem-selinukav.pdf",
        "https://qaboporap.files.wordpress.com/2018/04/kefogafenuvaba-zadanie-15-iz-ege-po-matematike-2016-jefurilane.pdf",
        "https://ritibugesaf.files.wordpress.com/2018/04/xovuj-gdz-po-matematike-1-klass-vinogradova-3-chast-rabochaia-tetrad-otvety-wowufuja.pdf",
        "https://peqawomesosew.files.wordpress.com/2018/04/muxelipus-istoriia-otechestva-podgotovka-k-ege-kamek.pdf",
        "https://wehivepadaja.files.wordpress.com/2018/04/tasurufepojap-gdz-po-algebre-i-nachala-matematicheskogo-analiza-10-11-klass-alimov-suzesaxifa.pdf",
        "https://mikuxidalusoq.files.wordpress.com/2018/04/soxumezu-gdz-po-angl-za-4-klass-uchebnik-zumotalume.pdf",
        "https://helujesifupuli.files.wordpress.com/2018/04/zosur-russkii-iazyk-3-klass-buneev-buneeva-pronina-2-chast-reshebnik-gdz-libipuwifowa.pdf",
        "https://morehequbuseluju.files.wordpress.com/2018/04/demerosiwosi-gdz-khimiia-9-klass-gabrielian-o-s-2013-goda-sigoworalujon.pdf",
        "https://rubepiso.files.wordpress.com/2018/04/negarosuf-gdz-po-geografii-tetrad-ekzamenator-6-klass-xumakuweredidiw.pdf",
        "https://vefaqunevagulo.files.wordpress.com/2018/04/medil-matika-6-klass-reshebnik-puzerabiwuzaxow.pdf",
        "https://figakefig.files.wordpress.com/2018/04/bulizerazi-reshebnik-po-angliiskomu-iazyku-6-klass-biboletova-uchebnik-tuxevolenofo.pdf",
        "https://vituhehajuqikevomoki.files.wordpress.com/2018/04/sigofuliru-gdz-po-algebre-9-klass-dorofeev-suvorova-bunimovich-kuznetsova-minaeva-2014-wunozapixato.pdf",
        "https://diporefavuv.files.wordpress.com/2018/04/gamumowon-gdz-po-angliiskomu-iazyku-5-klass-grammatika-barashkova-1-chast-otvety-jojizuzado.pdf",
        "https://muvunesijej.files.wordpress.com/2018/04/pipulogubipe-bally-po-russkomu-iazyku-ege-2017-kak-schitat-po-zadaniiam-zuxikevogon.pdf",
        "https://wibuqepecuxeg.files.wordpress.com/2018/04/kozexov-matematika-ege-2017-profilnyi-uroven-zadaniia-varianty-i-reshenie-wogid.pdf",
        "https://tiseqegiqomepulun.files.wordpress.com/2018/04/lupede-ege-po-literature-2018-literatura-spisok-proizvedenii-zewolitiv.pdf",
        "https://pukifadojihux.files.wordpress.com/2018/04/jemuxisazavuse-fipi-ege-2017-angliiskii-iazyk-ustnaia-chast-otvety-fusiwojixig.pdf"
    ],
    "regex_urls": [
        "http://tds.advtraff2014.ru/wp1?keyword=%D0%B5%D0%B3%D1%8D+%D0%B1%D0%B0%D0%B7%D0%BE%D0%B2%D1%8B%D0%B9+%D1%83%D1%80%D0%BE%D0%B2%D0%B5%D0%BD%D1%8C+2015+%D0%B3.%D0%B2",
        "https",
        "https",
        "https",
        "https",
        "https",
        "https",
        "https",
        "https",
        "https",
        "https",
        "https",
        "https",
        "https",
        "https",
        "https",
        "https",
        "https",
        "https",
        "https",
        "https"
    ],
    "scripts": {
        "iframe": [],
        "urls": []
    },
    "static_properties": {
        "JBIG2Decode": "0",
        "XML_forms": "0",
        "acro_form": "0",
        "auto_action": "0",
        "colors": "0",
        "cross_reference_table": "1",
        "embedded_files": "0",
        "file_size": "213",
        "java_script": "0",
        "js": "0",
        "launch_action": "0",
        "object_end": "68",
        "object_start": "68",
        "object_streams": "0",
        "open_action": "0",
        "page_count": "4",
        "rich_media": "0",
        "start_cross_reference_table": "1",
        "stream_end": "11",
        "stream_start": "11",
        "trailer_dictionary": "1"
    },
    "yara_signatures": [
        "without_attachments",
        "without_images",
        "with_urls",
        "invalid_trailer_structure",
        "contentis_base64"
    ]
}