{
    "exif_signatures": {},
    "file_size": 35397,
    "pdfid_signatures": {},
    "pypdf_uris": [
        "http://netcdn.tw/app/835599320/how-to-get-free-tiktok-fans-game-hack",
        "http://netcdn.tw/app/835599320/how-to-get-free-tiktok-fans-game-hack",
        "http://lib.smklabor.sch.id/repository/free-girl-hair-promo-code-roblox_GM431946152.pdf",
        "http://lib.smklabor.sch.id/repository/roblox-frees-tag_GM431946152.pdf",
        "http://lib.smklabor.sch.id/repository/free-coins-and-spins-in-coin-master_GM406889139.pdf",
        "http://lib.smklabor.sch.id/repository/coin-master-free-foxy-food_GM406889139.pdf",
        "http://lib.smklabor.sch.id/repository/unpatched-cheat-engine-roblox_GM431946152.pdf",
        "http://lib.smklabor.sch.id/repository/coin-master-free-spins-2021-blogspot_GM406889139.pdf",
        "http://lib.smklabor.sch.id/repository/op-rewards-free-robux_GM431946152.pdf",
        "http://lib.smklabor.sch.id/repository/how-to-get-free-robux-unpatchable_GM431946152.pdf",
        "http://lib.smklabor.sch.id/repository/robux-hacks-inspect-way_GM431946152.pdf",
        "http://lib.smklabor.sch.id/repository/free-robux-by-just-joining-game_GM431946152.pdf",
        "http://lib.smklabor.sch.id/repository/t-shirt-roblox-free-shipping_GM431946152.pdf",
        "http://lib.smklabor.sch.id/repository/coin-master-hack-no-human-verification-2021_GM406889139.pdf",
        "http://lib.smklabor.sch.id/repository/coin-master-sound-daily-free-spins-link-today_GM406889139.pdf",
        "http://lib.smklabor.sch.id/repository/free-spins-coin-master-2021-glitch_GM406889139.pdf",
        "http://lib.smklabor.sch.id/repository/roblox-how-to-equip-your-free-wings_GM431946152.pdf",
        "http://lib.smklabor.sch.id/repository/hack-coin-master-without-human-verification_GM406889139.pdf",
        "http://lib.smklabor.sch.id/repository/get-roblox-items-free-working-2021_GM431946152.pdf",
        "http://lib.smklabor.sch.id/repository/cheat-pour-phantom-force-roblox-2021_GM431946152.pdf",
        "http://lib.smklabor.sch.id/repository/free-roblox-clothes-codes_GM431946152.pdf",
        "http://lib.smklabor.sch.id/repository/robux-free-gift_GM431946152.pdf"
    ],
    "regex_uris": [
        "http://netcdn.tw/app/835599320/how-to-get-free-tiktok-fans-game-hack",
        "http://netcdn.tw/app/835599320/how-to-get-free-tiktok-fans-game-hack",
        "http://lib.smklabor.sch.id/repository/free-girl-hair-promo-code-roblox_GM431946152.pdf",
        "http://lib.smklabor.sch.id/repository/roblox-frees-tag_GM431946152.pdf",
        "http://lib.smklabor.sch.id/repository/free-coins-and-spins-in-coin-master_GM406889139.pdf",
        "http://lib.smklabor.sch.id/repository/coin-master-free-foxy-food_GM406889139.pdf",
        "http://lib.smklabor.sch.id/repository/unpatched-cheat-engine-roblox_GM431946152.pdf",
        "http://lib.smklabor.sch.id/repository/coin-master-free-spins-2021-blogspot_GM406889139.pdf",
        "http://lib.smklabor.sch.id/repository/op-rewards-free-robux_GM431946152.pdf",
        "http://lib.smklabor.sch.id/repository/how-to-get-free-robux-unpatchable_GM431946152.pdf",
        "http://lib.smklabor.sch.id/repository/robux-hacks-inspect-way_GM431946152.pdf",
        "http://lib.smklabor.sch.id/repository/free-robux-by-just-joining-game_GM431946152.pdf",
        "http://lib.smklabor.sch.id/repository/t-shirt-roblox-free-shipping_GM431946152.pdf",
        "http://lib.smklabor.sch.id/repository/coin-master-hack-no-human-verification-2021_GM406889139.pdf",
        "http://lib.smklabor.sch.id/repository/coin-master-sound-daily-free-spins-link-today_GM406889139.pdf",
        "http://lib.smklabor.sch.id/repository/free-spins-coin-master-2021-glitch_GM406889139.pdf",
        "http://lib.smklabor.sch.id/repository/roblox-how-to-equip-your-free-wings_GM431946152.pdf",
        "http://lib.smklabor.sch.id/repository/hack-coin-master-without-human-verification_GM406889139.pdf",
        "http://lib.smklabor.sch.id/repository/get-roblox-items-free-working-2021_GM431946152.pdf",
        "http://lib.smklabor.sch.id/repository/cheat-pour-phantom-force-roblox-2021_GM431946152.pdf",
        "http://lib.smklabor.sch.id/repository/free-roblox-clothes-codes_GM431946152.pdf",
        "http://lib.smklabor.sch.id/repository/robux-free-gift_GM431946152.pdf"
    ],
    "regex_urls": [
        "http://netcdn.tw/app/835599320/how-to-get-free-tiktok-fans-game-hack",
        "http://netcdn.tw/app/835599320/how-to-get-free-tiktok-fans-game-hack",
        "http://lib.smklabor.sch.id/repository/free-girl-hair-promo-code-roblox_GM431946152.pdf",
        "http://lib.smklabor.sch.id/repository/roblox-frees-tag_GM431946152.pdf",
        "http://lib.smklabor.sch.id/repository/free-coins-and-spins-in-coin-master_GM406889139.pdf",
        "http://lib.smklabor.sch.id/repository/coin-master-free-foxy-food_GM406889139.pdf",
        "http://lib.smklabor.sch.id/repository/unpatched-cheat-engine-roblox_GM431946152.pdf",
        "http://lib.smklabor.sch.id/repository/coin-master-free-spins-2021-blogspot_GM406889139.pdf",
        "http://lib.smklabor.sch.id/repository/op-rewards-free-robux_GM431946152.pdf",
        "http://lib.smklabor.sch.id/repository/how-to-get-free-robux-unpatchable_GM431946152.pdf",
        "http://lib.smklabor.sch.id/repository/robux-hacks-inspect-way_GM431946152.pdf",
        "http://lib.smklabor.sch.id/repository/free-robux-by-just-joining-game_GM431946152.pdf",
        "http://lib.smklabor.sch.id/repository/t-shirt-roblox-free-shipping_GM431946152.pdf",
        "http://lib.smklabor.sch.id/repository/coin-master-hack-no-human-verification-2021_GM406889139.pdf",
        "http://lib.smklabor.sch.id/repository/coin-master-sound-daily-free-spins-link-today_GM406889139.pdf",
        "http://lib.smklabor.sch.id/repository/free-spins-coin-master-2021-glitch_GM406889139.pdf",
        "http://lib.smklabor.sch.id/repository/roblox-how-to-equip-your-free-wings_GM431946152.pdf",
        "http://lib.smklabor.sch.id/repository/hack-coin-master-without-human-verification_GM406889139.pdf",
        "http://lib.smklabor.sch.id/repository/get-roblox-items-free-working-2021_GM431946152.pdf",
        "http://lib.smklabor.sch.id/repository/cheat-pour-phantom-force-roblox-2021_GM431946152.pdf",
        "http://lib.smklabor.sch.id/repository/free-roblox-clothes-codes_GM431946152.pdf",
        "http://lib.smklabor.sch.id/repository/robux-free-gift_GM431946152.pdf"
    ],
    "scripts": {
        "iframe": [],
        "urls": []
    },
    "static_properties": {
        "JBIG2Decode": "0",
        "XML_forms": "0",
        "acro_form": "0",
        "auto_action": "0",
        "colors": "0",
        "cross_reference_table": "1",
        "embedded_files": "0",
        "file_size": "35",
        "java_script": "0",
        "js": "0",
        "launch_action": "0",
        "object_end": "55",
        "object_start": "55",
        "object_streams": "0",
        "open_action": "0",
        "page_count": "2",
        "rich_media": "0",
        "start_cross_reference_table": "1",
        "stream_end": "6",
        "stream_start": "6",
        "trailer_dictionary": "1"
    },
    "yara_signatures": [
        "without_attachments",
        "without_images",
        "with_urls",
        "invalid_trailer_structure",
        "contentis_base64"
    ]
}