{
    "exif_signatures": {},
    "file_size": 96363,
    "pdfid_signatures": {},
    "pypdf_uris": [
        "http://getpdf.pw/book?res=123&isbn=9781296980146&kwd=The%20French%20Cook,%20Or,%20the%20Art%20of%20Cookery%20:%20Developed%20in%20All%20Its%20Branches",
        "http://getpdf.pw/book?res=123&isbn=9781296980146&kwd=The%20French%20Cook,%20Or,%20the%20Art%20of%20Cookery%20:%20Developed%20in%20All%20Its%20Branches",
        "https://static.s123-cdn-static-d.com/uploads/4666044/normal_61b3ef81bdf34.pdf"
    ],
    "regex_uris": [
        "http://getpdf.pw/book?res=123&isbn=9781296980146&kwd=The%20French%20Cook,%20Or,%20the%20Art%20of%20Cookery%20:%20Developed%20in%20All%20Its%20Branches",
        "http://getpdf.pw/book?res=123&isbn=9781296980146&kwd=The%20French%20Cook,%20Or,%20the%20Art%20of%20Cookery%20:%20Developed%20in%20All%20Its%20Branches",
        "https://static.s123-cdn-static-d.com/uploads/4666044/normal_61b3ef81bdf34.pdf"
    ],
    "regex_urls": [
        "http://getpdf.pw/book?res=123",
        "http://getpdf.pw/book?res=123",
        "https"
    ],
    "scripts": {
        "iframe": [],
        "urls": []
    },
    "static_properties": {
        "JBIG2Decode": "0",
        "XML_forms": "0",
        "acro_form": "0",
        "auto_action": "0",
        "colors": "0",
        "cross_reference_table": "1",
        "embedded_files": "0",
        "file_size": "96",
        "java_script": "0",
        "js": "0",
        "launch_action": "0",
        "object_end": "59",
        "object_start": "59",
        "object_streams": "0",
        "open_action": "0",
        "page_count": "5",
        "rich_media": "0",
        "start_cross_reference_table": "1",
        "stream_end": "12",
        "stream_start": "12",
        "trailer_dictionary": "1"
    },
    "yara_signatures": [
        "without_attachments",
        "without_images",
        "with_urls",
        "invalid_trailer_structure",
        "contentis_base64"
    ]
}