{
    "exif_signatures": {},
    "file_size": 42562,
    "pdfid_signatures": {},
    "pypdf_uris": [
        "https://netcdn.xyz/app/431946152/how-can-i-get-robux-game-hack",
        "https://netcdn.xyz/app/431946152/how-can-i-get-robux-game-hack",
        "https://eastwood.co.ke/uploaded_files/userfiles/files/free-coin-master-spins-links-2021_GM406889139.pdf",
        "https://eastwood.co.ke/uploaded_files/userfiles/files/free-roblox-intros_GM431946152.pdf",
        "https://eastwood.co.ke/uploaded_files/userfiles/files/coin-master-hack-tool-india_GM406889139.pdf",
        "https://eastwood.co.ke/uploaded_files/userfiles/files/coin-master-free-spins-2021_GM406889139.pdf",
        "https://eastwood.co.ke/uploaded_files/userfiles/files/google-moon-active_GM406889139.pdf",
        "https://eastwood.co.ke/uploaded_files/userfiles/files/minecraft-pocket-edition-free-ios_GM479516143.pdf",
        "https://eastwood.co.ke/uploaded_files/userfiles/files/free-roblox-accounts-with-robux-that-work-not-banned-2021_GM431946152.pdf",
        "https://eastwood.co.ke/uploaded_files/userfiles/files/old-roblox-accounts-for-free_GM431946152.pdf",
        "https://eastwood.co.ke/uploaded_files/userfiles/files/free-robux-generator-no-survey-no-download-no-human-verification_GM431946152.pdf",
        "https://eastwood.co.ke/uploaded_files/userfiles/files/coin-master-generator-hack_GM406889139.pdf",
        "https://eastwood.co.ke/uploaded_files/userfiles/files/coin-master-free-spins-heaven_GM406889139.pdf",
        "https://eastwood.co.ke/uploaded_files/userfiles/files/how-to-get-free-robux-easy-2021_GM431946152.pdf",
        "https://eastwood.co.ke/uploaded_files/userfiles/files/roblox-builders-club-free_GM431946152.pdf",
        "https://eastwood.co.ke/uploaded_files/userfiles/files/coin-master-official-fan-page_GM406889139.pdf",
        "https://eastwood.co.ke/uploaded_files/userfiles/files/free-coins-and-spins-link-for-coin-master_GM406889139.pdf",
        "https://eastwood.co.ke/uploaded_files/userfiles/files/free-minecraft-windows-10-account_GM479516143.pdf",
        "https://eastwood.co.ke/uploaded_files/userfiles/files/coin-master-free-spins-and-free-coins_GM406889139.pdf",
        "https://eastwood.co.ke/uploaded_files/userfiles/files/coin-master-hack-2021-without-human-verification_GM406889139.pdf",
        "https://eastwood.co.ke/uploaded_files/userfiles/files/coin-master-attack-hack-apk_GM406889139.pdf",
        "https://eastwood.co.ke/uploaded_files/userfiles/files/coin-master-hack-ios-app_GM406889139.pdf"
    ],
    "regex_uris": [
        "https://netcdn.xyz/app/431946152/how-can-i-get-robux-game-hack",
        "https://netcdn.xyz/app/431946152/how-can-i-get-robux-game-hack",
        "https://eastwood.co.ke/uploaded_files/userfiles/files/free-coin-master-spins-links-2021_GM406889139.pdf",
        "https://eastwood.co.ke/uploaded_files/userfiles/files/free-roblox-intros_GM431946152.pdf",
        "https://eastwood.co.ke/uploaded_files/userfiles/files/coin-master-hack-tool-india_GM406889139.pdf",
        "https://eastwood.co.ke/uploaded_files/userfiles/files/coin-master-free-spins-2021_GM406889139.pdf",
        "https://eastwood.co.ke/uploaded_files/userfiles/files/google-moon-active_GM406889139.pdf",
        "https://eastwood.co.ke/uploaded_files/userfiles/files/minecraft-pocket-edition-free-ios_GM479516143.pdf",
        "https://eastwood.co.ke/uploaded_files/userfiles/files/free-roblox-accounts-with-robux-that-work-not-banned-2021_GM431946152.pdf",
        "https://eastwood.co.ke/uploaded_files/userfiles/files/old-roblox-accounts-for-free_GM431946152.pdf",
        "https://eastwood.co.ke/uploaded_files/userfiles/files/free-robux-generator-no-survey-no-download-no-human-verification_GM431946152.pdf",
        "https://eastwood.co.ke/uploaded_files/userfiles/files/coin-master-generator-hack_GM406889139.pdf",
        "https://eastwood.co.ke/uploaded_files/userfiles/files/coin-master-free-spins-heaven_GM406889139.pdf",
        "https://eastwood.co.ke/uploaded_files/userfiles/files/how-to-get-free-robux-easy-2021_GM431946152.pdf",
        "https://eastwood.co.ke/uploaded_files/userfiles/files/roblox-builders-club-free_GM431946152.pdf",
        "https://eastwood.co.ke/uploaded_files/userfiles/files/coin-master-official-fan-page_GM406889139.pdf",
        "https://eastwood.co.ke/uploaded_files/userfiles/files/free-coins-and-spins-link-for-coin-master_GM406889139.pdf",
        "https://eastwood.co.ke/uploaded_files/userfiles/files/free-minecraft-windows-10-account_GM479516143.pdf",
        "https://eastwood.co.ke/uploaded_files/userfiles/files/coin-master-free-spins-and-free-coins_GM406889139.pdf",
        "https://eastwood.co.ke/uploaded_files/userfiles/files/coin-master-hack-2021-without-human-verification_GM406889139.pdf",
        "https://eastwood.co.ke/uploaded_files/userfiles/files/coin-master-attack-hack-apk_GM406889139.pdf",
        "https://eastwood.co.ke/uploaded_files/userfiles/files/coin-master-hack-ios-app_GM406889139.pdf"
    ],
    "regex_urls": [
        "https",
        "https",
        "https",
        "https",
        "https",
        "https",
        "https",
        "https",
        "https",
        "https",
        "https",
        "https",
        "https",
        "https",
        "https",
        "https",
        "https",
        "https",
        "https",
        "https",
        "https",
        "https"
    ],
    "scripts": {
        "iframe": [],
        "urls": []
    },
    "static_properties": {
        "JBIG2Decode": "0",
        "XML_forms": "0",
        "acro_form": "0",
        "auto_action": "0",
        "colors": "0",
        "cross_reference_table": "1",
        "embedded_files": "0",
        "file_size": "43",
        "java_script": "0",
        "js": "0",
        "launch_action": "0",
        "object_end": "60",
        "object_start": "60",
        "object_streams": "0",
        "open_action": "0",
        "page_count": "3",
        "rich_media": "0",
        "start_cross_reference_table": "1",
        "stream_end": "7",
        "stream_start": "7",
        "trailer_dictionary": "1"
    },
    "yara_signatures": [
        "without_attachments",
        "without_images",
        "with_urls",
        "invalid_trailer_structure",
        "contentis_base64"
    ]
}