{
    "exif_signatures": {},
    "file_size": 82978,
    "pdfid_signatures": {},
    "pypdf_uris": [
        "https://maypoin.ru/strik?utm_term=what+size+tires+are+on+a+2005+jeep+grand+cherokee",
        "http://likedizar.medianewsonline.com/zozizijasine.pdf",
        "http://gakukuketisalum.scienceontheweb.net/evolution_of_vascular_plants.pdf",
        "https://static.s123-cdn-static.com/uploads/4447431/normal_5ff4a9e45bf81.pdf",
        "https://s3.amazonaws.com/kudufigunabi/22646899877.pdf",
        "https://8d684a1e-4078-49cd-b336-05adf09473b6.filesusr.com/ugd/2b25e8_ed84ef34d5b94928ba5ba08632804a68.pdf?index=true",
        "https://s3.amazonaws.com/lebejos/kofedilawof.pdf",
        "http://vogojitipam.epizy.com/92404803558.pdf",
        "https://static.s123-cdn-static.com/uploads/4411245/normal_5fc5c0008f65c.pdf",
        "http://laluwaraselolar.mywebcommunity.org/69517103246.pdf",
        "https://s3.amazonaws.com/loneminovu/redemption_song_bob_marley__the_wailers.pdf",
        "http://baruluzibovog.epizy.com/boxuxumofados.pdf",
        "https://f55c6975-0091-4942-a106-dc80285e5f9d.filesusr.com/ugd/8a4248_6e01748544bc42e1acb252165fb24617.pdf?index=true",
        "http://sabixukavizom.myartsonline.com/why_should_chocolate_milk_be_banned.pdf",
        "https://d0bf7e8b-5449-41c0-93e9-161603c0719f.filesusr.com/ugd/197ed4_748424885a1e48ac9a3dd6b116ba8282.pdf?index=true",
        "https://s3.amazonaws.com/jazuravazaguz/aadhar_card_form_fill_up_example.pdf",
        "http://sesesuruko.mypressonline.com/37701127929.pdf",
        "http://sakulog.sportsontheweb.net/8790828914.pdf",
        "https://cdn-cms.f-static.net/uploads/4496005/normal_604a3315ee738.pdf",
        "https://s3.amazonaws.com/xiwevitox/dilivojerudo.pdf"
    ],
    "regex_uris": [
        "https://maypoin.ru/strik?utm_term=what+size+tires+are+on+a+2005+jeep+grand+cherokee",
        "http://likedizar.medianewsonline.com/zozizijasine.pdf",
        "http://gakukuketisalum.scienceontheweb.net/evolution_of_vascular_plants.pdf",
        "https://static.s123-cdn-static.com/uploads/4447431/normal_5ff4a9e45bf81.pdf",
        "https://s3.amazonaws.com/kudufigunabi/22646899877.pdf",
        "https://8d684a1e-4078-49cd-b336-05adf09473b6.filesusr.com/ugd/2b25e8_ed84ef34d5b94928ba5ba08632804a68.pdf?index=true",
        "https://s3.amazonaws.com/lebejos/kofedilawof.pdf",
        "http://vogojitipam.epizy.com/92404803558.pdf",
        "https://static.s123-cdn-static.com/uploads/4411245/normal_5fc5c0008f65c.pdf",
        "http://laluwaraselolar.mywebcommunity.org/69517103246.pdf",
        "https://s3.amazonaws.com/loneminovu/redemption_song_bob_marley__the_wailers.pdf",
        "http://baruluzibovog.epizy.com/boxuxumofados.pdf",
        "https://f55c6975-0091-4942-a106-dc80285e5f9d.filesusr.com/ugd/8a4248_6e01748544bc42e1acb252165fb24617.pdf?index=true",
        "http://sabixukavizom.myartsonline.com/why_should_chocolate_milk_be_banned.pdf",
        "https://d0bf7e8b-5449-41c0-93e9-161603c0719f.filesusr.com/ugd/197ed4_748424885a1e48ac9a3dd6b116ba8282.pdf?index=true",
        "https://s3.amazonaws.com/jazuravazaguz/aadhar_card_form_fill_up_example.pdf",
        "http://sesesuruko.mypressonline.com/37701127929.pdf",
        "http://sakulog.sportsontheweb.net/8790828914.pdf",
        "https://cdn-cms.f-static.net/uploads/4496005/normal_604a3315ee738.pdf",
        "https://s3.amazonaws.com/xiwevitox/dilivojerudo.pdf"
    ],
    "regex_urls": [
        "https",
        "http://likedizar.medianewsonline.com/zozizijasine.pdf",
        "http://gakukuketisalum.scienceontheweb.net/evolution_of_vascular_plants.pdf",
        "https",
        "https",
        "https",
        "https",
        "http://vogojitipam.epizy.com/92404803558.pdf",
        "https",
        "http://laluwaraselolar.mywebcommunity.org/69517103246.pdf",
        "https",
        "http://baruluzibovog.epizy.com/boxuxumofados.pdf",
        "https",
        "http://sabixukavizom.myartsonline.com/why_should_chocolate_milk_be_banned.pdf",
        "https",
        "https",
        "http://sesesuruko.mypressonline.com/37701127929.pdf",
        "http://sakulog.sportsontheweb.net/8790828914.pdf",
        "https",
        "https",
        "http://www.w3.org/1999/02/22-rdf-syntax-ns#",
        "http://purl.org/dc/elements/1.1/",
        "http://ns.adobe.com/pdf/1.3/",
        "http://ns.adobe.com/xap/1.0/",
        "http://ns.adobe.com/xap/1.0/mm/",
        "http://ns.adobe.com/xap/1.0/rights/"
    ],
    "scripts": {
        "iframe": [],
        "urls": []
    },
    "static_properties": {
        "JBIG2Decode": "0",
        "XML_forms": "0",
        "acro_form": "0",
        "auto_action": "0",
        "colors": "0",
        "cross_reference_table": "2",
        "embedded_files": "0",
        "file_size": "83",
        "java_script": "0",
        "js": "0",
        "launch_action": "0",
        "object_end": "56",
        "object_start": "56",
        "object_streams": "0",
        "open_action": "0",
        "page_count": "2",
        "rich_media": "0",
        "start_cross_reference_table": "2",
        "stream_end": "8",
        "stream_start": "8",
        "trailer_dictionary": "2"
    },
    "yara_signatures": [
        "without_attachments",
        "without_images",
        "with_urls",
        "invalid_trailer_structure",
        "multiple_versions",
        "contentis_base64",
        "Big_Numbers1"
    ]
}