{
    "exif_signatures": {},
    "file_size": 73500,
    "pdfid_signatures": {},
    "pypdf_uris": [
        "https://resalured.ru/strik?utm_term=why+is+my+voicemail+not+working+on+my+iphone+8",
        "https://cdn-cms.f-static.net/uploads/4414851/normal_60122cfa081a8.pdf",
        "https://cdn.sqhk.co/nufesewepi/geigjch/49401327224.pdf",
        "https://cdn-cms.f-static.net/uploads/4366350/normal_603aa3a783505.pdf",
        "https://s3.amazonaws.com/mogipegi/agrometeorology_book.pdf",
        "https://cdn.sqhk.co/nawiwola/wifhihf/numbers_spelling_learning.pdf",
        "https://static.s123-cdn-static.com/uploads/4477649/normal_5fe54da15eeb9.pdf",
        "https://cdn-cms.f-static.net/uploads/4368999/normal_603a84dac4994.pdf",
        "https://s3.amazonaws.com/bezegoluzose/vipisimale.pdf",
        "https://s3.amazonaws.com/wovigebi/7551010961.pdf",
        "https://cdn-cms.f-static.net/uploads/4409610/normal_600f094a08c9c.pdf",
        "https://woniwisupu.weebly.com/uploads/1/3/4/2/134266019/wosewe_jifel_wojabokaw.pdf",
        "https://cdn.sqhk.co/noxibogalu/cjaghMi/gibigovutulileriwewe.pdf",
        "https://static.s123-cdn-static.com/uploads/4387814/normal_5fe02db1c86d2.pdf"
    ],
    "regex_uris": [
        "https://resalured.ru/strik?utm_term=why+is+my+voicemail+not+working+on+my+iphone+8",
        "https://cdn-cms.f-static.net/uploads/4414851/normal_60122cfa081a8.pdf",
        "https://cdn.sqhk.co/nufesewepi/geigjch/49401327224.pdf",
        "https://cdn-cms.f-static.net/uploads/4366350/normal_603aa3a783505.pdf",
        "https://s3.amazonaws.com/mogipegi/agrometeorology_book.pdf",
        "https://cdn.sqhk.co/nawiwola/wifhihf/numbers_spelling_learning.pdf",
        "https://static.s123-cdn-static.com/uploads/4477649/normal_5fe54da15eeb9.pdf",
        "https://cdn-cms.f-static.net/uploads/4368999/normal_603a84dac4994.pdf",
        "https://s3.amazonaws.com/bezegoluzose/vipisimale.pdf",
        "https://s3.amazonaws.com/wovigebi/7551010961.pdf",
        "https://cdn-cms.f-static.net/uploads/4409610/normal_600f094a08c9c.pdf",
        "https://woniwisupu.weebly.com/uploads/1/3/4/2/134266019/wosewe_jifel_wojabokaw.pdf",
        "https://cdn.sqhk.co/noxibogalu/cjaghMi/gibigovutulileriwewe.pdf",
        "https://static.s123-cdn-static.com/uploads/4387814/normal_5fe02db1c86d2.pdf"
    ],
    "regex_urls": [
        "https",
        "https",
        "https",
        "https",
        "https",
        "https",
        "https",
        "https",
        "https",
        "https",
        "https",
        "https",
        "https",
        "https",
        "http://www.w3.org/1999/02/22-rdf-syntax-ns#",
        "http://purl.org/dc/elements/1.1/",
        "http://ns.adobe.com/pdf/1.3/",
        "http://ns.adobe.com/xap/1.0/",
        "http://ns.adobe.com/xap/1.0/mm/",
        "http://ns.adobe.com/xap/1.0/rights/"
    ],
    "scripts": {
        "iframe": [],
        "urls": []
    },
    "static_properties": {
        "JBIG2Decode": "0",
        "XML_forms": "0",
        "acro_form": "0",
        "auto_action": "0",
        "colors": "0",
        "cross_reference_table": "2",
        "embedded_files": "0",
        "file_size": "74",
        "java_script": "0",
        "js": "0",
        "launch_action": "0",
        "object_end": "50",
        "object_start": "50",
        "object_streams": "0",
        "open_action": "0",
        "page_count": "2",
        "rich_media": "0",
        "start_cross_reference_table": "2",
        "stream_end": "8",
        "stream_start": "8",
        "trailer_dictionary": "2"
    },
    "yara_signatures": [
        "without_attachments",
        "without_images",
        "with_urls",
        "invalid_trailer_structure",
        "multiple_versions",
        "contentis_base64"
    ]
}