{
    "exif_signatures": {},
    "file_size": 49274,
    "pdfid_signatures": {},
    "pypdf_uris": [
        "https://netcdn.tw/app/431946152/robux-hack-top-2021-game-hack",
        "https://netcdn.tw/app/431946152/robux-hack-top-2021-game-hack",
        "https://elearning.mtsn1lahat.sch.id/__statics/gudangsoal/files/coin-master-hacks-free-spins_GM406889139.pdf",
        "https://elearning.mtsn1lahat.sch.id/__statics/gudangsoal/files/robuxglobalcom_GM431946152.pdf",
        "https://elearning.mtsn1lahat.sch.id/__statics/gudangsoal/files/minecraft-mojang-free_GM479516143.pdf",
        "https://elearning.mtsn1lahat.sch.id/__statics/gudangsoal/files/coin-master-free-spins-link-2021_GM406889139.pdf",
        "https://elearning.mtsn1lahat.sch.id/__statics/gudangsoal/files/hack-coin-master-spin-apk_GM406889139.pdf",
        "https://elearning.mtsn1lahat.sch.id/__statics/gudangsoal/files/hide-and-seek-extreme-roblox-hack_GM431946152.pdf",
        "https://elearning.mtsn1lahat.sch.id/__statics/gudangsoal/files/wurst-hacks_GM479516143.pdf",
        "https://elearning.mtsn1lahat.sch.id/__statics/gudangsoal/files/coin-master-free-spins-link-2021-today_GM406889139.pdf",
        "https://elearning.mtsn1lahat.sch.id/__statics/gudangsoal/files/how-to-get-free-snacks-in-coin-master_GM406889139.pdf",
        "https://elearning.mtsn1lahat.sch.id/__statics/gudangsoal/files/coin-master-club-hack_GM406889139.pdf",
        "https://elearning.mtsn1lahat.sch.id/__statics/gudangsoal/files/coin-master-free-download-app_GM406889139.pdf",
        "https://elearning.mtsn1lahat.sch.id/__statics/gudangsoal/files/coin-master-game-free-spin_GM406889139.pdf",
        "https://elearning.mtsn1lahat.sch.id/__statics/gudangsoal/files/free-gifts-coin-master_GM406889139.pdf",
        "https://elearning.mtsn1lahat.sch.id/__statics/gudangsoal/files/coin-master-hack-ios-2021_GM406889139.pdf",
        "https://elearning.mtsn1lahat.sch.id/__statics/gudangsoal/files/10-free-spins-coin-master_GM406889139.pdf",
        "https://elearning.mtsn1lahat.sch.id/__statics/gudangsoal/files/robux-for-kids_GM431946152.pdf",
        "https://elearning.mtsn1lahat.sch.id/__statics/gudangsoal/files/free-minecraft-hacks_GM479516143.pdf",
        "https://elearning.mtsn1lahat.sch.id/__statics/gudangsoal/files/coin-master-free-spins-daily_GM406889139.pdf",
        "https://elearning.mtsn1lahat.sch.id/__statics/gudangsoal/files/adopt-me-roblox-hacks_GM431946152.pdf",
        "https://elearning.mtsn1lahat.sch.id/__statics/gudangsoal/files/roblox-g_GM431946152.pdf"
    ],
    "regex_uris": [
        "https://netcdn.tw/app/431946152/robux-hack-top-2021-game-hack",
        "https://netcdn.tw/app/431946152/robux-hack-top-2021-game-hack",
        "https://elearning.mtsn1lahat.sch.id/__statics/gudangsoal/files/coin-master-hacks-free-spins_GM406889139.pdf",
        "https://elearning.mtsn1lahat.sch.id/__statics/gudangsoal/files/robuxglobalcom_GM431946152.pdf",
        "https://elearning.mtsn1lahat.sch.id/__statics/gudangsoal/files/minecraft-mojang-free_GM479516143.pdf",
        "https://elearning.mtsn1lahat.sch.id/__statics/gudangsoal/files/coin-master-free-spins-link-2021_GM406889139.pdf",
        "https://elearning.mtsn1lahat.sch.id/__statics/gudangsoal/files/hack-coin-master-spin-apk_GM406889139.pdf",
        "https://elearning.mtsn1lahat.sch.id/__statics/gudangsoal/files/hide-and-seek-extreme-roblox-hack_GM431946152.pdf",
        "https://elearning.mtsn1lahat.sch.id/__statics/gudangsoal/files/wurst-hacks_GM479516143.pdf",
        "https://elearning.mtsn1lahat.sch.id/__statics/gudangsoal/files/coin-master-free-spins-link-2021-today_GM406889139.pdf",
        "https://elearning.mtsn1lahat.sch.id/__statics/gudangsoal/files/how-to-get-free-snacks-in-coin-master_GM406889139.pdf",
        "https://elearning.mtsn1lahat.sch.id/__statics/gudangsoal/files/coin-master-club-hack_GM406889139.pdf",
        "https://elearning.mtsn1lahat.sch.id/__statics/gudangsoal/files/coin-master-free-download-app_GM406889139.pdf",
        "https://elearning.mtsn1lahat.sch.id/__statics/gudangsoal/files/coin-master-game-free-spin_GM406889139.pdf",
        "https://elearning.mtsn1lahat.sch.id/__statics/gudangsoal/files/free-gifts-coin-master_GM406889139.pdf",
        "https://elearning.mtsn1lahat.sch.id/__statics/gudangsoal/files/coin-master-hack-ios-2021_GM406889139.pdf",
        "https://elearning.mtsn1lahat.sch.id/__statics/gudangsoal/files/10-free-spins-coin-master_GM406889139.pdf",
        "https://elearning.mtsn1lahat.sch.id/__statics/gudangsoal/files/robux-for-kids_GM431946152.pdf",
        "https://elearning.mtsn1lahat.sch.id/__statics/gudangsoal/files/free-minecraft-hacks_GM479516143.pdf",
        "https://elearning.mtsn1lahat.sch.id/__statics/gudangsoal/files/coin-master-free-spins-daily_GM406889139.pdf",
        "https://elearning.mtsn1lahat.sch.id/__statics/gudangsoal/files/adopt-me-roblox-hacks_GM431946152.pdf",
        "https://elearning.mtsn1lahat.sch.id/__statics/gudangsoal/files/roblox-g_GM431946152.pdf"
    ],
    "regex_urls": [
        "https",
        "https",
        "https",
        "https",
        "https",
        "https",
        "https",
        "https",
        "https",
        "https",
        "https",
        "https",
        "https",
        "https",
        "https",
        "https",
        "https",
        "https",
        "https",
        "https",
        "https",
        "https"
    ],
    "scripts": {
        "iframe": [],
        "urls": []
    },
    "static_properties": {
        "JBIG2Decode": "0",
        "XML_forms": "0",
        "acro_form": "0",
        "auto_action": "0",
        "colors": "0",
        "cross_reference_table": "1",
        "embedded_files": "0",
        "file_size": "49",
        "java_script": "0",
        "js": "0",
        "launch_action": "0",
        "object_end": "71",
        "object_start": "71",
        "object_streams": "0",
        "open_action": "0",
        "page_count": "4",
        "rich_media": "0",
        "start_cross_reference_table": "1",
        "stream_end": "10",
        "stream_start": "10",
        "trailer_dictionary": "1"
    },
    "yara_signatures": [
        "without_attachments",
        "without_images",
        "with_urls",
        "invalid_trailer_structure",
        "contentis_base64"
    ]
}