{
    "exif_signatures": {},
    "file_size": 45001,
    "pdfid_signatures": {},
    "pypdf_uris": [
        "https://netcdn.xyz/app/406889139/coin-master-free-spins-link-today-haktuts-game-hack",
        "https://netcdn.xyz/app/406889139/coin-master-free-spins-link-today-haktuts-game-hack",
        "https://elearning.manicp.sch.id/__statics/gudangsoal/files/coin-master-cheats-and-hacks_GM406889139.pdf",
        "https://elearning.manicp.sch.id/__statics/gudangsoal/files/free-admin-roblox_GM431946152.pdf",
        "https://elearning.manicp.sch.id/__statics/gudangsoal/files/free-coins-coin-master-2021_GM406889139.pdf",
        "https://elearning.manicp.sch.id/__statics/gudangsoal/files/how-to-get-free-snacks-in-coin-master_GM406889139.pdf",
        "https://elearning.manicp.sch.id/__statics/gudangsoal/files/blogspot-coin-master-free-spins_GM406889139.pdf",
        "https://elearning.manicp.sch.id/__statics/gudangsoal/files/how-to-get-free-robux-codes-2021_GM431946152.pdf",
        "https://elearning.manicp.sch.id/__statics/gudangsoal/files/coin-master-hack-mod-apk-35-8_GM406889139.pdf",
        "https://elearning.manicp.sch.id/__statics/gudangsoal/files/free-bling-bling-card-coin-master_GM406889139.pdf",
        "https://elearning.manicp.sch.id/__statics/gudangsoal/files/coin-master-unlimited-spin-link_GM406889139.pdf",
        "https://elearning.manicp.sch.id/__statics/gudangsoal/files/coin-master-hack-game-download-ios_GM406889139.pdf",
        "https://elearning.manicp.sch.id/__statics/gudangsoal/files/coin-master-hack-without-verification-code_GM406889139.pdf",
        "https://elearning.manicp.sch.id/__statics/gudangsoal/files/how-to-get-free-robux-without-surveys_GM431946152.pdf",
        "https://elearning.manicp.sch.id/__statics/gudangsoal/files/free-robux-codes-no-verification_GM431946152.pdf",
        "https://elearning.manicp.sch.id/__statics/gudangsoal/files/free-dominus-roblox_GM431946152.pdf",
        "https://elearning.manicp.sch.id/__statics/gudangsoal/files/coin-master-daily-free-spins-hack_GM406889139.pdf",
        "https://elearning.manicp.sch.id/__statics/gudangsoal/files/minecraft-free-download-mac-full-version_GM479516143.pdf",
        "https://elearning.manicp.sch.id/__statics/gudangsoal/files/collect-robux_GM431946152.pdf",
        "https://elearning.manicp.sch.id/__statics/gudangsoal/files/coin-master-hack-apk-ios-download_GM406889139.pdf",
        "https://elearning.manicp.sch.id/__statics/gudangsoal/files/free-spins-in-coin-master-2021_GM406889139.pdf",
        "https://elearning.manicp.sch.id/__statics/gudangsoal/files/coinmasterfree_GM406889139.pdf"
    ],
    "regex_uris": [
        "https://netcdn.xyz/app/406889139/coin-master-free-spins-link-today-haktuts-game-hack",
        "https://netcdn.xyz/app/406889139/coin-master-free-spins-link-today-haktuts-game-hack",
        "https://elearning.manicp.sch.id/__statics/gudangsoal/files/coin-master-cheats-and-hacks_GM406889139.pdf",
        "https://elearning.manicp.sch.id/__statics/gudangsoal/files/free-admin-roblox_GM431946152.pdf",
        "https://elearning.manicp.sch.id/__statics/gudangsoal/files/free-coins-coin-master-2021_GM406889139.pdf",
        "https://elearning.manicp.sch.id/__statics/gudangsoal/files/how-to-get-free-snacks-in-coin-master_GM406889139.pdf",
        "https://elearning.manicp.sch.id/__statics/gudangsoal/files/blogspot-coin-master-free-spins_GM406889139.pdf",
        "https://elearning.manicp.sch.id/__statics/gudangsoal/files/how-to-get-free-robux-codes-2021_GM431946152.pdf",
        "https://elearning.manicp.sch.id/__statics/gudangsoal/files/coin-master-hack-mod-apk-35-8_GM406889139.pdf",
        "https://elearning.manicp.sch.id/__statics/gudangsoal/files/free-bling-bling-card-coin-master_GM406889139.pdf",
        "https://elearning.manicp.sch.id/__statics/gudangsoal/files/coin-master-unlimited-spin-link_GM406889139.pdf",
        "https://elearning.manicp.sch.id/__statics/gudangsoal/files/coin-master-hack-game-download-ios_GM406889139.pdf",
        "https://elearning.manicp.sch.id/__statics/gudangsoal/files/coin-master-hack-without-verification-code_GM406889139.pdf",
        "https://elearning.manicp.sch.id/__statics/gudangsoal/files/how-to-get-free-robux-without-surveys_GM431946152.pdf",
        "https://elearning.manicp.sch.id/__statics/gudangsoal/files/free-robux-codes-no-verification_GM431946152.pdf",
        "https://elearning.manicp.sch.id/__statics/gudangsoal/files/free-dominus-roblox_GM431946152.pdf",
        "https://elearning.manicp.sch.id/__statics/gudangsoal/files/coin-master-daily-free-spins-hack_GM406889139.pdf",
        "https://elearning.manicp.sch.id/__statics/gudangsoal/files/minecraft-free-download-mac-full-version_GM479516143.pdf",
        "https://elearning.manicp.sch.id/__statics/gudangsoal/files/collect-robux_GM431946152.pdf",
        "https://elearning.manicp.sch.id/__statics/gudangsoal/files/coin-master-hack-apk-ios-download_GM406889139.pdf",
        "https://elearning.manicp.sch.id/__statics/gudangsoal/files/free-spins-in-coin-master-2021_GM406889139.pdf",
        "https://elearning.manicp.sch.id/__statics/gudangsoal/files/coinmasterfree_GM406889139.pdf"
    ],
    "regex_urls": [
        "https",
        "https",
        "https",
        "https",
        "https",
        "https",
        "https",
        "https",
        "https",
        "https",
        "https",
        "https",
        "https",
        "https",
        "https",
        "https",
        "https",
        "https",
        "https",
        "https",
        "https",
        "https"
    ],
    "scripts": {
        "iframe": [],
        "urls": []
    },
    "static_properties": {
        "JBIG2Decode": "0",
        "XML_forms": "0",
        "acro_form": "0",
        "auto_action": "0",
        "colors": "0",
        "cross_reference_table": "1",
        "embedded_files": "0",
        "file_size": "45",
        "java_script": "0",
        "js": "0",
        "launch_action": "0",
        "object_end": "60",
        "object_start": "60",
        "object_streams": "0",
        "open_action": "0",
        "page_count": "3",
        "rich_media": "0",
        "start_cross_reference_table": "1",
        "stream_end": "7",
        "stream_start": "7",
        "trailer_dictionary": "1"
    },
    "yara_signatures": [
        "vmdetect",
        "without_attachments",
        "without_images",
        "with_urls",
        "invalid_trailer_structure",
        "contentis_base64"
    ]
}