{
    "exif_signatures": {},
    "file_size": 50048,
    "pdfid_signatures": {},
    "pypdf_uris": [
        "https://netcdn.xyz/app/431946152/free-robux-no-human-verification-or-survey-or-download-game-hack",
        "https://netcdn.xyz/app/431946152/free-robux-no-human-verification-or-survey-or-download-game-hack",
        "https://elearning.manicp.sch.id/__statics/gudangsoal/files/coin-master-free-coins-and-spins-link-today_GM406889139.pdf",
        "https://elearning.manicp.sch.id/__statics/gudangsoal/files/how-to-get-free-robux-without-verifying-2021_GM431946152.pdf",
        "https://elearning.manicp.sch.id/__statics/gudangsoal/files/free-robux-no-anti-bot-verification_GM431946152.pdf",
        "https://elearning.manicp.sch.id/__statics/gudangsoal/files/free-robux-no-human-verification-2021_GM431946152.pdf",
        "https://elearning.manicp.sch.id/__statics/gudangsoal/files/coin-master-100-spin-slot_GM406889139.pdf",
        "https://elearning.manicp.sch.id/__statics/gudangsoal/files/coin-master-free-coins-and-spins-daily_GM406889139.pdf",
        "https://elearning.manicp.sch.id/__statics/gudangsoal/files/coin-master-free-spins-hack-download_GM406889139.pdf",
        "https://elearning.manicp.sch.id/__statics/gudangsoal/files/robux-hack-me_GM431946152.pdf",
        "https://elearning.manicp.sch.id/__statics/gudangsoal/files/hack-coin-master-online_GM406889139.pdf",
        "https://elearning.manicp.sch.id/__statics/gudangsoal/files/coin-master-free-spins-april-2021_GM406889139.pdf",
        "https://elearning.manicp.sch.id/__statics/gudangsoal/files/bloxawards-com-earn-free-robux_GM431946152.pdf",
        "https://elearning.manicp.sch.id/__statics/gudangsoal/files/how-do-you-get-free-pet-food-in-coin-master_GM406889139.pdf",
        "https://elearning.manicp.sch.id/__statics/gudangsoal/files/more-robux_GM431946152.pdf",
        "https://elearning.manicp.sch.id/__statics/gudangsoal/files/free-spins-for-coin-master-game_GM406889139.pdf",
        "https://elearning.manicp.sch.id/__statics/gudangsoal/files/coin-master-guide-to-free-spins-and-rewards_GM406889139.pdf",
        "https://elearning.manicp.sch.id/__statics/gudangsoal/files/roblox-hack-tool_GM431946152.pdf",
        "https://elearning.manicp.sch.id/__statics/gudangsoal/files/is-roblox-free-on-ps4_GM431946152.pdf",
        "https://elearning.manicp.sch.id/__statics/gudangsoal/files/easy-robux-generator_GM431946152.pdf",
        "https://elearning.manicp.sch.id/__statics/gudangsoal/files/coin-master-daily-gift-free-spins-and-coins-link_GM406889139.pdf",
        "https://elearning.manicp.sch.id/__statics/gudangsoal/files/free-gifts-coin-master_GM406889139.pdf"
    ],
    "regex_uris": [
        "https://netcdn.xyz/app/431946152/free-robux-no-human-verification-or-survey-or-download-game-hack",
        "https://netcdn.xyz/app/431946152/free-robux-no-human-verification-or-survey-or-download-game-hack",
        "https://elearning.manicp.sch.id/__statics/gudangsoal/files/coin-master-free-coins-and-spins-link-today_GM406889139.pdf",
        "https://elearning.manicp.sch.id/__statics/gudangsoal/files/how-to-get-free-robux-without-verifying-2021_GM431946152.pdf",
        "https://elearning.manicp.sch.id/__statics/gudangsoal/files/free-robux-no-anti-bot-verification_GM431946152.pdf",
        "https://elearning.manicp.sch.id/__statics/gudangsoal/files/free-robux-no-human-verification-2021_GM431946152.pdf",
        "https://elearning.manicp.sch.id/__statics/gudangsoal/files/coin-master-100-spin-slot_GM406889139.pdf",
        "https://elearning.manicp.sch.id/__statics/gudangsoal/files/coin-master-free-coins-and-spins-daily_GM406889139.pdf",
        "https://elearning.manicp.sch.id/__statics/gudangsoal/files/coin-master-free-spins-hack-download_GM406889139.pdf",
        "https://elearning.manicp.sch.id/__statics/gudangsoal/files/robux-hack-me_GM431946152.pdf",
        "https://elearning.manicp.sch.id/__statics/gudangsoal/files/hack-coin-master-online_GM406889139.pdf",
        "https://elearning.manicp.sch.id/__statics/gudangsoal/files/coin-master-free-spins-april-2021_GM406889139.pdf",
        "https://elearning.manicp.sch.id/__statics/gudangsoal/files/bloxawards-com-earn-free-robux_GM431946152.pdf",
        "https://elearning.manicp.sch.id/__statics/gudangsoal/files/how-do-you-get-free-pet-food-in-coin-master_GM406889139.pdf",
        "https://elearning.manicp.sch.id/__statics/gudangsoal/files/more-robux_GM431946152.pdf",
        "https://elearning.manicp.sch.id/__statics/gudangsoal/files/free-spins-for-coin-master-game_GM406889139.pdf",
        "https://elearning.manicp.sch.id/__statics/gudangsoal/files/coin-master-guide-to-free-spins-and-rewards_GM406889139.pdf",
        "https://elearning.manicp.sch.id/__statics/gudangsoal/files/roblox-hack-tool_GM431946152.pdf",
        "https://elearning.manicp.sch.id/__statics/gudangsoal/files/is-roblox-free-on-ps4_GM431946152.pdf",
        "https://elearning.manicp.sch.id/__statics/gudangsoal/files/easy-robux-generator_GM431946152.pdf",
        "https://elearning.manicp.sch.id/__statics/gudangsoal/files/coin-master-daily-gift-free-spins-and-coins-link_GM406889139.pdf",
        "https://elearning.manicp.sch.id/__statics/gudangsoal/files/free-gifts-coin-master_GM406889139.pdf"
    ],
    "regex_urls": [
        "https",
        "https",
        "https",
        "https",
        "https",
        "https",
        "https",
        "https",
        "https",
        "https",
        "https",
        "https",
        "https",
        "https",
        "https",
        "https",
        "https",
        "https",
        "https",
        "https",
        "https",
        "https"
    ],
    "scripts": {
        "iframe": [],
        "urls": []
    },
    "static_properties": {
        "JBIG2Decode": "0",
        "XML_forms": "0",
        "acro_form": "0",
        "auto_action": "0",
        "colors": "0",
        "cross_reference_table": "1",
        "embedded_files": "0",
        "file_size": "50",
        "java_script": "0",
        "js": "1",
        "launch_action": "0",
        "object_end": "66",
        "object_start": "66",
        "object_streams": "0",
        "open_action": "0",
        "page_count": "3",
        "rich_media": "0",
        "start_cross_reference_table": "1",
        "stream_end": "9",
        "stream_start": "9",
        "trailer_dictionary": "1"
    },
    "yara_signatures": [
        "without_attachments",
        "without_images",
        "with_urls",
        "invalid_trailer_structure",
        "contentis_base64"
    ]
}