{
    "exif_signatures": {},
    "file_size": 106048,
    "pdfid_signatures": {},
    "pypdf_uris": [
        "https://cructi.ru/uplcv?utm_term=%D9%85%D8%B3%D8%A7%D8%A1+%D8%A7%D9%84%D8%AD%D8%A7%D8%B1%D8%B3+%D8%B3%D8%AA%D9%88%D9%83+%D8%A3%D9%88%D9%86+%D8%AA%D8%B1%D9%8A%D9%86%D8%AA",
        "http://langfordfinancialservices.com/userfiles/files/fawarotanaveturax.pdf",
        "https://cihangirhotel.com/upload/ckfinder/files/63740721411.pdf",
        "http://turinhotelcompany.com/userfiles/files/rowesudomavelefuzani.pdf",
        "https://refundsrefunds.com/wp-content/plugins/formcraft/file-upload/server/content/files/1615240faa4c93---nupale.pdf",
        "https://nucamsa.es/userfiles/files/75391562011.pdf",
        "http://tycoonmedical.com/userfiles/file/56963675221.pdf",
        "http://airfa.it/userfiles/file/55313522230.pdf",
        "http://support-cmu.com/filedata/file/dimufibuboroven.pdf",
        "https://proartgaleria.hu/files/files/5244328093.pdf",
        "http://stowarzyszeniemalyksiaze.eu/img/upload/files/3682159159.pdf",
        "http://3qlohas.com/CKEdit/upload/files/lozasazisokaviduganani.pdf",
        "http://tnshoppingbag.com/upfiles/file/duvefedoripufaraban.pdf",
        "http://polimak.pl/userfiles/file/80112136184.pdf",
        "http://studiotrusso.it/userfiles/files/96497000116.pdf",
        "http://101eyewear.com/luutru/files/6864831918.pdf",
        "https://mycultureis.com/FileData/ckfinder/files/20211031_A9C803051EC3BFCA.pdf",
        "http://bnblspecialities.com/userfiles/files/tepanepal.pdf",
        "http://bioaec.com/userfiles/files/sibuge.pdf",
        "http://tuyothuyluc.vn/webroot/img/files/57391500168.pdf",
        "https://dildendilecevirievi.com/upload/ckfinder/files/xinifikokigalomunipiwuz.pdf",
        "https://renebeumer.nl/userfiles/file/6940949886.pdf",
        "http://benevolo.it/userfiles/files/98360249910.pdf",
        "http://botosani.ro/img/uploads/file/dexafoxut.pdf"
    ],
    "regex_uris": [
        "https://cructi.ru/uplcv?utm_term=%D9%85%D8%B3%D8%A7%D8%A1+%D8%A7%D9%84%D8%AD%D8%A7%D8%B1%D8%B3+%D8%B3%D8%AA%D9%88%D9%83+%D8%A3%D9%88%D9%86+%D8%AA%D8%B1%D9%8A%D9%86%D8%AA",
        "http://langfordfinancialservices.com/userfiles/files/fawarotanaveturax.pdf",
        "https://cihangirhotel.com/upload/ckfinder/files/63740721411.pdf",
        "http://turinhotelcompany.com/userfiles/files/rowesudomavelefuzani.pdf",
        "https://refundsrefunds.com/wp-content/plugins/formcraft/file-upload/server/content/files/1615240faa4c93---nupale.pdf",
        "https://nucamsa.es/userfiles/files/75391562011.pdf",
        "http://tycoonmedical.com/userfiles/file/56963675221.pdf",
        "http://airfa.it/userfiles/file/55313522230.pdf",
        "http://support-cmu.com/filedata/file/dimufibuboroven.pdf",
        "https://proartgaleria.hu/files/files/5244328093.pdf",
        "http://stowarzyszeniemalyksiaze.eu/img/upload/files/3682159159.pdf",
        "http://3qlohas.com/CKEdit/upload/files/lozasazisokaviduganani.pdf",
        "http://tnshoppingbag.com/upfiles/file/duvefedoripufaraban.pdf",
        "http://polimak.pl/userfiles/file/80112136184.pdf",
        "http://studiotrusso.it/userfiles/files/96497000116.pdf",
        "http://101eyewear.com/luutru/files/6864831918.pdf",
        "https://mycultureis.com/FileData/ckfinder/files/20211031_A9C803051EC3BFCA.pdf",
        "http://bnblspecialities.com/userfiles/files/tepanepal.pdf",
        "http://bioaec.com/userfiles/files/sibuge.pdf",
        "http://tuyothuyluc.vn/webroot/img/files/57391500168.pdf",
        "https://dildendilecevirievi.com/upload/ckfinder/files/xinifikokigalomunipiwuz.pdf",
        "https://renebeumer.nl/userfiles/file/6940949886.pdf",
        "http://benevolo.it/userfiles/files/98360249910.pdf",
        "http://botosani.ro/img/uploads/file/dexafoxut.pdf"
    ],
    "regex_urls": [
        "https",
        "http://langfordfinancialservices.com/userfiles/files/fawarotanaveturax.pdf",
        "https",
        "http://turinhotelcompany.com/userfiles/files/rowesudomavelefuzani.pdf",
        "https",
        "https",
        "http://tycoonmedical.com/userfiles/file/56963675221.pdf",
        "http://airfa.it/userfiles/file/55313522230.pdf",
        "http://support-cmu.com/filedata/file/dimufibuboroven.pdf",
        "https",
        "http://stowarzyszeniemalyksiaze.eu/img/upload/files/3682159159.pdf",
        "http://3qlohas.com/CKEdit/upload/files/lozasazisokaviduganani.pdf",
        "http://tnshoppingbag.com/upfiles/file/duvefedoripufaraban.pdf",
        "http://polimak.pl/userfiles/file/80112136184.pdf",
        "http://studiotrusso.it/userfiles/files/96497000116.pdf",
        "http://101eyewear.com/luutru/files/6864831918.pdf",
        "https",
        "http://bnblspecialities.com/userfiles/files/tepanepal.pdf",
        "http://bioaec.com/userfiles/files/sibuge.pdf",
        "http://tuyothuyluc.vn/webroot/img/files/57391500168.pdf",
        "https",
        "https",
        "http://benevolo.it/userfiles/files/98360249910.pdf",
        "http://botosani.ro/img/uploads/file/dexafoxut.pdf",
        "http://www.w3.org/1999/02/22-rdf-syntax-ns#",
        "http://purl.org/dc/elements/1.1/",
        "http://ns.adobe.com/pdf/1.3/",
        "http://ns.adobe.com/xap/1.0/",
        "http://ns.adobe.com/xap/1.0/mm/",
        "http://ns.adobe.com/xap/1.0/rights/"
    ],
    "scripts": {
        "iframe": [],
        "urls": []
    },
    "static_properties": {
        "JBIG2Decode": "0",
        "XML_forms": "0",
        "acro_form": "0",
        "auto_action": "0",
        "colors": "0",
        "cross_reference_table": "2",
        "embedded_files": "0",
        "file_size": "106",
        "java_script": "0",
        "js": "0",
        "launch_action": "0",
        "object_end": "72",
        "object_start": "72",
        "object_streams": "0",
        "open_action": "0",
        "page_count": "2",
        "rich_media": "0",
        "start_cross_reference_table": "2",
        "stream_end": "16",
        "stream_start": "16",
        "trailer_dictionary": "2"
    },
    "yara_signatures": [
        "without_attachments",
        "without_images",
        "with_urls",
        "invalid_trailer_structure",
        "multiple_versions",
        "contentis_base64"
    ]
}