{
    "exif_signatures": {},
    "file_size": 43797,
    "pdfid_signatures": {},
    "pypdf_uris": [
        "https://netcdn.xyz/app/406889139/free-pet-treats-coin-master-game-hack",
        "https://netcdn.xyz/app/406889139/free-pet-treats-coin-master-game-hack",
        "https://elearning.mtsn8jombang.sch.id/__statics/gudangsoal/files/minecraft-free_GM479516143.pdf",
        "https://elearning.mtsn8jombang.sch.id/__statics/gudangsoal/files/rbx-free-robux_GM431946152.pdf",
        "https://elearning.mtsn8jombang.sch.id/__statics/gudangsoal/files/coin-master-hack-without-human-verification-2021_GM406889139.pdf",
        "https://elearning.mtsn8jombang.sch.id/__statics/gudangsoal/files/coin-master-unlimited-free-spins_GM406889139.pdf",
        "https://elearning.mtsn8jombang.sch.id/__statics/gudangsoal/files/blogspot-coin-master-free-spins_GM406889139.pdf",
        "https://elearning.mtsn8jombang.sch.id/__statics/gudangsoal/files/how-to-make-a-roblox-group-for-free_GM431946152.pdf",
        "https://elearning.mtsn8jombang.sch.id/__statics/gudangsoal/files/minecraft-cracked-client_GM479516143.pdf",
        "https://elearning.mtsn8jombang.sch.id/__statics/gudangsoal/files/how-to-get-free-robux-promo-codes_GM431946152.pdf",
        "https://elearning.mtsn8jombang.sch.id/__statics/gudangsoal/files/coin-master-free-spin-codes_GM406889139.pdf",
        "https://elearning.mtsn8jombang.sch.id/__statics/gudangsoal/files/coin-master-hack-mod-apk-2021_GM406889139.pdf",
        "https://elearning.mtsn8jombang.sch.id/__statics/gudangsoal/files/free-spin-coin-master-2021-link_GM406889139.pdf",
        "https://elearning.mtsn8jombang.sch.id/__statics/gudangsoal/files/roblox-script-hacks_GM431946152.pdf",
        "https://elearning.mtsn8jombang.sch.id/__statics/gudangsoal/files/roblox-hack-download_GM431946152.pdf",
        "https://elearning.mtsn8jombang.sch.id/__statics/gudangsoal/files/free-robux-for-kids-no-verification_GM431946152.pdf",
        "https://elearning.mtsn8jombang.sch.id/__statics/gudangsoal/files/free-coin-and-spin-in-coin-master_GM406889139.pdf",
        "https://elearning.mtsn8jombang.sch.id/__statics/gudangsoal/files/minecraft-xbox-one-free_GM479516143.pdf",
        "https://elearning.mtsn8jombang.sch.id/__statics/gudangsoal/files/minecraft-hacks-xbox-one_GM479516143.pdf",
        "https://elearning.mtsn8jombang.sch.id/__statics/gudangsoal/files/how-to-get-more-robux_GM431946152.pdf",
        "https://elearning.mtsn8jombang.sch.id/__statics/gudangsoal/files/get-free-robux-no-verification_GM431946152.pdf",
        "https://elearning.mtsn8jombang.sch.id/__statics/gudangsoal/files/rewards-roblox-com_GM431946152.pdf"
    ],
    "regex_uris": [
        "https://netcdn.xyz/app/406889139/free-pet-treats-coin-master-game-hack",
        "https://netcdn.xyz/app/406889139/free-pet-treats-coin-master-game-hack",
        "https://elearning.mtsn8jombang.sch.id/__statics/gudangsoal/files/minecraft-free_GM479516143.pdf",
        "https://elearning.mtsn8jombang.sch.id/__statics/gudangsoal/files/rbx-free-robux_GM431946152.pdf",
        "https://elearning.mtsn8jombang.sch.id/__statics/gudangsoal/files/coin-master-hack-without-human-verification-2021_GM406889139.pdf",
        "https://elearning.mtsn8jombang.sch.id/__statics/gudangsoal/files/coin-master-unlimited-free-spins_GM406889139.pdf",
        "https://elearning.mtsn8jombang.sch.id/__statics/gudangsoal/files/blogspot-coin-master-free-spins_GM406889139.pdf",
        "https://elearning.mtsn8jombang.sch.id/__statics/gudangsoal/files/how-to-make-a-roblox-group-for-free_GM431946152.pdf",
        "https://elearning.mtsn8jombang.sch.id/__statics/gudangsoal/files/minecraft-cracked-client_GM479516143.pdf",
        "https://elearning.mtsn8jombang.sch.id/__statics/gudangsoal/files/how-to-get-free-robux-promo-codes_GM431946152.pdf",
        "https://elearning.mtsn8jombang.sch.id/__statics/gudangsoal/files/coin-master-free-spin-codes_GM406889139.pdf",
        "https://elearning.mtsn8jombang.sch.id/__statics/gudangsoal/files/coin-master-hack-mod-apk-2021_GM406889139.pdf",
        "https://elearning.mtsn8jombang.sch.id/__statics/gudangsoal/files/free-spin-coin-master-2021-link_GM406889139.pdf",
        "https://elearning.mtsn8jombang.sch.id/__statics/gudangsoal/files/roblox-script-hacks_GM431946152.pdf",
        "https://elearning.mtsn8jombang.sch.id/__statics/gudangsoal/files/roblox-hack-download_GM431946152.pdf",
        "https://elearning.mtsn8jombang.sch.id/__statics/gudangsoal/files/free-robux-for-kids-no-verification_GM431946152.pdf",
        "https://elearning.mtsn8jombang.sch.id/__statics/gudangsoal/files/free-coin-and-spin-in-coin-master_GM406889139.pdf",
        "https://elearning.mtsn8jombang.sch.id/__statics/gudangsoal/files/minecraft-xbox-one-free_GM479516143.pdf",
        "https://elearning.mtsn8jombang.sch.id/__statics/gudangsoal/files/minecraft-hacks-xbox-one_GM479516143.pdf",
        "https://elearning.mtsn8jombang.sch.id/__statics/gudangsoal/files/how-to-get-more-robux_GM431946152.pdf",
        "https://elearning.mtsn8jombang.sch.id/__statics/gudangsoal/files/get-free-robux-no-verification_GM431946152.pdf",
        "https://elearning.mtsn8jombang.sch.id/__statics/gudangsoal/files/rewards-roblox-com_GM431946152.pdf"
    ],
    "regex_urls": [
        "https",
        "https",
        "https",
        "https",
        "https",
        "https",
        "https",
        "https",
        "https",
        "https",
        "https",
        "https",
        "https",
        "https",
        "https",
        "https",
        "https",
        "https",
        "https",
        "https",
        "https",
        "https"
    ],
    "scripts": {
        "iframe": [],
        "urls": []
    },
    "static_properties": {
        "JBIG2Decode": "0",
        "XML_forms": "0",
        "acro_form": "0",
        "auto_action": "0",
        "colors": "0",
        "cross_reference_table": "1",
        "embedded_files": "0",
        "file_size": "44",
        "java_script": "0",
        "js": "0",
        "launch_action": "0",
        "object_end": "60",
        "object_start": "60",
        "object_streams": "0",
        "open_action": "0",
        "page_count": "3",
        "rich_media": "0",
        "start_cross_reference_table": "1",
        "stream_end": "7",
        "stream_start": "7",
        "trailer_dictionary": "1"
    },
    "yara_signatures": [
        "without_attachments",
        "without_images",
        "with_urls",
        "invalid_trailer_structure",
        "contentis_base64"
    ]
}