{
    "exif_signatures": {},
    "file_size": 35657,
    "pdfid_signatures": {},
    "pypdf_uris": [
        "http://netcdn.co/app/431946152/roblox-games-that-i-can-play-for-free-game-hack",
        "http://netcdn.co/app/431946152/roblox-games-that-i-can-play-for-free-game-hack",
        "https://opac.itp.ac.id/repository/free-robux-come_GM431946152.pdf",
        "https://opac.itp.ac.id/repository/hacks-for-minecraft-bedrock_GM479516143.pdf",
        "https://opac.itp.ac.id/repository/www-free-robux_GM431946152.pdf",
        "https://opac.itp.ac.id/repository/roblox-hack-in-all-game_GM431946152.pdf",
        "https://opac.itp.ac.id/repository/roblox-natural-disaster-survival-cheats_GM431946152.pdf",
        "https://opac.itp.ac.id/repository/free-jeff-the-killer-face-roblox_GM431946152.pdf",
        "https://opac.itp.ac.id/repository/websites-that-give-you-free-robux_GM431946152.pdf",
        "https://opac.itp.ac.id/repository/free-robux-without-downloading-anything_GM431946152.pdf",
        "https://opac.itp.ac.id/repository/hack-comandos-admin-roblox_GM431946152.pdf",
        "https://opac.itp.ac.id/repository/60-free-spins-on-coin-master_GM406889139.pdf",
        "https://opac.itp.ac.id/repository/how-to-get-free-spins-for-coin-master_GM406889139.pdf",
        "https://opac.itp.ac.id/repository/free-robux-ios_GM431946152.pdf",
        "https://opac.itp.ac.id/repository/free-outfits-roblox-names_GM431946152.pdf",
        "https://opac.itp.ac.id/repository/create-free-roblox-account_GM431946152.pdf",
        "https://opac.itp.ac.id/repository/roblox-tix-generator_GM431946152.pdf",
        "https://opac.itp.ac.id/repository/roblox-redeem-codes-free_GM431946152.pdf",
        "https://opac.itp.ac.id/repository/how-to-get-free-gold-cards-on-coin-master_GM406889139.pdf",
        "https://opac.itp.ac.id/repository/roblox-skywars-coin-hack_GM431946152.pdf",
        "https://opac.itp.ac.id/repository/how-to-get-bc-for-free-october-2021-robux_GM431946152.pdf",
        "https://opac.itp.ac.id/repository/how-to-get-free-robux-2021_GM431946152.pdf"
    ],
    "regex_uris": [
        "http://netcdn.co/app/431946152/roblox-games-that-i-can-play-for-free-game-hack",
        "http://netcdn.co/app/431946152/roblox-games-that-i-can-play-for-free-game-hack",
        "https://opac.itp.ac.id/repository/free-robux-come_GM431946152.pdf",
        "https://opac.itp.ac.id/repository/hacks-for-minecraft-bedrock_GM479516143.pdf",
        "https://opac.itp.ac.id/repository/www-free-robux_GM431946152.pdf",
        "https://opac.itp.ac.id/repository/roblox-hack-in-all-game_GM431946152.pdf",
        "https://opac.itp.ac.id/repository/roblox-natural-disaster-survival-cheats_GM431946152.pdf",
        "https://opac.itp.ac.id/repository/free-jeff-the-killer-face-roblox_GM431946152.pdf",
        "https://opac.itp.ac.id/repository/websites-that-give-you-free-robux_GM431946152.pdf",
        "https://opac.itp.ac.id/repository/free-robux-without-downloading-anything_GM431946152.pdf",
        "https://opac.itp.ac.id/repository/hack-comandos-admin-roblox_GM431946152.pdf",
        "https://opac.itp.ac.id/repository/60-free-spins-on-coin-master_GM406889139.pdf",
        "https://opac.itp.ac.id/repository/how-to-get-free-spins-for-coin-master_GM406889139.pdf",
        "https://opac.itp.ac.id/repository/free-robux-ios_GM431946152.pdf",
        "https://opac.itp.ac.id/repository/free-outfits-roblox-names_GM431946152.pdf",
        "https://opac.itp.ac.id/repository/create-free-roblox-account_GM431946152.pdf",
        "https://opac.itp.ac.id/repository/roblox-tix-generator_GM431946152.pdf",
        "https://opac.itp.ac.id/repository/roblox-redeem-codes-free_GM431946152.pdf",
        "https://opac.itp.ac.id/repository/how-to-get-free-gold-cards-on-coin-master_GM406889139.pdf",
        "https://opac.itp.ac.id/repository/roblox-skywars-coin-hack_GM431946152.pdf",
        "https://opac.itp.ac.id/repository/how-to-get-bc-for-free-october-2021-robux_GM431946152.pdf",
        "https://opac.itp.ac.id/repository/how-to-get-free-robux-2021_GM431946152.pdf"
    ],
    "regex_urls": [
        "http://netcdn.co/app/431946152/roblox-games-that-i-can-play-for-free-game-hack",
        "http://netcdn.co/app/431946152/roblox-games-that-i-can-play-for-free-game-hack",
        "https",
        "https",
        "https",
        "https",
        "https",
        "https",
        "https",
        "https",
        "https",
        "https",
        "https",
        "https",
        "https",
        "https",
        "https",
        "https",
        "https",
        "https",
        "https",
        "https"
    ],
    "scripts": {
        "iframe": [],
        "urls": []
    },
    "static_properties": {
        "JBIG2Decode": "0",
        "XML_forms": "0",
        "acro_form": "0",
        "auto_action": "0",
        "colors": "0",
        "cross_reference_table": "1",
        "embedded_files": "0",
        "file_size": "36",
        "java_script": "0",
        "js": "0",
        "launch_action": "0",
        "object_end": "55",
        "object_start": "55",
        "object_streams": "0",
        "open_action": "0",
        "page_count": "2",
        "rich_media": "0",
        "start_cross_reference_table": "1",
        "stream_end": "6",
        "stream_start": "6",
        "trailer_dictionary": "1"
    },
    "yara_signatures": [
        "without_attachments",
        "without_images",
        "with_urls",
        "invalid_trailer_structure",
        "contentis_base64"
    ]
}