{
    "exif_signatures": {},
    "file_size": 35436,
    "pdfid_signatures": {},
    "pypdf_uris": [
        "http://netcdn.tw/app/431946152/robux-gift-card-free-game-hack",
        "http://netcdn.tw/app/431946152/robux-gift-card-free-game-hack",
        "https://www.tvoyo.tv/ckfinder/userfiles/files/free-robux-no-verification-required_GM431946152.pdf",
        "https://www.tvoyo.tv/ckfinder/userfiles/files/demon-roblox_GM431946152.pdf",
        "https://www.tvoyo.tv/ckfinder/userfiles/files/legit-free-spins-coin-master_GM406889139.pdf",
        "https://www.tvoyo.tv/ckfinder/userfiles/files/coin-master-new-link-free-spin_GM406889139.pdf",
        "https://www.tvoyo.tv/ckfinder/userfiles/files/who-to-get-free-robux_GM431946152.pdf",
        "https://www.tvoyo.tv/ckfinder/userfiles/files/tiktok-free-dance_GM835599320.pdf",
        "https://www.tvoyo.tv/ckfinder/userfiles/files/roblox-blox-no-hero-academia-script-hack_GM431946152.pdf",
        "https://www.tvoyo.tv/ckfinder/userfiles/files/minecraft-free-android_GM479516143.pdf",
        "https://www.tvoyo.tv/ckfinder/userfiles/files/coin-master-free-spins-april-2021_GM406889139.pdf",
        "https://www.tvoyo.tv/ckfinder/userfiles/files/coin-master-free-coins-and-spins-2021_GM406889139.pdf",
        "https://www.tvoyo.tv/ckfinder/userfiles/files/how-to-get-a-free-dominus-on-roblox_GM431946152.pdf",
        "https://www.tvoyo.tv/ckfinder/userfiles/files/coin-master-daily-free-spins-link-today_GM406889139.pdf",
        "https://www.tvoyo.tv/ckfinder/userfiles/files/free-robux-com-2021_GM431946152.pdf",
        "https://www.tvoyo.tv/ckfinder/userfiles/files/install-free-game-coin-master_GM406889139.pdf",
        "https://www.tvoyo.tv/ckfinder/userfiles/files/how-to-report-a-hacker-that-hacked-your-roblox-account_GM431946152.pdf",
        "https://www.tvoyo.tv/ckfinder/userfiles/files/free-roblox-gea_GM431946152.pdf",
        "https://www.tvoyo.tv/ckfinder/userfiles/files/roblox-hack-inspect-element-2021_GM431946152.pdf",
        "https://www.tvoyo.tv/ckfinder/userfiles/files/coin-master-card-collection-hack_GM406889139.pdf",
        "https://www.tvoyo.tv/ckfinder/userfiles/files/coin-master-attack-madness-hack_GM406889139.pdf",
        "https://www.tvoyo.tv/ckfinder/userfiles/files/legit-coin-master-hack_GM406889139.pdf"
    ],
    "regex_uris": [
        "http://netcdn.tw/app/431946152/robux-gift-card-free-game-hack",
        "http://netcdn.tw/app/431946152/robux-gift-card-free-game-hack",
        "https://www.tvoyo.tv/ckfinder/userfiles/files/free-robux-no-verification-required_GM431946152.pdf",
        "https://www.tvoyo.tv/ckfinder/userfiles/files/demon-roblox_GM431946152.pdf",
        "https://www.tvoyo.tv/ckfinder/userfiles/files/legit-free-spins-coin-master_GM406889139.pdf",
        "https://www.tvoyo.tv/ckfinder/userfiles/files/coin-master-new-link-free-spin_GM406889139.pdf",
        "https://www.tvoyo.tv/ckfinder/userfiles/files/who-to-get-free-robux_GM431946152.pdf",
        "https://www.tvoyo.tv/ckfinder/userfiles/files/tiktok-free-dance_GM835599320.pdf",
        "https://www.tvoyo.tv/ckfinder/userfiles/files/roblox-blox-no-hero-academia-script-hack_GM431946152.pdf",
        "https://www.tvoyo.tv/ckfinder/userfiles/files/minecraft-free-android_GM479516143.pdf",
        "https://www.tvoyo.tv/ckfinder/userfiles/files/coin-master-free-spins-april-2021_GM406889139.pdf",
        "https://www.tvoyo.tv/ckfinder/userfiles/files/coin-master-free-coins-and-spins-2021_GM406889139.pdf",
        "https://www.tvoyo.tv/ckfinder/userfiles/files/how-to-get-a-free-dominus-on-roblox_GM431946152.pdf",
        "https://www.tvoyo.tv/ckfinder/userfiles/files/coin-master-daily-free-spins-link-today_GM406889139.pdf",
        "https://www.tvoyo.tv/ckfinder/userfiles/files/free-robux-com-2021_GM431946152.pdf",
        "https://www.tvoyo.tv/ckfinder/userfiles/files/install-free-game-coin-master_GM406889139.pdf",
        "https://www.tvoyo.tv/ckfinder/userfiles/files/how-to-report-a-hacker-that-hacked-your-roblox-account_GM431946152.pdf",
        "https://www.tvoyo.tv/ckfinder/userfiles/files/free-roblox-gea_GM431946152.pdf",
        "https://www.tvoyo.tv/ckfinder/userfiles/files/roblox-hack-inspect-element-2021_GM431946152.pdf",
        "https://www.tvoyo.tv/ckfinder/userfiles/files/coin-master-card-collection-hack_GM406889139.pdf",
        "https://www.tvoyo.tv/ckfinder/userfiles/files/coin-master-attack-madness-hack_GM406889139.pdf",
        "https://www.tvoyo.tv/ckfinder/userfiles/files/legit-coin-master-hack_GM406889139.pdf"
    ],
    "regex_urls": [
        "http://netcdn.tw/app/431946152/robux-gift-card-free-game-hack",
        "http://netcdn.tw/app/431946152/robux-gift-card-free-game-hack",
        "https",
        "www.tvoyo.tv/ckfinder/userfiles/files/free-robux-no-verification-required_GM431946152.pdf",
        "https",
        "www.tvoyo.tv/ckfinder/userfiles/files/demon-roblox_GM431946152.pdf",
        "https",
        "www.tvoyo.tv/ckfinder/userfiles/files/legit-free-spins-coin-master_GM406889139.pdf",
        "https",
        "www.tvoyo.tv/ckfinder/userfiles/files/coin-master-new-link-free-spin_GM406889139.pdf",
        "https",
        "www.tvoyo.tv/ckfinder/userfiles/files/who-to-get-free-robux_GM431946152.pdf",
        "https",
        "www.tvoyo.tv/ckfinder/userfiles/files/tiktok-free-dance_GM835599320.pdf",
        "https",
        "www.tvoyo.tv/ckfinder/userfiles/files/roblox-blox-no-hero-academia-script-hack_GM431946152.pdf",
        "https",
        "www.tvoyo.tv/ckfinder/userfiles/files/minecraft-free-android_GM479516143.pdf",
        "https",
        "www.tvoyo.tv/ckfinder/userfiles/files/coin-master-free-spins-april-2021_GM406889139.pdf",
        "https",
        "www.tvoyo.tv/ckfinder/userfiles/files/coin-master-free-coins-and-spins-2021_GM406889139.pdf",
        "https",
        "www.tvoyo.tv/ckfinder/userfiles/files/how-to-get-a-free-dominus-on-roblox_GM431946152.pdf",
        "https",
        "www.tvoyo.tv/ckfinder/userfiles/files/coin-master-daily-free-spins-link-today_GM406889139.pdf",
        "https",
        "www.tvoyo.tv/ckfinder/userfiles/files/free-robux-com-2021_GM431946152.pdf",
        "https",
        "www.tvoyo.tv/ckfinder/userfiles/files/install-free-game-coin-master_GM406889139.pdf",
        "https",
        "www.tvoyo.tv/ckfinder/userfiles/files/how-to-report-a-hacker-that-hacked-your-roblox-account_GM431946152.pdf",
        "https",
        "www.tvoyo.tv/ckfinder/userfiles/files/free-roblox-gea_GM431946152.pdf",
        "https",
        "www.tvoyo.tv/ckfinder/userfiles/files/roblox-hack-inspect-element-2021_GM431946152.pdf",
        "https",
        "www.tvoyo.tv/ckfinder/userfiles/files/coin-master-card-collection-hack_GM406889139.pdf",
        "https",
        "www.tvoyo.tv/ckfinder/userfiles/files/coin-master-attack-madness-hack_GM406889139.pdf",
        "https",
        "www.tvoyo.tv/ckfinder/userfiles/files/legit-coin-master-hack_GM406889139.pdf"
    ],
    "scripts": {
        "iframe": [],
        "urls": []
    },
    "static_properties": {
        "JBIG2Decode": "0",
        "XML_forms": "0",
        "acro_form": "0",
        "auto_action": "0",
        "colors": "0",
        "cross_reference_table": "1",
        "embedded_files": "0",
        "file_size": "35",
        "java_script": "0",
        "js": "0",
        "launch_action": "0",
        "object_end": "55",
        "object_start": "55",
        "object_streams": "0",
        "open_action": "0",
        "page_count": "2",
        "rich_media": "0",
        "start_cross_reference_table": "1",
        "stream_end": "6",
        "stream_start": "6",
        "trailer_dictionary": "1"
    },
    "yara_signatures": [
        "without_attachments",
        "without_images",
        "with_urls",
        "invalid_trailer_structure",
        "contentis_base64"
    ]
}