{
    "exif_signatures": {},
    "file_size": 34678,
    "pdfid_signatures": {},
    "pypdf_uris": [
        "http://netcdn.tw/app/431946152/how-to-get-free-robux-codes-game-hack",
        "http://netcdn.tw/app/431946152/how-to-get-free-robux-codes-game-hack",
        "https://e-learning.mtsn1klaten.sch.id/__statics/gudangsoal/files/facebook-coin-master_GM406889139.pdf",
        "https://e-learning.mtsn1klaten.sch.id/__statics/gudangsoal/files/how-to-get-free-roblox-hair_GM431946152.pdf",
        "https://e-learning.mtsn1klaten.sch.id/__statics/gudangsoal/files/robux-hacks-2021_GM431946152.pdf",
        "https://e-learning.mtsn1klaten.sch.id/__statics/gudangsoal/files/how-to-report-cheats-on-roblox_GM431946152.pdf",
        "https://e-learning.mtsn1klaten.sch.id/__statics/gudangsoal/files/play-roblox-for-free-on-google_GM431946152.pdf",
        "https://e-learning.mtsn1klaten.sch.id/__statics/gudangsoal/files/minecraft-free-version-pc_GM479516143.pdf",
        "https://e-learning.mtsn1klaten.sch.id/__statics/gudangsoal/files/how-to-hack-in-entry-point-roblox_GM431946152.pdf",
        "https://e-learning.mtsn1klaten.sch.id/__statics/gudangsoal/files/coin-master-daily-free-link_GM406889139.pdf",
        "https://e-learning.mtsn1klaten.sch.id/__statics/gudangsoal/files/best-way-to-get-robux_GM431946152.pdf",
        "https://e-learning.mtsn1klaten.sch.id/__statics/gudangsoal/files/how-to-get-free-robux-on-roblox-ipad_GM431946152.pdf",
        "https://e-learning.mtsn1klaten.sch.id/__statics/gudangsoal/files/toolbox-apk_GM479516143.pdf",
        "https://e-learning.mtsn1klaten.sch.id/__statics/gudangsoal/files/is-tiktok-app-free_GM835599320.pdf",
        "https://e-learning.mtsn1klaten.sch.id/__statics/gudangsoal/files/cheat-engine-robux-2021_GM431946152.pdf",
        "https://e-learning.mtsn1klaten.sch.id/__statics/gudangsoal/files/2021-bhop-hack-roblox_GM431946152.pdf",
        "https://e-learning.mtsn1klaten.sch.id/__statics/gudangsoal/files/coin-master-hack-tool-without-verification_GM406889139.pdf",
        "https://e-learning.mtsn1klaten.sch.id/__statics/gudangsoal/files/free-executors-for-roblox_GM431946152.pdf",
        "https://e-learning.mtsn1klaten.sch.id/__statics/gudangsoal/files/7-year-old-roblox_GM431946152.pdf",
        "https://e-learning.mtsn1klaten.sch.id/__statics/gudangsoal/files/roblox-hack-download-pc_GM431946152.pdf",
        "https://e-learning.mtsn1klaten.sch.id/__statics/gudangsoal/files/roblox-hack-cheat-tool_GM431946152.pdf",
        "https://e-learning.mtsn1klaten.sch.id/__statics/gudangsoal/files/coin-master-free-spin-and-coin_GM406889139.pdf"
    ],
    "regex_uris": [
        "http://netcdn.tw/app/431946152/how-to-get-free-robux-codes-game-hack",
        "http://netcdn.tw/app/431946152/how-to-get-free-robux-codes-game-hack",
        "https://e-learning.mtsn1klaten.sch.id/__statics/gudangsoal/files/facebook-coin-master_GM406889139.pdf",
        "https://e-learning.mtsn1klaten.sch.id/__statics/gudangsoal/files/how-to-get-free-roblox-hair_GM431946152.pdf",
        "https://e-learning.mtsn1klaten.sch.id/__statics/gudangsoal/files/robux-hacks-2021_GM431946152.pdf",
        "https://e-learning.mtsn1klaten.sch.id/__statics/gudangsoal/files/how-to-report-cheats-on-roblox_GM431946152.pdf",
        "https://e-learning.mtsn1klaten.sch.id/__statics/gudangsoal/files/play-roblox-for-free-on-google_GM431946152.pdf",
        "https://e-learning.mtsn1klaten.sch.id/__statics/gudangsoal/files/minecraft-free-version-pc_GM479516143.pdf",
        "https://e-learning.mtsn1klaten.sch.id/__statics/gudangsoal/files/how-to-hack-in-entry-point-roblox_GM431946152.pdf",
        "https://e-learning.mtsn1klaten.sch.id/__statics/gudangsoal/files/coin-master-daily-free-link_GM406889139.pdf",
        "https://e-learning.mtsn1klaten.sch.id/__statics/gudangsoal/files/best-way-to-get-robux_GM431946152.pdf",
        "https://e-learning.mtsn1klaten.sch.id/__statics/gudangsoal/files/how-to-get-free-robux-on-roblox-ipad_GM431946152.pdf",
        "https://e-learning.mtsn1klaten.sch.id/__statics/gudangsoal/files/toolbox-apk_GM479516143.pdf",
        "https://e-learning.mtsn1klaten.sch.id/__statics/gudangsoal/files/is-tiktok-app-free_GM835599320.pdf",
        "https://e-learning.mtsn1klaten.sch.id/__statics/gudangsoal/files/cheat-engine-robux-2021_GM431946152.pdf",
        "https://e-learning.mtsn1klaten.sch.id/__statics/gudangsoal/files/2021-bhop-hack-roblox_GM431946152.pdf",
        "https://e-learning.mtsn1klaten.sch.id/__statics/gudangsoal/files/coin-master-hack-tool-without-verification_GM406889139.pdf",
        "https://e-learning.mtsn1klaten.sch.id/__statics/gudangsoal/files/free-executors-for-roblox_GM431946152.pdf",
        "https://e-learning.mtsn1klaten.sch.id/__statics/gudangsoal/files/7-year-old-roblox_GM431946152.pdf",
        "https://e-learning.mtsn1klaten.sch.id/__statics/gudangsoal/files/roblox-hack-download-pc_GM431946152.pdf",
        "https://e-learning.mtsn1klaten.sch.id/__statics/gudangsoal/files/roblox-hack-cheat-tool_GM431946152.pdf",
        "https://e-learning.mtsn1klaten.sch.id/__statics/gudangsoal/files/coin-master-free-spin-and-coin_GM406889139.pdf"
    ],
    "regex_urls": [
        "http://netcdn.tw/app/431946152/how-to-get-free-robux-codes-game-hack",
        "http://netcdn.tw/app/431946152/how-to-get-free-robux-codes-game-hack",
        "https",
        "https",
        "https",
        "https",
        "https",
        "https",
        "https",
        "https",
        "https",
        "https",
        "https",
        "https",
        "https",
        "https",
        "https",
        "https",
        "https",
        "https",
        "https",
        "https"
    ],
    "scripts": {
        "iframe": [],
        "urls": []
    },
    "static_properties": {
        "JBIG2Decode": "0",
        "XML_forms": "0",
        "acro_form": "0",
        "auto_action": "0",
        "colors": "0",
        "cross_reference_table": "1",
        "embedded_files": "0",
        "file_size": "35",
        "java_script": "0",
        "js": "0",
        "launch_action": "0",
        "object_end": "55",
        "object_start": "55",
        "object_streams": "0",
        "open_action": "0",
        "page_count": "2",
        "rich_media": "0",
        "start_cross_reference_table": "1",
        "stream_end": "6",
        "stream_start": "6",
        "trailer_dictionary": "1"
    },
    "yara_signatures": [
        "without_attachments",
        "without_images",
        "with_urls",
        "invalid_trailer_structure",
        "contentis_base64"
    ]
}