{
    "exif_signatures": {},
    "file_size": 87907,
    "pdfid_signatures": {},
    "pypdf_uris": [
        "http://getpdf.pw/book?res=123&isbn=9780545746151&kwd=The%20Enchanted%20Charms%20(Geronimo%20Stilton%20and%20the%20Kingdom%20of%20Fantasy%20#7)",
        "http://getpdf.pw/book?res=123&isbn=9780545746151&kwd=The%20Enchanted%20Charms%20(Geronimo%20Stilton%20and%20the%20Kingdom%20of%20Fantasy%20#7)"
    ],
    "regex_uris": [
        "http://getpdf.pw/book?res=123&isbn=9780545746151&kwd=The%20Enchanted%20Charms%20\\(Geronimo%20Stilton%20and%20the%20Kingdom%20of%20Fantasy%20#7\\)",
        "http://getpdf.pw/book?res=123&isbn=9780545746151&kwd=The%20Enchanted%20Charms%20\\(Geronimo%20Stilton%20and%20the%20Kingdom%20of%20Fantasy%20#7\\)"
    ],
    "regex_urls": [
        "http://getpdf.pw/book?res=123",
        "http://getpdf.pw/book?res=123"
    ],
    "scripts": {
        "iframe": [],
        "urls": []
    },
    "static_properties": {
        "JBIG2Decode": "0",
        "XML_forms": "0",
        "acro_form": "0",
        "auto_action": "0",
        "colors": "0",
        "cross_reference_table": "1",
        "embedded_files": "0",
        "file_size": "88",
        "java_script": "0",
        "js": "0",
        "launch_action": "0",
        "object_end": "57",
        "object_start": "57",
        "object_streams": "0",
        "open_action": "0",
        "page_count": "4",
        "rich_media": "0",
        "start_cross_reference_table": "1",
        "stream_end": "11",
        "stream_start": "11",
        "trailer_dictionary": "1"
    },
    "yara_signatures": [
        "without_attachments",
        "without_images",
        "with_urls",
        "invalid_trailer_structure",
        "contentis_base64"
    ]
}