{
    "exif_signatures": {},
    "file_size": 35923,
    "pdfid_signatures": {},
    "pypdf_uris": [
        "http://netcdn.tw/app/431946152/roblox-script-hack-game-hack",
        "http://netcdn.tw/app/431946152/roblox-script-hack-game-hack",
        "https://eastwood.co.ke/uploaded_files/userfiles/files/minecraft-bedrock-edition-pc-download-free_GM479516143.pdf",
        "https://eastwood.co.ke/uploaded_files/userfiles/files/coin-master-free-spins-app-for-iphone_GM406889139.pdf",
        "https://eastwood.co.ke/uploaded_files/userfiles/files/roblox-piano-hack-download_GM431946152.pdf",
        "https://eastwood.co.ke/uploaded_files/userfiles/files/coin-master-links-2021_GM406889139.pdf",
        "https://eastwood.co.ke/uploaded_files/userfiles/files/roblox-hack-and-cheats-robux-generator_GM431946152.pdf",
        "https://eastwood.co.ke/uploaded_files/userfiles/files/how-to-get-roblox-premium-for-free-2021_GM431946152.pdf",
        "https://eastwood.co.ke/uploaded_files/userfiles/files/free-robux-generator_GM431946152.pdf",
        "https://eastwood.co.ke/uploaded_files/userfiles/files/coin-master-hack-ios_GM406889139.pdf",
        "https://eastwood.co.ke/uploaded_files/userfiles/files/cheats-in-pet-rnch-roblox_GM431946152.pdf",
        "https://eastwood.co.ke/uploaded_files/userfiles/files/roblox-hack-without-human-verification-and-survey_GM431946152.pdf",
        "https://eastwood.co.ke/uploaded_files/userfiles/files/roblox-game-free-download_GM431946152.pdf",
        "https://eastwood.co.ke/uploaded_files/userfiles/files/hack-para-obtener-robux-2021_GM431946152.pdf",
        "https://eastwood.co.ke/uploaded_files/userfiles/files/how-to-get-hacks-on-roblox_GM431946152.pdf",
        "https://eastwood.co.ke/uploaded_files/userfiles/files/how-to-hack-any-roblox-game-2021_GM431946152.pdf",
        "https://eastwood.co.ke/uploaded_files/userfiles/files/free-roblox-accounts-with-robux-2021_GM431946152.pdf",
        "https://eastwood.co.ke/uploaded_files/userfiles/files/free-robux-offer-walls_GM431946152.pdf",
        "https://eastwood.co.ke/uploaded_files/userfiles/files/coin-master-free-spins-through-coin-pop_GM406889139.pdf",
        "https://eastwood.co.ke/uploaded_files/userfiles/files/coin-master-hack-extension_GM406889139.pdf",
        "https://eastwood.co.ke/uploaded_files/userfiles/files/hack-coin-master-8-ball-pool_GM406889139.pdf",
        "https://eastwood.co.ke/uploaded_files/userfiles/files/coin-master-hack-apk-android_GM406889139.pdf"
    ],
    "regex_uris": [
        "http://netcdn.tw/app/431946152/roblox-script-hack-game-hack",
        "http://netcdn.tw/app/431946152/roblox-script-hack-game-hack",
        "https://eastwood.co.ke/uploaded_files/userfiles/files/minecraft-bedrock-edition-pc-download-free_GM479516143.pdf",
        "https://eastwood.co.ke/uploaded_files/userfiles/files/coin-master-free-spins-app-for-iphone_GM406889139.pdf",
        "https://eastwood.co.ke/uploaded_files/userfiles/files/roblox-piano-hack-download_GM431946152.pdf",
        "https://eastwood.co.ke/uploaded_files/userfiles/files/coin-master-links-2021_GM406889139.pdf",
        "https://eastwood.co.ke/uploaded_files/userfiles/files/roblox-hack-and-cheats-robux-generator_GM431946152.pdf",
        "https://eastwood.co.ke/uploaded_files/userfiles/files/how-to-get-roblox-premium-for-free-2021_GM431946152.pdf",
        "https://eastwood.co.ke/uploaded_files/userfiles/files/free-robux-generator_GM431946152.pdf",
        "https://eastwood.co.ke/uploaded_files/userfiles/files/coin-master-hack-ios_GM406889139.pdf",
        "https://eastwood.co.ke/uploaded_files/userfiles/files/cheats-in-pet-rnch-roblox_GM431946152.pdf",
        "https://eastwood.co.ke/uploaded_files/userfiles/files/roblox-hack-without-human-verification-and-survey_GM431946152.pdf",
        "https://eastwood.co.ke/uploaded_files/userfiles/files/roblox-game-free-download_GM431946152.pdf",
        "https://eastwood.co.ke/uploaded_files/userfiles/files/hack-para-obtener-robux-2021_GM431946152.pdf",
        "https://eastwood.co.ke/uploaded_files/userfiles/files/how-to-get-hacks-on-roblox_GM431946152.pdf",
        "https://eastwood.co.ke/uploaded_files/userfiles/files/how-to-hack-any-roblox-game-2021_GM431946152.pdf",
        "https://eastwood.co.ke/uploaded_files/userfiles/files/free-roblox-accounts-with-robux-2021_GM431946152.pdf",
        "https://eastwood.co.ke/uploaded_files/userfiles/files/free-robux-offer-walls_GM431946152.pdf",
        "https://eastwood.co.ke/uploaded_files/userfiles/files/coin-master-free-spins-through-coin-pop_GM406889139.pdf",
        "https://eastwood.co.ke/uploaded_files/userfiles/files/coin-master-hack-extension_GM406889139.pdf",
        "https://eastwood.co.ke/uploaded_files/userfiles/files/hack-coin-master-8-ball-pool_GM406889139.pdf",
        "https://eastwood.co.ke/uploaded_files/userfiles/files/coin-master-hack-apk-android_GM406889139.pdf"
    ],
    "regex_urls": [
        "http://netcdn.tw/app/431946152/roblox-script-hack-game-hack",
        "http://netcdn.tw/app/431946152/roblox-script-hack-game-hack",
        "https",
        "https",
        "https",
        "https",
        "https",
        "https",
        "https",
        "https",
        "https",
        "https",
        "https",
        "https",
        "https",
        "https",
        "https",
        "https",
        "https",
        "https",
        "https",
        "https"
    ],
    "scripts": {
        "iframe": [],
        "urls": []
    },
    "static_properties": {
        "JBIG2Decode": "0",
        "XML_forms": "0",
        "acro_form": "0",
        "auto_action": "0",
        "colors": "0",
        "cross_reference_table": "1",
        "embedded_files": "0",
        "file_size": "36",
        "java_script": "0",
        "js": "0",
        "launch_action": "0",
        "object_end": "55",
        "object_start": "55",
        "object_streams": "0",
        "open_action": "0",
        "page_count": "2",
        "rich_media": "0",
        "start_cross_reference_table": "1",
        "stream_end": "6",
        "stream_start": "6",
        "trailer_dictionary": "1"
    },
    "yara_signatures": [
        "without_attachments",
        "without_images",
        "with_urls",
        "invalid_trailer_structure",
        "contentis_base64"
    ]
}