{
    "exif_signatures": {},
    "file_size": 60187,
    "pdfid_signatures": {},
    "pypdf_uris": [
        "http://foaptoa.com/wb3?utm_term=qcm%20tissu%20cartilagineux%20pdf%20gratuit%20en%20ligne%20sur",
        "https://sifivavodotufat.weebly.com/uploads/1/4/2/1/142122679/xotesif_gowemot_fujapisogufax_jobabiw.pdf",
        "https://cosmetic.dilen.top/upload/files/37725999735.pdf",
        "https://mipapazuna.weebly.com/uploads/1/4/1/4/141421740/a5488a9b.pdf",
        "https://csam-villepinte.org/uploads/images/file/16014263719.pdf",
        "https://fetibafavi.weebly.com/uploads/1/3/0/7/130776688/7343861.pdf",
        "https://putomusozozor.weebly.com/uploads/1/3/4/3/134321488/kixofumesuf.pdf",
        "https://kabraclothingcorp.com/userfiles/file/tikiwipojiwikevaferaj.pdf",
        "http://babika.cz/data/files/41489596117.pdf",
        "https://mizefowoxeze.weebly.com/uploads/1/3/4/4/134485365/6e90130f2.pdf",
        "http://bagandpack.ru/wp-content/plugins/super-forms/uploads/php/files/551ae0865c214ca67503c3fc46c7d1c6/88128009301.pdf",
        "https://houstoncoinclub.org/FCKeditor/file/7850352733.pdf",
        "https://tiad-mtm.com/assets/admin/js/plugins/kcfinder/upload/files/dajidoxomuxenebozikolasa.pdf",
        "https://bifekanivixu.weebly.com/uploads/1/3/1/4/131408854/2880598.pdf",
        "https://pizisetokub.weebly.com/uploads/1/4/2/2/142289051/bevogexalu_zijibaduvufib_gepew_vagute.pdf",
        "https://web2019.dinamicsweb.com/admin/ckeditor/kcfinder/upload/files/95613756069.pdf",
        "http://wangguanhardware.com/userfiles/file/68796414337.pdf",
        "https://rexelasewejixe.weebly.com/uploads/1/4/1/5/141501927/fizijil.pdf",
        "https://limotesatax.weebly.com/uploads/1/3/1/8/131871768/bdecb1b00054d52.pdf"
    ],
    "regex_uris": [
        "http://foaptoa.com/wb3?utm_term=qcm%20tissu%20cartilagineux%20pdf%20gratuit%20en%20ligne%20sur",
        "https://sifivavodotufat.weebly.com/uploads/1/4/2/1/142122679/xotesif_gowemot_fujapisogufax_jobabiw.pdf",
        "https://cosmetic.dilen.top/upload/files/37725999735.pdf",
        "https://mipapazuna.weebly.com/uploads/1/4/1/4/141421740/a5488a9b.pdf",
        "https://csam-villepinte.org/uploads/images/file/16014263719.pdf",
        "https://fetibafavi.weebly.com/uploads/1/3/0/7/130776688/7343861.pdf",
        "https://putomusozozor.weebly.com/uploads/1/3/4/3/134321488/kixofumesuf.pdf",
        "https://kabraclothingcorp.com/userfiles/file/tikiwipojiwikevaferaj.pdf",
        "http://babika.cz/data/files/41489596117.pdf",
        "https://mizefowoxeze.weebly.com/uploads/1/3/4/4/134485365/6e90130f2.pdf",
        "http://bagandpack.ru/wp-content/plugins/super-forms/uploads/php/files/551ae0865c214ca67503c3fc46c7d1c6/88128009301.pdf",
        "https://houstoncoinclub.org/FCKeditor/file/7850352733.pdf",
        "https://tiad-mtm.com/assets/admin/js/plugins/kcfinder/upload/files/dajidoxomuxenebozikolasa.pdf",
        "https://bifekanivixu.weebly.com/uploads/1/3/1/4/131408854/2880598.pdf",
        "https://pizisetokub.weebly.com/uploads/1/4/2/2/142289051/bevogexalu_zijibaduvufib_gepew_vagute.pdf",
        "https://web2019.dinamicsweb.com/admin/ckeditor/kcfinder/upload/files/95613756069.pdf",
        "http://wangguanhardware.com/userfiles/file/68796414337.pdf",
        "https://rexelasewejixe.weebly.com/uploads/1/4/1/5/141501927/fizijil.pdf",
        "https://limotesatax.weebly.com/uploads/1/3/1/8/131871768/bdecb1b00054d52.pdf"
    ],
    "regex_urls": [
        "http://foaptoa.com/wb3?utm_term=qcm%20tissu%20cartilagineux%20pdf%20gratuit%20en%20ligne%20sur",
        "https",
        "https",
        "https",
        "https",
        "https",
        "https",
        "https",
        "http://babika.cz/data/files/41489596117.pdf",
        "https",
        "http://bagandpack.ru/wp-content/plugins/super-forms/uploads/php/files/551ae0865c214ca67503c3fc46c7d1c6/88128009301.pdf",
        "https",
        "https",
        "https",
        "https",
        "https",
        "http://wangguanhardware.com/userfiles/file/68796414337.pdf",
        "https",
        "https",
        "http://www.w3.org/1999/02/22-rdf-syntax-ns#",
        "http://purl.org/dc/elements/1.1/",
        "http://ns.adobe.com/pdf/1.3/",
        "http://ns.adobe.com/xap/1.0/",
        "http://ns.adobe.com/xap/1.0/mm/",
        "http://ns.adobe.com/xap/1.0/rights/"
    ],
    "scripts": {
        "iframe": [],
        "urls": []
    },
    "static_properties": {
        "JBIG2Decode": "0",
        "XML_forms": "0",
        "acro_form": "0",
        "auto_action": "0",
        "colors": "0",
        "cross_reference_table": "2",
        "embedded_files": "0",
        "file_size": "60",
        "java_script": "0",
        "js": "0",
        "launch_action": "0",
        "object_end": "53",
        "object_start": "53",
        "object_streams": "0",
        "open_action": "0",
        "page_count": "2",
        "rich_media": "0",
        "start_cross_reference_table": "2",
        "stream_end": "10",
        "stream_start": "10",
        "trailer_dictionary": "2"
    },
    "yara_signatures": [
        "without_attachments",
        "without_images",
        "with_urls",
        "invalid_trailer_structure",
        "multiple_versions",
        "contentis_base64",
        "Big_Numbers1"
    ]
}