{
    "exif_signatures": {},
    "file_size": 47116,
    "pdfid_signatures": {},
    "pypdf_uris": [
        "https://netcdn.xyz/app/406889139/coin-master-rewards-2021-game-hack",
        "https://netcdn.xyz/app/406889139/coin-master-rewards-2021-game-hack",
        "https://perpustakaan.stieppi.ac.id/repository/coin-master-free-rewards-link_GM406889139.pdf",
        "https://perpustakaan.stieppi.ac.id/repository/how-to-get-free-spins-on-coin-master-without-waiting_GM406889139.pdf",
        "https://perpustakaan.stieppi.ac.id/repository/how-to-get-free-coins-on-coin-master-2021_GM406889139.pdf",
        "https://perpustakaan.stieppi.ac.id/repository/free-robux-generator-no-human-verification-2021_GM431946152.pdf",
        "https://perpustakaan.stieppi.ac.id/repository/free-robux-without-verification_GM431946152.pdf",
        "https://perpustakaan.stieppi.ac.id/repository/como-hackear-coin-master-en-espaol_GM406889139.pdf",
        "https://perpustakaan.stieppi.ac.id/repository/free-robux-com_GM431946152.pdf",
        "https://perpustakaan.stieppi.ac.id/repository/hack-client_GM479516143.pdf",
        "https://perpustakaan.stieppi.ac.id/repository/get-more-free-spins-on-coin-master_GM406889139.pdf",
        "https://perpustakaan.stieppi.ac.id/repository/how-to-hack-roblox-for-robux_GM431946152.pdf",
        "https://perpustakaan.stieppi.ac.id/repository/coin-master-rewards-free-spins_GM406889139.pdf",
        "https://perpustakaan.stieppi.ac.id/repository/facebook-coin-master-hack_GM406889139.pdf",
        "https://perpustakaan.stieppi.ac.id/repository/easy-way-to-get-free-robux_GM431946152.pdf",
        "https://perpustakaan.stieppi.ac.id/repository/free-coin-master-spins-2021_GM406889139.pdf",
        "https://perpustakaan.stieppi.ac.id/repository/free-robux-giveaway_GM431946152.pdf",
        "https://perpustakaan.stieppi.ac.id/repository/roblox-hack-codes_GM431946152.pdf",
        "https://perpustakaan.stieppi.ac.id/repository/coin-master-free-spins-only_GM406889139.pdf",
        "https://perpustakaan.stieppi.ac.id/repository/optifine-pe_GM479516143.pdf",
        "https://perpustakaan.stieppi.ac.id/repository/how-to-get-roblox-premium-for-free-2021_GM431946152.pdf",
        "https://perpustakaan.stieppi.ac.id/repository/how-can-u-get-free-robux_GM431946152.pdf"
    ],
    "regex_uris": [
        "https://netcdn.xyz/app/406889139/coin-master-rewards-2021-game-hack",
        "https://netcdn.xyz/app/406889139/coin-master-rewards-2021-game-hack",
        "https://perpustakaan.stieppi.ac.id/repository/coin-master-free-rewards-link_GM406889139.pdf",
        "https://perpustakaan.stieppi.ac.id/repository/how-to-get-free-spins-on-coin-master-without-waiting_GM406889139.pdf",
        "https://perpustakaan.stieppi.ac.id/repository/how-to-get-free-coins-on-coin-master-2021_GM406889139.pdf",
        "https://perpustakaan.stieppi.ac.id/repository/free-robux-generator-no-human-verification-2021_GM431946152.pdf",
        "https://perpustakaan.stieppi.ac.id/repository/free-robux-without-verification_GM431946152.pdf",
        "https://perpustakaan.stieppi.ac.id/repository/como-hackear-coin-master-en-espaol_GM406889139.pdf",
        "https://perpustakaan.stieppi.ac.id/repository/free-robux-com_GM431946152.pdf",
        "https://perpustakaan.stieppi.ac.id/repository/hack-client_GM479516143.pdf",
        "https://perpustakaan.stieppi.ac.id/repository/get-more-free-spins-on-coin-master_GM406889139.pdf",
        "https://perpustakaan.stieppi.ac.id/repository/how-to-hack-roblox-for-robux_GM431946152.pdf",
        "https://perpustakaan.stieppi.ac.id/repository/coin-master-rewards-free-spins_GM406889139.pdf",
        "https://perpustakaan.stieppi.ac.id/repository/facebook-coin-master-hack_GM406889139.pdf",
        "https://perpustakaan.stieppi.ac.id/repository/easy-way-to-get-free-robux_GM431946152.pdf",
        "https://perpustakaan.stieppi.ac.id/repository/free-coin-master-spins-2021_GM406889139.pdf",
        "https://perpustakaan.stieppi.ac.id/repository/free-robux-giveaway_GM431946152.pdf",
        "https://perpustakaan.stieppi.ac.id/repository/roblox-hack-codes_GM431946152.pdf",
        "https://perpustakaan.stieppi.ac.id/repository/coin-master-free-spins-only_GM406889139.pdf",
        "https://perpustakaan.stieppi.ac.id/repository/optifine-pe_GM479516143.pdf",
        "https://perpustakaan.stieppi.ac.id/repository/how-to-get-roblox-premium-for-free-2021_GM431946152.pdf",
        "https://perpustakaan.stieppi.ac.id/repository/how-can-u-get-free-robux_GM431946152.pdf"
    ],
    "regex_urls": [
        "https",
        "https",
        "https",
        "https",
        "https",
        "https",
        "https",
        "https",
        "https",
        "https",
        "https",
        "https",
        "https",
        "https",
        "https",
        "https",
        "https",
        "https",
        "https",
        "https",
        "https",
        "https"
    ],
    "scripts": {
        "iframe": [],
        "urls": []
    },
    "static_properties": {
        "JBIG2Decode": "0",
        "XML_forms": "0",
        "acro_form": "0",
        "auto_action": "0",
        "colors": "0",
        "cross_reference_table": "1",
        "embedded_files": "0",
        "file_size": "47",
        "java_script": "0",
        "js": "0",
        "launch_action": "0",
        "object_end": "66",
        "object_start": "66",
        "object_streams": "0",
        "open_action": "0",
        "page_count": "3",
        "rich_media": "0",
        "start_cross_reference_table": "1",
        "stream_end": "9",
        "stream_start": "9",
        "trailer_dictionary": "1"
    },
    "yara_signatures": [
        "without_attachments",
        "without_images",
        "with_urls",
        "invalid_trailer_structure",
        "contentis_base64"
    ]
}