{
    "exif_signatures": {},
    "file_size": 46911,
    "pdfid_signatures": {},
    "pypdf_uris": [
        "https://netcdn.xyz/app/406889139/coin-master-free-spins-link-download-apk-game-hack",
        "https://netcdn.xyz/app/406889139/coin-master-free-spins-link-download-apk-game-hack",
        "http://lib.icbc-indonesia.org/repository/free-vip-roblox_GM431946152.pdf",
        "http://lib.icbc-indonesia.org/repository/get-free-coins-for-coin-master_GM406889139.pdf",
        "http://lib.icbc-indonesia.org//repository/free-robux-no-human-verification-or-survey-2021_GM431946152.pdf",
        "http://lib.icbc-indonesia.org//repository/free-coins-and-spins-for-coin-master_GM406889139.pdf",
        "http://lib.icbc-indonesia.org/repository/roblox-arsenal-hacks-download_GM431946152.pdf",
        "http://lib.icbc-indonesia.org/repository/coin-master-hack-without-verification-2021_GM406889139.pdf",
        "http://lib.icbc-indonesia.org/repository/coin-master-hack-tool-v1-9-download-free-pc_GM406889139.pdf",
        "http://lib.icbc-indonesia.org//repository/minecraft-apk-114-4_GM479516143.pdf",
        "http://lib.icbc-indonesia.org/repository/free-robux-codes-no-verification_GM431946152.pdf",
        "http://lib.icbc-indonesia.org/repository/minecraft-pocket-edition-hack_GM479516143.pdf",
        "http://lib.icbc-indonesia.org/repository/coin-master-free-spins-1701-20_GM406889139.pdf",
        "http://lib.icbc-indonesia.org/repository/coin-master-hack-pc-2021_GM406889139.pdf",
        "http://lib.icbc-indonesia.org/repository/hack-coin-master-free_GM406889139.pdf",
        "http://lib.icbc-indonesia.org//repository/free-robux-reddit_GM431946152.pdf",
        "http://lib.icbc-indonesia.org//repository/bloxpage-free-robux_GM431946152.pdf",
        "http://lib.icbc-indonesia.org//repository/free-roblox-accounts-with-robux-that-work-not-banned_GM431946152.pdf",
        "http://lib.icbc-indonesia.org//repository/coin-master-hack-online-generator_GM406889139.pdf",
        "http://lib.icbc-indonesia.org//repository/coin-master-free-spin-and-coin-link-today_GM406889139.pdf",
        "http://lib.icbc-indonesia.org/repository/daily-free-spins-coin-master_GM406889139.pdf",
        "http://lib.icbc-indonesia.org/repository/coin-master-free-spins-uk_GM406889139.pdf"
    ],
    "regex_uris": [
        "https://netcdn.xyz/app/406889139/coin-master-free-spins-link-download-apk-game-hack",
        "https://netcdn.xyz/app/406889139/coin-master-free-spins-link-download-apk-game-hack",
        "http://lib.icbc-indonesia.org/repository/free-vip-roblox_GM431946152.pdf",
        "http://lib.icbc-indonesia.org/repository/get-free-coins-for-coin-master_GM406889139.pdf",
        "http://lib.icbc-indonesia.org//repository/free-robux-no-human-verification-or-survey-2021_GM431946152.pdf",
        "http://lib.icbc-indonesia.org//repository/free-coins-and-spins-for-coin-master_GM406889139.pdf",
        "http://lib.icbc-indonesia.org/repository/roblox-arsenal-hacks-download_GM431946152.pdf",
        "http://lib.icbc-indonesia.org/repository/coin-master-hack-without-verification-2021_GM406889139.pdf",
        "http://lib.icbc-indonesia.org/repository/coin-master-hack-tool-v1-9-download-free-pc_GM406889139.pdf",
        "http://lib.icbc-indonesia.org//repository/minecraft-apk-114-4_GM479516143.pdf",
        "http://lib.icbc-indonesia.org/repository/free-robux-codes-no-verification_GM431946152.pdf",
        "http://lib.icbc-indonesia.org/repository/minecraft-pocket-edition-hack_GM479516143.pdf",
        "http://lib.icbc-indonesia.org/repository/coin-master-free-spins-1701-20_GM406889139.pdf",
        "http://lib.icbc-indonesia.org/repository/coin-master-hack-pc-2021_GM406889139.pdf",
        "http://lib.icbc-indonesia.org/repository/hack-coin-master-free_GM406889139.pdf",
        "http://lib.icbc-indonesia.org//repository/free-robux-reddit_GM431946152.pdf",
        "http://lib.icbc-indonesia.org//repository/bloxpage-free-robux_GM431946152.pdf",
        "http://lib.icbc-indonesia.org//repository/free-roblox-accounts-with-robux-that-work-not-banned_GM431946152.pdf",
        "http://lib.icbc-indonesia.org//repository/coin-master-hack-online-generator_GM406889139.pdf",
        "http://lib.icbc-indonesia.org//repository/coin-master-free-spin-and-coin-link-today_GM406889139.pdf",
        "http://lib.icbc-indonesia.org/repository/daily-free-spins-coin-master_GM406889139.pdf",
        "http://lib.icbc-indonesia.org/repository/coin-master-free-spins-uk_GM406889139.pdf"
    ],
    "regex_urls": [
        "https",
        "https",
        "http://lib.icbc-indonesia.org/repository/free-vip-roblox_GM431946152.pdf",
        "http://lib.icbc-indonesia.org/repository/get-free-coins-for-coin-master_GM406889139.pdf",
        "http://lib.icbc-indonesia.org//repository/free-robux-no-human-verification-or-survey-2021_GM431946152.pdf",
        "http://lib.icbc-indonesia.org//repository/free-coins-and-spins-for-coin-master_GM406889139.pdf",
        "http://lib.icbc-indonesia.org/repository/roblox-arsenal-hacks-download_GM431946152.pdf",
        "http://lib.icbc-indonesia.org/repository/coin-master-hack-without-verification-2021_GM406889139.pdf",
        "http://lib.icbc-indonesia.org/repository/coin-master-hack-tool-v1-9-download-free-pc_GM406889139.pdf",
        "http://lib.icbc-indonesia.org//repository/minecraft-apk-114-4_GM479516143.pdf",
        "http://lib.icbc-indonesia.org/repository/free-robux-codes-no-verification_GM431946152.pdf",
        "http://lib.icbc-indonesia.org/repository/minecraft-pocket-edition-hack_GM479516143.pdf",
        "http://lib.icbc-indonesia.org/repository/coin-master-free-spins-1701-20_GM406889139.pdf",
        "http://lib.icbc-indonesia.org/repository/coin-master-hack-pc-2021_GM406889139.pdf",
        "http://lib.icbc-indonesia.org/repository/hack-coin-master-free_GM406889139.pdf",
        "http://lib.icbc-indonesia.org//repository/free-robux-reddit_GM431946152.pdf",
        "http://lib.icbc-indonesia.org//repository/bloxpage-free-robux_GM431946152.pdf",
        "http://lib.icbc-indonesia.org//repository/free-roblox-accounts-with-robux-that-work-not-banned_GM431946152.pdf",
        "http://lib.icbc-indonesia.org//repository/coin-master-hack-online-generator_GM406889139.pdf",
        "http://lib.icbc-indonesia.org//repository/coin-master-free-spin-and-coin-link-today_GM406889139.pdf",
        "http://lib.icbc-indonesia.org/repository/daily-free-spins-coin-master_GM406889139.pdf",
        "http://lib.icbc-indonesia.org/repository/coin-master-free-spins-uk_GM406889139.pdf"
    ],
    "scripts": {
        "iframe": [],
        "urls": []
    },
    "static_properties": {
        "JBIG2Decode": "0",
        "XML_forms": "0",
        "acro_form": "0",
        "auto_action": "0",
        "colors": "0",
        "cross_reference_table": "1",
        "embedded_files": "0",
        "file_size": "47",
        "java_script": "0",
        "js": "0",
        "launch_action": "0",
        "object_end": "66",
        "object_start": "66",
        "object_streams": "0",
        "open_action": "0",
        "page_count": "3",
        "rich_media": "0",
        "start_cross_reference_table": "1",
        "stream_end": "9",
        "stream_start": "9",
        "trailer_dictionary": "1"
    },
    "yara_signatures": [
        "without_attachments",
        "without_images",
        "with_urls",
        "invalid_trailer_structure",
        "contentis_base64"
    ]
}