{
    "exif_signatures": {},
    "file_size": 37490,
    "pdfid_signatures": {},
    "pypdf_uris": [
        "http://netcdn.tw/app/406889139/coin-master-update-2021-game-hack",
        "http://netcdn.tw/app/406889139/coin-master-update-2021-game-hack",
        "https://elearning.mts-sukaramaiatas.sch.id/__statics/gudangsoal/files/minecraft-survival-hacks_GM479516143.pdf",
        "https://elearning.mts-sukaramaiatas.sch.id/__statics/gudangsoal/files/is-there-a-way-to-get-free-robux_GM431946152.pdf",
        "https://elearning.mts-sukaramaiatas.sch.id/__statics/gudangsoal/files/roblox-free-pants_GM431946152.pdf",
        "https://elearning.mts-sukaramaiatas.sch.id/__statics/gudangsoal/files/coin-master-free-daily-spins-link-2021_GM406889139.pdf",
        "https://elearning.mts-sukaramaiatas.sch.id/__statics/gudangsoal/files/real-roblox-hack_GM431946152.pdf",
        "https://elearning.mts-sukaramaiatas.sch.id/__statics/gudangsoal/files/20210-robux_GM431946152.pdf",
        "https://elearning.mts-sukaramaiatas.sch.id/__statics/gudangsoal/files/coin-master-links-free-spins_GM406889139.pdf",
        "https://elearning.mts-sukaramaiatas.sch.id/__statics/gudangsoal/files/minecraft-iphone-free_GM479516143.pdf",
        "https://elearning.mts-sukaramaiatas.sch.id/__statics/gudangsoal/files/roblox-speed-hack-download_GM431946152.pdf",
        "https://elearning.mts-sukaramaiatas.sch.id/__statics/gudangsoal/files/roblox-hack-generator_GM431946152.pdf",
        "https://elearning.mts-sukaramaiatas.sch.id/__statics/gudangsoal/files/lifting-simulator-roblox-cheat_GM431946152.pdf",
        "https://elearning.mts-sukaramaiatas.sch.id/__statics/gudangsoal/files/free-robux-generator-without-human-verification_GM431946152.pdf",
        "https://elearning.mts-sukaramaiatas.sch.id/__statics/gudangsoal/files/oprewards-robux_GM431946152.pdf",
        "https://elearning.mts-sukaramaiatas.sch.id/__statics/gudangsoal/files/coin-master-free-spin-app-iphone_GM406889139.pdf",
        "https://elearning.mts-sukaramaiatas.sch.id/__statics/gudangsoal/files/free-roblox-on-chrome_GM431946152.pdf",
        "https://elearning.mts-sukaramaiatas.sch.id/__statics/gudangsoal/files/free-shields-coin-master_GM406889139.pdf",
        "https://elearning.mts-sukaramaiatas.sch.id/__statics/gudangsoal/files/free-tiktok-fans-and-likes_GM835599320.pdf",
        "https://elearning.mts-sukaramaiatas.sch.id/__statics/gudangsoal/files/mine-minecraft-games-for-free_GM479516143.pdf",
        "https://elearning.mts-sukaramaiatas.sch.id/__statics/gudangsoal/files/roblox-cruise-ship-tycoon-cheats_GM431946152.pdf",
        "https://elearning.mts-sukaramaiatas.sch.id/__statics/gudangsoal/files/how-to-download-minecraft-java-edition-for-free_GM479516143.pdf"
    ],
    "regex_uris": [
        "http://netcdn.tw/app/406889139/coin-master-update-2021-game-hack",
        "http://netcdn.tw/app/406889139/coin-master-update-2021-game-hack",
        "https://elearning.mts-sukaramaiatas.sch.id/__statics/gudangsoal/files/minecraft-survival-hacks_GM479516143.pdf",
        "https://elearning.mts-sukaramaiatas.sch.id/__statics/gudangsoal/files/is-there-a-way-to-get-free-robux_GM431946152.pdf",
        "https://elearning.mts-sukaramaiatas.sch.id/__statics/gudangsoal/files/roblox-free-pants_GM431946152.pdf",
        "https://elearning.mts-sukaramaiatas.sch.id/__statics/gudangsoal/files/coin-master-free-daily-spins-link-2021_GM406889139.pdf",
        "https://elearning.mts-sukaramaiatas.sch.id/__statics/gudangsoal/files/real-roblox-hack_GM431946152.pdf",
        "https://elearning.mts-sukaramaiatas.sch.id/__statics/gudangsoal/files/20210-robux_GM431946152.pdf",
        "https://elearning.mts-sukaramaiatas.sch.id/__statics/gudangsoal/files/coin-master-links-free-spins_GM406889139.pdf",
        "https://elearning.mts-sukaramaiatas.sch.id/__statics/gudangsoal/files/minecraft-iphone-free_GM479516143.pdf",
        "https://elearning.mts-sukaramaiatas.sch.id/__statics/gudangsoal/files/roblox-speed-hack-download_GM431946152.pdf",
        "https://elearning.mts-sukaramaiatas.sch.id/__statics/gudangsoal/files/roblox-hack-generator_GM431946152.pdf",
        "https://elearning.mts-sukaramaiatas.sch.id/__statics/gudangsoal/files/lifting-simulator-roblox-cheat_GM431946152.pdf",
        "https://elearning.mts-sukaramaiatas.sch.id/__statics/gudangsoal/files/free-robux-generator-without-human-verification_GM431946152.pdf",
        "https://elearning.mts-sukaramaiatas.sch.id/__statics/gudangsoal/files/oprewards-robux_GM431946152.pdf",
        "https://elearning.mts-sukaramaiatas.sch.id/__statics/gudangsoal/files/coin-master-free-spin-app-iphone_GM406889139.pdf",
        "https://elearning.mts-sukaramaiatas.sch.id/__statics/gudangsoal/files/free-roblox-on-chrome_GM431946152.pdf",
        "https://elearning.mts-sukaramaiatas.sch.id/__statics/gudangsoal/files/free-shields-coin-master_GM406889139.pdf",
        "https://elearning.mts-sukaramaiatas.sch.id/__statics/gudangsoal/files/free-tiktok-fans-and-likes_GM835599320.pdf",
        "https://elearning.mts-sukaramaiatas.sch.id/__statics/gudangsoal/files/mine-minecraft-games-for-free_GM479516143.pdf",
        "https://elearning.mts-sukaramaiatas.sch.id/__statics/gudangsoal/files/roblox-cruise-ship-tycoon-cheats_GM431946152.pdf",
        "https://elearning.mts-sukaramaiatas.sch.id/__statics/gudangsoal/files/how-to-download-minecraft-java-edition-for-free_GM479516143.pdf"
    ],
    "regex_urls": [
        "http://netcdn.tw/app/406889139/coin-master-update-2021-game-hack",
        "http://netcdn.tw/app/406889139/coin-master-update-2021-game-hack",
        "https",
        "https",
        "https",
        "https",
        "https",
        "https",
        "https",
        "https",
        "https",
        "https",
        "https",
        "https",
        "https",
        "https",
        "https",
        "https",
        "https",
        "https",
        "https",
        "https"
    ],
    "scripts": {
        "iframe": [],
        "urls": []
    },
    "static_properties": {
        "JBIG2Decode": "0",
        "XML_forms": "0",
        "acro_form": "0",
        "auto_action": "0",
        "colors": "0",
        "cross_reference_table": "1",
        "embedded_files": "0",
        "file_size": "37",
        "java_script": "0",
        "js": "0",
        "launch_action": "0",
        "object_end": "55",
        "object_start": "55",
        "object_streams": "0",
        "open_action": "0",
        "page_count": "2",
        "rich_media": "0",
        "start_cross_reference_table": "1",
        "stream_end": "6",
        "stream_start": "6",
        "trailer_dictionary": "1"
    },
    "yara_signatures": [
        "without_attachments",
        "without_images",
        "with_urls",
        "invalid_trailer_structure",
        "contentis_base64"
    ]
}