{
    "exif_signatures": {},
    "file_size": 90374,
    "pdfid_signatures": {},
    "pypdf_uris": [
        "http://getpdf.pw/book?res=123&isbn=9780268008987&kwd=Don%20McNeill%20and%20His%20Breakfast%20Club",
        "http://getpdf.pw/book?res=123&isbn=9780268008987&kwd=Don%20McNeill%20and%20His%20Breakfast%20Club",
        "https://static.s123-cdn-static-b.com/uploads/4665630/normal_61b3767ef32d3.pdf",
        "https://uploads.strikinglycdn.com/files/5a708923-4f74-4445-afc7-8f14bd7a9747/the-monkey-who-ate-meatballs-22.pdf"
    ],
    "regex_uris": [
        "http://getpdf.pw/book?res=123&isbn=9780268008987&kwd=Don%20McNeill%20and%20His%20Breakfast%20Club",
        "http://getpdf.pw/book?res=123&isbn=9780268008987&kwd=Don%20McNeill%20and%20His%20Breakfast%20Club",
        "https://static.s123-cdn-static-b.com/uploads/4665630/normal_61b3767ef32d3.pdf",
        "https://uploads.strikinglycdn.com/files/5a708923-4f74-4445-afc7-8f14bd7a9747/the-monkey-who-ate-meatballs-22.pdf"
    ],
    "regex_urls": [
        "http://getpdf.pw/book?res=123",
        "http://getpdf.pw/book?res=123",
        "https",
        "https"
    ],
    "scripts": {
        "iframe": [],
        "urls": []
    },
    "static_properties": {
        "JBIG2Decode": "0",
        "XML_forms": "0",
        "acro_form": "0",
        "auto_action": "0",
        "colors": "0",
        "cross_reference_table": "1",
        "embedded_files": "0",
        "file_size": "90",
        "java_script": "0",
        "js": "0",
        "launch_action": "0",
        "object_end": "59",
        "object_start": "59",
        "object_streams": "0",
        "open_action": "0",
        "page_count": "4",
        "rich_media": "0",
        "start_cross_reference_table": "1",
        "stream_end": "11",
        "stream_start": "11",
        "trailer_dictionary": "1"
    },
    "yara_signatures": [
        "without_attachments",
        "without_images",
        "with_urls",
        "invalid_trailer_structure",
        "contentis_base64"
    ]
}