{
    "exif_signatures": {},
    "file_size": 35362,
    "pdfid_signatures": {},
    "pypdf_uris": [
        "http://netcdn.tw/app/406889139/hack-coin-master-for-free-game-hack",
        "http://netcdn.tw/app/406889139/hack-coin-master-for-free-game-hack",
        "http://empresa-venta.hr/files/how-to-hack-into-vip-servers-roblox_GM431946152.pdf",
        "http://empresa-venta.hr/files/how-to-hack-da-hood-roblox_GM431946152.pdf",
        "http://empresa-venta.hr/files/hack-roblox-galaxy-itan_GM431946152.pdf",
        "http://empresa-venta.hr/files/free-robux-no-survey-no-download-no-offers_GM431946152.pdf",
        "http://empresa-venta.hr/files/coin-master-hack-without-human-verification-2021_GM406889139.pdf",
        "http://empresa-venta.hr/files/free-account-roblox-2021_GM431946152.pdf",
        "http://empresa-venta.hr/files/free-rare-cards-for-coin-master-christmas_GM406889139.pdf",
        "http://empresa-venta.hr/files/free-roblox-accounts-with-robux-that-work-2021_GM431946152.pdf",
        "http://empresa-venta.hr/files/free-links-for-free-coins-and-spins-for-coin-master_GM406889139.pdf",
        "http://empresa-venta.hr/files/how-to-hack-roblox-to-get-robux_GM431946152.pdf",
        "http://empresa-venta.hr/files/coin-master-free-spin-today_GM406889139.pdf",
        "http://empresa-venta.hr/files/free-tiktok-likes-no-survey_GM835599320.pdf",
        "http://empresa-venta.hr/files/free-spins-and-coins-for-coin-master-game_GM406889139.pdf",
        "http://empresa-venta.hr/files/coin-and-spin-link_GM406889139.pdf",
        "http://empresa-venta.hr/files/hacked-roblox-accounts-list_GM431946152.pdf",
        "http://empresa-venta.hr/files/hack-script-boku-no-roblox-remastered_GM431946152.pdf",
        "http://empresa-venta.hr/files/roblox-speed-hack-for-pc_GM431946152.pdf",
        "http://empresa-venta.hr/files/coin-master-free-spins-link-blogspot_GM406889139.pdf",
        "http://empresa-venta.hr/files/roblox-mm2-cheat-engine_GM431946152.pdf",
        "http://empresa-venta.hr/files/clean-master-hack-coins_GM406889139.pdf"
    ],
    "regex_uris": [
        "http://netcdn.tw/app/406889139/hack-coin-master-for-free-game-hack",
        "http://netcdn.tw/app/406889139/hack-coin-master-for-free-game-hack",
        "http://empresa-venta.hr/files/how-to-hack-into-vip-servers-roblox_GM431946152.pdf",
        "http://empresa-venta.hr/files/how-to-hack-da-hood-roblox_GM431946152.pdf",
        "http://empresa-venta.hr/files/hack-roblox-galaxy-itan_GM431946152.pdf",
        "http://empresa-venta.hr/files/free-robux-no-survey-no-download-no-offers_GM431946152.pdf",
        "http://empresa-venta.hr/files/coin-master-hack-without-human-verification-2021_GM406889139.pdf",
        "http://empresa-venta.hr/files/free-account-roblox-2021_GM431946152.pdf",
        "http://empresa-venta.hr/files/free-rare-cards-for-coin-master-christmas_GM406889139.pdf",
        "http://empresa-venta.hr/files/free-roblox-accounts-with-robux-that-work-2021_GM431946152.pdf",
        "http://empresa-venta.hr/files/free-links-for-free-coins-and-spins-for-coin-master_GM406889139.pdf",
        "http://empresa-venta.hr/files/how-to-hack-roblox-to-get-robux_GM431946152.pdf",
        "http://empresa-venta.hr/files/coin-master-free-spin-today_GM406889139.pdf",
        "http://empresa-venta.hr/files/free-tiktok-likes-no-survey_GM835599320.pdf",
        "http://empresa-venta.hr/files/free-spins-and-coins-for-coin-master-game_GM406889139.pdf",
        "http://empresa-venta.hr/files/coin-and-spin-link_GM406889139.pdf",
        "http://empresa-venta.hr/files/hacked-roblox-accounts-list_GM431946152.pdf",
        "http://empresa-venta.hr/files/hack-script-boku-no-roblox-remastered_GM431946152.pdf",
        "http://empresa-venta.hr/files/roblox-speed-hack-for-pc_GM431946152.pdf",
        "http://empresa-venta.hr/files/coin-master-free-spins-link-blogspot_GM406889139.pdf",
        "http://empresa-venta.hr/files/roblox-mm2-cheat-engine_GM431946152.pdf",
        "http://empresa-venta.hr/files/clean-master-hack-coins_GM406889139.pdf"
    ],
    "regex_urls": [
        "http://netcdn.tw/app/406889139/hack-coin-master-for-free-game-hack",
        "http://netcdn.tw/app/406889139/hack-coin-master-for-free-game-hack",
        "http://empresa-venta.hr/files/how-to-hack-into-vip-servers-roblox_GM431946152.pdf",
        "http://empresa-venta.hr/files/how-to-hack-da-hood-roblox_GM431946152.pdf",
        "http://empresa-venta.hr/files/hack-roblox-galaxy-itan_GM431946152.pdf",
        "http://empresa-venta.hr/files/free-robux-no-survey-no-download-no-offers_GM431946152.pdf",
        "http://empresa-venta.hr/files/coin-master-hack-without-human-verification-2021_GM406889139.pdf",
        "http://empresa-venta.hr/files/free-account-roblox-2021_GM431946152.pdf",
        "http://empresa-venta.hr/files/free-rare-cards-for-coin-master-christmas_GM406889139.pdf",
        "http://empresa-venta.hr/files/free-roblox-accounts-with-robux-that-work-2021_GM431946152.pdf",
        "http://empresa-venta.hr/files/free-links-for-free-coins-and-spins-for-coin-master_GM406889139.pdf",
        "http://empresa-venta.hr/files/how-to-hack-roblox-to-get-robux_GM431946152.pdf",
        "http://empresa-venta.hr/files/coin-master-free-spin-today_GM406889139.pdf",
        "http://empresa-venta.hr/files/free-tiktok-likes-no-survey_GM835599320.pdf",
        "http://empresa-venta.hr/files/free-spins-and-coins-for-coin-master-game_GM406889139.pdf",
        "http://empresa-venta.hr/files/coin-and-spin-link_GM406889139.pdf",
        "http://empresa-venta.hr/files/hacked-roblox-accounts-list_GM431946152.pdf",
        "http://empresa-venta.hr/files/hack-script-boku-no-roblox-remastered_GM431946152.pdf",
        "http://empresa-venta.hr/files/roblox-speed-hack-for-pc_GM431946152.pdf",
        "http://empresa-venta.hr/files/coin-master-free-spins-link-blogspot_GM406889139.pdf",
        "http://empresa-venta.hr/files/roblox-mm2-cheat-engine_GM431946152.pdf",
        "http://empresa-venta.hr/files/clean-master-hack-coins_GM406889139.pdf"
    ],
    "scripts": {
        "iframe": [],
        "urls": []
    },
    "static_properties": {
        "JBIG2Decode": "0",
        "XML_forms": "0",
        "acro_form": "0",
        "auto_action": "0",
        "colors": "0",
        "cross_reference_table": "1",
        "embedded_files": "0",
        "file_size": "35",
        "java_script": "0",
        "js": "0",
        "launch_action": "0",
        "object_end": "55",
        "object_start": "55",
        "object_streams": "0",
        "open_action": "0",
        "page_count": "2",
        "rich_media": "0",
        "start_cross_reference_table": "1",
        "stream_end": "6",
        "stream_start": "6",
        "trailer_dictionary": "1"
    },
    "yara_signatures": [
        "without_attachments",
        "without_images",
        "with_urls",
        "invalid_trailer_structure",
        "contentis_base64"
    ]
}