{
    "exif_signatures": {},
    "file_size": 34450,
    "pdfid_signatures": {},
    "pypdf_uris": [
        "http://netcdn.tw/app/431946152/blox-world-free-robux-game-hack",
        "http://netcdn.tw/app/431946152/blox-world-free-robux-game-hack",
        "http://mbbs.hr/files/free-spins-and-coins-com_GM406889139.pdf",
        "https://mbbs.hr/files/coin-master-hack-2021-apk-download_GM406889139.pdf",
        "http://mbbs.hr/files/free-robux-codes-generator_GM431946152.pdf",
        "https://mbbs.hr/files/como-hackear-roblox-y-tener-robux-gratis_GM431946152.pdf",
        "https://mbbs.hr/files/games-that-give-you-free-robux_GM431946152.pdf",
        "https://mbbs.hr/files/free-bubbly-animation-roblox_GM431946152.pdf",
        "http://mbbs.hr/files/coin-master-free-spin-codes_GM406889139.pdf",
        "http://mbbs.hr/files/minecraft-bedrock-edition-download-pc-free_GM479516143.pdf",
        "http://mbbs.hr/files/bux-free-robux_GM431946152.pdf",
        "https://mbbs.hr/files/getbucks-com-free-robux_GM431946152.pdf",
        "http://mbbs.hr/files/pubg-uc-10-rs_GM1330123889.pdf",
        "https://mbbs.hr/files/rhs-money-hacks-roblox_GM431946152.pdf",
        "http://mbbs.hr/files/free-coins-coin-master-blog_GM406889139.pdf",
        "http://mbbs.hr/files/roblox-sans-shirt-free_GM431946152.pdf",
        "http://mbbs.hr/files/how-to-get-free-robux-for-free_GM431946152.pdf",
        "https://mbbs.hr/files/roblox-adopt-me-hacks-2021_GM431946152.pdf",
        "http://mbbs.hr/files/how-to-hack-someones-roblox-account-2021_GM431946152.pdf",
        "http://mbbs.hr/files/new-roblox-hack-2021_GM431946152.pdf",
        "https://mbbs.hr/files/hack-portal-heroes-roblox_GM431946152.pdf",
        "http://mbbs.hr/files/free-robux-free-cards_GM431946152.pdf"
    ],
    "regex_uris": [
        "http://netcdn.tw/app/431946152/blox-world-free-robux-game-hack",
        "http://netcdn.tw/app/431946152/blox-world-free-robux-game-hack",
        "http://mbbs.hr/files/free-spins-and-coins-com_GM406889139.pdf",
        "https://mbbs.hr/files/coin-master-hack-2021-apk-download_GM406889139.pdf",
        "http://mbbs.hr/files/free-robux-codes-generator_GM431946152.pdf",
        "https://mbbs.hr/files/como-hackear-roblox-y-tener-robux-gratis_GM431946152.pdf",
        "https://mbbs.hr/files/games-that-give-you-free-robux_GM431946152.pdf",
        "https://mbbs.hr/files/free-bubbly-animation-roblox_GM431946152.pdf",
        "http://mbbs.hr/files/coin-master-free-spin-codes_GM406889139.pdf",
        "http://mbbs.hr/files/minecraft-bedrock-edition-download-pc-free_GM479516143.pdf",
        "http://mbbs.hr/files/bux-free-robux_GM431946152.pdf",
        "https://mbbs.hr/files/getbucks-com-free-robux_GM431946152.pdf",
        "http://mbbs.hr/files/pubg-uc-10-rs_GM1330123889.pdf",
        "https://mbbs.hr/files/rhs-money-hacks-roblox_GM431946152.pdf",
        "http://mbbs.hr/files/free-coins-coin-master-blog_GM406889139.pdf",
        "http://mbbs.hr/files/roblox-sans-shirt-free_GM431946152.pdf",
        "http://mbbs.hr/files/how-to-get-free-robux-for-free_GM431946152.pdf",
        "https://mbbs.hr/files/roblox-adopt-me-hacks-2021_GM431946152.pdf",
        "http://mbbs.hr/files/how-to-hack-someones-roblox-account-2021_GM431946152.pdf",
        "http://mbbs.hr/files/new-roblox-hack-2021_GM431946152.pdf",
        "https://mbbs.hr/files/hack-portal-heroes-roblox_GM431946152.pdf",
        "http://mbbs.hr/files/free-robux-free-cards_GM431946152.pdf"
    ],
    "regex_urls": [
        "http://netcdn.tw/app/431946152/blox-world-free-robux-game-hack",
        "http://netcdn.tw/app/431946152/blox-world-free-robux-game-hack",
        "http://mbbs.hr/files/free-spins-and-coins-com_GM406889139.pdf",
        "https",
        "http://mbbs.hr/files/free-robux-codes-generator_GM431946152.pdf",
        "https",
        "https",
        "https",
        "http://mbbs.hr/files/coin-master-free-spin-codes_GM406889139.pdf",
        "http://mbbs.hr/files/minecraft-bedrock-edition-download-pc-free_GM479516143.pdf",
        "http://mbbs.hr/files/bux-free-robux_GM431946152.pdf",
        "https",
        "http://mbbs.hr/files/pubg-uc-10-rs_GM1330123889.pdf",
        "https",
        "http://mbbs.hr/files/free-coins-coin-master-blog_GM406889139.pdf",
        "http://mbbs.hr/files/roblox-sans-shirt-free_GM431946152.pdf",
        "http://mbbs.hr/files/how-to-get-free-robux-for-free_GM431946152.pdf",
        "https",
        "http://mbbs.hr/files/how-to-hack-someones-roblox-account-2021_GM431946152.pdf",
        "http://mbbs.hr/files/new-roblox-hack-2021_GM431946152.pdf",
        "https",
        "http://mbbs.hr/files/free-robux-free-cards_GM431946152.pdf"
    ],
    "scripts": {
        "iframe": [],
        "urls": []
    },
    "static_properties": {
        "JBIG2Decode": "0",
        "XML_forms": "0",
        "acro_form": "0",
        "auto_action": "0",
        "colors": "0",
        "cross_reference_table": "1",
        "embedded_files": "0",
        "file_size": "34",
        "java_script": "0",
        "js": "0",
        "launch_action": "0",
        "object_end": "55",
        "object_start": "55",
        "object_streams": "0",
        "open_action": "0",
        "page_count": "2",
        "rich_media": "0",
        "start_cross_reference_table": "1",
        "stream_end": "6",
        "stream_start": "6",
        "trailer_dictionary": "1"
    },
    "yara_signatures": [
        "without_attachments",
        "without_images",
        "with_urls",
        "invalid_trailer_structure",
        "contentis_base64"
    ]
}