{
    "exif_signatures": {},
    "file_size": 176939,
    "pdfid_signatures": {},
    "pypdf_uris": [
        "https://oniceh.ru/uplcv?utm_term=rpg+maker+mv+snow+tileset",
        "http://escolacaritas.com/wp-content/plugins/formcraft/file-upload/server/content/files/1617c3075c9571---lujaxufutimodovagemok.pdf",
        "http://life-worldwide.org/assets/uploads/files/59780653690.pdf",
        "https://qian-ho.com/upfiles/editor/files/75853945515.pdf",
        "https://mehfermobilsaglik.com/userfiles/file/xufumegod.pdf",
        "https://superpart.com/files/1430212556.pdf",
        "http://macautemple.com/userfiles/file/38274849351.pdf",
        "http://www.cuerpomenteyespiritu.es/wp-content/plugins/formcraft/file-upload/server/content/files/161a6770337e12---55357633586.pdf",
        "https://shiokuda2.com/contents/files/1602382617.pdf",
        "http://kozhencherrymtc.org/userfiles/file/kafupudu.pdf",
        "http://matsusushionline.com/uploads/files/47455276803.pdf",
        "https://quizai.com/uploads/files/20562865873.pdf",
        "http://jdjcnc.com/upfolder/e/files/20211008153838.pdf",
        "http://classtool.info/upload/files/kovuvewafobonine.pdf",
        "http://gongotour.com/FileData/ckfinder/files/20211014_AF28069D5418423E.pdf",
        "http://technology-mp.it/userfiles/files/65854203779.pdf",
        "http://montereypark.kopanramen.com/uploads/files/87765258433.pdf",
        "https://uaqbakery.com/wp-content/plugins/formcraft/file-upload/server/content/files/1618624c9b79ec---45874189385.pdf",
        "https://branches.armz.ru/media/File/8355651900.pdf",
        "https://zhansq.cn/upload/file/74546738707.pdf",
        "http://compsult.net/userfiles/file/67169819877.pdf",
        "http://infinity-pro.ru/userfiles/file/rorumogebelilod.pdf",
        "http://alituncer.net/userfiles/file/gidudijesopepavegujiwire.pdf",
        "http://orikon.net/Images_upload/files/pofemozuvefeponutoka.pdf"
    ],
    "regex_uris": [
        "https://oniceh.ru/uplcv?utm_term=rpg+maker+mv+snow+tileset",
        "http://escolacaritas.com/wp-content/plugins/formcraft/file-upload/server/content/files/1617c3075c9571---lujaxufutimodovagemok.pdf",
        "http://life-worldwide.org/assets/uploads/files/59780653690.pdf",
        "https://qian-ho.com/upfiles/editor/files/75853945515.pdf",
        "https://mehfermobilsaglik.com/userfiles/file/xufumegod.pdf",
        "https://superpart.com/files/1430212556.pdf",
        "http://macautemple.com/userfiles/file/38274849351.pdf",
        "http://www.cuerpomenteyespiritu.es/wp-content/plugins/formcraft/file-upload/server/content/files/161a6770337e12---55357633586.pdf",
        "https://shiokuda2.com/contents/files/1602382617.pdf",
        "http://kozhencherrymtc.org/userfiles/file/kafupudu.pdf",
        "http://matsusushionline.com/uploads/files/47455276803.pdf",
        "https://quizai.com/uploads/files/20562865873.pdf",
        "http://jdjcnc.com/upfolder/e/files/20211008153838.pdf",
        "http://classtool.info/upload/files/kovuvewafobonine.pdf",
        "http://gongotour.com/FileData/ckfinder/files/20211014_AF28069D5418423E.pdf",
        "http://technology-mp.it/userfiles/files/65854203779.pdf",
        "http://montereypark.kopanramen.com/uploads/files/87765258433.pdf",
        "https://uaqbakery.com/wp-content/plugins/formcraft/file-upload/server/content/files/1618624c9b79ec---45874189385.pdf",
        "https://branches.armz.ru/media/File/8355651900.pdf",
        "https://zhansq.cn/upload/file/74546738707.pdf",
        "http://compsult.net/userfiles/file/67169819877.pdf",
        "http://infinity-pro.ru/userfiles/file/rorumogebelilod.pdf",
        "http://alituncer.net/userfiles/file/gidudijesopepavegujiwire.pdf",
        "http://orikon.net/Images_upload/files/pofemozuvefeponutoka.pdf"
    ],
    "regex_urls": [
        "https",
        "http://escolacaritas.com/wp-content/plugins/formcraft/file-upload/server/content/files/1617c3075c9571---lujaxufutimodovagemok.pdf",
        "http://life-worldwide.org/assets/uploads/files/59780653690.pdf",
        "https",
        "https",
        "https",
        "http://macautemple.com/userfiles/file/38274849351.pdf",
        "http://www.cuerpomenteyespiritu.es/wp-content/plugins/formcraft/file-upload/server/content/files/161a6770337e12---55357633586.pdf",
        "https",
        "http://kozhencherrymtc.org/userfiles/file/kafupudu.pdf",
        "http://matsusushionline.com/uploads/files/47455276803.pdf",
        "https",
        "http://jdjcnc.com/upfolder/e/files/20211008153838.pdf",
        "http://classtool.info/upload/files/kovuvewafobonine.pdf",
        "http://gongotour.com/FileData/ckfinder/files/20211014_AF28069D5418423E.pdf",
        "http://technology-mp.it/userfiles/files/65854203779.pdf",
        "http://montereypark.kopanramen.com/uploads/files/87765258433.pdf",
        "https",
        "https",
        "https",
        "http://compsult.net/userfiles/file/67169819877.pdf",
        "http://infinity-pro.ru/userfiles/file/rorumogebelilod.pdf",
        "http://alituncer.net/userfiles/file/gidudijesopepavegujiwire.pdf",
        "http://orikon.net/Images_upload/files/pofemozuvefeponutoka.pdf",
        "http://www.w3.org/1999/02/22-rdf-syntax-ns#",
        "http://purl.org/dc/elements/1.1/",
        "http://ns.adobe.com/pdf/1.3/",
        "http://ns.adobe.com/xap/1.0/",
        "http://ns.adobe.com/xap/1.0/mm/",
        "http://ns.adobe.com/xap/1.0/rights/"
    ],
    "scripts": {
        "iframe": [],
        "urls": []
    },
    "static_properties": {
        "JBIG2Decode": "0",
        "XML_forms": "0",
        "acro_form": "0",
        "auto_action": "0",
        "colors": "0",
        "cross_reference_table": "2",
        "embedded_files": "0",
        "file_size": "177",
        "java_script": "0",
        "js": "0",
        "launch_action": "0",
        "object_end": "80",
        "object_start": "80",
        "object_streams": "0",
        "open_action": "0",
        "page_count": "3",
        "rich_media": "0",
        "start_cross_reference_table": "2",
        "stream_end": "19",
        "stream_start": "19",
        "trailer_dictionary": "2"
    },
    "yara_signatures": [
        "without_attachments",
        "without_images",
        "with_urls",
        "suspicious_creator",
        "invalid_trailer_structure",
        "multiple_versions",
        "contentis_base64"
    ]
}