{
    "exif_signatures": {},
    "file_size": 165754,
    "pdfid_signatures": {},
    "pypdf_uris": [
        "https://ragaz.co.za/XSRYdR1H?utm_term=barkley+pmhnp+review+book+pdf++pc+version",
        "https://vowinerini.weebly.com/uploads/1/3/4/3/134385114/rilenojuvifane.pdf",
        "https://fawewetipe.weebly.com/uploads/1/3/1/3/131379545/405367ea.pdf",
        "http://le-lemniscus-incandescent.fr/ckeditor/upload/files/31686583600.pdf",
        "http://lovelyspa.net/ckfinder/userfiles/files/5098102080.pdf",
        "https://mlm1.scriptgiant.com/tempimg/file/22680563665.pdf",
        "https://xaziribubeka.weebly.com/uploads/1/3/4/3/134397614/lijivo.pdf",
        "https://wowedomovilis.weebly.com/uploads/1/4/1/7/141778703/3672620.pdf",
        "https://pudagabofozeru.weebly.com/uploads/1/3/4/3/134333597/womigiragus-jimebulujubinis-zurajun-lalanolog.pdf",
        "https://nezafilajulimef.weebly.com/uploads/1/3/4/4/134481311/1994072.pdf",
        "https://suxapenogabako.weebly.com/uploads/1/3/4/6/134602080/d4cb957534.pdf",
        "https://bidawuvebera.weebly.com/uploads/1/3/5/3/135390130/regixu.pdf",
        "https://vutisoneve.weebly.com/uploads/1/3/4/4/134470706/migasabazibev.pdf",
        "http://mamtaniketan.com/userfiles/file/konafizajom.pdf",
        "https://kotafogora.weebly.com/uploads/1/3/4/3/134322717/tifedamofe.pdf",
        "https://mejubame.weebly.com/uploads/1/4/1/4/141436289/9559804.pdf",
        "https://ronalowo.weebly.com/uploads/1/3/4/8/134872729/3874970.pdf",
        "https://wopirizebopate.weebly.com/uploads/1/3/1/4/131452778/zejiruzuf-menobele-lezereponogos-vixig.pdf",
        "https://xugojegisonixen.weebly.com/uploads/1/3/4/6/134684264/2216373.pdf",
        "https://zizojatemizowen.weebly.com/uploads/1/3/4/0/134016780/140cf8d48a6bb4.pdf",
        "https://fujireroxilurig.weebly.com/uploads/1/3/4/6/134649353/7036269.pdf",
        "https://sapakokejepudig.weebly.com/uploads/1/3/4/4/134457578/xafugisedowevex.pdf",
        "https://xamukujivova.weebly.com/uploads/1/3/1/3/131384573/selodobovu.pdf",
        "https://refirumalot.weebly.com/uploads/1/3/4/6/134603215/0bef7e6136.pdf",
        "https://direnebem.weebly.com/uploads/1/3/4/6/134641367/jewagekoro.pdf",
        "https://rimususoku.weebly.com/uploads/1/3/4/5/134587725/3479766.pdf",
        "https://zuxolizaf.weebly.com/uploads/1/3/2/7/132740519/5644150.pdf",
        "https://zajatopubodaz.weebly.com/uploads/1/4/1/4/141434867/74b2c82.pdf",
        "https://zigulowowe.weebly.com/uploads/1/3/1/3/131380415/91b0e9cbd8.pdf",
        "https://academiapreprod.riportico.com/userfiles/files/nowoza.pdf",
        "https://mijugojibuva.weebly.com/uploads/1/3/1/4/131482988/086797a69.pdf"
    ],
    "regex_uris": [
        "https://ragaz.co.za/XSRYdR1H?utm_term=barkley+pmhnp+review+book+pdf++pc+version",
        "https://vowinerini.weebly.com/uploads/1/3/4/3/134385114/rilenojuvifane.pdf",
        "https://fawewetipe.weebly.com/uploads/1/3/1/3/131379545/405367ea.pdf",
        "http://le-lemniscus-incandescent.fr/ckeditor/upload/files/31686583600.pdf",
        "http://lovelyspa.net/ckfinder/userfiles/files/5098102080.pdf",
        "https://mlm1.scriptgiant.com/tempimg/file/22680563665.pdf",
        "https://xaziribubeka.weebly.com/uploads/1/3/4/3/134397614/lijivo.pdf",
        "https://wowedomovilis.weebly.com/uploads/1/4/1/7/141778703/3672620.pdf",
        "https://pudagabofozeru.weebly.com/uploads/1/3/4/3/134333597/womigiragus-jimebulujubinis-zurajun-lalanolog.pdf",
        "https://nezafilajulimef.weebly.com/uploads/1/3/4/4/134481311/1994072.pdf",
        "https://suxapenogabako.weebly.com/uploads/1/3/4/6/134602080/d4cb957534.pdf",
        "https://bidawuvebera.weebly.com/uploads/1/3/5/3/135390130/regixu.pdf",
        "https://vutisoneve.weebly.com/uploads/1/3/4/4/134470706/migasabazibev.pdf",
        "http://mamtaniketan.com/userfiles/file/konafizajom.pdf",
        "https://kotafogora.weebly.com/uploads/1/3/4/3/134322717/tifedamofe.pdf",
        "https://mejubame.weebly.com/uploads/1/4/1/4/141436289/9559804.pdf",
        "https://ronalowo.weebly.com/uploads/1/3/4/8/134872729/3874970.pdf",
        "https://wopirizebopate.weebly.com/uploads/1/3/1/4/131452778/zejiruzuf-menobele-lezereponogos-vixig.pdf",
        "https://xugojegisonixen.weebly.com/uploads/1/3/4/6/134684264/2216373.pdf",
        "https://zizojatemizowen.weebly.com/uploads/1/3/4/0/134016780/140cf8d48a6bb4.pdf",
        "https://fujireroxilurig.weebly.com/uploads/1/3/4/6/134649353/7036269.pdf",
        "https://sapakokejepudig.weebly.com/uploads/1/3/4/4/134457578/xafugisedowevex.pdf",
        "https://xamukujivova.weebly.com/uploads/1/3/1/3/131384573/selodobovu.pdf",
        "https://refirumalot.weebly.com/uploads/1/3/4/6/134603215/0bef7e6136.pdf",
        "https://direnebem.weebly.com/uploads/1/3/4/6/134641367/jewagekoro.pdf",
        "https://rimususoku.weebly.com/uploads/1/3/4/5/134587725/3479766.pdf",
        "https://zuxolizaf.weebly.com/uploads/1/3/2/7/132740519/5644150.pdf",
        "https://zajatopubodaz.weebly.com/uploads/1/4/1/4/141434867/74b2c82.pdf",
        "https://zigulowowe.weebly.com/uploads/1/3/1/3/131380415/91b0e9cbd8.pdf",
        "https://academiapreprod.riportico.com/userfiles/files/nowoza.pdf",
        "https://mijugojibuva.weebly.com/uploads/1/3/1/4/131482988/086797a69.pdf"
    ],
    "regex_urls": [
        "https",
        "https",
        "https",
        "http://le-lemniscus-incandescent.fr/ckeditor/upload/files/31686583600.pdf",
        "http://lovelyspa.net/ckfinder/userfiles/files/5098102080.pdf",
        "https",
        "https",
        "https",
        "https",
        "https",
        "https",
        "https",
        "https",
        "http://mamtaniketan.com/userfiles/file/konafizajom.pdf",
        "https",
        "https",
        "https",
        "https",
        "https",
        "https",
        "https",
        "https",
        "https",
        "https",
        "https",
        "https",
        "https",
        "https",
        "https",
        "https",
        "https",
        "http://www.w3.org/1999/02/22-rdf-syntax-ns#",
        "http://purl.org/dc/elements/1.1/",
        "http://ns.adobe.com/pdf/1.3/",
        "http://ns.adobe.com/xap/1.0/",
        "http://ns.adobe.com/xap/1.0/mm/",
        "http://ns.adobe.com/xap/1.0/rights/"
    ],
    "scripts": {
        "iframe": [],
        "urls": []
    },
    "static_properties": {
        "JBIG2Decode": "0",
        "XML_forms": "0",
        "acro_form": "0",
        "auto_action": "0",
        "colors": "0",
        "cross_reference_table": "2",
        "embedded_files": "0",
        "file_size": "166",
        "java_script": "0",
        "js": "0",
        "launch_action": "0",
        "object_end": "79",
        "object_start": "79",
        "object_streams": "0",
        "open_action": "0",
        "page_count": "3",
        "rich_media": "0",
        "start_cross_reference_table": "2",
        "stream_end": "15",
        "stream_start": "15",
        "trailer_dictionary": "2"
    },
    "yara_signatures": [
        "without_attachments",
        "without_images",
        "with_urls",
        "invalid_trailer_structure",
        "multiple_versions",
        "contentis_base64"
    ]
}