{
    "exif_signatures": {},
    "file_size": 39649,
    "pdfid_signatures": {},
    "pypdf_uris": [
        "http://netcdn.tw/app/406889139/coin-master-hack-online-generator-without-human-verification-game-hack",
        "http://netcdn.tw/app/406889139/coin-master-hack-online-generator-without-human-verification-game-hack",
        "https://elearning.manposo.sch.id/__statics/gudangsoal/files/microsoft-free-robux_GM431946152.pdf",
        "https://elearning.manposo.sch.id/__statics/gudangsoal/files/how-to-regen-roblox-workspace-if-a-hacker-deletes-it_GM431946152.pdf",
        "https://elearning.manposo.sch.id/__statics/gudangsoal/files/roblox-com-free-play_GM431946152.pdf",
        "https://elearning.manposo.sch.id/__statics/gudangsoal/files/free-robux-no-verification-at-all_GM431946152.pdf",
        "https://elearning.manposo.sch.id/__statics/gudangsoal/files/can-you-get-robux-for-free_GM431946152.pdf",
        "https://elearning.manposo.sch.id/__statics/gudangsoal/files/coin-master-daily-free-spin-app_GM406889139.pdf",
        "https://elearning.manposo.sch.id/__statics/gudangsoal/files/minecraft-free-download-pc_GM479516143.pdf",
        "https://elearning.manposo.sch.id/__statics/gudangsoal/files/coin-master-free-coins-and-spins_GM406889139.pdf",
        "https://elearning.manposo.sch.id/__statics/gudangsoal/files/1x1x1x1-in-april-fools-roblox-hacking_GM431946152.pdf",
        "https://elearning.manposo.sch.id/__statics/gudangsoal/files/hack-coin-master-download-ios_GM406889139.pdf",
        "https://elearning.manposo.sch.id/__statics/gudangsoal/files/minecraft-java-edition-free-download_GM479516143.pdf",
        "https://elearning.manposo.sch.id/__statics/gudangsoal/files/roblox-hacks-2021_GM431946152.pdf",
        "https://elearning.manposo.sch.id/__statics/gudangsoal/files/coin-master-free-spins-link-app-download_GM406889139.pdf",
        "https://elearning.manposo.sch.id/__statics/gudangsoal/files/minecraft-hack-2021_GM479516143.pdf",
        "https://elearning.manposo.sch.id/__statics/gudangsoal/files/robux-free-clothes_GM431946152.pdf",
        "https://elearning.manposo.sch.id/__statics/gudangsoal/files/free-spins-in-coin-master-without-human-verification_GM406889139.pdf",
        "https://elearning.manposo.sch.id/__statics/gudangsoal/files/roblox-hacked-com-2021_GM431946152.pdf",
        "https://elearning.manposo.sch.id/__statics/gudangsoal/files/coin-master-hack-no-download_GM406889139.pdf",
        "https://elearning.manposo.sch.id/__statics/gudangsoal/files/coin-master-mod_GM406889139.pdf",
        "https://elearning.manposo.sch.id/__statics/gudangsoal/files/como-hackear-electric-statesrp-roblox_GM431946152.pdf"
    ],
    "regex_uris": [
        "http://netcdn.tw/app/406889139/coin-master-hack-online-generator-without-human-verification-game-hack",
        "http://netcdn.tw/app/406889139/coin-master-hack-online-generator-without-human-verification-game-hack",
        "https://elearning.manposo.sch.id/__statics/gudangsoal/files/microsoft-free-robux_GM431946152.pdf",
        "https://elearning.manposo.sch.id/__statics/gudangsoal/files/how-to-regen-roblox-workspace-if-a-hacker-deletes-it_GM431946152.pdf",
        "https://elearning.manposo.sch.id/__statics/gudangsoal/files/roblox-com-free-play_GM431946152.pdf",
        "https://elearning.manposo.sch.id/__statics/gudangsoal/files/free-robux-no-verification-at-all_GM431946152.pdf",
        "https://elearning.manposo.sch.id/__statics/gudangsoal/files/can-you-get-robux-for-free_GM431946152.pdf",
        "https://elearning.manposo.sch.id/__statics/gudangsoal/files/coin-master-daily-free-spin-app_GM406889139.pdf",
        "https://elearning.manposo.sch.id/__statics/gudangsoal/files/minecraft-free-download-pc_GM479516143.pdf",
        "https://elearning.manposo.sch.id/__statics/gudangsoal/files/coin-master-free-coins-and-spins_GM406889139.pdf",
        "https://elearning.manposo.sch.id/__statics/gudangsoal/files/1x1x1x1-in-april-fools-roblox-hacking_GM431946152.pdf",
        "https://elearning.manposo.sch.id/__statics/gudangsoal/files/hack-coin-master-download-ios_GM406889139.pdf",
        "https://elearning.manposo.sch.id/__statics/gudangsoal/files/minecraft-java-edition-free-download_GM479516143.pdf",
        "https://elearning.manposo.sch.id/__statics/gudangsoal/files/roblox-hacks-2021_GM431946152.pdf",
        "https://elearning.manposo.sch.id/__statics/gudangsoal/files/coin-master-free-spins-link-app-download_GM406889139.pdf",
        "https://elearning.manposo.sch.id/__statics/gudangsoal/files/minecraft-hack-2021_GM479516143.pdf",
        "https://elearning.manposo.sch.id/__statics/gudangsoal/files/robux-free-clothes_GM431946152.pdf",
        "https://elearning.manposo.sch.id/__statics/gudangsoal/files/free-spins-in-coin-master-without-human-verification_GM406889139.pdf",
        "https://elearning.manposo.sch.id/__statics/gudangsoal/files/roblox-hacked-com-2021_GM431946152.pdf",
        "https://elearning.manposo.sch.id/__statics/gudangsoal/files/coin-master-hack-no-download_GM406889139.pdf",
        "https://elearning.manposo.sch.id/__statics/gudangsoal/files/coin-master-mod_GM406889139.pdf",
        "https://elearning.manposo.sch.id/__statics/gudangsoal/files/como-hackear-electric-statesrp-roblox_GM431946152.pdf"
    ],
    "regex_urls": [
        "http://netcdn.tw/app/406889139/coin-master-hack-online-generator-without-human-verification-game-hack",
        "http://netcdn.tw/app/406889139/coin-master-hack-online-generator-without-human-verification-game-hack",
        "https",
        "https",
        "https",
        "https",
        "https",
        "https",
        "https",
        "https",
        "https",
        "https",
        "https",
        "https",
        "https",
        "https",
        "https",
        "https",
        "https",
        "https",
        "https",
        "https"
    ],
    "scripts": {
        "iframe": [],
        "urls": []
    },
    "static_properties": {
        "JBIG2Decode": "0",
        "XML_forms": "0",
        "acro_form": "0",
        "auto_action": "0",
        "colors": "0",
        "cross_reference_table": "1",
        "embedded_files": "0",
        "file_size": "40",
        "java_script": "0",
        "js": "0",
        "launch_action": "0",
        "object_end": "55",
        "object_start": "55",
        "object_streams": "0",
        "open_action": "0",
        "page_count": "2",
        "rich_media": "0",
        "start_cross_reference_table": "1",
        "stream_end": "6",
        "stream_start": "6",
        "trailer_dictionary": "1"
    },
    "yara_signatures": [
        "without_attachments",
        "without_images",
        "with_urls",
        "invalid_trailer_structure",
        "contentis_base64"
    ]
}