{
    "exif_signatures": {},
    "file_size": 35029,
    "pdfid_signatures": {},
    "pypdf_uris": [
        "http://netcdn.tw/app/479516143/minecraft-free-online-games-game-hack",
        "http://netcdn.tw/app/479516143/minecraft-free-online-games-game-hack",
        "https://eastwood.co.ke/uploaded_files/userfiles/files/free-robux-co_GM431946152.pdf",
        "https://eastwood.co.ke/uploaded_files/userfiles/files/how-do-you-install-minecraft-for-free_GM479516143.pdf",
        "https://eastwood.co.ke/uploaded_files/userfiles/files/is-there-an-actual-hack-that-work-for-coin-master_GM406889139.pdf",
        "https://eastwood.co.ke/uploaded_files/userfiles/files/free-robux-without-any-verification_GM431946152.pdf",
        "https://eastwood.co.ke/uploaded_files/userfiles/files/get-robux-com_GM431946152.pdf",
        "https://eastwood.co.ke/uploaded_files/userfiles/files/how-to-use-cheat-engine-to-get-robux_GM431946152.pdf",
        "https://eastwood.co.ke/uploaded_files/userfiles/files/coin-master-35-16-hack-apk_GM406889139.pdf",
        "https://eastwood.co.ke/uploaded_files/userfiles/files/free-robux-accounts_GM431946152.pdf",
        "https://eastwood.co.ke/uploaded_files/userfiles/files/mcpe-master-hack-unlimited-coins-latest-version_GM406889139.pdf",
        "https://eastwood.co.ke/uploaded_files/userfiles/files/free-robux-generator-2021_GM431946152.pdf",
        "https://eastwood.co.ke/uploaded_files/userfiles/files/how-to-get-any-item-on-roblox-for-free-2021_GM431946152.pdf",
        "https://eastwood.co.ke/uploaded_files/userfiles/files/update-coin-master-free-spins_GM406889139.pdf",
        "https://eastwood.co.ke/uploaded_files/userfiles/files/how-to-hack-roblox-2021-accounts_GM431946152.pdf",
        "https://eastwood.co.ke/uploaded_files/userfiles/files/free-candy-van-roblox-hack_GM431946152.pdf",
        "https://eastwood.co.ke/uploaded_files/userfiles/files/hackear-roblox-juegos_GM431946152.pdf",
        "https://eastwood.co.ke/uploaded_files/userfiles/files/free-roblox-accounts-2021-may_GM431946152.pdf",
        "https://eastwood.co.ke/uploaded_files/userfiles/files/hacks-and-cheats-for-coin-master_GM406889139.pdf",
        "https://eastwood.co.ke/uploaded_files/userfiles/files/how-to-make-a-dominus-on-roblox-for-free_GM431946152.pdf",
        "https://eastwood.co.ke/uploaded_files/userfiles/files/free-robux-gift-card-generator_GM431946152.pdf",
        "https://eastwood.co.ke/uploaded_files/userfiles/files/freerobloxde-hack_GM431946152.pdf"
    ],
    "regex_uris": [
        "http://netcdn.tw/app/479516143/minecraft-free-online-games-game-hack",
        "http://netcdn.tw/app/479516143/minecraft-free-online-games-game-hack",
        "https://eastwood.co.ke/uploaded_files/userfiles/files/free-robux-co_GM431946152.pdf",
        "https://eastwood.co.ke/uploaded_files/userfiles/files/how-do-you-install-minecraft-for-free_GM479516143.pdf",
        "https://eastwood.co.ke/uploaded_files/userfiles/files/is-there-an-actual-hack-that-work-for-coin-master_GM406889139.pdf",
        "https://eastwood.co.ke/uploaded_files/userfiles/files/free-robux-without-any-verification_GM431946152.pdf",
        "https://eastwood.co.ke/uploaded_files/userfiles/files/get-robux-com_GM431946152.pdf",
        "https://eastwood.co.ke/uploaded_files/userfiles/files/how-to-use-cheat-engine-to-get-robux_GM431946152.pdf",
        "https://eastwood.co.ke/uploaded_files/userfiles/files/coin-master-35-16-hack-apk_GM406889139.pdf",
        "https://eastwood.co.ke/uploaded_files/userfiles/files/free-robux-accounts_GM431946152.pdf",
        "https://eastwood.co.ke/uploaded_files/userfiles/files/mcpe-master-hack-unlimited-coins-latest-version_GM406889139.pdf",
        "https://eastwood.co.ke/uploaded_files/userfiles/files/free-robux-generator-2021_GM431946152.pdf",
        "https://eastwood.co.ke/uploaded_files/userfiles/files/how-to-get-any-item-on-roblox-for-free-2021_GM431946152.pdf",
        "https://eastwood.co.ke/uploaded_files/userfiles/files/update-coin-master-free-spins_GM406889139.pdf",
        "https://eastwood.co.ke/uploaded_files/userfiles/files/how-to-hack-roblox-2021-accounts_GM431946152.pdf",
        "https://eastwood.co.ke/uploaded_files/userfiles/files/free-candy-van-roblox-hack_GM431946152.pdf",
        "https://eastwood.co.ke/uploaded_files/userfiles/files/hackear-roblox-juegos_GM431946152.pdf",
        "https://eastwood.co.ke/uploaded_files/userfiles/files/free-roblox-accounts-2021-may_GM431946152.pdf",
        "https://eastwood.co.ke/uploaded_files/userfiles/files/hacks-and-cheats-for-coin-master_GM406889139.pdf",
        "https://eastwood.co.ke/uploaded_files/userfiles/files/how-to-make-a-dominus-on-roblox-for-free_GM431946152.pdf",
        "https://eastwood.co.ke/uploaded_files/userfiles/files/free-robux-gift-card-generator_GM431946152.pdf",
        "https://eastwood.co.ke/uploaded_files/userfiles/files/freerobloxde-hack_GM431946152.pdf"
    ],
    "regex_urls": [
        "http://netcdn.tw/app/479516143/minecraft-free-online-games-game-hack",
        "http://netcdn.tw/app/479516143/minecraft-free-online-games-game-hack",
        "https",
        "https",
        "https",
        "https",
        "https",
        "https",
        "https",
        "https",
        "https",
        "https",
        "https",
        "https",
        "https",
        "https",
        "https",
        "https",
        "https",
        "https",
        "https",
        "https"
    ],
    "scripts": {
        "iframe": [],
        "urls": []
    },
    "static_properties": {
        "JBIG2Decode": "0",
        "XML_forms": "0",
        "acro_form": "0",
        "auto_action": "0",
        "colors": "0",
        "cross_reference_table": "1",
        "embedded_files": "0",
        "file_size": "35",
        "java_script": "0",
        "js": "0",
        "launch_action": "0",
        "object_end": "55",
        "object_start": "55",
        "object_streams": "0",
        "open_action": "0",
        "page_count": "2",
        "rich_media": "0",
        "start_cross_reference_table": "1",
        "stream_end": "6",
        "stream_start": "6",
        "trailer_dictionary": "1"
    },
    "yara_signatures": [
        "without_attachments",
        "without_images",
        "with_urls",
        "invalid_trailer_structure",
        "contentis_base64"
    ]
}