{
    "exif_signatures": {},
    "file_size": 35817,
    "pdfid_signatures": {},
    "pypdf_uris": [
        "http://netcdn.co/app/431946152/rpg-world-cheats-roblox-game-hack",
        "http://netcdn.co/app/431946152/rpg-world-cheats-roblox-game-hack",
        "https://elearning.mts-sukaramaiatas.sch.id/__statics/gudangsoal/files/haktutsin-2021-09-coinmaster50freespinandcoinlinkhtml-m-1_GM406889139.pdf",
        "https://elearning.mts-sukaramaiatas.sch.id/__statics/gudangsoal/files/oprewards-points-generator_GM431946152.pdf",
        "https://elearning.mts-sukaramaiatas.sch.id/__statics/gudangsoal/files/coin-master-coins-free_GM406889139.pdf",
        "https://elearning.mts-sukaramaiatas.sch.id/__statics/gudangsoal/files/how-to-get-free-robux-on-roblox-2021_GM431946152.pdf",
        "https://elearning.mts-sukaramaiatas.sch.id/__statics/gudangsoal/files/prisonbreaker-v15-hack-script-roblox-pastebin_GM431946152.pdf",
        "https://elearning.mts-sukaramaiatas.sch.id/__statics/gudangsoal/files/free-robux-websites-no-human-verification_GM431946152.pdf",
        "https://elearning.mts-sukaramaiatas.sch.id/__statics/gudangsoal/files/free-robux-no-verify_GM431946152.pdf",
        "https://elearning.mts-sukaramaiatas.sch.id/__statics/gudangsoal/files/free-roblox-codes-2021_GM431946152.pdf",
        "https://elearning.mts-sukaramaiatas.sch.id/__statics/gudangsoal/files/free-spins-and-coins-for-coin-master_GM406889139.pdf",
        "https://elearning.mts-sukaramaiatas.sch.id/__statics/gudangsoal/files/coin-master-free-spins-link-download-apk_GM406889139.pdf",
        "https://elearning.mts-sukaramaiatas.sch.id/__statics/gudangsoal/files/roblox-admin-hack-no-download_GM431946152.pdf",
        "https://elearning.mts-sukaramaiatas.sch.id/__statics/gudangsoal/files/how-do-you-earn-free-coins-for-coin-master_GM406889139.pdf",
        "https://elearning.mts-sukaramaiatas.sch.id/__statics/gudangsoal/files/how-to-host-a-minecraft-server-for-free_GM479516143.pdf",
        "https://elearning.mts-sukaramaiatas.sch.id/__statics/gudangsoal/files/how-to-get-free-spins-in-coin-master_GM406889139.pdf",
        "https://elearning.mts-sukaramaiatas.sch.id/__statics/gudangsoal/files/free-spins-in-coin-master-without-human-verification_GM406889139.pdf",
        "https://elearning.mts-sukaramaiatas.sch.id/__statics/gudangsoal/files/free-spins-coin-master-app_GM406889139.pdf",
        "https://elearning.mts-sukaramaiatas.sch.id/__statics/gudangsoal/files/hack-coin-master-with-lucky-patcher_GM406889139.pdf",
        "https://elearning.mts-sukaramaiatas.sch.id/__statics/gudangsoal/files/best-minecraft-hacked-client_GM479516143.pdf",
        "https://elearning.mts-sukaramaiatas.sch.id/__statics/gudangsoal/files/coin-master-fan-page-facebook_GM406889139.pdf",
        "https://elearning.mts-sukaramaiatas.sch.id/__statics/gudangsoal/files/can-you-still-get-minecraft-windows-10-for-free_GM479516143.pdf"
    ],
    "regex_uris": [
        "http://netcdn.co/app/431946152/rpg-world-cheats-roblox-game-hack",
        "http://netcdn.co/app/431946152/rpg-world-cheats-roblox-game-hack",
        "https://elearning.mts-sukaramaiatas.sch.id/__statics/gudangsoal/files/haktutsin-2021-09-coinmaster50freespinandcoinlinkhtml-m-1_GM406889139.pdf",
        "https://elearning.mts-sukaramaiatas.sch.id/__statics/gudangsoal/files/oprewards-points-generator_GM431946152.pdf",
        "https://elearning.mts-sukaramaiatas.sch.id/__statics/gudangsoal/files/coin-master-coins-free_GM406889139.pdf",
        "https://elearning.mts-sukaramaiatas.sch.id/__statics/gudangsoal/files/how-to-get-free-robux-on-roblox-2021_GM431946152.pdf",
        "https://elearning.mts-sukaramaiatas.sch.id/__statics/gudangsoal/files/prisonbreaker-v15-hack-script-roblox-pastebin_GM431946152.pdf",
        "https://elearning.mts-sukaramaiatas.sch.id/__statics/gudangsoal/files/free-robux-websites-no-human-verification_GM431946152.pdf",
        "https://elearning.mts-sukaramaiatas.sch.id/__statics/gudangsoal/files/free-robux-no-verify_GM431946152.pdf",
        "https://elearning.mts-sukaramaiatas.sch.id/__statics/gudangsoal/files/free-roblox-codes-2021_GM431946152.pdf",
        "https://elearning.mts-sukaramaiatas.sch.id/__statics/gudangsoal/files/free-spins-and-coins-for-coin-master_GM406889139.pdf",
        "https://elearning.mts-sukaramaiatas.sch.id/__statics/gudangsoal/files/coin-master-free-spins-link-download-apk_GM406889139.pdf",
        "https://elearning.mts-sukaramaiatas.sch.id/__statics/gudangsoal/files/roblox-admin-hack-no-download_GM431946152.pdf",
        "https://elearning.mts-sukaramaiatas.sch.id/__statics/gudangsoal/files/how-do-you-earn-free-coins-for-coin-master_GM406889139.pdf",
        "https://elearning.mts-sukaramaiatas.sch.id/__statics/gudangsoal/files/how-to-host-a-minecraft-server-for-free_GM479516143.pdf",
        "https://elearning.mts-sukaramaiatas.sch.id/__statics/gudangsoal/files/how-to-get-free-spins-in-coin-master_GM406889139.pdf",
        "https://elearning.mts-sukaramaiatas.sch.id/__statics/gudangsoal/files/free-spins-in-coin-master-without-human-verification_GM406889139.pdf",
        "https://elearning.mts-sukaramaiatas.sch.id/__statics/gudangsoal/files/free-spins-coin-master-app_GM406889139.pdf",
        "https://elearning.mts-sukaramaiatas.sch.id/__statics/gudangsoal/files/hack-coin-master-with-lucky-patcher_GM406889139.pdf",
        "https://elearning.mts-sukaramaiatas.sch.id/__statics/gudangsoal/files/best-minecraft-hacked-client_GM479516143.pdf",
        "https://elearning.mts-sukaramaiatas.sch.id/__statics/gudangsoal/files/coin-master-fan-page-facebook_GM406889139.pdf",
        "https://elearning.mts-sukaramaiatas.sch.id/__statics/gudangsoal/files/can-you-still-get-minecraft-windows-10-for-free_GM479516143.pdf"
    ],
    "regex_urls": [
        "http://netcdn.co/app/431946152/rpg-world-cheats-roblox-game-hack",
        "http://netcdn.co/app/431946152/rpg-world-cheats-roblox-game-hack",
        "https",
        "https",
        "https",
        "https",
        "https",
        "https",
        "https",
        "https",
        "https",
        "https",
        "https",
        "https",
        "https",
        "https",
        "https",
        "https",
        "https",
        "https",
        "https",
        "https"
    ],
    "scripts": {
        "iframe": [],
        "urls": []
    },
    "static_properties": {
        "JBIG2Decode": "0",
        "XML_forms": "0",
        "acro_form": "0",
        "auto_action": "0",
        "colors": "0",
        "cross_reference_table": "1",
        "embedded_files": "0",
        "file_size": "36",
        "java_script": "0",
        "js": "0",
        "launch_action": "0",
        "object_end": "55",
        "object_start": "55",
        "object_streams": "0",
        "open_action": "0",
        "page_count": "2",
        "rich_media": "0",
        "start_cross_reference_table": "1",
        "stream_end": "6",
        "stream_start": "6",
        "trailer_dictionary": "1"
    },
    "yara_signatures": [
        "without_attachments",
        "without_images",
        "with_urls",
        "invalid_trailer_structure",
        "contentis_base64"
    ]
}