{
    "exif_signatures": {},
    "file_size": 45099,
    "pdfid_signatures": {},
    "pypdf_uris": [
        "https://netcdn.online/app/431946152/ww-roblox-come-game-hack",
        "https://netcdn.online/app/431946152/ww-roblox-come-game-hack",
        "https://alisa.com.tw/upload/files/free-spins-for-coin-master-on-1-19-19_GM406889139.pdf",
        "https://alisa.com.tw/upload/files/free-robux-generator-2021_GM431946152.pdf",
        "https://alisa.com.tw/upload/files/minecraft-java-hacks_GM479516143.pdf",
        "https://alisa.com.tw/upload/files/free-robux-generator-2021_GM431946152.pdf",
        "https://alisa.com.tw/upload/files/haktutsin-2021-09-coinmaster50freespinandcoinlinkhtml-m-1_GM406889139.pdf",
        "https://alisa.com.tw/upload/files/roblox-free-robux-com_GM431946152.pdf",
        "https://alisa.com.tw/upload/files/free-minecraft-packs_GM479516143.pdf",
        "https://alisa.com.tw/upload/files/free-coins-and-free-spins-coin-master-2021_GM406889139.pdf",
        "https://alisa.com.tw/upload/files/minecraft-free-android_GM479516143.pdf",
        "https://alisa.com.tw/upload/files/minecraft-fly-hack_GM479516143.pdf",
        "https://alisa.com.tw/upload/files/coin-master-game-free-spin_GM406889139.pdf",
        "https://alisa.com.tw/upload/files/free-robux-by-watching-ads_GM431946152.pdf",
        "https://alisa.com.tw/upload/files/minecraft-pe-hacked-client-download_GM479516143.pdf",
        "https://alisa.com.tw/upload/files/coin-master-free-2021-spin-link_GM406889139.pdf",
        "https://alisa.com.tw/upload/files/spin-and-coin_GM406889139.pdf",
        "https://alisa.com.tw/upload/files/how-to-get-robux-easy_GM431946152.pdf",
        "https://alisa.com.tw/upload/files/how-do-you-hack-minecraft_GM479516143.pdf",
        "https://alisa.com.tw/upload/files/free-robux-hack-no-human-verification_GM431946152.pdf",
        "https://alisa.com.tw/upload/files/coin-master-extra-spins_GM406889139.pdf",
        "https://alisa.com.tw/upload/files/how-to-hack-roblox-to-get-free-robux_GM431946152.pdf"
    ],
    "regex_uris": [
        "https://netcdn.online/app/431946152/ww-roblox-come-game-hack",
        "https://netcdn.online/app/431946152/ww-roblox-come-game-hack",
        "https://alisa.com.tw/upload/files/free-spins-for-coin-master-on-1-19-19_GM406889139.pdf",
        "https://alisa.com.tw/upload/files/free-robux-generator-2021_GM431946152.pdf",
        "https://alisa.com.tw/upload/files/minecraft-java-hacks_GM479516143.pdf",
        "https://alisa.com.tw/upload/files/free-robux-generator-2021_GM431946152.pdf",
        "https://alisa.com.tw/upload/files/haktutsin-2021-09-coinmaster50freespinandcoinlinkhtml-m-1_GM406889139.pdf",
        "https://alisa.com.tw/upload/files/roblox-free-robux-com_GM431946152.pdf",
        "https://alisa.com.tw/upload/files/free-minecraft-packs_GM479516143.pdf",
        "https://alisa.com.tw/upload/files/free-coins-and-free-spins-coin-master-2021_GM406889139.pdf",
        "https://alisa.com.tw/upload/files/minecraft-free-android_GM479516143.pdf",
        "https://alisa.com.tw/upload/files/minecraft-fly-hack_GM479516143.pdf",
        "https://alisa.com.tw/upload/files/coin-master-game-free-spin_GM406889139.pdf",
        "https://alisa.com.tw/upload/files/free-robux-by-watching-ads_GM431946152.pdf",
        "https://alisa.com.tw/upload/files/minecraft-pe-hacked-client-download_GM479516143.pdf",
        "https://alisa.com.tw/upload/files/coin-master-free-2021-spin-link_GM406889139.pdf",
        "https://alisa.com.tw/upload/files/spin-and-coin_GM406889139.pdf",
        "https://alisa.com.tw/upload/files/how-to-get-robux-easy_GM431946152.pdf",
        "https://alisa.com.tw/upload/files/how-do-you-hack-minecraft_GM479516143.pdf",
        "https://alisa.com.tw/upload/files/free-robux-hack-no-human-verification_GM431946152.pdf",
        "https://alisa.com.tw/upload/files/coin-master-extra-spins_GM406889139.pdf",
        "https://alisa.com.tw/upload/files/how-to-hack-roblox-to-get-free-robux_GM431946152.pdf"
    ],
    "regex_urls": [
        "https",
        "https",
        "https",
        "https",
        "https",
        "https",
        "https",
        "https",
        "https",
        "https",
        "https",
        "https",
        "https",
        "https",
        "https",
        "https",
        "https",
        "https",
        "https",
        "https",
        "https",
        "https"
    ],
    "scripts": {
        "iframe": [],
        "urls": []
    },
    "static_properties": {
        "JBIG2Decode": "0",
        "XML_forms": "0",
        "acro_form": "0",
        "auto_action": "0",
        "colors": "0",
        "cross_reference_table": "1",
        "embedded_files": "0",
        "file_size": "45",
        "java_script": "0",
        "js": "0",
        "launch_action": "0",
        "object_end": "65",
        "object_start": "65",
        "object_streams": "0",
        "open_action": "0",
        "page_count": "4",
        "rich_media": "0",
        "start_cross_reference_table": "1",
        "stream_end": "8",
        "stream_start": "8",
        "trailer_dictionary": "1"
    },
    "yara_signatures": [
        "without_attachments",
        "without_images",
        "with_urls",
        "invalid_trailer_structure",
        "contentis_base64"
    ]
}