{
    "exif_signatures": {},
    "file_size": 41212,
    "pdfid_signatures": {},
    "pypdf_uris": [
        "https://netcdn.xyz/app/406889139/coin-master-free-redeem-code-game-hack",
        "https://netcdn.xyz/app/406889139/coin-master-free-redeem-code-game-hack",
        "http://spentulib.com/search/repository/coin-master-unlimited-spins-apk-free-download_GM406889139.pdf",
        "http://spentulib.com/search//repository/free-spins-for-coin-master-game_GM406889139.pdf",
        "http://spentulib.com/search//repository/easy-robux-hack_GM431946152.pdf",
        "http://spentulib.com/search//repository/free-robux-websites-that-actually-work-2021_GM431946152.pdf",
        "http://spentulib.com/search//repository/free-robux-com-roblox_GM431946152.pdf",
        "http://spentulib.com/search/repository/coin-master-hack-app-for-iphone_GM406889139.pdf",
        "http://spentulib.com/search/repository/coin-master-free-spin-and-coin-link-today_GM406889139.pdf",
        "http://spentulib.com/search/repository/coin-master-free-cards-and-spin-link_GM406889139.pdf",
        "http://spentulib.com/search/repository/spins-coin-master_GM406889139.pdf",
        "http://spentulib.com/search/repository/minecraft-auto-miner-hack_GM479516143.pdf",
        "http://spentulib.com/search//repository/play-minecraft-free-online-no-download_GM479516143.pdf",
        "http://spentulib.com/search//repository/websites-that-give-free-robux_GM431946152.pdf"
    ],
    "regex_uris": [
        "https://netcdn.xyz/app/406889139/coin-master-free-redeem-code-game-hack",
        "https://netcdn.xyz/app/406889139/coin-master-free-redeem-code-game-hack",
        "http://spentulib.com/search/repository/coin-master-unlimited-spins-apk-free-download_GM406889139.pdf",
        "http://spentulib.com/search//repository/free-spins-for-coin-master-game_GM406889139.pdf",
        "http://spentulib.com/search//repository/easy-robux-hack_GM431946152.pdf",
        "http://spentulib.com/search//repository/free-robux-websites-that-actually-work-2021_GM431946152.pdf",
        "http://spentulib.com/search//repository/free-robux-com-roblox_GM431946152.pdf",
        "http://spentulib.com/search/repository/coin-master-hack-app-for-iphone_GM406889139.pdf",
        "http://spentulib.com/search/repository/coin-master-free-spin-and-coin-link-today_GM406889139.pdf",
        "http://spentulib.com/search/repository/coin-master-free-cards-and-spin-link_GM406889139.pdf",
        "http://spentulib.com/search/repository/spins-coin-master_GM406889139.pdf",
        "http://spentulib.com/search/repository/minecraft-auto-miner-hack_GM479516143.pdf",
        "http://spentulib.com/search//repository/play-minecraft-free-online-no-download_GM479516143.pdf",
        "http://spentulib.com/search//repository/websites-that-give-free-robux_GM431946152.pdf"
    ],
    "regex_urls": [
        "https",
        "https",
        "http://spentulib.com/search/repository/coin-master-unlimited-spins-apk-free-download_GM406889139.pdf",
        "http://spentulib.com/search//repository/free-spins-for-coin-master-game_GM406889139.pdf",
        "http://spentulib.com/search//repository/easy-robux-hack_GM431946152.pdf",
        "http://spentulib.com/search//repository/free-robux-websites-that-actually-work-2021_GM431946152.pdf",
        "http://spentulib.com/search//repository/free-robux-com-roblox_GM431946152.pdf",
        "http://spentulib.com/search/repository/coin-master-hack-app-for-iphone_GM406889139.pdf",
        "http://spentulib.com/search/repository/coin-master-free-spin-and-coin-link-today_GM406889139.pdf",
        "http://spentulib.com/search/repository/coin-master-free-cards-and-spin-link_GM406889139.pdf",
        "http://spentulib.com/search/repository/spins-coin-master_GM406889139.pdf",
        "http://spentulib.com/search/repository/minecraft-auto-miner-hack_GM479516143.pdf",
        "http://spentulib.com/search//repository/play-minecraft-free-online-no-download_GM479516143.pdf",
        "http://spentulib.com/search//repository/websites-that-give-free-robux_GM431946152.pdf"
    ],
    "scripts": {
        "iframe": [],
        "urls": []
    },
    "static_properties": {
        "JBIG2Decode": "0",
        "XML_forms": "0",
        "acro_form": "0",
        "auto_action": "0",
        "colors": "0",
        "cross_reference_table": "1",
        "embedded_files": "0",
        "file_size": "41",
        "java_script": "0",
        "js": "0",
        "launch_action": "0",
        "object_end": "52",
        "object_start": "52",
        "object_streams": "0",
        "open_action": "0",
        "page_count": "3",
        "rich_media": "0",
        "start_cross_reference_table": "1",
        "stream_end": "7",
        "stream_start": "7",
        "trailer_dictionary": "1"
    },
    "yara_signatures": [
        "without_attachments",
        "without_images",
        "with_urls",
        "invalid_trailer_structure",
        "contentis_base64"
    ]
}