{
    "exif_signatures": {},
    "file_size": 90968,
    "pdfid_signatures": {},
    "pypdf_uris": [
        "http://getpdf.pw/book?res=123&isbn=9781595582171&kwd=Jane%20Fondas%20Words%20Of%20Politics%20And%20Passion",
        "http://getpdf.pw/book?res=123&isbn=9781595582171&kwd=Jane%20Fondas%20Words%20Of%20Politics%20And%20Passion",
        "https://files8.webydo.com/9588984/UploadedFiles/C61801EE-946B-ADD3-E5D3-E0DD933F72CF.pdf",
        "https://uploads.strikinglycdn.com/files/a9257c32-b86c-48c4-8c4f-163f7cb45bc1/the-philosophy-of-space-and-time-370.pdf",
        "https://s3.ap-northeast-1.amazonaws.com/uploads.strikinglycdn.com/files/fbc90df1-36f2-400d-9ce0-902eca742e45/no-good-duke-goes-unpunished-number-3-in-series-933.pdf"
    ],
    "regex_uris": [
        "http://getpdf.pw/book?res=123&isbn=9781595582171&kwd=Jane%20Fondas%20Words%20Of%20Politics%20And%20Passion",
        "http://getpdf.pw/book?res=123&isbn=9781595582171&kwd=Jane%20Fondas%20Words%20Of%20Politics%20And%20Passion",
        "https://files8.webydo.com/9588984/UploadedFiles/C61801EE-946B-ADD3-E5D3-E0DD933F72CF.pdf",
        "https://uploads.strikinglycdn.com/files/a9257c32-b86c-48c4-8c4f-163f7cb45bc1/the-philosophy-of-space-and-time-370.pdf",
        "https://s3.ap-northeast-1.amazonaws.com/uploads.strikinglycdn.com/files/fbc90df1-36f2-400d-9ce0-902eca742e45/no-good-duke-goes-unpunished-number-3-in-series-933.pdf"
    ],
    "regex_urls": [
        "http://getpdf.pw/book?res=123",
        "http://getpdf.pw/book?res=123",
        "https",
        "https",
        "https"
    ],
    "scripts": {
        "iframe": [],
        "urls": []
    },
    "static_properties": {
        "JBIG2Decode": "0",
        "XML_forms": "0",
        "acro_form": "0",
        "auto_action": "0",
        "colors": "0",
        "cross_reference_table": "1",
        "embedded_files": "0",
        "file_size": "91",
        "java_script": "0",
        "js": "0",
        "launch_action": "0",
        "object_end": "60",
        "object_start": "60",
        "object_streams": "0",
        "open_action": "0",
        "page_count": "4",
        "rich_media": "0",
        "start_cross_reference_table": "1",
        "stream_end": "11",
        "stream_start": "11",
        "trailer_dictionary": "1"
    },
    "yara_signatures": [
        "without_attachments",
        "without_images",
        "with_urls",
        "invalid_trailer_structure",
        "contentis_base64"
    ]
}