{
    "exif_signatures": {},
    "file_size": 479119,
    "pdfid_signatures": {},
    "pypdf_uris": [
        "http://ydeepty.com/c3?utm_term=karmasangsthan+bengali+news+paper+pdf+download+2019+free+full",
        "https://nanuleseja.weebly.com/uploads/1/3/4/0/134012971/7013902.pdf",
        "https://static1.squarespace.com/static/604aea6a97201213e037dc4e/t/62b90eaca45698400f5e7f7b/1656295084930/tasuta_isamehe_kne_Pulmad.pdf",
        "https://juputifewusa.weebly.com/uploads/1/3/4/4/134435955/miredibumotagak_pedatonel.pdf",
        "https://sopunarexij.weebly.com/uploads/1/3/1/8/131857112/9973503.pdf",
        "https://kiwemedorupa.weebly.com/uploads/1/3/4/4/134446537/7abaf5a4ecde50.pdf",
        "https://futiwetag.weebly.com/uploads/1/3/4/3/134367494/6501831.pdf",
        "https://xamaboku.weebly.com/uploads/1/3/4/6/134606559/gotelebeno-nigivimox-tujoxozin.pdf",
        "https://depewezuluro.weebly.com/uploads/1/3/4/1/134108544/wenalud-bulano-sisaxomuxijare.pdf",
        "https://static1.squarespace.com/static/604aebe5436e397a99d53e8a/t/62b85243182c361584472643/1656246851948/tisewew.pdf",
        "https://static1.squarespace.com/static/604aeb86718479732845b7b4/t/62b6fcb3a45698400f38aea6/1656159412136/55506967654.pdf",
        "https://zebazefapik.weebly.com/uploads/1/3/1/3/131383848/01dca00.pdf",
        "https://static1.squarespace.com/static/604aea6a97201213e037dc4e/t/62c08882619739746b2b85f3/1656785026871/john_bahakel_alabama_supreme_court.pdf",
        "https://static1.squarespace.com/static/604aec14af289a5f7a539cf5/t/62b66047a2f61203023eff1f/1656119368148/27172550742.pdf",
        "https://static1.squarespace.com/static/60aaf25e42d7b60106dc17aa/t/62c12d042ea9432c734f1ce0/1656827140598/kabemusekoxawekonewufomin.pdf",
        "https://static1.squarespace.com/static/604aea6a97201213e037dc4e/t/62c249723d83d47fbe92eb16/1656899955255/nafuwifidobazudilip.pdf",
        "https://static1.squarespace.com/static/604aea6a97201213e037dc4e/t/62c50442bec62b58ccbf35bd/1657078851081/el_conde_de_montecristo_online_latin.pdf",
        "https://static1.squarespace.com/static/604aeb86718479732845b7b4/t/62c0fd4c271ade6cd61dd808/1656814924808/nxstage_system_one_user_s_guide.pdf",
        "https://digufotunu.weebly.com/uploads/1/3/4/2/134266503/2652066.pdf",
        "https://kawififelotus.weebly.com/uploads/1/3/1/4/131437833/ec27082a06b7.pdf",
        "https://static1.squarespace.com/static/604aea6a97201213e037dc4e/t/62b7674a368fac0c39d92b3f/1656186699353/26533235603.pdf",
        "https://static1.squarespace.com/static/604aeb86718479732845b7b4/t/62ba49b2b068a904e12c55dc/1656375730935/descargar_peliculas_en_formato_avi_por_mega.pdf",
        "https://xumijarivibamow.weebly.com/uploads/1/3/5/3/135339210/duvuzugu.pdf",
        "https://static1.squarespace.com/static/60aaf27c8bac0413e6f804fa/t/62b4d96df3aea65f16958b0b/1656019309776/syphilis_guidelines_australia.pdf",
        "https://jezarilaj.weebly.com/uploads/1/4/1/7/141774140/wujar.pdf",
        "https://static1.squarespace.com/static/60aaf27c8bac0413e6f804fa/t/62b5b2185f8339053fd93430/1656074777213/archery_world_cup_game.pdf",
        "https://static1.squarespace.com/static/604aea6a97201213e037dc4e/t/62c4a1d0562f0966536c4561/1657053648802/cintas_de_opciones_de_powerpoint.pdf",
        "https://gewipilozu.weebly.com/uploads/1/3/0/7/130775211/187563.pdf",
        "https://static1.squarespace.com/static/604aec14af289a5f7a539cf5/t/62bc03f7a727a710627a8e9b/1656488951806/zerabololanepipe.pdf",
        "https://static1.squarespace.com/static/60aaf25e42d7b60106dc17aa/t/62b5848d5f8339053fd5b900/1656063117569/20323428011.pdf",
        "https://static1.squarespace.com/static/604aeb86718479732845b7b4/t/62c2b8bb1f3b203c26790343/1656928444032/.pdf",
        "https://kudigebudubug.weebly.com/uploads/1/3/4/3/134353201/sabugulapefi.pdf",
        "https://ruregogawumol.weebly.com/uploads/1/3/2/8/132815787/67317.pdf",
        "https://static1.squarespace.com/static/604aebe5436e397a99d53e8a/t/62bb591ff4757d54b5ab293a/1656445216053/sokosuzeke.pdf",
        "https://static1.squarespace.com/static/604aeb86718479732845b7b4/t/62c695712a12ef01a6f2c57b/1657181553766/california_work_comp_doctors_first_report.pdf",
        "https://static1.squarespace.com/static/60aaf27c8bac0413e6f804fa/t/62b5271993e22f78b1d2dbf2/1656039194511/midwife_job_interview_questions_and_answers.pdf",
        "https://xibatelilon.weebly.com/uploads/1/3/1/6/131637149/xaduzu.pdf",
        "https://japexuni.weebly.com/uploads/1/4/1/5/141505718/7802857.pdf",
        "https://rifisugafur.weebly.com/uploads/1/4/1/3/141385012/kabenonudusaro.pdf",
        "https://puwaxazot.weebly.com/uploads/1/4/1/5/141511612/267994.pdf",
        "https://static1.squarespace.com/static/60aaf27c8bac0413e6f804fa/t/62c178d1fbeebf438eb0cff7/1656846546080/michael_vey_fall_of_hades_read_online.pdf",
        "https://static1.squarespace.com/static/60aaf25e42d7b60106dc17aa/t/62c386fddbc9513b65504d75/1656981246325/dezufa.pdf",
        "https://tiganimoru.weebly.com/uploads/1/4/1/2/141252617/wewigap.pdf",
        "https://pobezewimo.weebly.com/uploads/1/3/2/6/132681951/5007352.pdf",
        "https://static1.squarespace.com/static/604aea6a97201213e037dc4e/t/62c07491edc7b1096046b1c2/1656779921892/fukupatefijabemurinumikit.pdf",
        "https://karinavoru.weebly.com/uploads/1/3/4/0/134017817/7f12e77.pdf",
        "https://nuzidobekoxap.weebly.com/uploads/1/3/4/7/134750252/5967608.pdf",
        "https://static1.squarespace.com/static/60aaf25e42d7b60106dc17aa/t/62b48ff478eb22598fdafae7/1656000501113/modified_mrc_dyspnoea_scale.pdf",
        "https://static1.squarespace.com/static/60aaf25e42d7b60106dc17aa/t/62be5ec382463365446d7ab1/1656643267687/53610561187.pdf",
        "https://webimilosajepi.weebly.com/uploads/1/3/4/8/134859137/tigojivajiti.pdf"
    ],
    "regex_uris": [
        "http://ydeepty.com/c3?utm_term=karmasangsthan+bengali+news+paper+pdf+download+2019+free+full",
        "https://nanuleseja.weebly.com/uploads/1/3/4/0/134012971/7013902.pdf",
        "https://static1.squarespace.com/static/604aea6a97201213e037dc4e/t/62b90eaca45698400f5e7f7b/1656295084930/tasuta_isamehe_kne_Pulmad.pdf",
        "https://juputifewusa.weebly.com/uploads/1/3/4/4/134435955/miredibumotagak_pedatonel.pdf",
        "https://sopunarexij.weebly.com/uploads/1/3/1/8/131857112/9973503.pdf",
        "https://kiwemedorupa.weebly.com/uploads/1/3/4/4/134446537/7abaf5a4ecde50.pdf",
        "https://futiwetag.weebly.com/uploads/1/3/4/3/134367494/6501831.pdf",
        "https://xamaboku.weebly.com/uploads/1/3/4/6/134606559/gotelebeno-nigivimox-tujoxozin.pdf",
        "https://depewezuluro.weebly.com/uploads/1/3/4/1/134108544/wenalud-bulano-sisaxomuxijare.pdf",
        "https://static1.squarespace.com/static/604aebe5436e397a99d53e8a/t/62b85243182c361584472643/1656246851948/tisewew.pdf",
        "https://static1.squarespace.com/static/604aeb86718479732845b7b4/t/62b6fcb3a45698400f38aea6/1656159412136/55506967654.pdf",
        "https://zebazefapik.weebly.com/uploads/1/3/1/3/131383848/01dca00.pdf",
        "https://static1.squarespace.com/static/604aea6a97201213e037dc4e/t/62c08882619739746b2b85f3/1656785026871/john_bahakel_alabama_supreme_court.pdf",
        "https://static1.squarespace.com/static/604aec14af289a5f7a539cf5/t/62b66047a2f61203023eff1f/1656119368148/27172550742.pdf",
        "https://static1.squarespace.com/static/60aaf25e42d7b60106dc17aa/t/62c12d042ea9432c734f1ce0/1656827140598/kabemusekoxawekonewufomin.pdf",
        "https://static1.squarespace.com/static/604aea6a97201213e037dc4e/t/62c249723d83d47fbe92eb16/1656899955255/nafuwifidobazudilip.pdf",
        "https://static1.squarespace.com/static/604aea6a97201213e037dc4e/t/62c50442bec62b58ccbf35bd/1657078851081/el_conde_de_montecristo_online_latin.pdf",
        "https://static1.squarespace.com/static/604aeb86718479732845b7b4/t/62c0fd4c271ade6cd61dd808/1656814924808/nxstage_system_one_user_s_guide.pdf",
        "https://digufotunu.weebly.com/uploads/1/3/4/2/134266503/2652066.pdf",
        "https://kawififelotus.weebly.com/uploads/1/3/1/4/131437833/ec27082a06b7.pdf",
        "https://static1.squarespace.com/static/604aea6a97201213e037dc4e/t/62b7674a368fac0c39d92b3f/1656186699353/26533235603.pdf",
        "https://static1.squarespace.com/static/604aeb86718479732845b7b4/t/62ba49b2b068a904e12c55dc/1656375730935/descargar_peliculas_en_formato_avi_por_mega.pdf",
        "https://xumijarivibamow.weebly.com/uploads/1/3/5/3/135339210/duvuzugu.pdf",
        "https://static1.squarespace.com/static/60aaf27c8bac0413e6f804fa/t/62b4d96df3aea65f16958b0b/1656019309776/syphilis_guidelines_australia.pdf",
        "https://jezarilaj.weebly.com/uploads/1/4/1/7/141774140/wujar.pdf",
        "https://static1.squarespace.com/static/60aaf27c8bac0413e6f804fa/t/62b5b2185f8339053fd93430/1656074777213/archery_world_cup_game.pdf",
        "https://static1.squarespace.com/static/604aea6a97201213e037dc4e/t/62c4a1d0562f0966536c4561/1657053648802/cintas_de_opciones_de_powerpoint.pdf",
        "https://gewipilozu.weebly.com/uploads/1/3/0/7/130775211/187563.pdf",
        "https://static1.squarespace.com/static/604aec14af289a5f7a539cf5/t/62bc03f7a727a710627a8e9b/1656488951806/zerabololanepipe.pdf",
        "https://static1.squarespace.com/static/60aaf25e42d7b60106dc17aa/t/62b5848d5f8339053fd5b900/1656063117569/20323428011.pdf",
        "https://static1.squarespace.com/static/604aeb86718479732845b7b4/t/62c2b8bb1f3b203c26790343/1656928444032/.pdf",
        "https://kudigebudubug.weebly.com/uploads/1/3/4/3/134353201/sabugulapefi.pdf",
        "https://ruregogawumol.weebly.com/uploads/1/3/2/8/132815787/67317.pdf",
        "https://static1.squarespace.com/static/604aebe5436e397a99d53e8a/t/62bb591ff4757d54b5ab293a/1656445216053/sokosuzeke.pdf",
        "https://static1.squarespace.com/static/604aeb86718479732845b7b4/t/62c695712a12ef01a6f2c57b/1657181553766/california_work_comp_doctors_first_report.pdf",
        "https://static1.squarespace.com/static/60aaf27c8bac0413e6f804fa/t/62b5271993e22f78b1d2dbf2/1656039194511/midwife_job_interview_questions_and_answers.pdf",
        "https://xibatelilon.weebly.com/uploads/1/3/1/6/131637149/xaduzu.pdf",
        "https://japexuni.weebly.com/uploads/1/4/1/5/141505718/7802857.pdf",
        "https://rifisugafur.weebly.com/uploads/1/4/1/3/141385012/kabenonudusaro.pdf",
        "https://puwaxazot.weebly.com/uploads/1/4/1/5/141511612/267994.pdf",
        "https://static1.squarespace.com/static/60aaf27c8bac0413e6f804fa/t/62c178d1fbeebf438eb0cff7/1656846546080/michael_vey_fall_of_hades_read_online.pdf",
        "https://static1.squarespace.com/static/60aaf25e42d7b60106dc17aa/t/62c386fddbc9513b65504d75/1656981246325/dezufa.pdf",
        "https://tiganimoru.weebly.com/uploads/1/4/1/2/141252617/wewigap.pdf",
        "https://pobezewimo.weebly.com/uploads/1/3/2/6/132681951/5007352.pdf",
        "https://static1.squarespace.com/static/604aea6a97201213e037dc4e/t/62c07491edc7b1096046b1c2/1656779921892/fukupatefijabemurinumikit.pdf",
        "https://karinavoru.weebly.com/uploads/1/3/4/0/134017817/7f12e77.pdf",
        "https://nuzidobekoxap.weebly.com/uploads/1/3/4/7/134750252/5967608.pdf",
        "https://static1.squarespace.com/static/60aaf25e42d7b60106dc17aa/t/62b48ff478eb22598fdafae7/1656000501113/modified_mrc_dyspnoea_scale.pdf",
        "https://static1.squarespace.com/static/60aaf25e42d7b60106dc17aa/t/62be5ec382463365446d7ab1/1656643267687/53610561187.pdf",
        "https://webimilosajepi.weebly.com/uploads/1/3/4/8/134859137/tigojivajiti.pdf"
    ],
    "regex_urls": [
        "http://ydeepty.com/c3?utm_term=karmasangsthan+bengali+news+paper+pdf+download+2019+free+full",
        "https",
        "https",
        "https",
        "https",
        "https",
        "https",
        "https",
        "https",
        "https",
        "https",
        "https",
        "https",
        "https",
        "https",
        "https",
        "https",
        "https",
        "https",
        "https",
        "https",
        "https",
        "https",
        "https",
        "https",
        "https",
        "https",
        "https",
        "https",
        "https",
        "https",
        "https",
        "https",
        "https",
        "https",
        "https",
        "https",
        "https",
        "https",
        "https",
        "https",
        "https",
        "https",
        "https",
        "https",
        "https",
        "https",
        "https",
        "https",
        "https",
        "http://www.w3.org/1999/02/22-rdf-syntax-ns#",
        "http://purl.org/dc/elements/1.1/",
        "http://ns.adobe.com/pdf/1.3/",
        "http://ns.adobe.com/xap/1.0/",
        "http://ns.adobe.com/xap/1.0/mm/",
        "http://ns.adobe.com/xap/1.0/rights/"
    ],
    "scripts": {
        "iframe": [],
        "urls": []
    },
    "static_properties": {
        "JBIG2Decode": "0",
        "XML_forms": "0",
        "acro_form": "0",
        "auto_action": "0",
        "colors": "0",
        "cross_reference_table": "2",
        "embedded_files": "0",
        "file_size": "479",
        "java_script": "0",
        "js": "0",
        "launch_action": "0",
        "object_end": "123",
        "object_start": "123",
        "object_streams": "0",
        "open_action": "0",
        "page_count": "5",
        "rich_media": "0",
        "start_cross_reference_table": "2",
        "stream_end": "24",
        "stream_start": "24",
        "trailer_dictionary": "2"
    },
    "yara_signatures": [
        "without_attachments",
        "without_images",
        "with_urls",
        "invalid_trailer_structure",
        "multiple_versions",
        "contentis_base64"
    ]
}