{
    "exif_signatures": {},
    "file_size": 1075380,
    "pdfid_signatures": {},
    "pypdf_uris": [
        "http://ydeepty.com/wb3?utm_term=maplestory%20blight%20trainer%20guide%20osrs%20guide%20pdf%20download",
        "http://coquicart.com/ckeditor/ckfinder/core/connector/php/uploads/files/91203389047.pdf",
        "http://artmetinc.com/wp-content/plugins/formcraft/file-upload/server/content/files/162ad7251805ea---sojojasaribusojo.pdf",
        "http://elosc.com/upFile/file///ITX202206201203179410.pdf",
        "http://test.uebersetzungen-nesselberger.de/wp-content/plugins/formcraft/file-upload/server/content/files/162474b516e034---41922920417.pdf",
        "https://kancelaria-wawrowska.pl/files/files/ronuvavoxepini.pdf",
        "https://ulicetwojegomiasta.pl/kcfinder/upload/files/timapitisujanif.pdf",
        "https://inflexi.com/kcfinder/upload/files/werinedejovokoduguve.pdf",
        "http://myphamvickwhitebeck.vn/luutru/files/timezavewabas.pdf",
        "http://thekkadyinfo.com/userfiles/file/wagesaroxerox.pdf",
        "http://ets-sptk.ru/pic/file/regaxukokozik.pdf",
        "http://profuturis.be/kcfinder/upload/files/zipofolifawazunufak.pdf",
        "https://wietsevoermans.nl/ckfinder/userfiles/files/86835301047.pdf",
        "http://sevoir.hu/uploads/file/nifuneguf.pdf",
        "http://obrazyramix.pl/userfiles/file/tusejanute.pdf",
        "http://3e-recycling.ru/app/webroot/filesfiles/40945639536.pdf",
        "https://sunsetlearningcenter.com/userfiles/file/81200279818.pdf",
        "http://kayseritupbebektedavisi.com/angora/userfiles/file/84353084978.pdf",
        "http://pusat.wellcomm.co.id/assets/kcfinder/upload/files/23026394952.pdf",
        "http://studioarchoggianiepartners.it/userfiles/files/87391342010.pdf",
        "https://karolinanowak.com/userfiles/file/rerifa.pdf",
        "https://ph2020.org/FCKeditor/file/falotojusulobuxetazi.pdf",
        "http://siamsnail.com/media/userfiles/files/5642749763.pdf",
        "http://studioboscono.it/userfiles/files/34085713385.pdf",
        "http://soles2walk.cz/data/file/59793055983.pdf"
    ],
    "regex_uris": [
        "http://ydeepty.com/wb3?utm_term=maplestory%20blight%20trainer%20guide%20osrs%20guide%20pdf%20download",
        "http://coquicart.com/ckeditor/ckfinder/core/connector/php/uploads/files/91203389047.pdf",
        "http://artmetinc.com/wp-content/plugins/formcraft/file-upload/server/content/files/162ad7251805ea---sojojasaribusojo.pdf",
        "http://elosc.com/upFile/file///ITX202206201203179410.pdf",
        "http://test.uebersetzungen-nesselberger.de/wp-content/plugins/formcraft/file-upload/server/content/files/162474b516e034---41922920417.pdf",
        "https://kancelaria-wawrowska.pl/files/files/ronuvavoxepini.pdf",
        "https://ulicetwojegomiasta.pl/kcfinder/upload/files/timapitisujanif.pdf",
        "https://inflexi.com/kcfinder/upload/files/werinedejovokoduguve.pdf",
        "http://myphamvickwhitebeck.vn/luutru/files/timezavewabas.pdf",
        "http://thekkadyinfo.com/userfiles/file/wagesaroxerox.pdf",
        "http://ets-sptk.ru/pic/file/regaxukokozik.pdf",
        "http://profuturis.be/kcfinder/upload/files/zipofolifawazunufak.pdf",
        "https://wietsevoermans.nl/ckfinder/userfiles/files/86835301047.pdf",
        "http://sevoir.hu/uploads/file/nifuneguf.pdf",
        "http://obrazyramix.pl/userfiles/file/tusejanute.pdf",
        "http://3e-recycling.ru/app/webroot/filesfiles/40945639536.pdf",
        "https://sunsetlearningcenter.com/userfiles/file/81200279818.pdf",
        "http://kayseritupbebektedavisi.com/angora/userfiles/file/84353084978.pdf",
        "http://pusat.wellcomm.co.id/assets/kcfinder/upload/files/23026394952.pdf",
        "http://studioarchoggianiepartners.it/userfiles/files/87391342010.pdf",
        "https://karolinanowak.com/userfiles/file/rerifa.pdf",
        "https://ph2020.org/FCKeditor/file/falotojusulobuxetazi.pdf",
        "http://siamsnail.com/media/userfiles/files/5642749763.pdf",
        "http://studioboscono.it/userfiles/files/34085713385.pdf",
        "http://soles2walk.cz/data/file/59793055983.pdf"
    ],
    "regex_urls": [
        "http://ydeepty.com/wb3?utm_term=maplestory%20blight%20trainer%20guide%20osrs%20guide%20pdf%20download",
        "http://coquicart.com/ckeditor/ckfinder/core/connector/php/uploads/files/91203389047.pdf",
        "http://artmetinc.com/wp-content/plugins/formcraft/file-upload/server/content/files/162ad7251805ea---sojojasaribusojo.pdf",
        "http://elosc.com/upFile/file///ITX202206201203179410.pdf",
        "http://test.uebersetzungen-nesselberger.de/wp-content/plugins/formcraft/file-upload/server/content/files/162474b516e034---41922920417.pdf",
        "https",
        "https",
        "https",
        "http://myphamvickwhitebeck.vn/luutru/files/timezavewabas.pdf",
        "http://thekkadyinfo.com/userfiles/file/wagesaroxerox.pdf",
        "http://ets-sptk.ru/pic/file/regaxukokozik.pdf",
        "http://profuturis.be/kcfinder/upload/files/zipofolifawazunufak.pdf",
        "https",
        "http://sevoir.hu/uploads/file/nifuneguf.pdf",
        "http://obrazyramix.pl/userfiles/file/tusejanute.pdf",
        "http://3e-recycling.ru/app/webroot/filesfiles/40945639536.pdf",
        "https",
        "http://kayseritupbebektedavisi.com/angora/userfiles/file/84353084978.pdf",
        "http://pusat.wellcomm.co.id/assets/kcfinder/upload/files/23026394952.pdf",
        "http://studioarchoggianiepartners.it/userfiles/files/87391342010.pdf",
        "https",
        "https",
        "http://siamsnail.com/media/userfiles/files/5642749763.pdf",
        "http://studioboscono.it/userfiles/files/34085713385.pdf",
        "http://soles2walk.cz/data/file/59793055983.pdf",
        "http://www.w3.org/1999/02/22-rdf-syntax-ns#",
        "http://purl.org/dc/elements/1.1/",
        "http://ns.adobe.com/pdf/1.3/",
        "http://ns.adobe.com/xap/1.0/",
        "http://ns.adobe.com/xap/1.0/mm/",
        "http://ns.adobe.com/xap/1.0/rights/"
    ],
    "scripts": {
        "iframe": [],
        "urls": []
    },
    "static_properties": {
        "JBIG2Decode": "0",
        "XML_forms": "0",
        "acro_form": "0",
        "auto_action": "0",
        "colors": "0",
        "cross_reference_table": "2",
        "embedded_files": "0",
        "file_size": "1075",
        "java_script": "0",
        "js": "0",
        "launch_action": "0",
        "object_end": "138",
        "object_start": "138",
        "object_streams": "0",
        "open_action": "0",
        "page_count": "15",
        "rich_media": "0",
        "start_cross_reference_table": "2",
        "stream_end": "29",
        "stream_start": "29",
        "trailer_dictionary": "2"
    },
    "yara_signatures": []
}