{
    "exif_signatures": {},
    "file_size": 46603,
    "pdfid_signatures": {},
    "pypdf_uris": [
        "https://netcdn.tw/app/431946152/roblox-bloxburg-hack-script-game-hack",
        "https://netcdn.tw/app/431946152/roblox-bloxburg-hack-script-game-hack",
        "https://www.tvoyo.tv/ckfinder/userfiles/files/free-robux-pastebin_GM431946152.pdf",
        "https://www.tvoyo.tv/ckfinder/userfiles/files/free-robux-offers_GM431946152.pdf",
        "https://www.tvoyo.tv/ckfinder/userfiles/files/coin-master-daily-free-spins-and-coins_GM406889139.pdf",
        "https://www.tvoyo.tv/ckfinder/userfiles/files/free-minecraft-server_GM479516143.pdf",
        "https://www.tvoyo.tv/ckfinder/userfiles/files/coin-master-hack-org_GM406889139.pdf",
        "https://www.tvoyo.tv/ckfinder/userfiles/files/links-to-get-free-coins-in-coin-master_GM406889139.pdf",
        "https://www.tvoyo.tv/ckfinder/userfiles/files/earn-robux-sites_GM431946152.pdf",
        "https://www.tvoyo.tv/ckfinder/userfiles/files/free-robux-com-2021_GM431946152.pdf",
        "https://www.tvoyo.tv/ckfinder/userfiles/files/free-tiktok-video_GM835599320.pdf",
        "https://www.tvoyo.tv/ckfinder/userfiles/files/how-to-free-robux_GM431946152.pdf",
        "https://www.tvoyo.tv/ckfinder/userfiles/files/coin-master-70-spin-link-today_GM406889139.pdf",
        "https://www.tvoyo.tv/ckfinder/userfiles/files/to-get-free-robux_GM431946152.pdf",
        "https://www.tvoyo.tv/ckfinder/userfiles/files/how-to-get-robux-for-free-2021_GM431946152.pdf",
        "https://www.tvoyo.tv/ckfinder/userfiles/files/is-minecraft-free-on-mac_GM479516143.pdf",
        "https://www.tvoyo.tv/ckfinder/userfiles/files/minecraft-pe-hacked-client-download_GM479516143.pdf",
        "https://www.tvoyo.tv/ckfinder/userfiles/files/is-minecraft-free-on-pc_GM479516143.pdf",
        "https://www.tvoyo.tv/ckfinder/userfiles/files/how-to-get-free-coins-on-coin-master_GM406889139.pdf",
        "https://www.tvoyo.tv/ckfinder/userfiles/files/how-to-get-free-robux-2021_GM431946152.pdf",
        "https://www.tvoyo.tv/ckfinder/userfiles/files/xray-mod-minecraft-114_GM479516143.pdf",
        "https://www.tvoyo.tv/ckfinder/userfiles/files/pubg-uc-image_GM1330123889.pdf"
    ],
    "regex_uris": [
        "https://netcdn.tw/app/431946152/roblox-bloxburg-hack-script-game-hack",
        "https://netcdn.tw/app/431946152/roblox-bloxburg-hack-script-game-hack",
        "https://www.tvoyo.tv/ckfinder/userfiles/files/free-robux-pastebin_GM431946152.pdf",
        "https://www.tvoyo.tv/ckfinder/userfiles/files/free-robux-offers_GM431946152.pdf",
        "https://www.tvoyo.tv/ckfinder/userfiles/files/coin-master-daily-free-spins-and-coins_GM406889139.pdf",
        "https://www.tvoyo.tv/ckfinder/userfiles/files/free-minecraft-server_GM479516143.pdf",
        "https://www.tvoyo.tv/ckfinder/userfiles/files/coin-master-hack-org_GM406889139.pdf",
        "https://www.tvoyo.tv/ckfinder/userfiles/files/links-to-get-free-coins-in-coin-master_GM406889139.pdf",
        "https://www.tvoyo.tv/ckfinder/userfiles/files/earn-robux-sites_GM431946152.pdf",
        "https://www.tvoyo.tv/ckfinder/userfiles/files/free-robux-com-2021_GM431946152.pdf",
        "https://www.tvoyo.tv/ckfinder/userfiles/files/free-tiktok-video_GM835599320.pdf",
        "https://www.tvoyo.tv/ckfinder/userfiles/files/how-to-free-robux_GM431946152.pdf",
        "https://www.tvoyo.tv/ckfinder/userfiles/files/coin-master-70-spin-link-today_GM406889139.pdf",
        "https://www.tvoyo.tv/ckfinder/userfiles/files/to-get-free-robux_GM431946152.pdf",
        "https://www.tvoyo.tv/ckfinder/userfiles/files/how-to-get-robux-for-free-2021_GM431946152.pdf",
        "https://www.tvoyo.tv/ckfinder/userfiles/files/is-minecraft-free-on-mac_GM479516143.pdf",
        "https://www.tvoyo.tv/ckfinder/userfiles/files/minecraft-pe-hacked-client-download_GM479516143.pdf",
        "https://www.tvoyo.tv/ckfinder/userfiles/files/is-minecraft-free-on-pc_GM479516143.pdf",
        "https://www.tvoyo.tv/ckfinder/userfiles/files/how-to-get-free-coins-on-coin-master_GM406889139.pdf",
        "https://www.tvoyo.tv/ckfinder/userfiles/files/how-to-get-free-robux-2021_GM431946152.pdf",
        "https://www.tvoyo.tv/ckfinder/userfiles/files/xray-mod-minecraft-114_GM479516143.pdf",
        "https://www.tvoyo.tv/ckfinder/userfiles/files/pubg-uc-image_GM1330123889.pdf"
    ],
    "regex_urls": [
        "https",
        "https",
        "https",
        "www.tvoyo.tv/ckfinder/userfiles/files/free-robux-pastebin_GM431946152.pdf",
        "https",
        "www.tvoyo.tv/ckfinder/userfiles/files/free-robux-offers_GM431946152.pdf",
        "https",
        "www.tvoyo.tv/ckfinder/userfiles/files/coin-master-daily-free-spins-and-coins_GM406889139.pdf",
        "https",
        "www.tvoyo.tv/ckfinder/userfiles/files/free-minecraft-server_GM479516143.pdf",
        "https",
        "www.tvoyo.tv/ckfinder/userfiles/files/coin-master-hack-org_GM406889139.pdf",
        "https",
        "www.tvoyo.tv/ckfinder/userfiles/files/links-to-get-free-coins-in-coin-master_GM406889139.pdf",
        "https",
        "www.tvoyo.tv/ckfinder/userfiles/files/earn-robux-sites_GM431946152.pdf",
        "https",
        "www.tvoyo.tv/ckfinder/userfiles/files/free-robux-com-2021_GM431946152.pdf",
        "https",
        "www.tvoyo.tv/ckfinder/userfiles/files/free-tiktok-video_GM835599320.pdf",
        "https",
        "www.tvoyo.tv/ckfinder/userfiles/files/how-to-free-robux_GM431946152.pdf",
        "https",
        "www.tvoyo.tv/ckfinder/userfiles/files/coin-master-70-spin-link-today_GM406889139.pdf",
        "https",
        "www.tvoyo.tv/ckfinder/userfiles/files/to-get-free-robux_GM431946152.pdf",
        "https",
        "www.tvoyo.tv/ckfinder/userfiles/files/how-to-get-robux-for-free-2021_GM431946152.pdf",
        "https",
        "www.tvoyo.tv/ckfinder/userfiles/files/is-minecraft-free-on-mac_GM479516143.pdf",
        "https",
        "www.tvoyo.tv/ckfinder/userfiles/files/minecraft-pe-hacked-client-download_GM479516143.pdf",
        "https",
        "www.tvoyo.tv/ckfinder/userfiles/files/is-minecraft-free-on-pc_GM479516143.pdf",
        "https",
        "www.tvoyo.tv/ckfinder/userfiles/files/how-to-get-free-coins-on-coin-master_GM406889139.pdf",
        "https",
        "www.tvoyo.tv/ckfinder/userfiles/files/how-to-get-free-robux-2021_GM431946152.pdf",
        "https",
        "www.tvoyo.tv/ckfinder/userfiles/files/xray-mod-minecraft-114_GM479516143.pdf",
        "https",
        "www.tvoyo.tv/ckfinder/userfiles/files/pubg-uc-image_GM1330123889.pdf"
    ],
    "scripts": {
        "iframe": [],
        "urls": []
    },
    "static_properties": {
        "JBIG2Decode": "0",
        "XML_forms": "0",
        "acro_form": "0",
        "auto_action": "0",
        "colors": "0",
        "cross_reference_table": "1",
        "embedded_files": "0",
        "file_size": "47",
        "java_script": "0",
        "js": "0",
        "launch_action": "0",
        "object_end": "65",
        "object_start": "65",
        "object_streams": "0",
        "open_action": "0",
        "page_count": "4",
        "rich_media": "0",
        "start_cross_reference_table": "1",
        "stream_end": "8",
        "stream_start": "8",
        "trailer_dictionary": "1"
    },
    "yara_signatures": [
        "without_attachments",
        "without_images",
        "with_urls",
        "invalid_trailer_structure",
        "contentis_base64"
    ]
}