{
    "exif_signatures": {},
    "file_size": 45671,
    "pdfid_signatures": {},
    "pypdf_uris": [
        "https://netcdn.tw/app/431946152/best-free-avatars-on-roblox-game-hack",
        "https://netcdn.tw/app/431946152/best-free-avatars-on-roblox-game-hack",
        "https://elearning.manicp.sch.id/__statics/gudangsoal/files/how-to-get-free-spins-on-coin-master-2021_GM406889139.pdf",
        "https://elearning.manicp.sch.id/__statics/gudangsoal/files/free-robux-codes-2021-real_GM431946152.pdf",
        "https://elearning.manicp.sch.id/__statics/gudangsoal/files/coin-master-free-gift-cards_GM406889139.pdf",
        "https://elearning.manicp.sch.id/__statics/gudangsoal/files/free-links-coin-master_GM406889139.pdf",
        "https://elearning.manicp.sch.id/__statics/gudangsoal/files/coin-master-hack-version-2021-free-download_GM406889139.pdf",
        "https://elearning.manicp.sch.id/__statics/gudangsoal/files/free-gifts-coin-master_GM406889139.pdf",
        "https://elearning.manicp.sch.id/__statics/gudangsoal/files/how-to-get-free-snacks-on-coin-master_GM406889139.pdf",
        "https://elearning.manicp.sch.id/__statics/gudangsoal/files/coin-master-free-400-spin-link_GM406889139.pdf",
        "https://elearning.manicp.sch.id/__statics/gudangsoal/files/minecraft-for-chromebook-free_GM479516143.pdf",
        "https://elearning.manicp.sch.id/__statics/gudangsoal/files/free-spins-in-coin-master-without-human-verification_GM406889139.pdf",
        "https://elearning.manicp.sch.id/__statics/gudangsoal/files/free-coins-coin-master-2021_GM406889139.pdf",
        "https://elearning.manicp.sch.id/__statics/gudangsoal/files/coinmasterfree_GM406889139.pdf",
        "https://elearning.manicp.sch.id/__statics/gudangsoal/files/free-robux-no-verification-or-survey_GM431946152.pdf",
        "https://elearning.manicp.sch.id/__statics/gudangsoal/files/free-robux-without-downloading-anything_GM431946152.pdf",
        "https://elearning.manicp.sch.id/__statics/gudangsoal/files/avatar-the-last-airbender-roblox_GM431946152.pdf",
        "https://elearning.manicp.sch.id/__statics/gudangsoal/files/free-girl-hair-roblox_GM431946152.pdf",
        "https://elearning.manicp.sch.id/__statics/gudangsoal/files/coin-master-free-coins-amp_GM406889139.pdf",
        "https://elearning.manicp.sch.id/__statics/gudangsoal/files/free-robux-generator-com-roblox-hack_GM431946152.pdf",
        "https://elearning.manicp.sch.id/__statics/gudangsoal/files/free-minecraft-capes-no-mods_GM479516143.pdf",
        "https://elearning.manicp.sch.id/__statics/gudangsoal/files/free-robux-script_GM431946152.pdf"
    ],
    "regex_uris": [
        "https://netcdn.tw/app/431946152/best-free-avatars-on-roblox-game-hack",
        "https://netcdn.tw/app/431946152/best-free-avatars-on-roblox-game-hack",
        "https://elearning.manicp.sch.id/__statics/gudangsoal/files/how-to-get-free-spins-on-coin-master-2021_GM406889139.pdf",
        "https://elearning.manicp.sch.id/__statics/gudangsoal/files/free-robux-codes-2021-real_GM431946152.pdf",
        "https://elearning.manicp.sch.id/__statics/gudangsoal/files/coin-master-free-gift-cards_GM406889139.pdf",
        "https://elearning.manicp.sch.id/__statics/gudangsoal/files/free-links-coin-master_GM406889139.pdf",
        "https://elearning.manicp.sch.id/__statics/gudangsoal/files/coin-master-hack-version-2021-free-download_GM406889139.pdf",
        "https://elearning.manicp.sch.id/__statics/gudangsoal/files/free-gifts-coin-master_GM406889139.pdf",
        "https://elearning.manicp.sch.id/__statics/gudangsoal/files/how-to-get-free-snacks-on-coin-master_GM406889139.pdf",
        "https://elearning.manicp.sch.id/__statics/gudangsoal/files/coin-master-free-400-spin-link_GM406889139.pdf",
        "https://elearning.manicp.sch.id/__statics/gudangsoal/files/minecraft-for-chromebook-free_GM479516143.pdf",
        "https://elearning.manicp.sch.id/__statics/gudangsoal/files/free-spins-in-coin-master-without-human-verification_GM406889139.pdf",
        "https://elearning.manicp.sch.id/__statics/gudangsoal/files/free-coins-coin-master-2021_GM406889139.pdf",
        "https://elearning.manicp.sch.id/__statics/gudangsoal/files/coinmasterfree_GM406889139.pdf",
        "https://elearning.manicp.sch.id/__statics/gudangsoal/files/free-robux-no-verification-or-survey_GM431946152.pdf",
        "https://elearning.manicp.sch.id/__statics/gudangsoal/files/free-robux-without-downloading-anything_GM431946152.pdf",
        "https://elearning.manicp.sch.id/__statics/gudangsoal/files/avatar-the-last-airbender-roblox_GM431946152.pdf",
        "https://elearning.manicp.sch.id/__statics/gudangsoal/files/free-girl-hair-roblox_GM431946152.pdf",
        "https://elearning.manicp.sch.id/__statics/gudangsoal/files/coin-master-free-coins-amp_GM406889139.pdf",
        "https://elearning.manicp.sch.id/__statics/gudangsoal/files/free-robux-generator-com-roblox-hack_GM431946152.pdf",
        "https://elearning.manicp.sch.id/__statics/gudangsoal/files/free-minecraft-capes-no-mods_GM479516143.pdf",
        "https://elearning.manicp.sch.id/__statics/gudangsoal/files/free-robux-script_GM431946152.pdf"
    ],
    "regex_urls": [
        "https",
        "https",
        "https",
        "https",
        "https",
        "https",
        "https",
        "https",
        "https",
        "https",
        "https",
        "https",
        "https",
        "https",
        "https",
        "https",
        "https",
        "https",
        "https",
        "https",
        "https",
        "https"
    ],
    "scripts": {
        "iframe": [],
        "urls": []
    },
    "static_properties": {
        "JBIG2Decode": "0",
        "XML_forms": "0",
        "acro_form": "0",
        "auto_action": "0",
        "colors": "0",
        "cross_reference_table": "1",
        "embedded_files": "0",
        "file_size": "46",
        "java_script": "0",
        "js": "0",
        "launch_action": "0",
        "object_end": "65",
        "object_start": "65",
        "object_streams": "0",
        "open_action": "0",
        "page_count": "4",
        "rich_media": "0",
        "start_cross_reference_table": "1",
        "stream_end": "8",
        "stream_start": "8",
        "trailer_dictionary": "1"
    },
    "yara_signatures": [
        "without_attachments",
        "without_images",
        "with_urls",
        "invalid_trailer_structure",
        "contentis_base64"
    ]
}