{
    "exif_signatures": {},
    "file_size": 331880,
    "pdfid_signatures": {},
    "pypdf_uris": [
        "https://norin.co.za/XSRYdR1H?utm_term=cooling+tower+thermal+design+manual.+pdf",
        "http://www.77ice.com/upload/files/16678815809.pdf",
        "http://humidorio.de/ckfinder/userfiles/files/99469788000.pdf",
        "https://clickbox.ro/images/file/3084204784.pdf",
        "http://email-database.info/userfiles/file/fogixegur.pdf",
        "https://www.naturecare.com.au/kcfinder/upload/files/vavunegevukek.pdf",
        "http://rustproofingottawa.com/userfiles/file/lilerelipu.pdf",
        "http://machulski.com/public/file/88506414846.pdf",
        "https://beldapin.com/calisma2/files/uploads/rafipikux.pdf",
        "http://stavclearing.ru/upload/files/85122863054.pdf",
        "http://flashdisplay.net/UploadFiles/FCKeditor/20210912141414.pdf",
        "https://detskeihriska.eu/ckfinder/userfiles/files/burubikuzigutupiv.pdf",
        "https://peiitw.com/Upload/ckeditor/files/32992313922.pdf",
        "https://web-sila.ru/wp-content/plugins/super-forms/uploads/php/files/5530c2a96f0a11219ee0b9ca21324dfb/rerexuw.pdf",
        "http://www.cheapmotorcycleinsurancepa.com/wp-content/plugins/super-forms/uploads/php/files/567715fd562e3e266d7d78e61d04a464/piwise.pdf",
        "https://www.prieur-equipement.com/ckfinder/userfiles/files/fufatamaxoxaxawasulu.pdf",
        "https://tonerihned.cz/userfiles/file/diroge.pdf",
        "http://albina.jp/kcfinder/upload/files/pepikunopisikaz.pdf",
        "http://onelove.cz/file/18762973166.pdf",
        "http://fnathservices.com/upload/file/fekoniket.pdf",
        "http://zespolbahamas.pl/zdjecia/file/7652950109.pdf",
        "http://folientastaturen.pl/_data/file/dexive.pdf",
        "https://manage3.realtourvision.com/rtv/ckfinder/userfiles/images/files/jigezerawozudizo.pdf",
        "http://quaint-house.com/images/blog/file/fabos.pdf",
        "https://k-kompany.ru/wp-content/plugins/super-forms/uploads/php/files/13f353099edd99d63255e9128229c35a/81679740293.pdf",
        "http://intertexmedical.com/userfiles/files/45568521140.pdf",
        "http://merissahaymore.com/images/e/file/temuxerosuzupik.pdf",
        "http://dayou.tw/uploadpic/files/202201011231251988.pdf"
    ],
    "regex_uris": [
        "https://norin.co.za/XSRYdR1H?utm_term=cooling+tower+thermal+design+manual.+pdf",
        "http://www.77ice.com/upload/files/16678815809.pdf",
        "http://humidorio.de/ckfinder/userfiles/files/99469788000.pdf",
        "https://clickbox.ro/images/file/3084204784.pdf",
        "http://email-database.info/userfiles/file/fogixegur.pdf",
        "https://www.naturecare.com.au/kcfinder/upload/files/vavunegevukek.pdf",
        "http://rustproofingottawa.com/userfiles/file/lilerelipu.pdf",
        "http://machulski.com/public/file/88506414846.pdf",
        "https://beldapin.com/calisma2/files/uploads/rafipikux.pdf",
        "http://stavclearing.ru/upload/files/85122863054.pdf",
        "http://flashdisplay.net/UploadFiles/FCKeditor/20210912141414.pdf",
        "https://detskeihriska.eu/ckfinder/userfiles/files/burubikuzigutupiv.pdf",
        "https://peiitw.com/Upload/ckeditor/files/32992313922.pdf",
        "https://web-sila.ru/wp-content/plugins/super-forms/uploads/php/files/5530c2a96f0a11219ee0b9ca21324dfb/rerexuw.pdf",
        "http://www.cheapmotorcycleinsurancepa.com/wp-content/plugins/super-forms/uploads/php/files/567715fd562e3e266d7d78e61d04a464/piwise.pdf",
        "https://www.prieur-equipement.com/ckfinder/userfiles/files/fufatamaxoxaxawasulu.pdf",
        "https://tonerihned.cz/userfiles/file/diroge.pdf",
        "http://albina.jp/kcfinder/upload/files/pepikunopisikaz.pdf",
        "http://onelove.cz/file/18762973166.pdf",
        "http://fnathservices.com/upload/file/fekoniket.pdf",
        "http://zespolbahamas.pl/zdjecia/file/7652950109.pdf",
        "http://folientastaturen.pl/_data/file/dexive.pdf",
        "https://manage3.realtourvision.com/rtv/ckfinder/userfiles/images/files/jigezerawozudizo.pdf",
        "http://quaint-house.com/images/blog/file/fabos.pdf",
        "https://k-kompany.ru/wp-content/plugins/super-forms/uploads/php/files/13f353099edd99d63255e9128229c35a/81679740293.pdf",
        "http://intertexmedical.com/userfiles/files/45568521140.pdf",
        "http://merissahaymore.com/images/e/file/temuxerosuzupik.pdf",
        "http://dayou.tw/uploadpic/files/202201011231251988.pdf"
    ],
    "regex_urls": [
        "https",
        "http://www.77ice.com/upload/files/16678815809.pdf",
        "http://humidorio.de/ckfinder/userfiles/files/99469788000.pdf",
        "https",
        "http://email-database.info/userfiles/file/fogixegur.pdf",
        "https",
        "www.naturecare.com.au/kcfinder/upload/files/vavunegevukek.pdf",
        "http://rustproofingottawa.com/userfiles/file/lilerelipu.pdf",
        "http://machulski.com/public/file/88506414846.pdf",
        "https",
        "http://stavclearing.ru/upload/files/85122863054.pdf",
        "http://flashdisplay.net/UploadFiles/FCKeditor/20210912141414.pdf",
        "https",
        "https",
        "https",
        "http://www.cheapmotorcycleinsurancepa.com/wp-content/plugins/super-forms/uploads/php/files/567715fd562e3e266d7d78e61d04a464/piwise.pdf",
        "https",
        "www.prieur-equipement.com/ckfinder/userfiles/files/fufatamaxoxaxawasulu.pdf",
        "https",
        "http://albina.jp/kcfinder/upload/files/pepikunopisikaz.pdf",
        "http://onelove.cz/file/18762973166.pdf",
        "http://fnathservices.com/upload/file/fekoniket.pdf",
        "http://zespolbahamas.pl/zdjecia/file/7652950109.pdf",
        "http://folientastaturen.pl/_data/file/dexive.pdf",
        "https",
        "http://quaint-house.com/images/blog/file/fabos.pdf",
        "https",
        "http://intertexmedical.com/userfiles/files/45568521140.pdf",
        "http://merissahaymore.com/images/e/file/temuxerosuzupik.pdf",
        "http://dayou.tw/uploadpic/files/202201011231251988.pdf",
        "http://www.w3.org/1999/02/22-rdf-syntax-ns#",
        "http://purl.org/dc/elements/1.1/",
        "http://ns.adobe.com/pdf/1.3/",
        "http://ns.adobe.com/xap/1.0/",
        "http://ns.adobe.com/xap/1.0/mm/",
        "http://ns.adobe.com/xap/1.0/rights/"
    ],
    "scripts": {
        "iframe": [],
        "urls": []
    },
    "static_properties": {
        "JBIG2Decode": "0",
        "XML_forms": "0",
        "acro_form": "0",
        "auto_action": "0",
        "colors": "0",
        "cross_reference_table": "2",
        "embedded_files": "0",
        "file_size": "332",
        "java_script": "0",
        "js": "0",
        "launch_action": "0",
        "object_end": "89",
        "object_start": "89",
        "object_streams": "0",
        "open_action": "0",
        "page_count": "4",
        "rich_media": "0",
        "start_cross_reference_table": "2",
        "stream_end": "20",
        "stream_start": "20",
        "trailer_dictionary": "2"
    },
    "yara_signatures": [
        "without_attachments",
        "without_images",
        "with_urls",
        "invalid_trailer_structure",
        "multiple_versions",
        "contentis_base64",
        "Big_Numbers1"
    ]
}