{
    "exif_signatures": {},
    "file_size": 80963,
    "pdfid_signatures": {},
    "pypdf_uris": [
        "https://gimoguvi.ru/strik?utm_term=dieta+de+papa+y+zanahoria+para+bajar+de+peso",
        "https://cdn-cms.f-static.net/uploads/4379369/normal_600eafb476187.pdf",
        "https://cdn.sqhk.co/wobuwaseja/s7gghbr/mymtnapp_free_500mb.pdf",
        "https://static.s123-cdn-static.com/uploads/4459935/normal_6004df208ddbe.pdf",
        "https://s3.amazonaws.com/xulepiwa/cydia_tweaks_app.pdf",
        "https://cdn-cms.f-static.net/uploads/4379841/normal_600b3d61cbd86.pdf",
        "https://cdn-cms.f-static.net/uploads/4383681/normal_6023be10c3895.pdf",
        "https://static.s123-cdn-static.com/uploads/4478123/normal_5fe5b0bc886f6.pdf",
        "https://cdn.sqhk.co/malofavu/hg5hebE/icy_veins_wow_classic_warlock.pdf",
        "https://d3df31c7-72fe-42b1-a92e-0723e8ed7a16.filesusr.com/ugd/5bf82b_f62bd5c4b227482db735bd7ce7d2bae7.pdf?index=true",
        "https://static.s123-cdn-static.com/uploads/4492294/normal_5ff13ea2c03f7.pdf",
        "http://martakkord.ru/nubofozy3nai.pdf",
        "https://cdn.sqhk.co/kogujipubap/ZievYij/53028833709.pdf",
        "https://s3.amazonaws.com/nosepevozux/what_is_a_passage_to_africa_about.pdf",
        "https://static.s123-cdn-static.com/uploads/4450731/normal_5febfbd8a1edb.pdf",
        "http://persequen.com/50688472309bzofi.pdf",
        "https://cdn.sqhk.co/jojikoxazew/fn5khhh/dune_buggy_las_vegas_groupon.pdf",
        "https://s3.amazonaws.com/zijivevip/zozazutusojelugoputofator.pdf",
        "https://e1cf253b-b3af-4135-a675-1c3c021177f9.filesusr.com/ugd/111c46_e8ae6337a9d2430ca1988b5f5ed8bc84.pdf?index=true",
        "https://static.s123-cdn-static.com/uploads/4444643/normal_5fe41bde8d2b2.pdf",
        "https://5e3b32e6-a537-4a58-a531-ef303a468713.filesusr.com/ugd/120874_ae304b95a5334eeca0e18d2a13635cf7.pdf?index=true",
        "http://4338bacchus.com/suluzojotagam82l.pdf"
    ],
    "regex_uris": [
        "https://gimoguvi.ru/strik?utm_term=dieta+de+papa+y+zanahoria+para+bajar+de+peso",
        "https://cdn-cms.f-static.net/uploads/4379369/normal_600eafb476187.pdf",
        "https://cdn.sqhk.co/wobuwaseja/s7gghbr/mymtnapp_free_500mb.pdf",
        "https://static.s123-cdn-static.com/uploads/4459935/normal_6004df208ddbe.pdf",
        "https://s3.amazonaws.com/xulepiwa/cydia_tweaks_app.pdf",
        "https://cdn-cms.f-static.net/uploads/4379841/normal_600b3d61cbd86.pdf",
        "https://cdn-cms.f-static.net/uploads/4383681/normal_6023be10c3895.pdf",
        "https://static.s123-cdn-static.com/uploads/4478123/normal_5fe5b0bc886f6.pdf",
        "https://cdn.sqhk.co/malofavu/hg5hebE/icy_veins_wow_classic_warlock.pdf",
        "https://d3df31c7-72fe-42b1-a92e-0723e8ed7a16.filesusr.com/ugd/5bf82b_f62bd5c4b227482db735bd7ce7d2bae7.pdf?index=true",
        "https://static.s123-cdn-static.com/uploads/4492294/normal_5ff13ea2c03f7.pdf",
        "http://martakkord.ru/nubofozy3nai.pdf",
        "https://cdn.sqhk.co/kogujipubap/ZievYij/53028833709.pdf",
        "https://s3.amazonaws.com/nosepevozux/what_is_a_passage_to_africa_about.pdf",
        "https://static.s123-cdn-static.com/uploads/4450731/normal_5febfbd8a1edb.pdf",
        "http://persequen.com/50688472309bzofi.pdf",
        "https://cdn.sqhk.co/jojikoxazew/fn5khhh/dune_buggy_las_vegas_groupon.pdf",
        "https://s3.amazonaws.com/zijivevip/zozazutusojelugoputofator.pdf",
        "https://e1cf253b-b3af-4135-a675-1c3c021177f9.filesusr.com/ugd/111c46_e8ae6337a9d2430ca1988b5f5ed8bc84.pdf?index=true",
        "https://static.s123-cdn-static.com/uploads/4444643/normal_5fe41bde8d2b2.pdf",
        "https://5e3b32e6-a537-4a58-a531-ef303a468713.filesusr.com/ugd/120874_ae304b95a5334eeca0e18d2a13635cf7.pdf?index=true",
        "http://4338bacchus.com/suluzojotagam82l.pdf"
    ],
    "regex_urls": [
        "https",
        "https",
        "https",
        "https",
        "https",
        "https",
        "https",
        "https",
        "https",
        "https",
        "https",
        "http://martakkord.ru/nubofozy3nai.pdf",
        "https",
        "https",
        "https",
        "http://persequen.com/50688472309bzofi.pdf",
        "https",
        "https",
        "https",
        "https",
        "https",
        "http://4338bacchus.com/suluzojotagam82l.pdf",
        "http://www.w3.org/1999/02/22-rdf-syntax-ns#",
        "http://purl.org/dc/elements/1.1/",
        "http://ns.adobe.com/pdf/1.3/",
        "http://ns.adobe.com/xap/1.0/",
        "http://ns.adobe.com/xap/1.0/mm/",
        "http://ns.adobe.com/xap/1.0/rights/"
    ],
    "scripts": {
        "iframe": [],
        "urls": []
    },
    "static_properties": {
        "JBIG2Decode": "0",
        "XML_forms": "0",
        "acro_form": "0",
        "auto_action": "0",
        "colors": "0",
        "cross_reference_table": "2",
        "embedded_files": "0",
        "file_size": "81",
        "java_script": "0",
        "js": "0",
        "launch_action": "0",
        "object_end": "58",
        "object_start": "58",
        "object_streams": "0",
        "open_action": "0",
        "page_count": "2",
        "rich_media": "0",
        "start_cross_reference_table": "2",
        "stream_end": "8",
        "stream_start": "8",
        "trailer_dictionary": "2"
    },
    "yara_signatures": [
        "without_attachments",
        "without_images",
        "with_urls",
        "invalid_trailer_structure",
        "multiple_versions",
        "contentis_base64",
        "Big_Numbers1"
    ]
}