{
    "exif_signatures": {},
    "file_size": 46549,
    "pdfid_signatures": {},
    "pypdf_uris": [
        "https://netcdn.tw/app/431946152/infinite-jump-roblox-hack-descargar-game-hack",
        "https://netcdn.tw/app/431946152/infinite-jump-roblox-hack-descargar-game-hack",
        "https://wandpiraten.de/images/free-robux-pin-codes_GM431946152.pdf",
        "https://wandpiraten.de/images/free-robux-earn_GM431946152.pdf",
        "https://wandpiraten.de/images/free-robux-no-verification-required_GM431946152.pdf",
        "https://wandpiraten.de/images/roblox-how-to-get-free-clothes_GM431946152.pdf",
        "https://wandpiraten.de/images/wahoo-gaming-co-free-robux_GM431946152.pdf",
        "https://wandpiraten.de/images/coin-master-free-spins-and-coins-link-haktuts_GM406889139.pdf",
        "https://wandpiraten.de/images/spins-coin-master_GM406889139.pdf",
        "https://wandpiraten.de/images/free-spins-and-coins-for-coin-master-game_GM406889139.pdf",
        "https://wandpiraten.de/images/how-to-get-free-items-in-the-roblox-catalog_GM431946152.pdf",
        "https://wandpiraten.de/images/coin-master-free-gold-cards-link-2021ee-spins_GM406889139.pdf",
        "https://wandpiraten.de/images/coin-master-free-spins-link-download-hack_GM406889139.pdf",
        "https://wandpiraten.de/images/minecraft-free-download_GM479516143.pdf",
        "https://wandpiraten.de/images/where-to-get-robux_GM431946152.pdf",
        "https://wandpiraten.de/images/roblox-free-robux-website_GM431946152.pdf",
        "https://wandpiraten.de/images/minecraft-pocket-edition-free_GM479516143.pdf",
        "https://wandpiraten.de/images/free-real-avatar-swords-roblox_GM431946152.pdf",
        "https://wandpiraten.de/images/free-spins-and-coins-on-coin-master_GM406889139.pdf",
        "https://wandpiraten.de/images/free-robux-group_GM431946152.pdf",
        "https://wandpiraten.de/images/is-there-an-actual-hack-that-work-for-coin-master_GM406889139.pdf",
        "https://wandpiraten.de/images/free-coin-master-coins-and-spins_GM406889139.pdf"
    ],
    "regex_uris": [
        "https://netcdn.tw/app/431946152/infinite-jump-roblox-hack-descargar-game-hack",
        "https://netcdn.tw/app/431946152/infinite-jump-roblox-hack-descargar-game-hack",
        "https://wandpiraten.de/images/free-robux-pin-codes_GM431946152.pdf",
        "https://wandpiraten.de/images/free-robux-earn_GM431946152.pdf",
        "https://wandpiraten.de/images/free-robux-no-verification-required_GM431946152.pdf",
        "https://wandpiraten.de/images/roblox-how-to-get-free-clothes_GM431946152.pdf",
        "https://wandpiraten.de/images/wahoo-gaming-co-free-robux_GM431946152.pdf",
        "https://wandpiraten.de/images/coin-master-free-spins-and-coins-link-haktuts_GM406889139.pdf",
        "https://wandpiraten.de/images/spins-coin-master_GM406889139.pdf",
        "https://wandpiraten.de/images/free-spins-and-coins-for-coin-master-game_GM406889139.pdf",
        "https://wandpiraten.de/images/how-to-get-free-items-in-the-roblox-catalog_GM431946152.pdf",
        "https://wandpiraten.de/images/coin-master-free-gold-cards-link-2021ee-spins_GM406889139.pdf",
        "https://wandpiraten.de/images/coin-master-free-spins-link-download-hack_GM406889139.pdf",
        "https://wandpiraten.de/images/minecraft-free-download_GM479516143.pdf",
        "https://wandpiraten.de/images/where-to-get-robux_GM431946152.pdf",
        "https://wandpiraten.de/images/roblox-free-robux-website_GM431946152.pdf",
        "https://wandpiraten.de/images/minecraft-pocket-edition-free_GM479516143.pdf",
        "https://wandpiraten.de/images/free-real-avatar-swords-roblox_GM431946152.pdf",
        "https://wandpiraten.de/images/free-spins-and-coins-on-coin-master_GM406889139.pdf",
        "https://wandpiraten.de/images/free-robux-group_GM431946152.pdf",
        "https://wandpiraten.de/images/is-there-an-actual-hack-that-work-for-coin-master_GM406889139.pdf",
        "https://wandpiraten.de/images/free-coin-master-coins-and-spins_GM406889139.pdf"
    ],
    "regex_urls": [
        "https",
        "https",
        "https",
        "https",
        "https",
        "https",
        "https",
        "https",
        "https",
        "https",
        "https",
        "https",
        "https",
        "https",
        "https",
        "https",
        "https",
        "https",
        "https",
        "https",
        "https",
        "https"
    ],
    "scripts": {
        "iframe": [],
        "urls": []
    },
    "static_properties": {
        "JBIG2Decode": "0",
        "XML_forms": "0",
        "acro_form": "0",
        "auto_action": "0",
        "colors": "0",
        "cross_reference_table": "1",
        "embedded_files": "0",
        "file_size": "47",
        "java_script": "0",
        "js": "0",
        "launch_action": "0",
        "object_end": "65",
        "object_start": "65",
        "object_streams": "0",
        "open_action": "0",
        "page_count": "4",
        "rich_media": "0",
        "start_cross_reference_table": "1",
        "stream_end": "8",
        "stream_start": "8",
        "trailer_dictionary": "1"
    },
    "yara_signatures": [
        "without_attachments",
        "without_images",
        "with_urls",
        "invalid_trailer_structure",
        "contentis_base64"
    ]
}