{
    "exif_signatures": {},
    "file_size": 86162,
    "pdfid_signatures": {},
    "pypdf_uris": [
        "https://irlanc.ru/uplcv?utm_term=chin+ups+for+chest",
        "https://tatvan.in/userfiles/file/lokujibibanoferojag.pdf",
        "https://tierrettung-in-katalonien.org/ckfinder/userfiles/files/32401687177.pdf",
        "https://israelonthehouse.com/wp-content/plugins/formcraft/file-upload/server/content/files/16147bcde7f461---53206304185.pdf",
        "https://wronba.pl/uploads/wysiwyg/file/tosopozewozelal.pdf",
        "https://educhina.mn/editor/files/96667151528.pdf",
        "http://bienbao.org/uploads/files/mewesupemenebazitizogib.pdf",
        "https://horacebatten.com/ckfinder/userfiles/files/vadepikorejivorux.pdf",
        "http://kowel.com/ckfinder/userfiles/files/1631963573.pdf",
        "https://koltoztetes-szallitas-lomtalanitas.com/ckfinder/userfiles/files/61131155434.pdf",
        "http://edwindijk.nl/home/edijk/domains/edwindijk.nl/public_html/uploads/file/bolosifokobimu.pdf",
        "http://origo.ws/userfiles/file/72771090179.pdf",
        "http://akbmodel.com/wp-content/plugins/formcraft/file-upload/server/content/files/16143253757100---22071275226.pdf",
        "https://bizdrive.nl/wp-content/plugins/formcraft/file-upload/server/content/files/1/1615a3952dd5ee---watobazomidawexak.pdf",
        "http://www.szphotar.com/admin/img/files/81865231826.pdf",
        "https://www.bakkersvlaanderen.be/resources/plugins/ckfinder/userfiles/0/files/wagoketavofaroxobukeri.pdf",
        "http://energywork.pl/userfiles/file/77303412119.pdf",
        "http://www.azurwelcomeservices.com/userfiles/file/juzepob.pdf",
        "https://yourwebcenter.com/files/file/wuvanobademuwanitunup.pdf",
        "http://dayuntang.com/assets/uploads/ckedit/files/20210911083623.pdf",
        "http://partnercable.com/files/jomorenaxuwabopadejul.pdf",
        "https://jcmimoveis.com/userfiles/file/wujazav.pdf",
        "http://deleersnijder-bocaege.be/images/file/59713671347.pdf",
        "https://lllk.ru/wp-content/plugins/super-forms/uploads/php/files/8d38b7a1aed9c1443cc2b24c806e8748/27574498914.pdf",
        "http://dongamold.com/fckeditor/upload_files/file/94979419859.pdf",
        "http://lamorenj.com/userfiles/file/78890199723.pdf",
        "http://runhouchem.com/upload/files/seran.pdf"
    ],
    "regex_uris": [
        "https://irlanc.ru/uplcv?utm_term=chin+ups+for+chest",
        "https://tatvan.in/userfiles/file/lokujibibanoferojag.pdf",
        "https://tierrettung-in-katalonien.org/ckfinder/userfiles/files/32401687177.pdf",
        "https://israelonthehouse.com/wp-content/plugins/formcraft/file-upload/server/content/files/16147bcde7f461---53206304185.pdf",
        "https://wronba.pl/uploads/wysiwyg/file/tosopozewozelal.pdf",
        "https://educhina.mn/editor/files/96667151528.pdf",
        "http://bienbao.org/uploads/files/mewesupemenebazitizogib.pdf",
        "https://horacebatten.com/ckfinder/userfiles/files/vadepikorejivorux.pdf",
        "http://kowel.com/ckfinder/userfiles/files/1631963573.pdf",
        "https://koltoztetes-szallitas-lomtalanitas.com/ckfinder/userfiles/files/61131155434.pdf",
        "http://edwindijk.nl/home/edijk/domains/edwindijk.nl/public_html/uploads/file/bolosifokobimu.pdf",
        "http://origo.ws/userfiles/file/72771090179.pdf",
        "http://akbmodel.com/wp-content/plugins/formcraft/file-upload/server/content/files/16143253757100---22071275226.pdf",
        "https://bizdrive.nl/wp-content/plugins/formcraft/file-upload/server/content/files/1/1615a3952dd5ee---watobazomidawexak.pdf",
        "http://www.szphotar.com/admin/img/files/81865231826.pdf",
        "https://www.bakkersvlaanderen.be/resources/plugins/ckfinder/userfiles/0/files/wagoketavofaroxobukeri.pdf",
        "http://energywork.pl/userfiles/file/77303412119.pdf",
        "http://www.azurwelcomeservices.com/userfiles/file/juzepob.pdf",
        "https://yourwebcenter.com/files/file/wuvanobademuwanitunup.pdf",
        "http://dayuntang.com/assets/uploads/ckedit/files/20210911083623.pdf",
        "http://partnercable.com/files/jomorenaxuwabopadejul.pdf",
        "https://jcmimoveis.com/userfiles/file/wujazav.pdf",
        "http://deleersnijder-bocaege.be/images/file/59713671347.pdf",
        "https://lllk.ru/wp-content/plugins/super-forms/uploads/php/files/8d38b7a1aed9c1443cc2b24c806e8748/27574498914.pdf",
        "http://dongamold.com/fckeditor/upload_files/file/94979419859.pdf",
        "http://lamorenj.com/userfiles/file/78890199723.pdf",
        "http://runhouchem.com/upload/files/seran.pdf"
    ],
    "regex_urls": [
        "https",
        "https",
        "https",
        "https",
        "https",
        "https",
        "http://bienbao.org/uploads/files/mewesupemenebazitizogib.pdf",
        "https",
        "http://kowel.com/ckfinder/userfiles/files/1631963573.pdf",
        "https",
        "http://edwindijk.nl/home/edijk/domains/edwindijk.nl/public_html/uploads/file/bolosifokobimu.pdf",
        "http://origo.ws/userfiles/file/72771090179.pdf",
        "http://akbmodel.com/wp-content/plugins/formcraft/file-upload/server/content/files/16143253757100---22071275226.pdf",
        "https",
        "http://www.szphotar.com/admin/img/files/81865231826.pdf",
        "https",
        "www.bakkersvlaanderen.be/resources/plugins/ckfinder/userfiles/0/files/wagoketavofaroxobukeri.pdf",
        "http://energywork.pl/userfiles/file/77303412119.pdf",
        "http://www.azurwelcomeservices.com/userfiles/file/juzepob.pdf",
        "https",
        "http://dayuntang.com/assets/uploads/ckedit/files/20210911083623.pdf",
        "http://partnercable.com/files/jomorenaxuwabopadejul.pdf",
        "https",
        "http://deleersnijder-bocaege.be/images/file/59713671347.pdf",
        "https",
        "http://dongamold.com/fckeditor/upload_files/file/94979419859.pdf",
        "http://lamorenj.com/userfiles/file/78890199723.pdf",
        "http://runhouchem.com/upload/files/seran.pdf",
        "http://www.w3.org/1999/02/22-rdf-syntax-ns#",
        "http://purl.org/dc/elements/1.1/",
        "http://ns.adobe.com/pdf/1.3/",
        "http://ns.adobe.com/xap/1.0/",
        "http://ns.adobe.com/xap/1.0/mm/",
        "http://ns.adobe.com/xap/1.0/rights/"
    ],
    "scripts": {
        "iframe": [],
        "urls": []
    },
    "static_properties": {
        "JBIG2Decode": "0",
        "XML_forms": "0",
        "acro_form": "0",
        "auto_action": "0",
        "colors": "0",
        "cross_reference_table": "2",
        "embedded_files": "0",
        "file_size": "86",
        "java_script": "0",
        "js": "0",
        "launch_action": "0",
        "object_end": "73",
        "object_start": "73",
        "object_streams": "0",
        "open_action": "0",
        "page_count": "3",
        "rich_media": "0",
        "start_cross_reference_table": "2",
        "stream_end": "14",
        "stream_start": "14",
        "trailer_dictionary": "2"
    },
    "yara_signatures": [
        "possible_includes_base64_packed_functions",
        "without_attachments",
        "without_images",
        "with_urls",
        "suspicious_creator",
        "invalid_trailer_structure",
        "multiple_versions",
        "contentis_base64",
        "Big_Numbers1"
    ]
}