{
    "exif_signatures": {},
    "file_size": 43317,
    "pdfid_signatures": {},
    "pypdf_uris": [
        "http://netcdn.co/app/431946152/roblox-dayz-hack-game-hack",
        "http://netcdn.co/app/431946152/roblox-dayz-hack-game-hack",
        "https://wandpiraten.de/images/coin-master-free-spins-daily-2021_GM406889139.pdf",
        "https://wandpiraten.de/images/how-to-earn-robux-for-free-2021_GM431946152.pdf",
        "https://wandpiraten.de/images/robux-infini-cheat-engine_GM431946152.pdf",
        "https://wandpiraten.de/images/coin-master-links-for-today_GM406889139.pdf",
        "https://wandpiraten.de/images/free-robux-scam-bots_GM431946152.pdf",
        "https://wandpiraten.de/images/how-to-hack-admin-commands-on-roblox-android_GM431946152.pdf",
        "https://wandpiraten.de/images/free-robux-generator-2021_GM431946152.pdf",
        "https://wandpiraten.de/images/how-to-download-minecraft-for-free-on-iphone_GM479516143.pdf",
        "https://wandpiraten.de/images/how-to-get-free-robux-com_GM431946152.pdf",
        "https://wandpiraten.de/images/how-can-u-get-free-robux_GM431946152.pdf",
        "https://wandpiraten.de/images/apps-roblox-hacks_GM431946152.pdf",
        "https://wandpiraten.de/images/free-robux-no-human-verification-ios_GM431946152.pdf",
        "https://wandpiraten.de/images/easy-robux-today-com_GM431946152.pdf",
        "https://wandpiraten.de/images/free-wearable-wings-roblox_GM431946152.pdf",
        "https://wandpiraten.de/images/legit-coin-master-hack-without-verification_GM406889139.pdf",
        "https://wandpiraten.de/images/robux-premium_GM431946152.pdf",
        "https://wandpiraten.de/images/i-need-robux_GM431946152.pdf",
        "https://wandpiraten.de/images/pubg-uc-980_GM1330123889.pdf",
        "https://wandpiraten.de/images/how-to-get-free-robux-2021-2-4_GM431946152.pdf",
        "https://wandpiraten.de/images/roblox-group-free-robux-2021_GM431946152.pdf"
    ],
    "regex_uris": [
        "http://netcdn.co/app/431946152/roblox-dayz-hack-game-hack",
        "http://netcdn.co/app/431946152/roblox-dayz-hack-game-hack",
        "https://wandpiraten.de/images/coin-master-free-spins-daily-2021_GM406889139.pdf",
        "https://wandpiraten.de/images/how-to-earn-robux-for-free-2021_GM431946152.pdf",
        "https://wandpiraten.de/images/robux-infini-cheat-engine_GM431946152.pdf",
        "https://wandpiraten.de/images/coin-master-links-for-today_GM406889139.pdf",
        "https://wandpiraten.de/images/free-robux-scam-bots_GM431946152.pdf",
        "https://wandpiraten.de/images/how-to-hack-admin-commands-on-roblox-android_GM431946152.pdf",
        "https://wandpiraten.de/images/free-robux-generator-2021_GM431946152.pdf",
        "https://wandpiraten.de/images/how-to-download-minecraft-for-free-on-iphone_GM479516143.pdf",
        "https://wandpiraten.de/images/how-to-get-free-robux-com_GM431946152.pdf",
        "https://wandpiraten.de/images/how-can-u-get-free-robux_GM431946152.pdf",
        "https://wandpiraten.de/images/apps-roblox-hacks_GM431946152.pdf",
        "https://wandpiraten.de/images/free-robux-no-human-verification-ios_GM431946152.pdf",
        "https://wandpiraten.de/images/easy-robux-today-com_GM431946152.pdf",
        "https://wandpiraten.de/images/free-wearable-wings-roblox_GM431946152.pdf",
        "https://wandpiraten.de/images/legit-coin-master-hack-without-verification_GM406889139.pdf",
        "https://wandpiraten.de/images/robux-premium_GM431946152.pdf",
        "https://wandpiraten.de/images/i-need-robux_GM431946152.pdf",
        "https://wandpiraten.de/images/pubg-uc-980_GM1330123889.pdf",
        "https://wandpiraten.de/images/how-to-get-free-robux-2021-2-4_GM431946152.pdf",
        "https://wandpiraten.de/images/roblox-group-free-robux-2021_GM431946152.pdf"
    ],
    "regex_urls": [
        "http://netcdn.co/app/431946152/roblox-dayz-hack-game-hack",
        "http://netcdn.co/app/431946152/roblox-dayz-hack-game-hack",
        "https",
        "https",
        "https",
        "https",
        "https",
        "https",
        "https",
        "https",
        "https",
        "https",
        "https",
        "https",
        "https",
        "https",
        "https",
        "https",
        "https",
        "https",
        "https",
        "https"
    ],
    "scripts": {
        "iframe": [],
        "urls": []
    },
    "static_properties": {
        "JBIG2Decode": "0",
        "XML_forms": "0",
        "acro_form": "0",
        "auto_action": "0",
        "colors": "0",
        "cross_reference_table": "1",
        "embedded_files": "0",
        "file_size": "43",
        "java_script": "0",
        "js": "0",
        "launch_action": "0",
        "object_end": "60",
        "object_start": "60",
        "object_streams": "0",
        "open_action": "0",
        "page_count": "3",
        "rich_media": "0",
        "start_cross_reference_table": "1",
        "stream_end": "7",
        "stream_start": "7",
        "trailer_dictionary": "1"
    },
    "yara_signatures": [
        "without_attachments",
        "without_images",
        "with_urls",
        "invalid_trailer_structure",
        "contentis_base64"
    ]
}