{
    "exif_signatures": {},
    "file_size": 69458,
    "pdfid_signatures": {},
    "pypdf_uris": [
        "https://ponafet.ru/wix?keyword=rubank+elementary+method+saxophone+pdf+gratis",
        "https://s3.amazonaws.com/fajonubinomeder/waxokolosukoxez.pdf",
        "http://vikunokanafigul.66ghz.com/cambridge_latin_book.pdf",
        "https://s3.amazonaws.com/tezude/is_ny_stock_exchange_open_now.pdf",
        "https://nuruvubapifak.weebly.com/uploads/1/3/1/4/131452890/2956871.pdf",
        "https://supavutoni.weebly.com/uploads/1/3/4/7/134713891/tumetu.pdf",
        "https://xapugugividus.weebly.com/uploads/1/3/5/2/135298581/fc957c6dcc16.pdf",
        "https://fizinizaboz.weebly.com/uploads/1/3/5/3/135304720/jaroxog.pdf",
        "http://bunakevogipo.iblogger.org/anatomy_of_hell_imdb_parents_guide.pdf",
        "https://s3.amazonaws.com/ruzaganog/technicolor_router_manuals.pdf",
        "http://talanusedos.epizy.com/66541893075.pdf",
        "http://iwhite.space/xezuvefafavajoy3ox7.pdf",
        "https://pibiwija.weebly.com/uploads/1/3/4/8/134896476/3672236.pdf",
        "http://runezejukasik.epizy.com/getalodatakiritaxage.pdf",
        "http://deviditiposu.iblogger.org/77858280098.pdf",
        "https://s3.amazonaws.com/fobupojowojon/kinadimopukexajoledeme.pdf",
        "http://mepovosiw.epizy.com/xunikawuvu.pdf",
        "https://memefuzagimo.weebly.com/uploads/1/3/4/6/134612336/vuvegital_dukun.pdf",
        "https://s3.amazonaws.com/xoferuzu/34327697690.pdf",
        "https://berisojelo.weebly.com/uploads/1/3/0/8/130874511/rodenome.pdf",
        "http://diletemofuvufu.22web.org/belenusaside.pdf",
        "https://pazijovipa.weebly.com/uploads/1/3/4/3/134327002/0601290ce.pdf",
        "https://nodefosodetapa.weebly.com/uploads/1/3/5/9/135978328/9975373.pdf",
        "https://kurupatasewa.weebly.com/uploads/1/3/5/9/135958836/gotazekobapukaki.pdf",
        "http://alifan.store/198667008601rg7y.pdf"
    ],
    "regex_uris": [
        "https://ponafet.ru/wix?keyword=rubank+elementary+method+saxophone+pdf+gratis",
        "https://s3.amazonaws.com/fajonubinomeder/waxokolosukoxez.pdf",
        "http://vikunokanafigul.66ghz.com/cambridge_latin_book.pdf",
        "https://s3.amazonaws.com/tezude/is_ny_stock_exchange_open_now.pdf",
        "https://nuruvubapifak.weebly.com/uploads/1/3/1/4/131452890/2956871.pdf",
        "https://supavutoni.weebly.com/uploads/1/3/4/7/134713891/tumetu.pdf",
        "https://xapugugividus.weebly.com/uploads/1/3/5/2/135298581/fc957c6dcc16.pdf",
        "https://fizinizaboz.weebly.com/uploads/1/3/5/3/135304720/jaroxog.pdf",
        "http://bunakevogipo.iblogger.org/anatomy_of_hell_imdb_parents_guide.pdf",
        "https://s3.amazonaws.com/ruzaganog/technicolor_router_manuals.pdf",
        "http://talanusedos.epizy.com/66541893075.pdf",
        "http://iwhite.space/xezuvefafavajoy3ox7.pdf",
        "https://pibiwija.weebly.com/uploads/1/3/4/8/134896476/3672236.pdf",
        "http://runezejukasik.epizy.com/getalodatakiritaxage.pdf",
        "http://deviditiposu.iblogger.org/77858280098.pdf",
        "https://s3.amazonaws.com/fobupojowojon/kinadimopukexajoledeme.pdf",
        "http://mepovosiw.epizy.com/xunikawuvu.pdf",
        "https://memefuzagimo.weebly.com/uploads/1/3/4/6/134612336/vuvegital_dukun.pdf",
        "https://s3.amazonaws.com/xoferuzu/34327697690.pdf",
        "https://berisojelo.weebly.com/uploads/1/3/0/8/130874511/rodenome.pdf",
        "http://diletemofuvufu.22web.org/belenusaside.pdf",
        "https://pazijovipa.weebly.com/uploads/1/3/4/3/134327002/0601290ce.pdf",
        "https://nodefosodetapa.weebly.com/uploads/1/3/5/9/135978328/9975373.pdf",
        "https://kurupatasewa.weebly.com/uploads/1/3/5/9/135958836/gotazekobapukaki.pdf",
        "http://alifan.store/198667008601rg7y.pdf"
    ],
    "regex_urls": [
        "https",
        "https",
        "http://vikunokanafigul.66ghz.com/cambridge_latin_book.pdf",
        "https",
        "https",
        "https",
        "https",
        "https",
        "http://bunakevogipo.iblogger.org/anatomy_of_hell_imdb_parents_guide.pdf",
        "https",
        "http://talanusedos.epizy.com/66541893075.pdf",
        "http://iwhite.space/xezuvefafavajoy3ox7.pdf",
        "https",
        "http://runezejukasik.epizy.com/getalodatakiritaxage.pdf",
        "http://deviditiposu.iblogger.org/77858280098.pdf",
        "https",
        "http://mepovosiw.epizy.com/xunikawuvu.pdf",
        "https",
        "https",
        "https",
        "http://diletemofuvufu.22web.org/belenusaside.pdf",
        "https",
        "https",
        "https",
        "http://alifan.store/198667008601rg7y.pdf",
        "http://www.w3.org/1999/02/22-rdf-syntax-ns#",
        "http://purl.org/dc/elements/1.1/",
        "http://ns.adobe.com/pdf/1.3/",
        "http://ns.adobe.com/xap/1.0/",
        "http://ns.adobe.com/xap/1.0/mm/",
        "http://ns.adobe.com/xap/1.0/rights/"
    ],
    "scripts": {
        "iframe": [],
        "urls": []
    },
    "static_properties": {
        "JBIG2Decode": "0",
        "XML_forms": "0",
        "acro_form": "0",
        "auto_action": "0",
        "colors": "0",
        "cross_reference_table": "2",
        "embedded_files": "0",
        "file_size": "69",
        "java_script": "0",
        "js": "0",
        "launch_action": "0",
        "object_end": "61",
        "object_start": "61",
        "object_streams": "0",
        "open_action": "0",
        "page_count": "2",
        "rich_media": "0",
        "start_cross_reference_table": "2",
        "stream_end": "8",
        "stream_start": "8",
        "trailer_dictionary": "2"
    },
    "yara_signatures": [
        "without_attachments",
        "without_images",
        "with_urls",
        "invalid_trailer_structure",
        "multiple_versions",
        "contentis_base64",
        "Big_Numbers1"
    ]
}