{
    "exif_signatures": {},
    "file_size": 41987,
    "pdfid_signatures": {},
    "pypdf_uris": [
        "https://netcdn.xyz/app/406889139/coin-master-hack-trick-2021-game-hack",
        "https://netcdn.xyz/app/406889139/coin-master-hack-trick-2021-game-hack",
        "http://africanearthgroup.com/uploads/files/files/how-do-i-get-free-coins-in-coin-master_GM406889139.pdf",
        "http://www.africanearthgroup.com/uploads/files/files/minecraft-server-free-trial_GM479516143.pdf",
        "http://africanearthgroup.com/uploads/files/files/coin-master-server-hack_GM406889139.pdf",
        "http://africanearthgroup.com/uploads/files/files/coin-master-free-spins-that-really_GM406889139.pdf",
        "http://www.africanearthgroup.com/uploads/files/files/free-robux-thumbnail_GM431946152.pdf",
        "http://africanearthgroup.com/uploads/files/files/coin-master-free-spin-redeem-code_GM406889139.pdf",
        "http://africanearthgroup.com/uploads/files/files/master-coin-free-spin_GM406889139.pdf",
        "http://www.africanearthgroup.com/uploads/files/files/free-back-accessories-roblox_GM431946152.pdf",
        "http://www.africanearthgroup.com/uploads/files/files/toolbox-apk_GM479516143.pdf",
        "http://www.africanearthgroup.com/uploads/files/files/moonactive-coin-master-free-spins-link_GM406889139.pdf",
        "http://www.africanearthgroup.com/uploads/files/files/minecraft-the-complete-handbook-collection_GM479516143.pdf",
        "http://www.africanearthgroup.com/uploads/files/files/minecraft-mac-free_GM479516143.pdf",
        "http://www.africanearthgroup.com/uploads/files/files/how-to-get-free-robux-without-verifying-2021_GM431946152.pdf",
        "http://www.africanearthgroup.com/uploads/files/files/free-spins-coin-master-2021_GM406889139.pdf",
        "http://africanearthgroup.com/uploads/files/files/free-mojang-account-with-minecraft_GM479516143.pdf",
        "http://africanearthgroup.com/uploads/files/files/free-private-minecraft-server_GM479516143.pdf",
        "http://www.africanearthgroup.com/uploads/files/files/coin-master-support_GM406889139.pdf",
        "http://africanearthgroup.com/uploads/files/files/how-to-get-free-roblox-money_GM431946152.pdf",
        "http://www.africanearthgroup.com/uploads/files/files/free-robux-no-verification-or-survey_GM431946152.pdf",
        "http://africanearthgroup.com/uploads/files/files/is-minecraft-education-edition-free_GM479516143.pdf"
    ],
    "regex_uris": [
        "https://netcdn.xyz/app/406889139/coin-master-hack-trick-2021-game-hack",
        "https://netcdn.xyz/app/406889139/coin-master-hack-trick-2021-game-hack",
        "http://africanearthgroup.com/uploads/files/files/how-do-i-get-free-coins-in-coin-master_GM406889139.pdf",
        "http://www.africanearthgroup.com/uploads/files/files/minecraft-server-free-trial_GM479516143.pdf",
        "http://africanearthgroup.com/uploads/files/files/coin-master-server-hack_GM406889139.pdf",
        "http://africanearthgroup.com/uploads/files/files/coin-master-free-spins-that-really_GM406889139.pdf",
        "http://www.africanearthgroup.com/uploads/files/files/free-robux-thumbnail_GM431946152.pdf",
        "http://africanearthgroup.com/uploads/files/files/coin-master-free-spin-redeem-code_GM406889139.pdf",
        "http://africanearthgroup.com/uploads/files/files/master-coin-free-spin_GM406889139.pdf",
        "http://www.africanearthgroup.com/uploads/files/files/free-back-accessories-roblox_GM431946152.pdf",
        "http://www.africanearthgroup.com/uploads/files/files/toolbox-apk_GM479516143.pdf",
        "http://www.africanearthgroup.com/uploads/files/files/moonactive-coin-master-free-spins-link_GM406889139.pdf",
        "http://www.africanearthgroup.com/uploads/files/files/minecraft-the-complete-handbook-collection_GM479516143.pdf",
        "http://www.africanearthgroup.com/uploads/files/files/minecraft-mac-free_GM479516143.pdf",
        "http://www.africanearthgroup.com/uploads/files/files/how-to-get-free-robux-without-verifying-2021_GM431946152.pdf",
        "http://www.africanearthgroup.com/uploads/files/files/free-spins-coin-master-2021_GM406889139.pdf",
        "http://africanearthgroup.com/uploads/files/files/free-mojang-account-with-minecraft_GM479516143.pdf",
        "http://africanearthgroup.com/uploads/files/files/free-private-minecraft-server_GM479516143.pdf",
        "http://www.africanearthgroup.com/uploads/files/files/coin-master-support_GM406889139.pdf",
        "http://africanearthgroup.com/uploads/files/files/how-to-get-free-roblox-money_GM431946152.pdf",
        "http://www.africanearthgroup.com/uploads/files/files/free-robux-no-verification-or-survey_GM431946152.pdf",
        "http://africanearthgroup.com/uploads/files/files/is-minecraft-education-edition-free_GM479516143.pdf"
    ],
    "regex_urls": [
        "https",
        "https",
        "http://africanearthgroup.com/uploads/files/files/how-do-i-get-free-coins-in-coin-master_GM406889139.pdf",
        "http://www.africanearthgroup.com/uploads/files/files/minecraft-server-free-trial_GM479516143.pdf",
        "http://africanearthgroup.com/uploads/files/files/coin-master-server-hack_GM406889139.pdf",
        "http://africanearthgroup.com/uploads/files/files/coin-master-free-spins-that-really_GM406889139.pdf",
        "http://www.africanearthgroup.com/uploads/files/files/free-robux-thumbnail_GM431946152.pdf",
        "http://africanearthgroup.com/uploads/files/files/coin-master-free-spin-redeem-code_GM406889139.pdf",
        "http://africanearthgroup.com/uploads/files/files/master-coin-free-spin_GM406889139.pdf",
        "http://www.africanearthgroup.com/uploads/files/files/free-back-accessories-roblox_GM431946152.pdf",
        "http://www.africanearthgroup.com/uploads/files/files/toolbox-apk_GM479516143.pdf",
        "http://www.africanearthgroup.com/uploads/files/files/moonactive-coin-master-free-spins-link_GM406889139.pdf",
        "http://www.africanearthgroup.com/uploads/files/files/minecraft-the-complete-handbook-collection_GM479516143.pdf",
        "http://www.africanearthgroup.com/uploads/files/files/minecraft-mac-free_GM479516143.pdf",
        "http://www.africanearthgroup.com/uploads/files/files/how-to-get-free-robux-without-verifying-2021_GM431946152.pdf",
        "http://www.africanearthgroup.com/uploads/files/files/free-spins-coin-master-2021_GM406889139.pdf",
        "http://africanearthgroup.com/uploads/files/files/free-mojang-account-with-minecraft_GM479516143.pdf",
        "http://africanearthgroup.com/uploads/files/files/free-private-minecraft-server_GM479516143.pdf",
        "http://www.africanearthgroup.com/uploads/files/files/coin-master-support_GM406889139.pdf",
        "http://africanearthgroup.com/uploads/files/files/how-to-get-free-roblox-money_GM431946152.pdf",
        "http://www.africanearthgroup.com/uploads/files/files/free-robux-no-verification-or-survey_GM431946152.pdf",
        "http://africanearthgroup.com/uploads/files/files/is-minecraft-education-edition-free_GM479516143.pdf"
    ],
    "scripts": {
        "iframe": [],
        "urls": []
    },
    "static_properties": {
        "JBIG2Decode": "0",
        "XML_forms": "0",
        "acro_form": "0",
        "auto_action": "0",
        "colors": "0",
        "cross_reference_table": "1",
        "embedded_files": "0",
        "file_size": "42",
        "java_script": "0",
        "js": "0",
        "launch_action": "0",
        "object_end": "60",
        "object_start": "60",
        "object_streams": "0",
        "open_action": "0",
        "page_count": "3",
        "rich_media": "0",
        "start_cross_reference_table": "1",
        "stream_end": "7",
        "stream_start": "7",
        "trailer_dictionary": "1"
    },
    "yara_signatures": [
        "without_attachments",
        "without_images",
        "with_urls",
        "invalid_trailer_structure",
        "contentis_base64"
    ]
}