{
    "exif_signatures": {},
    "file_size": 69308,
    "pdfid_signatures": {},
    "pypdf_uris": [
        "https://druttle.ru/strik?utm_term=perfect-english-grammar.com+third+conditional",
        "https://static.s123-cdn-static.com/uploads/4462350/normal_5fcef68549cf6.pdf",
        "https://zosojelukik.weebly.com/uploads/1/3/1/8/131871698/miramobipet.pdf",
        "https://s3.amazonaws.com/vuterijoze/foxit_reader_min_ph.pdf",
        "https://s3.amazonaws.com/tometubufimopim/84874014441.pdf",
        "http://konugatevokaxot.epizy.com/harambe_meme_template.pdf",
        "https://cdn.sqhk.co/bipadifudame/cifOAie/87468559792.pdf",
        "https://s3.amazonaws.com/sobaketemu/21534589309.pdf",
        "https://wudajelenap.weebly.com/uploads/1/3/4/4/134470879/garalinaz_xixabatokipeget_mizigetu.pdf",
        "https://cdn-cms.f-static.net/uploads/4496148/normal_6012165d022b3.pdf",
        "http://penaxuwilamufo.iblogger.org/programming_language_for_making_android_apps.pdf",
        "https://cdn.sqhk.co/jogowijalaro/geifigs/remove_mounted_hard_drive_from_desktop.pdf",
        "https://jifosibupegexuv.weebly.com/uploads/1/3/4/6/134692258/xezos.pdf",
        "https://s3.amazonaws.com/dusubonifu/retokuko.pdf",
        "https://rezezeveg.weebly.com/uploads/1/3/1/8/131871466/zojowexujikogejiwuzi.pdf",
        "https://tuzakalo.weebly.com/uploads/1/3/4/4/134492431/jodukeduxa.pdf",
        "https://cdn.sqhk.co/marixefe/YcjfAdS/23437281759.pdf",
        "https://cdn.sqhk.co/zaviresodew/ijhhoha/57117355687.pdf",
        "http://somituxebo.rf.gd/karowigabixixek.pdf",
        "https://nodarato.weebly.com/uploads/1/3/4/4/134487471/1657487.pdf",
        "https://mumetimobenuja.weebly.com/uploads/1/3/2/3/132302956/gewonutit_gisalesu_mevinomiden.pdf",
        "https://divuvefa.weebly.com/uploads/1/3/4/7/134759037/zagakupatemopa.pdf",
        "http://merizipu.rf.gd/images_of_sad_girl_sitting_alone.pdf"
    ],
    "regex_uris": [
        "https://druttle.ru/strik?utm_term=perfect-english-grammar.com+third+conditional",
        "https://static.s123-cdn-static.com/uploads/4462350/normal_5fcef68549cf6.pdf",
        "https://zosojelukik.weebly.com/uploads/1/3/1/8/131871698/miramobipet.pdf",
        "https://s3.amazonaws.com/vuterijoze/foxit_reader_min_ph.pdf",
        "https://s3.amazonaws.com/tometubufimopim/84874014441.pdf",
        "http://konugatevokaxot.epizy.com/harambe_meme_template.pdf",
        "https://cdn.sqhk.co/bipadifudame/cifOAie/87468559792.pdf",
        "https://s3.amazonaws.com/sobaketemu/21534589309.pdf",
        "https://wudajelenap.weebly.com/uploads/1/3/4/4/134470879/garalinaz_xixabatokipeget_mizigetu.pdf",
        "https://cdn-cms.f-static.net/uploads/4496148/normal_6012165d022b3.pdf",
        "http://penaxuwilamufo.iblogger.org/programming_language_for_making_android_apps.pdf",
        "https://cdn.sqhk.co/jogowijalaro/geifigs/remove_mounted_hard_drive_from_desktop.pdf",
        "https://jifosibupegexuv.weebly.com/uploads/1/3/4/6/134692258/xezos.pdf",
        "https://s3.amazonaws.com/dusubonifu/retokuko.pdf",
        "https://rezezeveg.weebly.com/uploads/1/3/1/8/131871466/zojowexujikogejiwuzi.pdf",
        "https://tuzakalo.weebly.com/uploads/1/3/4/4/134492431/jodukeduxa.pdf",
        "https://cdn.sqhk.co/marixefe/YcjfAdS/23437281759.pdf",
        "https://cdn.sqhk.co/zaviresodew/ijhhoha/57117355687.pdf",
        "http://somituxebo.rf.gd/karowigabixixek.pdf",
        "https://nodarato.weebly.com/uploads/1/3/4/4/134487471/1657487.pdf",
        "https://mumetimobenuja.weebly.com/uploads/1/3/2/3/132302956/gewonutit_gisalesu_mevinomiden.pdf",
        "https://divuvefa.weebly.com/uploads/1/3/4/7/134759037/zagakupatemopa.pdf",
        "http://merizipu.rf.gd/images_of_sad_girl_sitting_alone.pdf"
    ],
    "regex_urls": [
        "https",
        "https",
        "https",
        "https",
        "https",
        "http://konugatevokaxot.epizy.com/harambe_meme_template.pdf",
        "https",
        "https",
        "https",
        "https",
        "http://penaxuwilamufo.iblogger.org/programming_language_for_making_android_apps.pdf",
        "https",
        "https",
        "https",
        "https",
        "https",
        "https",
        "https",
        "http://somituxebo.rf.gd/karowigabixixek.pdf",
        "https",
        "https",
        "https",
        "http://merizipu.rf.gd/images_of_sad_girl_sitting_alone.pdf",
        "http://www.w3.org/1999/02/22-rdf-syntax-ns#",
        "http://purl.org/dc/elements/1.1/",
        "http://ns.adobe.com/pdf/1.3/",
        "http://ns.adobe.com/xap/1.0/",
        "http://ns.adobe.com/xap/1.0/mm/",
        "http://ns.adobe.com/xap/1.0/rights/"
    ],
    "scripts": {
        "iframe": [],
        "urls": []
    },
    "static_properties": {
        "JBIG2Decode": "0",
        "XML_forms": "0",
        "acro_form": "0",
        "auto_action": "0",
        "colors": "0",
        "cross_reference_table": "2",
        "embedded_files": "0",
        "file_size": "69",
        "java_script": "0",
        "js": "0",
        "launch_action": "0",
        "object_end": "59",
        "object_start": "59",
        "object_streams": "0",
        "open_action": "0",
        "page_count": "2",
        "rich_media": "0",
        "start_cross_reference_table": "2",
        "stream_end": "8",
        "stream_start": "8",
        "trailer_dictionary": "2"
    },
    "yara_signatures": [
        "without_attachments",
        "without_images",
        "with_urls",
        "invalid_trailer_structure",
        "multiple_versions",
        "contentis_base64"
    ]
}