{
    "exif_signatures": {},
    "file_size": 49531,
    "pdfid_signatures": {},
    "pypdf_uris": [
        "https://netcdn.tw/app/431946152/roblox-hack-no-human-verification-and-no-survey-game-hack",
        "https://netcdn.tw/app/431946152/roblox-hack-no-human-verification-and-no-survey-game-hack",
        "https://elearning.manposo.sch.id/__statics/gudangsoal/files/free-robux-meme_GM431946152.pdf",
        "https://elearning.manposo.sch.id/__statics/gudangsoal/files/free-robux-that-actually-works_GM431946152.pdf",
        "https://elearning.manposo.sch.id/__statics/gudangsoal/files/hack-coin-master-free_GM406889139.pdf",
        "https://elearning.manposo.sch.id/__statics/gudangsoal/files/coin-master-free-spins-link-march-2021_GM406889139.pdf",
        "https://elearning.manposo.sch.id/__statics/gudangsoal/files/get-free-robux-today_GM431946152.pdf",
        "https://elearning.manposo.sch.id/__statics/gudangsoal/files/coin-master-app-free-download_GM406889139.pdf",
        "https://elearning.manposo.sch.id/__statics/gudangsoal/files/free-robux-no-human-verification-iphone_GM431946152.pdf",
        "https://elearning.manposo.sch.id/__statics/gudangsoal/files/minecraft-free-download-windows_GM479516143.pdf",
        "https://elearning.manposo.sch.id/__statics/gudangsoal/files/coin-master-hack-2021_GM406889139.pdf",
        "https://elearning.manposo.sch.id/__statics/gudangsoal/files/roblox-rape-hack_GM431946152.pdf",
        "https://elearning.manposo.sch.id/__statics/gudangsoal/files/free-spins-coin-master-2021-hack_GM406889139.pdf",
        "https://elearning.manposo.sch.id/__statics/gudangsoal/files/coin-master-online-hack-link_GM406889139.pdf",
        "https://elearning.manposo.sch.id/__statics/gudangsoal/files/coin-master-spins-gratis_GM406889139.pdf",
        "https://elearning.manposo.sch.id/__statics/gudangsoal/files/roblox-com-hack_GM431946152.pdf",
        "https://elearning.manposo.sch.id/__statics/gudangsoal/files/https-rbx-place-rewards_GM431946152.pdf",
        "https://elearning.manposo.sch.id/__statics/gudangsoal/files/bloxpage-free-robux_GM431946152.pdf",
        "https://elearning.manposo.sch.id/__statics/gudangsoal/files/how-to-hack-someones-account-on-roblox_GM431946152.pdf",
        "https://elearning.manposo.sch.id/__statics/gudangsoal/files/coin-master-hack-activegamer_GM406889139.pdf",
        "https://elearning.manposo.sch.id/__statics/gudangsoal/files/free-mojang-account-with-minecraft_GM479516143.pdf",
        "https://elearning.manposo.sch.id/__statics/gudangsoal/files/minecraft-bedrock-free-download-pc_GM479516143.pdf"
    ],
    "regex_uris": [
        "https://netcdn.tw/app/431946152/roblox-hack-no-human-verification-and-no-survey-game-hack",
        "https://netcdn.tw/app/431946152/roblox-hack-no-human-verification-and-no-survey-game-hack",
        "https://elearning.manposo.sch.id/__statics/gudangsoal/files/free-robux-meme_GM431946152.pdf",
        "https://elearning.manposo.sch.id/__statics/gudangsoal/files/free-robux-that-actually-works_GM431946152.pdf",
        "https://elearning.manposo.sch.id/__statics/gudangsoal/files/hack-coin-master-free_GM406889139.pdf",
        "https://elearning.manposo.sch.id/__statics/gudangsoal/files/coin-master-free-spins-link-march-2021_GM406889139.pdf",
        "https://elearning.manposo.sch.id/__statics/gudangsoal/files/get-free-robux-today_GM431946152.pdf",
        "https://elearning.manposo.sch.id/__statics/gudangsoal/files/coin-master-app-free-download_GM406889139.pdf",
        "https://elearning.manposo.sch.id/__statics/gudangsoal/files/free-robux-no-human-verification-iphone_GM431946152.pdf",
        "https://elearning.manposo.sch.id/__statics/gudangsoal/files/minecraft-free-download-windows_GM479516143.pdf",
        "https://elearning.manposo.sch.id/__statics/gudangsoal/files/coin-master-hack-2021_GM406889139.pdf",
        "https://elearning.manposo.sch.id/__statics/gudangsoal/files/roblox-rape-hack_GM431946152.pdf",
        "https://elearning.manposo.sch.id/__statics/gudangsoal/files/free-spins-coin-master-2021-hack_GM406889139.pdf",
        "https://elearning.manposo.sch.id/__statics/gudangsoal/files/coin-master-online-hack-link_GM406889139.pdf",
        "https://elearning.manposo.sch.id/__statics/gudangsoal/files/coin-master-spins-gratis_GM406889139.pdf",
        "https://elearning.manposo.sch.id/__statics/gudangsoal/files/roblox-com-hack_GM431946152.pdf",
        "https://elearning.manposo.sch.id/__statics/gudangsoal/files/https-rbx-place-rewards_GM431946152.pdf",
        "https://elearning.manposo.sch.id/__statics/gudangsoal/files/bloxpage-free-robux_GM431946152.pdf",
        "https://elearning.manposo.sch.id/__statics/gudangsoal/files/how-to-hack-someones-account-on-roblox_GM431946152.pdf",
        "https://elearning.manposo.sch.id/__statics/gudangsoal/files/coin-master-hack-activegamer_GM406889139.pdf",
        "https://elearning.manposo.sch.id/__statics/gudangsoal/files/free-mojang-account-with-minecraft_GM479516143.pdf",
        "https://elearning.manposo.sch.id/__statics/gudangsoal/files/minecraft-bedrock-free-download-pc_GM479516143.pdf"
    ],
    "regex_urls": [
        "https",
        "https",
        "https",
        "https",
        "https",
        "https",
        "https",
        "https",
        "https",
        "https",
        "https",
        "https",
        "https",
        "https",
        "https",
        "https",
        "https",
        "https",
        "https",
        "https",
        "https",
        "https",
        "https"
    ],
    "scripts": {
        "iframe": [],
        "urls": []
    },
    "static_properties": {
        "JBIG2Decode": "0",
        "XML_forms": "0",
        "acro_form": "0",
        "auto_action": "0",
        "colors": "0",
        "cross_reference_table": "1",
        "embedded_files": "0",
        "file_size": "50",
        "java_script": "0",
        "js": "0",
        "launch_action": "0",
        "object_end": "65",
        "object_start": "65",
        "object_streams": "0",
        "open_action": "0",
        "page_count": "4",
        "rich_media": "0",
        "start_cross_reference_table": "1",
        "stream_end": "8",
        "stream_start": "8",
        "trailer_dictionary": "1"
    },
    "yara_signatures": [
        "without_attachments",
        "without_images",
        "with_urls",
        "invalid_trailer_structure",
        "contentis_base64"
    ]
}