{
    "exif_signatures": {},
    "file_size": 72768,
    "pdfid_signatures": {},
    "pypdf_uris": [
        "https://wirut.co.za/YmrXLWy8?keyword=product%20development%20and%20formulation%20pdf%20download%20software%202017",
        "http://exdebt.bg/userfiles/file/59084516266.pdf",
        "http://anpo.vn/upload/files/44307350697.pdf",
        "https://bonivodetago.weebly.com/uploads/1/3/4/5/134517527/jitipew-sejuz-wozabodutera-wijud.pdf",
        "https://wiromokuxuzub.weebly.com/uploads/1/3/5/2/135298753/26501b07fa1c6.pdf",
        "https://www.jnvhardoi.org/ckfinder/userfiles/files/35951896309.pdf",
        "http://insei.eu/userfiles/files/47966417470.pdf",
        "http://eros-arena.name/eros/userfiles/file/nemazujonemozomibolexo.pdf",
        "https://wejolizamu.weebly.com/uploads/1/3/4/7/134766198/9959892.pdf",
        "https://neruzubegakakew.weebly.com/uploads/1/3/4/0/134017499/1c36133ceef5c4c.pdf",
        "https://www.chinacimctrailer.com/wp-content/plugins/super-forms/uploads/php/files/073a21019d243c3895b91ea8dbfff122/23958186169.pdf",
        "https://xesuvewij.weebly.com/uploads/1/4/1/4/141445008/nopiwafakafe.pdf",
        "https://dujolisinapujis.weebly.com/uploads/1/3/4/3/134328324/7b1b99c.pdf",
        "https://sugulone.weebly.com/uploads/1/3/2/7/132740418/nurejabawewatiziniga.pdf",
        "https://tetunabirudav.weebly.com/uploads/1/3/0/8/130874278/fobebosiwuviv-sironer-nudilepinelidut-pusaxulip.pdf",
        "http://www.kvbm.org/pds/userfiles/files/80811559556.pdf",
        "https://sobagatonofer.weebly.com/uploads/1/4/1/8/141879322/kafex_tigixidarise_tomiguw.pdf",
        "https://veworokog.weebly.com/uploads/1/3/1/6/131606039/tujinumozawes_gaduze_gofevakodikodur_rinuledalabu.pdf",
        "https://dobomoju.weebly.com/uploads/1/4/1/6/141603037/sigesone.pdf"
    ],
    "regex_uris": [
        "https://wirut.co.za/YmrXLWy8?keyword=product%20development%20and%20formulation%20pdf%20download%20software%202017",
        "http://exdebt.bg/userfiles/file/59084516266.pdf",
        "http://anpo.vn/upload/files/44307350697.pdf",
        "https://bonivodetago.weebly.com/uploads/1/3/4/5/134517527/jitipew-sejuz-wozabodutera-wijud.pdf",
        "https://wiromokuxuzub.weebly.com/uploads/1/3/5/2/135298753/26501b07fa1c6.pdf",
        "https://www.jnvhardoi.org/ckfinder/userfiles/files/35951896309.pdf",
        "http://insei.eu/userfiles/files/47966417470.pdf",
        "http://eros-arena.name/eros/userfiles/file/nemazujonemozomibolexo.pdf",
        "https://wejolizamu.weebly.com/uploads/1/3/4/7/134766198/9959892.pdf",
        "https://neruzubegakakew.weebly.com/uploads/1/3/4/0/134017499/1c36133ceef5c4c.pdf",
        "https://www.chinacimctrailer.com/wp-content/plugins/super-forms/uploads/php/files/073a21019d243c3895b91ea8dbfff122/23958186169.pdf",
        "https://xesuvewij.weebly.com/uploads/1/4/1/4/141445008/nopiwafakafe.pdf",
        "https://dujolisinapujis.weebly.com/uploads/1/3/4/3/134328324/7b1b99c.pdf",
        "https://sugulone.weebly.com/uploads/1/3/2/7/132740418/nurejabawewatiziniga.pdf",
        "https://tetunabirudav.weebly.com/uploads/1/3/0/8/130874278/fobebosiwuviv-sironer-nudilepinelidut-pusaxulip.pdf",
        "http://www.kvbm.org/pds/userfiles/files/80811559556.pdf",
        "https://sobagatonofer.weebly.com/uploads/1/4/1/8/141879322/kafex_tigixidarise_tomiguw.pdf",
        "https://veworokog.weebly.com/uploads/1/3/1/6/131606039/tujinumozawes_gaduze_gofevakodikodur_rinuledalabu.pdf",
        "https://dobomoju.weebly.com/uploads/1/4/1/6/141603037/sigesone.pdf"
    ],
    "regex_urls": [
        "https",
        "http://exdebt.bg/userfiles/file/59084516266.pdf",
        "http://anpo.vn/upload/files/44307350697.pdf",
        "https",
        "https",
        "https",
        "www.jnvhardoi.org/ckfinder/userfiles/files/35951896309.pdf",
        "http://insei.eu/userfiles/files/47966417470.pdf",
        "http://eros-arena.name/eros/userfiles/file/nemazujonemozomibolexo.pdf",
        "https",
        "https",
        "https",
        "www.chinacimctrailer.com/wp-content/plugins/super-forms/uploads/php/files/073a21019d243c3895b91ea8dbfff122/23958186169.pdf",
        "https",
        "https",
        "https",
        "https",
        "http://www.kvbm.org/pds/userfiles/files/80811559556.pdf",
        "https",
        "https",
        "https",
        "http://www.w3.org/1999/02/22-rdf-syntax-ns#",
        "http://purl.org/dc/elements/1.1/",
        "http://ns.adobe.com/pdf/1.3/",
        "http://ns.adobe.com/xap/1.0/",
        "http://ns.adobe.com/xap/1.0/mm/",
        "http://ns.adobe.com/xap/1.0/rights/"
    ],
    "scripts": {
        "iframe": [],
        "urls": []
    },
    "static_properties": {
        "JBIG2Decode": "0",
        "XML_forms": "0",
        "acro_form": "0",
        "auto_action": "0",
        "colors": "0",
        "cross_reference_table": "2",
        "embedded_files": "0",
        "file_size": "73",
        "java_script": "0",
        "js": "0",
        "launch_action": "0",
        "object_end": "85",
        "object_start": "85",
        "object_streams": "0",
        "open_action": "0",
        "page_count": "6",
        "rich_media": "0",
        "start_cross_reference_table": "2",
        "stream_end": "19",
        "stream_start": "19",
        "trailer_dictionary": "2"
    },
    "yara_signatures": [
        "without_attachments",
        "without_images",
        "with_urls",
        "invalid_trailer_structure",
        "multiple_versions",
        "contentis_base64",
        "Big_Numbers0",
        "Big_Numbers1"
    ]
}