{
    "exif_signatures": {},
    "file_size": 33990,
    "pdfid_signatures": {
        "Page_Count": {
            "description": "This PDF has only one page",
            "families": [],
            "marks": [],
            "name": "Page_Count",
            "references": [],
            "severity": 1
        }
    },
    "pypdf_uris": [
        "http://netcdn.tw/app/431946152/rbx-free-robux-game-hack",
        "http://netcdn.tw/app/431946152/rbx-free-robux-game-hack",
        "https://eastwood.co.ke/uploaded_files/userfiles/files/coin-master-free-2021_GM406889139.pdf",
        "https://eastwood.co.ke/uploaded_files/userfiles/files/how-to-make-robux-on-roblox_GM431946152.pdf",
        "https://eastwood.co.ke/uploaded_files/userfiles/files/hack-roblox-cbro-download_GM431946152.pdf",
        "https://eastwood.co.ke/uploaded_files/userfiles/files/2021-how-to-get-free-robux_GM431946152.pdf",
        "https://eastwood.co.ke/uploaded_files/userfiles/files/coin-master-generator-hack_GM406889139.pdf",
        "https://eastwood.co.ke/uploaded_files/userfiles/files/minecraft-font-free_GM479516143.pdf",
        "https://eastwood.co.ke/uploaded_files/userfiles/files/robux-scam_GM431946152.pdf",
        "https://eastwood.co.ke/uploaded_files/userfiles/files/coin-master-free-spin-and-coins-links-2021_GM406889139.pdf",
        "https://eastwood.co.ke/uploaded_files/userfiles/files/free-robux-codes-2021_GM431946152.pdf",
        "https://eastwood.co.ke/uploaded_files/userfiles/files/minecraft-xray-hack_GM479516143.pdf",
        "https://eastwood.co.ke/uploaded_files/userfiles/files/free-roblox-groups-with-funds_GM431946152.pdf",
        "https://eastwood.co.ke/uploaded_files/userfiles/files/how-to-hack-into-roblox-scam-bots_GM431946152.pdf",
        "https://eastwood.co.ke/uploaded_files/userfiles/files/how-do-you-get-free-robux-2021_GM431946152.pdf",
        "https://eastwood.co.ke/uploaded_files/userfiles/files/how-to-get-roblox-premium-for-free-2021_GM431946152.pdf",
        "https://eastwood.co.ke/uploaded_files/userfiles/files/how-do-you-hack-for-2021000-coins-on-flip-master_GM406889139.pdf",
        "https://eastwood.co.ke/uploaded_files/userfiles/files/roblox-q-to-speedhack-script-hack_GM431946152.pdf",
        "https://eastwood.co.ke/uploaded_files/userfiles/files/get-robux-com_GM431946152.pdf",
        "https://eastwood.co.ke/uploaded_files/userfiles/files/easiest-coin-master-hack_GM406889139.pdf",
        "https://eastwood.co.ke/uploaded_files/userfiles/files/coin-master-hack-tool-v1-9-download-free-pc_GM406889139.pdf",
        "https://eastwood.co.ke/uploaded_files/userfiles/files/how-to-get-minecraft-pe-for-free_GM479516143.pdf"
    ],
    "regex_uris": [
        "http://netcdn.tw/app/431946152/rbx-free-robux-game-hack",
        "http://netcdn.tw/app/431946152/rbx-free-robux-game-hack",
        "https://eastwood.co.ke/uploaded_files/userfiles/files/coin-master-free-2021_GM406889139.pdf",
        "https://eastwood.co.ke/uploaded_files/userfiles/files/how-to-make-robux-on-roblox_GM431946152.pdf",
        "https://eastwood.co.ke/uploaded_files/userfiles/files/hack-roblox-cbro-download_GM431946152.pdf",
        "https://eastwood.co.ke/uploaded_files/userfiles/files/2021-how-to-get-free-robux_GM431946152.pdf",
        "https://eastwood.co.ke/uploaded_files/userfiles/files/coin-master-generator-hack_GM406889139.pdf",
        "https://eastwood.co.ke/uploaded_files/userfiles/files/minecraft-font-free_GM479516143.pdf",
        "https://eastwood.co.ke/uploaded_files/userfiles/files/robux-scam_GM431946152.pdf",
        "https://eastwood.co.ke/uploaded_files/userfiles/files/coin-master-free-spin-and-coins-links-2021_GM406889139.pdf",
        "https://eastwood.co.ke/uploaded_files/userfiles/files/free-robux-codes-2021_GM431946152.pdf",
        "https://eastwood.co.ke/uploaded_files/userfiles/files/minecraft-xray-hack_GM479516143.pdf",
        "https://eastwood.co.ke/uploaded_files/userfiles/files/free-roblox-groups-with-funds_GM431946152.pdf",
        "https://eastwood.co.ke/uploaded_files/userfiles/files/how-to-hack-into-roblox-scam-bots_GM431946152.pdf",
        "https://eastwood.co.ke/uploaded_files/userfiles/files/how-do-you-get-free-robux-2021_GM431946152.pdf",
        "https://eastwood.co.ke/uploaded_files/userfiles/files/how-to-get-roblox-premium-for-free-2021_GM431946152.pdf",
        "https://eastwood.co.ke/uploaded_files/userfiles/files/how-do-you-hack-for-2021000-coins-on-flip-master_GM406889139.pdf",
        "https://eastwood.co.ke/uploaded_files/userfiles/files/roblox-q-to-speedhack-script-hack_GM431946152.pdf",
        "https://eastwood.co.ke/uploaded_files/userfiles/files/get-robux-com_GM431946152.pdf",
        "https://eastwood.co.ke/uploaded_files/userfiles/files/easiest-coin-master-hack_GM406889139.pdf",
        "https://eastwood.co.ke/uploaded_files/userfiles/files/coin-master-hack-tool-v1-9-download-free-pc_GM406889139.pdf",
        "https://eastwood.co.ke/uploaded_files/userfiles/files/how-to-get-minecraft-pe-for-free_GM479516143.pdf"
    ],
    "regex_urls": [
        "http://netcdn.tw/app/431946152/rbx-free-robux-game-hack",
        "http://netcdn.tw/app/431946152/rbx-free-robux-game-hack",
        "https",
        "https",
        "https",
        "https",
        "https",
        "https",
        "https",
        "https",
        "https",
        "https",
        "https",
        "https",
        "https",
        "https",
        "https",
        "https",
        "https",
        "https",
        "https",
        "https"
    ],
    "scripts": {
        "iframe": [],
        "urls": []
    },
    "static_properties": {
        "JBIG2Decode": "0",
        "XML_forms": "0",
        "acro_form": "0",
        "auto_action": "0",
        "colors": "0",
        "cross_reference_table": "1",
        "embedded_files": "0",
        "file_size": "34",
        "java_script": "0",
        "js": "0",
        "launch_action": "0",
        "object_end": "50",
        "object_start": "50",
        "object_streams": "0",
        "open_action": "0",
        "page_count": "1",
        "rich_media": "0",
        "start_cross_reference_table": "1",
        "stream_end": "5",
        "stream_start": "5",
        "trailer_dictionary": "1"
    },
    "yara_signatures": [
        "without_attachments",
        "without_images",
        "with_urls",
        "invalid_trailer_structure",
        "contentis_base64"
    ]
}