{
    "exif_signatures": {},
    "file_size": 68250,
    "pdfid_signatures": {},
    "pypdf_uris": [
        "https://fokemale.ru/123?utm_term=median+from+grouped+frequency+table+worksheet",
        "https://s3.amazonaws.com/bopuxosavubare/gezuvuki.pdf",
        "https://cdn.sqhk.co/bamazaludez/xjiiaha/movies_playing_near_me_tomorrow_regal.pdf",
        "https://cdn.sqhk.co/zipodumup/mRgcje2/mx_player_pro_apk_2020.pdf",
        "https://cdn.sqhk.co/jedetanepiz/hbgcajc/77933829696.pdf",
        "https://cdn.sqhk.co/dajusonas/jaDiije/bimakatijetekovijifan.pdf",
        "https://static.s123-cdn-static.com/uploads/4420599/normal_60070bba7bfe9.pdf",
        "https://s3.amazonaws.com/sorogamat/26423675205.pdf",
        "https://cdn.sqhk.co/lupobikud/sFLTigh/65145242664.pdf",
        "https://cdn-cms.f-static.net/uploads/4406229/normal_60322a914198d.pdf",
        "https://cdn.sqhk.co/gojelonub/hjaQ7ne/miranogofaxetururajena.pdf",
        "https://s3.amazonaws.com/ganubatebedoxez/10703226880.pdf",
        "https://s3.amazonaws.com/didowugorokirug/totek.pdf",
        "https://s3.amazonaws.com/numegubowalonan/resumen_del_libro_el_principio_del_placer.pdf",
        "https://s3.amazonaws.com/jixeremipet/57017363884.pdf",
        "https://cdn.sqhk.co/pategazikiw/hqjdQ1d/tetris_effect_connected_physical.pdf",
        "http://laithub.pro/what_is_a_business_equity_line_of_creditjugw7.pdf",
        "https://cdn.sqhk.co/samanugutu/bujgfOH/jetpack_joyride_pc_download.pdf",
        "https://cdn.sqhk.co/jomenuluz/Zidieic/happy_chocolate_day_picture_free.pdf",
        "http://canonsburglake.org/497934297190nm61.pdf"
    ],
    "regex_uris": [
        "https://fokemale.ru/123?utm_term=median+from+grouped+frequency+table+worksheet",
        "https://s3.amazonaws.com/bopuxosavubare/gezuvuki.pdf",
        "https://cdn.sqhk.co/bamazaludez/xjiiaha/movies_playing_near_me_tomorrow_regal.pdf",
        "https://cdn.sqhk.co/zipodumup/mRgcje2/mx_player_pro_apk_2020.pdf",
        "https://cdn.sqhk.co/jedetanepiz/hbgcajc/77933829696.pdf",
        "https://cdn.sqhk.co/dajusonas/jaDiije/bimakatijetekovijifan.pdf",
        "https://static.s123-cdn-static.com/uploads/4420599/normal_60070bba7bfe9.pdf",
        "https://s3.amazonaws.com/sorogamat/26423675205.pdf",
        "https://cdn.sqhk.co/lupobikud/sFLTigh/65145242664.pdf",
        "https://cdn-cms.f-static.net/uploads/4406229/normal_60322a914198d.pdf",
        "https://cdn.sqhk.co/gojelonub/hjaQ7ne/miranogofaxetururajena.pdf",
        "https://s3.amazonaws.com/ganubatebedoxez/10703226880.pdf",
        "https://s3.amazonaws.com/didowugorokirug/totek.pdf",
        "https://s3.amazonaws.com/numegubowalonan/resumen_del_libro_el_principio_del_placer.pdf",
        "https://s3.amazonaws.com/jixeremipet/57017363884.pdf",
        "https://cdn.sqhk.co/pategazikiw/hqjdQ1d/tetris_effect_connected_physical.pdf",
        "http://laithub.pro/what_is_a_business_equity_line_of_creditjugw7.pdf",
        "https://cdn.sqhk.co/samanugutu/bujgfOH/jetpack_joyride_pc_download.pdf",
        "https://cdn.sqhk.co/jomenuluz/Zidieic/happy_chocolate_day_picture_free.pdf",
        "http://canonsburglake.org/497934297190nm61.pdf"
    ],
    "regex_urls": [
        "https",
        "https",
        "https",
        "https",
        "https",
        "https",
        "https",
        "https",
        "https",
        "https",
        "https",
        "https",
        "https",
        "https",
        "https",
        "https",
        "http://laithub.pro/what_is_a_business_equity_line_of_creditjugw7.pdf",
        "https",
        "https",
        "http://canonsburglake.org/497934297190nm61.pdf",
        "http://www.w3.org/1999/02/22-rdf-syntax-ns#",
        "http://purl.org/dc/elements/1.1/",
        "http://ns.adobe.com/pdf/1.3/",
        "http://ns.adobe.com/xap/1.0/",
        "http://ns.adobe.com/xap/1.0/mm/",
        "http://ns.adobe.com/xap/1.0/rights/"
    ],
    "scripts": {
        "iframe": [],
        "urls": []
    },
    "static_properties": {
        "JBIG2Decode": "0",
        "XML_forms": "0",
        "acro_form": "0",
        "auto_action": "0",
        "colors": "0",
        "cross_reference_table": "2",
        "embedded_files": "0",
        "file_size": "68",
        "java_script": "0",
        "js": "0",
        "launch_action": "0",
        "object_end": "56",
        "object_start": "56",
        "object_streams": "0",
        "open_action": "0",
        "page_count": "2",
        "rich_media": "0",
        "start_cross_reference_table": "2",
        "stream_end": "8",
        "stream_start": "8",
        "trailer_dictionary": "2"
    },
    "yara_signatures": [
        "without_attachments",
        "without_images",
        "with_urls",
        "invalid_trailer_structure",
        "multiple_versions",
        "contentis_base64"
    ]
}