{
    "exif_signatures": {},
    "file_size": 86100,
    "pdfid_signatures": {},
    "pypdf_uris": [
        "http://getpdf.pw/book?res=123&isbn=9780812696349&kwd=Quentin%20Tarantino%20and%20Philosophy%20:%20How%20to%20Philosophize%20with%20a%20Pair%20of%20Pliers%20and%20a%20Blowtorch",
        "http://getpdf.pw/book?res=123&isbn=9780812696349&kwd=Quentin%20Tarantino%20and%20Philosophy%20:%20How%20to%20Philosophize%20with%20a%20Pair%20of%20Pliers%20and%20a%20Blowtorch",
        "https://cdn-cms.f-static.net/uploads/4659528/normal_61ad591f99ed5.pdf",
        "https://static.s123-cdn-static.com/uploads/4659507/normal_61ad83cb6bb24.pdf"
    ],
    "regex_uris": [
        "http://getpdf.pw/book?res=123&isbn=9780812696349&kwd=Quentin%20Tarantino%20and%20Philosophy%20:%20How%20to%20Philosophize%20with%20a%20Pair%20of%20Pliers%20and%20a%20Blowtorch",
        "http://getpdf.pw/book?res=123&isbn=9780812696349&kwd=Quentin%20Tarantino%20and%20Philosophy%20:%20How%20to%20Philosophize%20with%20a%20Pair%20of%20Pliers%20and%20a%20Blowtorch",
        "https://cdn-cms.f-static.net/uploads/4659528/normal_61ad591f99ed5.pdf",
        "https://static.s123-cdn-static.com/uploads/4659507/normal_61ad83cb6bb24.pdf"
    ],
    "regex_urls": [
        "http://getpdf.pw/book?res=123",
        "http://getpdf.pw/book?res=123",
        "https",
        "https"
    ],
    "scripts": {
        "iframe": [],
        "urls": []
    },
    "static_properties": {
        "JBIG2Decode": "0",
        "XML_forms": "0",
        "acro_form": "0",
        "auto_action": "0",
        "colors": "0",
        "cross_reference_table": "1",
        "embedded_files": "0",
        "file_size": "86",
        "java_script": "0",
        "js": "0",
        "launch_action": "0",
        "object_end": "53",
        "object_start": "53",
        "object_streams": "0",
        "open_action": "0",
        "page_count": "4",
        "rich_media": "0",
        "start_cross_reference_table": "1",
        "stream_end": "11",
        "stream_start": "11",
        "trailer_dictionary": "1"
    },
    "yara_signatures": [
        "without_attachments",
        "without_images",
        "with_urls",
        "invalid_trailer_structure",
        "contentis_base64"
    ]
}