{
    "exif_signatures": {},
    "file_size": 81836,
    "pdfid_signatures": {},
    "pypdf_uris": [
        "https://feedproxy.google.com/~r/Uplcv/~3/6naE_Nh8_CY/uplcv?utm_term=pdf+to+excel+converter+free+online+ocr",
        "https://mattweidnerlaw.com/wp-content/plugins/formcraft/file-upload/server/content/files/16128d0d7c48fb---86356986656.pdf",
        "https://ankaratemizlikcim.com/depo/sayfaresim/file/jujafezadivipe.pdf",
        "https://uleiuri.ro/userfiles/file/rivagotopuwetirerew.pdf",
        "http://dmhu.eu/uploads/uplib/file/dugabuguv.pdf",
        "https://purpleleafestatebuyers.com/wp-content/plugins/formcraft/file-upload/server/content/files/1607635fc04884---28608736834.pdf",
        "http://www.hypnotiseur.com/wp-content/plugins/formcraft/file-upload/server/content/files/160fe57e1e42ef---41820441014.pdf",
        "https://investainternational.com/wp-content/plugins/formcraft/file-upload/server/content/files/16076b2cc454b8---pitujevijixerolorebi.pdf",
        "http://glovimex.com/uploads/ckfinder/files/79575167925.pdf",
        "http://carolstoecker.com/clients/c/c6/c60e280709801842a26e47e23f21f170/File/guguwexogedona.pdf",
        "http://dobrejaja.com/Upload/file/98660370643.pdf",
        "https://www.spoton.pet/wp-content/plugins/super-forms/uploads/php/files/skafik8f2moniibnqtfg1fua0c/bujozuridobofofavanekuwev.pdf",
        "https://noble-program.site/js/ckfinder/userfiles/files/lovunabi.pdf",
        "https://www.davidwoodpersonnel.com/wp-content/plugins/formcraft/file-upload/server/content/files/160a1b1113acdf---82851783975.pdf",
        "http://pwmtqatar.net/userfiles/file/vupudowifi.pdf",
        "http://indiebookoftheday.com/wp-content/plugins/formcraft/file-upload/server/content/files/160a5f4da17e1c---51370434487.pdf",
        "https://fond.ru/userfiles/file/gilodebewabisuke.pdf",
        "https://jiu-hang.com/upfiles/editor/files/vavobozu.pdf",
        "https://c4ir.ae/wp-content/plugins/super-forms/uploads/php/files/u80dh4spcv1nsg6rcmeqfd0un4/41959010123.pdf",
        "https://www.tifdip.com/wp-content/plugins/formcraft/file-upload/server/content/files/160bef5e15e761---92265244286.pdf",
        "https://turdv.ru/SITE/files/editor/file/75262931527.pdf",
        "https://an-professional.ru/img/files/file/nusigesenovizovat.pdf"
    ],
    "regex_uris": [
        "https://feedproxy.google.com/~r/Uplcv/~3/6naE_Nh8_CY/uplcv?utm_term=pdf+to+excel+converter+free+online+ocr",
        "https://mattweidnerlaw.com/wp-content/plugins/formcraft/file-upload/server/content/files/16128d0d7c48fb---86356986656.pdf",
        "https://ankaratemizlikcim.com/depo/sayfaresim/file/jujafezadivipe.pdf",
        "https://uleiuri.ro/userfiles/file/rivagotopuwetirerew.pdf",
        "http://dmhu.eu/uploads/uplib/file/dugabuguv.pdf",
        "https://purpleleafestatebuyers.com/wp-content/plugins/formcraft/file-upload/server/content/files/1607635fc04884---28608736834.pdf",
        "http://www.hypnotiseur.com/wp-content/plugins/formcraft/file-upload/server/content/files/160fe57e1e42ef---41820441014.pdf",
        "https://investainternational.com/wp-content/plugins/formcraft/file-upload/server/content/files/16076b2cc454b8---pitujevijixerolorebi.pdf",
        "http://glovimex.com/uploads/ckfinder/files/79575167925.pdf",
        "http://carolstoecker.com/clients/c/c6/c60e280709801842a26e47e23f21f170/File/guguwexogedona.pdf",
        "http://dobrejaja.com/Upload/file/98660370643.pdf",
        "https://www.spoton.pet/wp-content/plugins/super-forms/uploads/php/files/skafik8f2moniibnqtfg1fua0c/bujozuridobofofavanekuwev.pdf",
        "https://noble-program.site/js/ckfinder/userfiles/files/lovunabi.pdf",
        "https://www.davidwoodpersonnel.com/wp-content/plugins/formcraft/file-upload/server/content/files/160a1b1113acdf---82851783975.pdf",
        "http://pwmtqatar.net/userfiles/file/vupudowifi.pdf",
        "http://indiebookoftheday.com/wp-content/plugins/formcraft/file-upload/server/content/files/160a5f4da17e1c---51370434487.pdf",
        "https://fond.ru/userfiles/file/gilodebewabisuke.pdf",
        "https://jiu-hang.com/upfiles/editor/files/vavobozu.pdf",
        "https://c4ir.ae/wp-content/plugins/super-forms/uploads/php/files/u80dh4spcv1nsg6rcmeqfd0un4/41959010123.pdf",
        "https://www.tifdip.com/wp-content/plugins/formcraft/file-upload/server/content/files/160bef5e15e761---92265244286.pdf",
        "https://turdv.ru/SITE/files/editor/file/75262931527.pdf",
        "https://an-professional.ru/img/files/file/nusigesenovizovat.pdf"
    ],
    "regex_urls": [
        "https",
        "https",
        "https",
        "https",
        "http://dmhu.eu/uploads/uplib/file/dugabuguv.pdf",
        "https",
        "http://www.hypnotiseur.com/wp-content/plugins/formcraft/file-upload/server/content/files/160fe57e1e42ef---41820441014.pdf",
        "https",
        "http://glovimex.com/uploads/ckfinder/files/79575167925.pdf",
        "http://carolstoecker.com/clients/c/c6/c60e280709801842a26e47e23f21f170/File/guguwexogedona.pdf",
        "http://dobrejaja.com/Upload/file/98660370643.pdf",
        "https",
        "www.spoton.pet/wp-content/plugins/super-forms/uploads/php/files/skafik8f2moniibnqtfg1fua0c/bujozuridobofofavanekuwev.pdf",
        "https",
        "https",
        "www.davidwoodpersonnel.com/wp-content/plugins/formcraft/file-upload/server/content/files/160a1b1113acdf---82851783975.pdf",
        "http://pwmtqatar.net/userfiles/file/vupudowifi.pdf",
        "http://indiebookoftheday.com/wp-content/plugins/formcraft/file-upload/server/content/files/160a5f4da17e1c---51370434487.pdf",
        "https",
        "https",
        "https",
        "https",
        "www.tifdip.com/wp-content/plugins/formcraft/file-upload/server/content/files/160bef5e15e761---92265244286.pdf",
        "https",
        "https",
        "http://www.w3.org/1999/02/22-rdf-syntax-ns#",
        "http://purl.org/dc/elements/1.1/",
        "http://ns.adobe.com/pdf/1.3/",
        "http://ns.adobe.com/xap/1.0/",
        "http://ns.adobe.com/xap/1.0/mm/",
        "http://ns.adobe.com/xap/1.0/rights/"
    ],
    "scripts": {
        "iframe": [],
        "urls": []
    },
    "static_properties": {
        "JBIG2Decode": "0",
        "XML_forms": "0",
        "acro_form": "0",
        "auto_action": "0",
        "colors": "0",
        "cross_reference_table": "2",
        "embedded_files": "0",
        "file_size": "82",
        "java_script": "0",
        "js": "0",
        "launch_action": "0",
        "object_end": "63",
        "object_start": "63",
        "object_streams": "0",
        "open_action": "0",
        "page_count": "2",
        "rich_media": "0",
        "start_cross_reference_table": "2",
        "stream_end": "13",
        "stream_start": "13",
        "trailer_dictionary": "2"
    },
    "yara_signatures": [
        "without_attachments",
        "without_images",
        "with_urls",
        "invalid_trailer_structure",
        "multiple_versions",
        "contentis_base64",
        "Big_Numbers1"
    ]
}