{
    "exif_signatures": {},
    "file_size": 93692,
    "pdfid_signatures": {},
    "pypdf_uris": [
        "http://getpdf.pw/book?res=123&isbn=9789390387267&kwd=The%20Art%20Of%20Theatrical%20Make-Up",
        "http://getpdf.pw/book?res=123&isbn=9789390387267&kwd=The%20Art%20Of%20Theatrical%20Make-Up",
        "https://static.s123-cdn-static-d.com/uploads/4659946/normal_61afa19917c55.pdf",
        "https://static.s123-cdn-static-a.com/uploads/4659925/normal_61afc0b203bd9.pdf",
        "https://static.s123-cdn-static-d.com/uploads/4661155/normal_61af7976cdeb2.pdf"
    ],
    "regex_uris": [
        "http://getpdf.pw/book?res=123&isbn=9789390387267&kwd=The%20Art%20Of%20Theatrical%20Make-Up",
        "http://getpdf.pw/book?res=123&isbn=9789390387267&kwd=The%20Art%20Of%20Theatrical%20Make-Up",
        "https://static.s123-cdn-static-d.com/uploads/4659946/normal_61afa19917c55.pdf",
        "https://static.s123-cdn-static-a.com/uploads/4659925/normal_61afc0b203bd9.pdf",
        "https://static.s123-cdn-static-d.com/uploads/4661155/normal_61af7976cdeb2.pdf"
    ],
    "regex_urls": [
        "http://getpdf.pw/book?res=123",
        "http://getpdf.pw/book?res=123",
        "https",
        "https",
        "https"
    ],
    "scripts": {
        "iframe": [],
        "urls": []
    },
    "static_properties": {
        "JBIG2Decode": "0",
        "XML_forms": "0",
        "acro_form": "0",
        "auto_action": "0",
        "colors": "0",
        "cross_reference_table": "1",
        "embedded_files": "0",
        "file_size": "94",
        "java_script": "0",
        "js": "0",
        "launch_action": "0",
        "object_end": "65",
        "object_start": "65",
        "object_streams": "0",
        "open_action": "0",
        "page_count": "5",
        "rich_media": "0",
        "start_cross_reference_table": "1",
        "stream_end": "12",
        "stream_start": "12",
        "trailer_dictionary": "1"
    },
    "yara_signatures": [
        "without_attachments",
        "without_images",
        "with_urls",
        "invalid_trailer_structure",
        "contentis_base64"
    ]
}