{
    "exif_signatures": {},
    "file_size": 43776,
    "pdfid_signatures": {},
    "pypdf_uris": [
        "https://netcdn.xyz/app/406889139/coin-master-exchange-40-free-spins-game-hack",
        "https://netcdn.xyz/app/406889139/coin-master-exchange-40-free-spins-game-hack",
        "https://www.brainpads.com/images/collect-free-spins-for-coin-master_GM406889139.pdf",
        "https://brainpads.com/images/minecraft-story-mode-free-download_GM479516143.pdf",
        "https://brainpads.com/images/hacked-roblox-accounts-list_GM431946152.pdf",
        "https://www.brainpads.com/images/free-robux-no-human-verification-or-survey-or-download_GM431946152.pdf",
        "https://brainpads.com/images/robux-app_GM431946152.pdf",
        "https://brainpads.com/images/coin-master-spin-ml_GM406889139.pdf",
        "https://brainpads.com/images/who-to-get-free-robux_GM431946152.pdf",
        "https://brainpads.com/images/free-robux-script_GM431946152.pdf",
        "https://www.brainpads.com/images/coin-master-free-chip_GM406889139.pdf",
        "https://www.brainpads.com/images/free-game-packs-for-coin-master_GM406889139.pdf",
        "https://brainpads.com/images/coinmaster-hack_GM406889139.pdf",
        "https://www.brainpads.com/images/avatar-the-last-airbender-roblox_GM431946152.pdf",
        "https://www.brainpads.com/images/how-to-hack-roblox-accounts-for-robux_GM431946152.pdf",
        "https://www.brainpads.com/images/robux-hack-2021_GM431946152.pdf",
        "https://brainpads.com/images/blogspot-free-spins-coin-master_GM406889139.pdf",
        "https://www.brainpads.com/images/minecraft-font-free_GM479516143.pdf",
        "https://brainpads.com/images/free-spin-coin-master-link-2021_GM406889139.pdf",
        "https://brainpads.com/images/coin-master-34-5-hack_GM406889139.pdf",
        "https://brainpads.com/images/coin-master-hack-spins-free_GM406889139.pdf",
        "https://www.brainpads.com/images/roblox-land-free-robux_GM431946152.pdf"
    ],
    "regex_uris": [
        "https://netcdn.xyz/app/406889139/coin-master-exchange-40-free-spins-game-hack",
        "https://netcdn.xyz/app/406889139/coin-master-exchange-40-free-spins-game-hack",
        "https://www.brainpads.com/images/collect-free-spins-for-coin-master_GM406889139.pdf",
        "https://brainpads.com/images/minecraft-story-mode-free-download_GM479516143.pdf",
        "https://brainpads.com/images/hacked-roblox-accounts-list_GM431946152.pdf",
        "https://www.brainpads.com/images/free-robux-no-human-verification-or-survey-or-download_GM431946152.pdf",
        "https://brainpads.com/images/robux-app_GM431946152.pdf",
        "https://brainpads.com/images/coin-master-spin-ml_GM406889139.pdf",
        "https://brainpads.com/images/who-to-get-free-robux_GM431946152.pdf",
        "https://brainpads.com/images/free-robux-script_GM431946152.pdf",
        "https://www.brainpads.com/images/coin-master-free-chip_GM406889139.pdf",
        "https://www.brainpads.com/images/free-game-packs-for-coin-master_GM406889139.pdf",
        "https://brainpads.com/images/coinmaster-hack_GM406889139.pdf",
        "https://www.brainpads.com/images/avatar-the-last-airbender-roblox_GM431946152.pdf",
        "https://www.brainpads.com/images/how-to-hack-roblox-accounts-for-robux_GM431946152.pdf",
        "https://www.brainpads.com/images/robux-hack-2021_GM431946152.pdf",
        "https://brainpads.com/images/blogspot-free-spins-coin-master_GM406889139.pdf",
        "https://www.brainpads.com/images/minecraft-font-free_GM479516143.pdf",
        "https://brainpads.com/images/free-spin-coin-master-link-2021_GM406889139.pdf",
        "https://brainpads.com/images/coin-master-34-5-hack_GM406889139.pdf",
        "https://brainpads.com/images/coin-master-hack-spins-free_GM406889139.pdf",
        "https://www.brainpads.com/images/roblox-land-free-robux_GM431946152.pdf"
    ],
    "regex_urls": [
        "https",
        "https",
        "https",
        "www.brainpads.com/images/collect-free-spins-for-coin-master_GM406889139.pdf",
        "https",
        "https",
        "https",
        "www.brainpads.com/images/free-robux-no-human-verification-or-survey-or-download_GM431946152.pdf",
        "https",
        "https",
        "https",
        "https",
        "https",
        "www.brainpads.com/images/coin-master-free-chip_GM406889139.pdf",
        "https",
        "www.brainpads.com/images/free-game-packs-for-coin-master_GM406889139.pdf",
        "https",
        "https",
        "www.brainpads.com/images/avatar-the-last-airbender-roblox_GM431946152.pdf",
        "https",
        "www.brainpads.com/images/how-to-hack-roblox-accounts-for-robux_GM431946152.pdf",
        "https",
        "www.brainpads.com/images/robux-hack-2021_GM431946152.pdf",
        "https",
        "https",
        "www.brainpads.com/images/minecraft-font-free_GM479516143.pdf",
        "https",
        "https",
        "https",
        "https",
        "www.brainpads.com/images/roblox-land-free-robux_GM431946152.pdf"
    ],
    "scripts": {
        "iframe": [],
        "urls": []
    },
    "static_properties": {
        "JBIG2Decode": "0",
        "XML_forms": "0",
        "acro_form": "0",
        "auto_action": "0",
        "colors": "0",
        "cross_reference_table": "1",
        "embedded_files": "0",
        "file_size": "44",
        "java_script": "0",
        "js": "0",
        "launch_action": "0",
        "object_end": "60",
        "object_start": "60",
        "object_streams": "0",
        "open_action": "0",
        "page_count": "3",
        "rich_media": "0",
        "start_cross_reference_table": "1",
        "stream_end": "7",
        "stream_start": "7",
        "trailer_dictionary": "1"
    },
    "yara_signatures": [
        "without_attachments",
        "without_images",
        "with_urls",
        "invalid_trailer_structure",
        "contentis_base64"
    ]
}