{
    "exif_signatures": {},
    "file_size": 332150,
    "pdfid_signatures": {},
    "pypdf_uris": [
        "https://podar.co.za/XSRYdR1H?utm_term=making+false+police+report+ohio",
        "http://www.rua.edu.kh/ad_library/tinymce/kcfinder/upload/files/18563607621.pdf",
        "http://archiw.gbpopatowiec.pl/img/upload/files/96228457537.pdf",
        "http://bbckorea.org/user_data/kcfinder/files/zenijupugesabani.pdf",
        "https://majubesar.net/contents/files/40387867695.pdf",
        "http://timebymtm.com/upload/files/19176789144.pdf",
        "http://tvojashkola.ru/img/upload/files/64937776095.pdf",
        "https://clarkfamilybuilders.com/home/clark/public_html/ckfinder/userfiles/files/mipebabunijetativuvidala.pdf",
        "https://aldea.work/wp-content/plugins/super-forms/uploads/php/files/592cf45c80debf0519f21a7fc2c13c1c/xapodomevisafalofusimo.pdf",
        "http://www.sczct.com/up_files/file/kidegi.pdf",
        "https://carnac.kendalch.com/upload/files/93335900315.pdf",
        "http://drvision.org/wp-content/plugins/formcraft/file-upload/server/content/files/161cbb76873438---62278443527.pdf",
        "http://terapie-psi.ro/wp-content/plugins/formcraft/file-upload/server/content/files/161df7c4d40dd4---29597129991.pdf",
        "http://www.anjhimayath.com/upload/file/mabaxipodi.pdf",
        "http://exito-opakowania.pl/userfiles/file/51423234682.pdf",
        "http://zbirozskepodzamci.cz/userfiles/pixid.pdf",
        "http://nextlab-semi.com/files/fckeditor/file/damadukujum.pdf",
        "https://bookings.gulfstarsports.com/admin/kcfinder/upload/files/4189886543.pdf",
        "http://playbabydoll.com/userfiles/file/83229121937.pdf",
        "http://key-pro.jp/kcfinder/upload/files/rezekaburikezum.pdf",
        "https://praktijk-fix.nl/userfiles/image/file/3403637583.pdf",
        "http://steffis-strassladen.de/userfiles/file/borufirebisi.pdf",
        "http://jingluo.net/uploadfiles/files/virogodajatexivodoxavosan.pdf",
        "http://citra.cl/userfiles/file/kapoduzazufavepidob.pdf",
        "http://ya-ke.cn/admin/upload/18052495085.pdf",
        "http://seoulmenu.com/uploads/files/39301433402.pdf",
        "http://xn--b1akwe.xn--p1ai/userfiles/file/96044876317.pdf",
        "http://xn--h1agcmh.com/ckfinder/userfiles/files/12418398537.pdf",
        "https://clinicaabrahaoosta.com.br/ckfinder/userfiles/files/89147172576.pdf",
        "http://biomehl.com/images/content/files/88500183338.pdf",
        "https://personnelstrategies.net/userfiles/file/tifivi.pdf",
        "http://www.politico.cnm.org.br/ckeditor_custom/kcfinder/upload/files/69411068949.pdf",
        "http://www.carolglassman.com/wp-content/plugins/formcraft/file-upload/server/content/files/16180530334a35---73685700730.pdf",
        "http://naturestuff.nl/siteimages/file/kililubifabozudowovusebif.pdf",
        "https://ailani.org/wp-content/plugins/super-forms/uploads/php/files/7dec21e44d369cbdaed0cca2d39bb61b/49125056354.pdf",
        "https://yukkumpulgroup1.com/contents/files/baravodufijujisamotu.pdf",
        "http://rpsbchamber.org/editorData/file/vugunuro.pdf"
    ],
    "regex_uris": [
        "https://podar.co.za/XSRYdR1H?utm_term=making+false+police+report+ohio",
        "http://www.rua.edu.kh/ad_library/tinymce/kcfinder/upload/files/18563607621.pdf",
        "http://archiw.gbpopatowiec.pl/img/upload/files/96228457537.pdf",
        "http://bbckorea.org/user_data/kcfinder/files/zenijupugesabani.pdf",
        "https://majubesar.net/contents/files/40387867695.pdf",
        "http://timebymtm.com/upload/files/19176789144.pdf",
        "http://tvojashkola.ru/img/upload/files/64937776095.pdf",
        "https://clarkfamilybuilders.com/home/clark/public_html/ckfinder/userfiles/files/mipebabunijetativuvidala.pdf",
        "https://aldea.work/wp-content/plugins/super-forms/uploads/php/files/592cf45c80debf0519f21a7fc2c13c1c/xapodomevisafalofusimo.pdf",
        "http://www.sczct.com/up_files/file/kidegi.pdf",
        "https://carnac.kendalch.com/upload/files/93335900315.pdf",
        "http://drvision.org/wp-content/plugins/formcraft/file-upload/server/content/files/161cbb76873438---62278443527.pdf",
        "http://terapie-psi.ro/wp-content/plugins/formcraft/file-upload/server/content/files/161df7c4d40dd4---29597129991.pdf",
        "http://www.anjhimayath.com/upload/file/mabaxipodi.pdf",
        "http://exito-opakowania.pl/userfiles/file/51423234682.pdf",
        "http://zbirozskepodzamci.cz/userfiles/pixid.pdf",
        "http://nextlab-semi.com/files/fckeditor/file/damadukujum.pdf",
        "https://bookings.gulfstarsports.com/admin/kcfinder/upload/files/4189886543.pdf",
        "http://playbabydoll.com/userfiles/file/83229121937.pdf",
        "http://key-pro.jp/kcfinder/upload/files/rezekaburikezum.pdf",
        "https://praktijk-fix.nl/userfiles/image/file/3403637583.pdf",
        "http://steffis-strassladen.de/userfiles/file/borufirebisi.pdf",
        "http://jingluo.net/uploadfiles/files/virogodajatexivodoxavosan.pdf",
        "http://citra.cl/userfiles/file/kapoduzazufavepidob.pdf",
        "http://ya-ke.cn/admin/upload/18052495085.pdf",
        "http://seoulmenu.com/uploads/files/39301433402.pdf",
        "http://xn--b1akwe.xn--p1ai/userfiles/file/96044876317.pdf",
        "http://xn--h1agcmh.com/ckfinder/userfiles/files/12418398537.pdf",
        "https://clinicaabrahaoosta.com.br/ckfinder/userfiles/files/89147172576.pdf",
        "http://biomehl.com/images/content/files/88500183338.pdf",
        "https://personnelstrategies.net/userfiles/file/tifivi.pdf",
        "http://www.politico.cnm.org.br/ckeditor_custom/kcfinder/upload/files/69411068949.pdf",
        "http://www.carolglassman.com/wp-content/plugins/formcraft/file-upload/server/content/files/16180530334a35---73685700730.pdf",
        "http://naturestuff.nl/siteimages/file/kililubifabozudowovusebif.pdf",
        "https://ailani.org/wp-content/plugins/super-forms/uploads/php/files/7dec21e44d369cbdaed0cca2d39bb61b/49125056354.pdf",
        "https://yukkumpulgroup1.com/contents/files/baravodufijujisamotu.pdf",
        "http://rpsbchamber.org/editorData/file/vugunuro.pdf"
    ],
    "regex_urls": [
        "https",
        "http://www.rua.edu.kh/ad_library/tinymce/kcfinder/upload/files/18563607621.pdf",
        "http://archiw.gbpopatowiec.pl/img/upload/files/96228457537.pdf",
        "http://bbckorea.org/user_data/kcfinder/files/zenijupugesabani.pdf",
        "https",
        "http://timebymtm.com/upload/files/19176789144.pdf",
        "http://tvojashkola.ru/img/upload/files/64937776095.pdf",
        "https",
        "https",
        "http://www.sczct.com/up_files/file/kidegi.pdf",
        "https",
        "http://drvision.org/wp-content/plugins/formcraft/file-upload/server/content/files/161cbb76873438---62278443527.pdf",
        "http://terapie-psi.ro/wp-content/plugins/formcraft/file-upload/server/content/files/161df7c4d40dd4---29597129991.pdf",
        "http://www.anjhimayath.com/upload/file/mabaxipodi.pdf",
        "http://exito-opakowania.pl/userfiles/file/51423234682.pdf",
        "http://zbirozskepodzamci.cz/userfiles/pixid.pdf",
        "http://nextlab-semi.com/files/fckeditor/file/damadukujum.pdf",
        "https",
        "http://playbabydoll.com/userfiles/file/83229121937.pdf",
        "http://key-pro.jp/kcfinder/upload/files/rezekaburikezum.pdf",
        "https",
        "http://steffis-strassladen.de/userfiles/file/borufirebisi.pdf",
        "http://jingluo.net/uploadfiles/files/virogodajatexivodoxavosan.pdf",
        "http://citra.cl/userfiles/file/kapoduzazufavepidob.pdf",
        "http://ya-ke.cn/admin/upload/18052495085.pdf",
        "http://seoulmenu.com/uploads/files/39301433402.pdf",
        "http://xn--b1akwe.xn--p1ai/userfiles/file/96044876317.pdf",
        "http://xn--h1agcmh.com/ckfinder/userfiles/files/12418398537.pdf",
        "https",
        "http://biomehl.com/images/content/files/88500183338.pdf",
        "https",
        "http://www.politico.cnm.org.br/ckeditor_custom/kcfinder/upload/files/69411068949.pdf",
        "http://www.carolglassman.com/wp-content/plugins/formcraft/file-upload/server/content/files/16180530334a35---73685700730.pdf",
        "http://naturestuff.nl/siteimages/file/kililubifabozudowovusebif.pdf",
        "https",
        "https",
        "http://rpsbchamber.org/editorData/file/vugunuro.pdf",
        "http://www.w3.org/1999/02/22-rdf-syntax-ns#",
        "http://purl.org/dc/elements/1.1/",
        "http://ns.adobe.com/pdf/1.3/",
        "http://ns.adobe.com/xap/1.0/",
        "http://ns.adobe.com/xap/1.0/mm/",
        "http://ns.adobe.com/xap/1.0/rights/"
    ],
    "scripts": {
        "iframe": [],
        "urls": []
    },
    "static_properties": {
        "JBIG2Decode": "0",
        "XML_forms": "0",
        "acro_form": "0",
        "auto_action": "0",
        "colors": "0",
        "cross_reference_table": "2",
        "embedded_files": "0",
        "file_size": "332",
        "java_script": "0",
        "js": "0",
        "launch_action": "0",
        "object_end": "93",
        "object_start": "93",
        "object_streams": "0",
        "open_action": "0",
        "page_count": "3",
        "rich_media": "0",
        "start_cross_reference_table": "2",
        "stream_end": "19",
        "stream_start": "19",
        "trailer_dictionary": "2"
    },
    "yara_signatures": [
        "without_attachments",
        "without_images",
        "with_urls",
        "invalid_trailer_structure",
        "multiple_versions",
        "contentis_base64",
        "Big_Numbers1"
    ]
}