{
    "exif_signatures": {},
    "file_size": 35149,
    "pdfid_signatures": {},
    "pypdf_uris": [
        "http://netcdn.co/app/431946152/free-face-roblox-catalog-game-hack",
        "http://netcdn.co/app/431946152/free-face-roblox-catalog-game-hack",
        "https://eastwood.co.ke/uploaded_files/userfiles/files/free-robux-no-task_GM431946152.pdf",
        "https://eastwood.co.ke/uploaded_files/userfiles/files/make-your-own-minecraft-server-free_GM479516143.pdf",
        "https://eastwood.co.ke/uploaded_files/userfiles/files/how-to-get-free-golden-card-in-coin-master_GM406889139.pdf",
        "https://eastwood.co.ke/uploaded_files/userfiles/files/roblox-hack-download-pc-2021-furk_GM431946152.pdf",
        "https://eastwood.co.ke/uploaded_files/userfiles/files/inappropriate-roblox-games-2021_GM431946152.pdf",
        "https://eastwood.co.ke/uploaded_files/userfiles/files/free-robux-generator-no-human-verification-or-surveys_GM431946152.pdf",
        "https://eastwood.co.ke/uploaded_files/userfiles/files/talk-other-player-roblox-gui-hack_GM431946152.pdf",
        "https://eastwood.co.ke/uploaded_files/userfiles/files/roblox-free-robux_GM431946152.pdf",
        "https://eastwood.co.ke/uploaded_files/userfiles/files/roblox-jailbreak-money-hack-download-free_GM431946152.pdf",
        "https://eastwood.co.ke/uploaded_files/userfiles/files/coin-master-daily-free-spins-link-today_GM406889139.pdf",
        "https://eastwood.co.ke/uploaded_files/userfiles/files/roblox-is-bloxburg-free_GM431946152.pdf",
        "https://eastwood.co.ke/uploaded_files/userfiles/files/minecraft-story-mode-free_GM479516143.pdf",
        "https://eastwood.co.ke/uploaded_files/userfiles/files/does-coin-master-hack-work_GM406889139.pdf",
        "https://eastwood.co.ke/uploaded_files/userfiles/files/how-to-get-free-tiktok-fans_GM835599320.pdf",
        "https://eastwood.co.ke/uploaded_files/userfiles/files/how-to-hack-roblox-go-through-walls-with-shift-lock_GM431946152.pdf",
        "https://eastwood.co.ke/uploaded_files/userfiles/files/free-roblox-codes-2021_GM431946152.pdf",
        "https://eastwood.co.ke/uploaded_files/userfiles/files/download-hacked-games-com-coin-master_GM406889139.pdf",
        "https://eastwood.co.ke/uploaded_files/userfiles/files/free-robux-hack-generator_GM431946152.pdf",
        "https://eastwood.co.ke/uploaded_files/userfiles/files/promo-codes-for-free-robux_GM431946152.pdf",
        "https://eastwood.co.ke/uploaded_files/userfiles/files/games-on-roblox-that-give-you-free-robux_GM431946152.pdf"
    ],
    "regex_uris": [
        "http://netcdn.co/app/431946152/free-face-roblox-catalog-game-hack",
        "http://netcdn.co/app/431946152/free-face-roblox-catalog-game-hack",
        "https://eastwood.co.ke/uploaded_files/userfiles/files/free-robux-no-task_GM431946152.pdf",
        "https://eastwood.co.ke/uploaded_files/userfiles/files/make-your-own-minecraft-server-free_GM479516143.pdf",
        "https://eastwood.co.ke/uploaded_files/userfiles/files/how-to-get-free-golden-card-in-coin-master_GM406889139.pdf",
        "https://eastwood.co.ke/uploaded_files/userfiles/files/roblox-hack-download-pc-2021-furk_GM431946152.pdf",
        "https://eastwood.co.ke/uploaded_files/userfiles/files/inappropriate-roblox-games-2021_GM431946152.pdf",
        "https://eastwood.co.ke/uploaded_files/userfiles/files/free-robux-generator-no-human-verification-or-surveys_GM431946152.pdf",
        "https://eastwood.co.ke/uploaded_files/userfiles/files/talk-other-player-roblox-gui-hack_GM431946152.pdf",
        "https://eastwood.co.ke/uploaded_files/userfiles/files/roblox-free-robux_GM431946152.pdf",
        "https://eastwood.co.ke/uploaded_files/userfiles/files/roblox-jailbreak-money-hack-download-free_GM431946152.pdf",
        "https://eastwood.co.ke/uploaded_files/userfiles/files/coin-master-daily-free-spins-link-today_GM406889139.pdf",
        "https://eastwood.co.ke/uploaded_files/userfiles/files/roblox-is-bloxburg-free_GM431946152.pdf",
        "https://eastwood.co.ke/uploaded_files/userfiles/files/minecraft-story-mode-free_GM479516143.pdf",
        "https://eastwood.co.ke/uploaded_files/userfiles/files/does-coin-master-hack-work_GM406889139.pdf",
        "https://eastwood.co.ke/uploaded_files/userfiles/files/how-to-get-free-tiktok-fans_GM835599320.pdf",
        "https://eastwood.co.ke/uploaded_files/userfiles/files/how-to-hack-roblox-go-through-walls-with-shift-lock_GM431946152.pdf",
        "https://eastwood.co.ke/uploaded_files/userfiles/files/free-roblox-codes-2021_GM431946152.pdf",
        "https://eastwood.co.ke/uploaded_files/userfiles/files/download-hacked-games-com-coin-master_GM406889139.pdf",
        "https://eastwood.co.ke/uploaded_files/userfiles/files/free-robux-hack-generator_GM431946152.pdf",
        "https://eastwood.co.ke/uploaded_files/userfiles/files/promo-codes-for-free-robux_GM431946152.pdf",
        "https://eastwood.co.ke/uploaded_files/userfiles/files/games-on-roblox-that-give-you-free-robux_GM431946152.pdf"
    ],
    "regex_urls": [
        "http://netcdn.co/app/431946152/free-face-roblox-catalog-game-hack",
        "http://netcdn.co/app/431946152/free-face-roblox-catalog-game-hack",
        "https",
        "https",
        "https",
        "https",
        "https",
        "https",
        "https",
        "https",
        "https",
        "https",
        "https",
        "https",
        "https",
        "https",
        "https",
        "https",
        "https",
        "https",
        "https",
        "https"
    ],
    "scripts": {
        "iframe": [],
        "urls": []
    },
    "static_properties": {
        "JBIG2Decode": "0",
        "XML_forms": "0",
        "acro_form": "0",
        "auto_action": "0",
        "colors": "0",
        "cross_reference_table": "1",
        "embedded_files": "0",
        "file_size": "35",
        "java_script": "0",
        "js": "0",
        "launch_action": "0",
        "object_end": "55",
        "object_start": "55",
        "object_streams": "0",
        "open_action": "0",
        "page_count": "2",
        "rich_media": "0",
        "start_cross_reference_table": "1",
        "stream_end": "6",
        "stream_start": "6",
        "trailer_dictionary": "1"
    },
    "yara_signatures": [
        "without_attachments",
        "without_images",
        "with_urls",
        "invalid_trailer_structure",
        "contentis_base64"
    ]
}