{
    "exif_signatures": {},
    "file_size": 44929,
    "pdfid_signatures": {},
    "pypdf_uris": [
        "https://netcdn.xyz/app/431946152/how-to-get-free-robux-no-verification-2021-game-hack",
        "https://netcdn.xyz/app/431946152/how-to-get-free-robux-no-verification-2021-game-hack",
        "http://www.lacarla.dk/images/free-robux-app_GM431946152.pdf",
        "http://www.lacarla.dk/images/roblox-robux-hack-generator_GM431946152.pdf",
        "http://www.lacarla.dk/images/free-coin-and-spin-link_GM406889139.pdf",
        "http://www.lacarla.dk/images/coin-master-free-spins-and-cards_GM406889139.pdf",
        "http://www.lacarla.dk/images/apps-for-free-robux_GM431946152.pdf",
        "http://www.lacarla.dk/images/coin-master-free-raid-link_GM406889139.pdf",
        "http://www.lacarla.dk/images/get-me-robux_GM431946152.pdf",
        "http://www.lacarla.dk/images/best-minecraft-hacked-client-2021_GM479516143.pdf",
        "http://www.lacarla.dk/images/coin-master-free-spins-link-2021_GM406889139.pdf",
        "http://www.lacarla.dk/images/free-games-coin-master_GM406889139.pdf",
        "http://www.lacarla.dk/images/coin-master-free-spins-daily-link-updated_GM406889139.pdf",
        "http://www.lacarla.dk/images/coin-master-free-in-app-purchases_GM406889139.pdf",
        "http://www.lacarla.dk/images/free-robux-2021_GM431946152.pdf",
        "http://www.lacarla.dk/images/get-roblox-for-free_GM431946152.pdf",
        "http://www.lacarla.dk/images/how-to-minecraft-for-free_GM479516143.pdf",
        "http://www.lacarla.dk/images/roblox-arsenal-hack_GM431946152.pdf",
        "http://www.lacarla.dk/images/coin-master-free-spin-and-coin-link-today_GM406889139.pdf",
        "http://www.lacarla.dk/images/coin-master-free-spins-link-2021-today_GM406889139.pdf",
        "http://www.lacarla.dk/images/coin-master-fan-page-free-spins_GM406889139.pdf",
        "http://www.lacarla.dk/images/coin-master-free-cards-link-2021_GM406889139.pdf"
    ],
    "regex_uris": [
        "https://netcdn.xyz/app/431946152/how-to-get-free-robux-no-verification-2021-game-hack",
        "https://netcdn.xyz/app/431946152/how-to-get-free-robux-no-verification-2021-game-hack",
        "http://www.lacarla.dk/images/free-robux-app_GM431946152.pdf",
        "http://www.lacarla.dk/images/roblox-robux-hack-generator_GM431946152.pdf",
        "http://www.lacarla.dk/images/free-coin-and-spin-link_GM406889139.pdf",
        "http://www.lacarla.dk/images/coin-master-free-spins-and-cards_GM406889139.pdf",
        "http://www.lacarla.dk/images/apps-for-free-robux_GM431946152.pdf",
        "http://www.lacarla.dk/images/coin-master-free-raid-link_GM406889139.pdf",
        "http://www.lacarla.dk/images/get-me-robux_GM431946152.pdf",
        "http://www.lacarla.dk/images/best-minecraft-hacked-client-2021_GM479516143.pdf",
        "http://www.lacarla.dk/images/coin-master-free-spins-link-2021_GM406889139.pdf",
        "http://www.lacarla.dk/images/free-games-coin-master_GM406889139.pdf",
        "http://www.lacarla.dk/images/coin-master-free-spins-daily-link-updated_GM406889139.pdf",
        "http://www.lacarla.dk/images/coin-master-free-in-app-purchases_GM406889139.pdf",
        "http://www.lacarla.dk/images/free-robux-2021_GM431946152.pdf",
        "http://www.lacarla.dk/images/get-roblox-for-free_GM431946152.pdf",
        "http://www.lacarla.dk/images/how-to-minecraft-for-free_GM479516143.pdf",
        "http://www.lacarla.dk/images/roblox-arsenal-hack_GM431946152.pdf",
        "http://www.lacarla.dk/images/coin-master-free-spin-and-coin-link-today_GM406889139.pdf",
        "http://www.lacarla.dk/images/coin-master-free-spins-link-2021-today_GM406889139.pdf",
        "http://www.lacarla.dk/images/coin-master-fan-page-free-spins_GM406889139.pdf",
        "http://www.lacarla.dk/images/coin-master-free-cards-link-2021_GM406889139.pdf"
    ],
    "regex_urls": [
        "https",
        "https",
        "http://www.lacarla.dk/images/free-robux-app_GM431946152.pdf",
        "http://www.lacarla.dk/images/roblox-robux-hack-generator_GM431946152.pdf",
        "http://www.lacarla.dk/images/free-coin-and-spin-link_GM406889139.pdf",
        "http://www.lacarla.dk/images/coin-master-free-spins-and-cards_GM406889139.pdf",
        "http://www.lacarla.dk/images/apps-for-free-robux_GM431946152.pdf",
        "http://www.lacarla.dk/images/coin-master-free-raid-link_GM406889139.pdf",
        "http://www.lacarla.dk/images/get-me-robux_GM431946152.pdf",
        "http://www.lacarla.dk/images/best-minecraft-hacked-client-2021_GM479516143.pdf",
        "http://www.lacarla.dk/images/coin-master-free-spins-link-2021_GM406889139.pdf",
        "http://www.lacarla.dk/images/free-games-coin-master_GM406889139.pdf",
        "http://www.lacarla.dk/images/coin-master-free-spins-daily-link-updated_GM406889139.pdf",
        "http://www.lacarla.dk/images/coin-master-free-in-app-purchases_GM406889139.pdf",
        "http://www.lacarla.dk/images/free-robux-2021_GM431946152.pdf",
        "http://www.lacarla.dk/images/get-roblox-for-free_GM431946152.pdf",
        "http://www.lacarla.dk/images/how-to-minecraft-for-free_GM479516143.pdf",
        "http://www.lacarla.dk/images/roblox-arsenal-hack_GM431946152.pdf",
        "http://www.lacarla.dk/images/coin-master-free-spin-and-coin-link-today_GM406889139.pdf",
        "http://www.lacarla.dk/images/coin-master-free-spins-link-2021-today_GM406889139.pdf",
        "http://www.lacarla.dk/images/coin-master-fan-page-free-spins_GM406889139.pdf",
        "http://www.lacarla.dk/images/coin-master-free-cards-link-2021_GM406889139.pdf"
    ],
    "scripts": {
        "iframe": [],
        "urls": []
    },
    "static_properties": {
        "JBIG2Decode": "0",
        "XML_forms": "0",
        "acro_form": "0",
        "auto_action": "0",
        "colors": "0",
        "cross_reference_table": "1",
        "embedded_files": "0",
        "file_size": "45",
        "java_script": "0",
        "js": "0",
        "launch_action": "0",
        "object_end": "60",
        "object_start": "60",
        "object_streams": "0",
        "open_action": "0",
        "page_count": "3",
        "rich_media": "0",
        "start_cross_reference_table": "1",
        "stream_end": "7",
        "stream_start": "7",
        "trailer_dictionary": "1"
    },
    "yara_signatures": [
        "without_attachments",
        "without_images",
        "with_urls",
        "invalid_trailer_structure",
        "contentis_base64"
    ]
}