{
    "exif_signatures": {},
    "file_size": 43709,
    "pdfid_signatures": {},
    "pypdf_uris": [
        "https://netcdn.xyz/app/406889139/coin-master-free-500-spins-link-game-hack",
        "https://netcdn.xyz/app/406889139/coin-master-free-500-spins-link-game-hack",
        "https://www.wearmyspex.com/uploaded_files/userfiles/files/how-to-get-free-robux-on-roblox_GM431946152.pdf",
        "https://www.wearmyspex.com/uploaded_files/userfiles/files/best-coin-master-hack_GM406889139.pdf",
        "https://www.wearmyspex.com/uploaded_files/userfiles/files/coin-master-hack-no-verification-no-signup_GM406889139.pdf",
        "https://www.wearmyspex.com/uploaded_files/userfiles/files/coin-master-free-spin-reward-links_GM406889139.pdf",
        "https://www.wearmyspex.com/uploaded_files/userfiles/files/how-to-get-free-robux-in-2021_GM431946152.pdf",
        "https://www.wearmyspex.com/uploaded_files/userfiles/files/roblox-hack-2021_GM431946152.pdf",
        "https://www.wearmyspex.com/uploaded_files/userfiles/files/free-robux-generator-no-human-verification-2021_GM431946152.pdf",
        "https://www.wearmyspex.com/uploaded_files/userfiles/files/coin-master-heaven-free-daily-spins_GM406889139.pdf",
        "https://www.wearmyspex.com/uploaded_files/userfiles/files/free-robux-generator-2021_GM431946152.pdf",
        "https://www.wearmyspex.com/uploaded_files/userfiles/files/no-scam-free-robux_GM431946152.pdf",
        "https://www.wearmyspex.com/uploaded_files/userfiles/files/coin-master-free-cards-2021_GM406889139.pdf",
        "https://www.wearmyspex.com/uploaded_files/userfiles/files/minecraft-pocket-edition-apk-free-download_GM479516143.pdf",
        "https://www.wearmyspex.com/uploaded_files/userfiles/files/free-spins-on-coin-masters_GM406889139.pdf",
        "https://www.wearmyspex.com/uploaded_files/userfiles/files/coin-master-apk-hack_GM406889139.pdf",
        "https://www.wearmyspex.com/uploaded_files/userfiles/files/roblox-website-robux_GM431946152.pdf",
        "https://www.wearmyspex.com/uploaded_files/userfiles/files/how-to-buy-robux-for-free_GM431946152.pdf",
        "https://www.wearmyspex.com/uploaded_files/userfiles/files/how-to-use-scripts-in-roblox-hack_GM431946152.pdf",
        "https://www.wearmyspex.com/uploaded_files/userfiles/files/free-hacks-for-coin-master_GM406889139.pdf",
        "https://www.wearmyspex.com/uploaded_files/userfiles/files/coin-master-hack-app-ios_GM406889139.pdf",
        "https://www.wearmyspex.com/uploaded_files/userfiles/files/free-robux-no-verification-needed_GM431946152.pdf"
    ],
    "regex_uris": [
        "https://netcdn.xyz/app/406889139/coin-master-free-500-spins-link-game-hack",
        "https://netcdn.xyz/app/406889139/coin-master-free-500-spins-link-game-hack",
        "https://www.wearmyspex.com/uploaded_files/userfiles/files/how-to-get-free-robux-on-roblox_GM431946152.pdf",
        "https://www.wearmyspex.com/uploaded_files/userfiles/files/best-coin-master-hack_GM406889139.pdf",
        "https://www.wearmyspex.com/uploaded_files/userfiles/files/coin-master-hack-no-verification-no-signup_GM406889139.pdf",
        "https://www.wearmyspex.com/uploaded_files/userfiles/files/coin-master-free-spin-reward-links_GM406889139.pdf",
        "https://www.wearmyspex.com/uploaded_files/userfiles/files/how-to-get-free-robux-in-2021_GM431946152.pdf",
        "https://www.wearmyspex.com/uploaded_files/userfiles/files/roblox-hack-2021_GM431946152.pdf",
        "https://www.wearmyspex.com/uploaded_files/userfiles/files/free-robux-generator-no-human-verification-2021_GM431946152.pdf",
        "https://www.wearmyspex.com/uploaded_files/userfiles/files/coin-master-heaven-free-daily-spins_GM406889139.pdf",
        "https://www.wearmyspex.com/uploaded_files/userfiles/files/free-robux-generator-2021_GM431946152.pdf",
        "https://www.wearmyspex.com/uploaded_files/userfiles/files/no-scam-free-robux_GM431946152.pdf",
        "https://www.wearmyspex.com/uploaded_files/userfiles/files/coin-master-free-cards-2021_GM406889139.pdf",
        "https://www.wearmyspex.com/uploaded_files/userfiles/files/minecraft-pocket-edition-apk-free-download_GM479516143.pdf",
        "https://www.wearmyspex.com/uploaded_files/userfiles/files/free-spins-on-coin-masters_GM406889139.pdf",
        "https://www.wearmyspex.com/uploaded_files/userfiles/files/coin-master-apk-hack_GM406889139.pdf",
        "https://www.wearmyspex.com/uploaded_files/userfiles/files/roblox-website-robux_GM431946152.pdf",
        "https://www.wearmyspex.com/uploaded_files/userfiles/files/how-to-buy-robux-for-free_GM431946152.pdf",
        "https://www.wearmyspex.com/uploaded_files/userfiles/files/how-to-use-scripts-in-roblox-hack_GM431946152.pdf",
        "https://www.wearmyspex.com/uploaded_files/userfiles/files/free-hacks-for-coin-master_GM406889139.pdf",
        "https://www.wearmyspex.com/uploaded_files/userfiles/files/coin-master-hack-app-ios_GM406889139.pdf",
        "https://www.wearmyspex.com/uploaded_files/userfiles/files/free-robux-no-verification-needed_GM431946152.pdf"
    ],
    "regex_urls": [
        "https",
        "https",
        "https",
        "www.wearmyspex.com/uploaded_files/userfiles/files/how-to-get-free-robux-on-roblox_GM431946152.pdf",
        "https",
        "www.wearmyspex.com/uploaded_files/userfiles/files/best-coin-master-hack_GM406889139.pdf",
        "https",
        "www.wearmyspex.com/uploaded_files/userfiles/files/coin-master-hack-no-verification-no-signup_GM406889139.pdf",
        "https",
        "www.wearmyspex.com/uploaded_files/userfiles/files/coin-master-free-spin-reward-links_GM406889139.pdf",
        "https",
        "www.wearmyspex.com/uploaded_files/userfiles/files/how-to-get-free-robux-in-2021_GM431946152.pdf",
        "https",
        "www.wearmyspex.com/uploaded_files/userfiles/files/roblox-hack-2021_GM431946152.pdf",
        "https",
        "www.wearmyspex.com/uploaded_files/userfiles/files/free-robux-generator-no-human-verification-2021_GM431946152.pdf",
        "https",
        "www.wearmyspex.com/uploaded_files/userfiles/files/coin-master-heaven-free-daily-spins_GM406889139.pdf",
        "https",
        "www.wearmyspex.com/uploaded_files/userfiles/files/free-robux-generator-2021_GM431946152.pdf",
        "https",
        "www.wearmyspex.com/uploaded_files/userfiles/files/no-scam-free-robux_GM431946152.pdf",
        "https",
        "www.wearmyspex.com/uploaded_files/userfiles/files/coin-master-free-cards-2021_GM406889139.pdf",
        "https",
        "www.wearmyspex.com/uploaded_files/userfiles/files/minecraft-pocket-edition-apk-free-download_GM479516143.pdf",
        "https",
        "www.wearmyspex.com/uploaded_files/userfiles/files/free-spins-on-coin-masters_GM406889139.pdf",
        "https",
        "www.wearmyspex.com/uploaded_files/userfiles/files/coin-master-apk-hack_GM406889139.pdf",
        "https",
        "www.wearmyspex.com/uploaded_files/userfiles/files/roblox-website-robux_GM431946152.pdf",
        "https",
        "www.wearmyspex.com/uploaded_files/userfiles/files/how-to-buy-robux-for-free_GM431946152.pdf",
        "https",
        "www.wearmyspex.com/uploaded_files/userfiles/files/how-to-use-scripts-in-roblox-hack_GM431946152.pdf",
        "https",
        "www.wearmyspex.com/uploaded_files/userfiles/files/free-hacks-for-coin-master_GM406889139.pdf",
        "https",
        "www.wearmyspex.com/uploaded_files/userfiles/files/coin-master-hack-app-ios_GM406889139.pdf",
        "https",
        "www.wearmyspex.com/uploaded_files/userfiles/files/free-robux-no-verification-needed_GM431946152.pdf"
    ],
    "scripts": {
        "iframe": [],
        "urls": []
    },
    "static_properties": {
        "JBIG2Decode": "0",
        "XML_forms": "0",
        "acro_form": "0",
        "auto_action": "0",
        "colors": "0",
        "cross_reference_table": "1",
        "embedded_files": "0",
        "file_size": "44",
        "java_script": "0",
        "js": "0",
        "launch_action": "0",
        "object_end": "60",
        "object_start": "60",
        "object_streams": "0",
        "open_action": "0",
        "page_count": "3",
        "rich_media": "0",
        "start_cross_reference_table": "1",
        "stream_end": "7",
        "stream_start": "7",
        "trailer_dictionary": "1"
    },
    "yara_signatures": [
        "without_attachments",
        "without_images",
        "with_urls",
        "invalid_trailer_structure",
        "contentis_base64"
    ]
}