{
    "exif_signatures": {},
    "file_size": 89535,
    "pdfid_signatures": {},
    "pypdf_uris": [
        "http://getpdf.pw/book?res=123&isbn=9781367551541&kwd=Will%20Smith%20Easy%20Crossword%20Puzzle%20For%20Wednesday%20-%20Volume%203",
        "http://getpdf.pw/book?res=123&isbn=9781367551541&kwd=Will%20Smith%20Easy%20Crossword%20Puzzle%20For%20Wednesday%20-%20Volume%203",
        "https://static.s123-cdn-static.com/uploads/4659505/normal_61ad2afb69799.pdf",
        "https://files8.webydo.com/9588814/UploadedFiles/14ECE922-E4B1-8CF9-AC80-6987C3D1A4F1.pdf"
    ],
    "regex_uris": [
        "http://getpdf.pw/book?res=123&isbn=9781367551541&kwd=Will%20Smith%20Easy%20Crossword%20Puzzle%20For%20Wednesday%20-%20Volume%203",
        "http://getpdf.pw/book?res=123&isbn=9781367551541&kwd=Will%20Smith%20Easy%20Crossword%20Puzzle%20For%20Wednesday%20-%20Volume%203",
        "https://static.s123-cdn-static.com/uploads/4659505/normal_61ad2afb69799.pdf",
        "https://files8.webydo.com/9588814/UploadedFiles/14ECE922-E4B1-8CF9-AC80-6987C3D1A4F1.pdf"
    ],
    "regex_urls": [
        "http://getpdf.pw/book?res=123",
        "http://getpdf.pw/book?res=123",
        "https",
        "https"
    ],
    "scripts": {
        "iframe": [],
        "urls": []
    },
    "static_properties": {
        "JBIG2Decode": "0",
        "XML_forms": "0",
        "acro_form": "0",
        "auto_action": "0",
        "colors": "0",
        "cross_reference_table": "1",
        "embedded_files": "0",
        "file_size": "90",
        "java_script": "0",
        "js": "0",
        "launch_action": "0",
        "object_end": "59",
        "object_start": "59",
        "object_streams": "0",
        "open_action": "0",
        "page_count": "4",
        "rich_media": "0",
        "start_cross_reference_table": "1",
        "stream_end": "11",
        "stream_start": "11",
        "trailer_dictionary": "1"
    },
    "yara_signatures": [
        "without_attachments",
        "without_images",
        "with_urls",
        "invalid_trailer_structure",
        "contentis_base64"
    ]
}