{
    "exif_signatures": {},
    "file_size": 39714,
    "pdfid_signatures": {},
    "pypdf_uris": [
        "http://netcdn.co/app/431946152/gameblox-free-robux-game-hack",
        "http://netcdn.co/app/431946152/gameblox-free-robux-game-hack",
        "https://elearning.mtsn1lahat.sch.id/__statics/gudangsoal/files/attack-on-titan-downfall-roblox-hack_GM431946152.pdf",
        "https://elearning.mtsn1lahat.sch.id/__statics/gudangsoal/files/coin-master-100-free-spins-link_GM406889139.pdf",
        "https://elearning.mtsn1lahat.sch.id/__statics/gudangsoal/files/can-you-give-me-free-robux_GM431946152.pdf",
        "https://elearning.mtsn1lahat.sch.id/__statics/gudangsoal/files/best-script-for-slx-hack-roblox_GM431946152.pdf",
        "https://elearning.mtsn1lahat.sch.id/__statics/gudangsoal/files/free-coin-and-spin-in-coin-master_GM406889139.pdf",
        "https://elearning.mtsn1lahat.sch.id/__statics/gudangsoal/files/free-spin-coin-master-2021_GM406889139.pdf",
        "https://elearning.mtsn1lahat.sch.id/__statics/gudangsoal/files/how-to-play-minecraft-with-friends-for-free_GM479516143.pdf",
        "https://elearning.mtsn1lahat.sch.id/__statics/gudangsoal/files/free-coin-master-coins-and-spins_GM406889139.pdf",
        "https://elearning.mtsn1lahat.sch.id/__statics/gudangsoal/files/free-robux-no-verification-2021-android_GM431946152.pdf",
        "https://elearning.mtsn1lahat.sch.id/__statics/gudangsoal/files/free-spin-coin-master-2021-link_GM406889139.pdf",
        "https://elearning.mtsn1lahat.sch.id/__statics/gudangsoal/files/free-robux-codes-not-used_GM431946152.pdf",
        "https://elearning.mtsn1lahat.sch.id/__statics/gudangsoal/files/blogger-coin-master-free-spins_GM406889139.pdf",
        "https://elearning.mtsn1lahat.sch.id/__statics/gudangsoal/files/free-robux-hacks-no-verification_GM431946152.pdf",
        "https://elearning.mtsn1lahat.sch.id/__statics/gudangsoal/files/how-to-hack-roblox-accounts-2021-september_GM431946152.pdf",
        "https://elearning.mtsn1lahat.sch.id/__statics/gudangsoal/files/google-how-do-you-get-free-robux_GM431946152.pdf",
        "https://elearning.mtsn1lahat.sch.id/__statics/gudangsoal/files/free-robux-generator-without-human-verification_GM431946152.pdf",
        "https://elearning.mtsn1lahat.sch.id/__statics/gudangsoal/files/free-coin-and-spin-for-coin-master_GM406889139.pdf",
        "https://elearning.mtsn1lahat.sch.id/__statics/gudangsoal/files/how-to-get-a-free-dominus-in-roblox_GM431946152.pdf",
        "https://elearning.mtsn1lahat.sch.id/__statics/gudangsoal/files/coin-master-free-spins-reddit_GM406889139.pdf",
        "https://elearning.mtsn1lahat.sch.id/__statics/gudangsoal/files/how-to-buy-something-for-robux-on-catalog-for-free_GM431946152.pdf"
    ],
    "regex_uris": [
        "http://netcdn.co/app/431946152/gameblox-free-robux-game-hack",
        "http://netcdn.co/app/431946152/gameblox-free-robux-game-hack",
        "https://elearning.mtsn1lahat.sch.id/__statics/gudangsoal/files/attack-on-titan-downfall-roblox-hack_GM431946152.pdf",
        "https://elearning.mtsn1lahat.sch.id/__statics/gudangsoal/files/coin-master-100-free-spins-link_GM406889139.pdf",
        "https://elearning.mtsn1lahat.sch.id/__statics/gudangsoal/files/can-you-give-me-free-robux_GM431946152.pdf",
        "https://elearning.mtsn1lahat.sch.id/__statics/gudangsoal/files/best-script-for-slx-hack-roblox_GM431946152.pdf",
        "https://elearning.mtsn1lahat.sch.id/__statics/gudangsoal/files/free-coin-and-spin-in-coin-master_GM406889139.pdf",
        "https://elearning.mtsn1lahat.sch.id/__statics/gudangsoal/files/free-spin-coin-master-2021_GM406889139.pdf",
        "https://elearning.mtsn1lahat.sch.id/__statics/gudangsoal/files/how-to-play-minecraft-with-friends-for-free_GM479516143.pdf",
        "https://elearning.mtsn1lahat.sch.id/__statics/gudangsoal/files/free-coin-master-coins-and-spins_GM406889139.pdf",
        "https://elearning.mtsn1lahat.sch.id/__statics/gudangsoal/files/free-robux-no-verification-2021-android_GM431946152.pdf",
        "https://elearning.mtsn1lahat.sch.id/__statics/gudangsoal/files/free-spin-coin-master-2021-link_GM406889139.pdf",
        "https://elearning.mtsn1lahat.sch.id/__statics/gudangsoal/files/free-robux-codes-not-used_GM431946152.pdf",
        "https://elearning.mtsn1lahat.sch.id/__statics/gudangsoal/files/blogger-coin-master-free-spins_GM406889139.pdf",
        "https://elearning.mtsn1lahat.sch.id/__statics/gudangsoal/files/free-robux-hacks-no-verification_GM431946152.pdf",
        "https://elearning.mtsn1lahat.sch.id/__statics/gudangsoal/files/how-to-hack-roblox-accounts-2021-september_GM431946152.pdf",
        "https://elearning.mtsn1lahat.sch.id/__statics/gudangsoal/files/google-how-do-you-get-free-robux_GM431946152.pdf",
        "https://elearning.mtsn1lahat.sch.id/__statics/gudangsoal/files/free-robux-generator-without-human-verification_GM431946152.pdf",
        "https://elearning.mtsn1lahat.sch.id/__statics/gudangsoal/files/free-coin-and-spin-for-coin-master_GM406889139.pdf",
        "https://elearning.mtsn1lahat.sch.id/__statics/gudangsoal/files/how-to-get-a-free-dominus-in-roblox_GM431946152.pdf",
        "https://elearning.mtsn1lahat.sch.id/__statics/gudangsoal/files/coin-master-free-spins-reddit_GM406889139.pdf",
        "https://elearning.mtsn1lahat.sch.id/__statics/gudangsoal/files/how-to-buy-something-for-robux-on-catalog-for-free_GM431946152.pdf"
    ],
    "regex_urls": [
        "http://netcdn.co/app/431946152/gameblox-free-robux-game-hack",
        "http://netcdn.co/app/431946152/gameblox-free-robux-game-hack",
        "https",
        "https",
        "https",
        "https",
        "https",
        "https",
        "https",
        "https",
        "https",
        "https",
        "https",
        "https",
        "https",
        "https",
        "https",
        "https",
        "https",
        "https",
        "https",
        "https"
    ],
    "scripts": {
        "iframe": [],
        "urls": []
    },
    "static_properties": {
        "JBIG2Decode": "0",
        "XML_forms": "0",
        "acro_form": "0",
        "auto_action": "0",
        "colors": "0",
        "cross_reference_table": "1",
        "embedded_files": "0",
        "file_size": "40",
        "java_script": "0",
        "js": "0",
        "launch_action": "0",
        "object_end": "55",
        "object_start": "55",
        "object_streams": "0",
        "open_action": "0",
        "page_count": "2",
        "rich_media": "0",
        "start_cross_reference_table": "1",
        "stream_end": "6",
        "stream_start": "6",
        "trailer_dictionary": "1"
    },
    "yara_signatures": [
        "without_attachments",
        "without_images",
        "with_urls",
        "invalid_trailer_structure",
        "contentis_base64"
    ]
}