{
    "exif_signatures": {},
    "file_size": 144270,
    "pdfid_signatures": {},
    "pypdf_uris": [
        "http://getpdf.pw/book?res=123&isbn=9781622750337&kwd=The%20Britannica%20Guide%20to%20Explorers%20and%20Adventurers,%205%20Vol.%20Set",
        "http://getpdf.pw/book?res=123&isbn=9781622750337&kwd=The%20Britannica%20Guide%20to%20Explorers%20and%20Adventurers,%205%20Vol.%20Set",
        "https://files8.webydo.com/9589139/UploadedFiles/67611041-A55B-66FC-DA31-FD0F2C1E83E6.pdf",
        "https://img1.wsimg.com/blobby/go/a785e5c6-e6a8-4c60-a988-51383f9bab41/preserve-protect-and-defend-a-practical-guide-.pdf",
        "https://static.s123-cdn-static-a.com/uploads/4659983/normal_61afe99f09d0e.pdf"
    ],
    "regex_uris": [
        "http://getpdf.pw/book?res=123&isbn=9781622750337&kwd=The%20Britannica%20Guide%20to%20Explorers%20and%20Adventurers,%205%20Vol.%20Set",
        "http://getpdf.pw/book?res=123&isbn=9781622750337&kwd=The%20Britannica%20Guide%20to%20Explorers%20and%20Adventurers,%205%20Vol.%20Set",
        "https://files8.webydo.com/9589139/UploadedFiles/67611041-A55B-66FC-DA31-FD0F2C1E83E6.pdf",
        "https://img1.wsimg.com/blobby/go/a785e5c6-e6a8-4c60-a988-51383f9bab41/preserve-protect-and-defend-a-practical-guide-.pdf",
        "https://static.s123-cdn-static-a.com/uploads/4659983/normal_61afe99f09d0e.pdf"
    ],
    "regex_urls": [
        "http://getpdf.pw/book?res=123",
        "http://getpdf.pw/book?res=123",
        "https",
        "https",
        "https"
    ],
    "scripts": {
        "iframe": [],
        "urls": []
    },
    "static_properties": {
        "JBIG2Decode": "0",
        "XML_forms": "0",
        "acro_form": "0",
        "auto_action": "0",
        "colors": "0",
        "cross_reference_table": "1",
        "embedded_files": "0",
        "file_size": "144",
        "java_script": "0",
        "js": "0",
        "launch_action": "0",
        "object_end": "95",
        "object_start": "95",
        "object_streams": "0",
        "open_action": "0",
        "page_count": "11",
        "rich_media": "0",
        "start_cross_reference_table": "1",
        "stream_end": "18",
        "stream_start": "18",
        "trailer_dictionary": "1"
    },
    "yara_signatures": [
        "without_attachments",
        "without_images",
        "with_urls",
        "invalid_trailer_structure",
        "contentis_base64"
    ]
}