{
    "exif_signatures": {},
    "file_size": 49838,
    "pdfid_signatures": {},
    "pypdf_uris": [
        "https://netcdn.tw/app/431946152/getbucks-free-com-roblox-game-hack",
        "https://netcdn.tw/app/431946152/getbucks-free-com-roblox-game-hack",
        "https://wandpiraten.de/images/chisel-and-bits-mod-pe_GM479516143.pdf",
        "https://wandpiraten.de/images/coin-master-hack-version-apk-download_GM406889139.pdf",
        "https://wandpiraten.de/images/coin-master-hack-game-download_GM406889139.pdf",
        "https://wandpiraten.de/images/hack-coin-master-app-ios_GM406889139.pdf",
        "https://wandpiraten.de/images/roblox-free-robux-hack_GM431946152.pdf",
        "https://wandpiraten.de/images/hack-coin-master-iphone_GM406889139.pdf",
        "https://wandpiraten.de/images/inappropriate-roblox-games-2021_GM431946152.pdf",
        "https://wandpiraten.de/images/daily-free-spin-link-for-coin-master_GM406889139.pdf",
        "https://wandpiraten.de/images/free-game-packs-for-coin-master_GM406889139.pdf",
        "https://wandpiraten.de/images/where-to-get-robux_GM431946152.pdf",
        "https://wandpiraten.de/images/how-to-get-minecraft-for-free-on-your-phone_GM479516143.pdf",
        "https://wandpiraten.de/images/roblox-online-game-free-no-download_GM431946152.pdf",
        "https://wandpiraten.de/images/free-spins-coin-master_GM406889139.pdf",
        "https://wandpiraten.de/images/free-roblox-accounts-2021_GM431946152.pdf",
        "https://wandpiraten.de/images/roblox-jailbreak-hack-download_GM431946152.pdf",
        "https://wandpiraten.de/images/coin-master-daily-free-coins-link-today_GM406889139.pdf",
        "https://wandpiraten.de/images/free-coin-master-gifts_GM406889139.pdf",
        "https://wandpiraten.de/images/boku-no-roblox-hack_GM431946152.pdf",
        "https://wandpiraten.de/images/roblox-how-to-hack-in-your-game-hack-gui_GM431946152.pdf",
        "https://wandpiraten.de/images/free-links-for-coin-master_GM406889139.pdf"
    ],
    "regex_uris": [
        "https://netcdn.tw/app/431946152/getbucks-free-com-roblox-game-hack",
        "https://netcdn.tw/app/431946152/getbucks-free-com-roblox-game-hack",
        "https://wandpiraten.de/images/chisel-and-bits-mod-pe_GM479516143.pdf",
        "https://wandpiraten.de/images/coin-master-hack-version-apk-download_GM406889139.pdf",
        "https://wandpiraten.de/images/coin-master-hack-game-download_GM406889139.pdf",
        "https://wandpiraten.de/images/hack-coin-master-app-ios_GM406889139.pdf",
        "https://wandpiraten.de/images/roblox-free-robux-hack_GM431946152.pdf",
        "https://wandpiraten.de/images/hack-coin-master-iphone_GM406889139.pdf",
        "https://wandpiraten.de/images/inappropriate-roblox-games-2021_GM431946152.pdf",
        "https://wandpiraten.de/images/daily-free-spin-link-for-coin-master_GM406889139.pdf",
        "https://wandpiraten.de/images/free-game-packs-for-coin-master_GM406889139.pdf",
        "https://wandpiraten.de/images/where-to-get-robux_GM431946152.pdf",
        "https://wandpiraten.de/images/how-to-get-minecraft-for-free-on-your-phone_GM479516143.pdf",
        "https://wandpiraten.de/images/roblox-online-game-free-no-download_GM431946152.pdf",
        "https://wandpiraten.de/images/free-spins-coin-master_GM406889139.pdf",
        "https://wandpiraten.de/images/free-roblox-accounts-2021_GM431946152.pdf",
        "https://wandpiraten.de/images/roblox-jailbreak-hack-download_GM431946152.pdf",
        "https://wandpiraten.de/images/coin-master-daily-free-coins-link-today_GM406889139.pdf",
        "https://wandpiraten.de/images/free-coin-master-gifts_GM406889139.pdf",
        "https://wandpiraten.de/images/boku-no-roblox-hack_GM431946152.pdf",
        "https://wandpiraten.de/images/roblox-how-to-hack-in-your-game-hack-gui_GM431946152.pdf",
        "https://wandpiraten.de/images/free-links-for-coin-master_GM406889139.pdf"
    ],
    "regex_urls": [
        "https",
        "https",
        "https",
        "https",
        "https",
        "https",
        "https",
        "https",
        "https",
        "https",
        "https",
        "https",
        "https",
        "https",
        "https",
        "https",
        "https",
        "https",
        "https",
        "https",
        "https",
        "https"
    ],
    "scripts": {
        "iframe": [],
        "urls": []
    },
    "static_properties": {
        "JBIG2Decode": "0",
        "XML_forms": "0",
        "acro_form": "0",
        "auto_action": "0",
        "colors": "0",
        "cross_reference_table": "1",
        "embedded_files": "0",
        "file_size": "50",
        "java_script": "0",
        "js": "0",
        "launch_action": "0",
        "object_end": "71",
        "object_start": "71",
        "object_streams": "0",
        "open_action": "0",
        "page_count": "4",
        "rich_media": "0",
        "start_cross_reference_table": "1",
        "stream_end": "10",
        "stream_start": "10",
        "trailer_dictionary": "1"
    },
    "yara_signatures": [
        "without_attachments",
        "without_images",
        "with_urls",
        "invalid_trailer_structure",
        "contentis_base64"
    ]
}