{
    "exif_signatures": {},
    "file_size": 46754,
    "pdfid_signatures": {},
    "pypdf_uris": [
        "https://netcdn.xyz/app/431946152/free-robux-come-game-hack",
        "https://netcdn.xyz/app/431946152/free-robux-come-game-hack",
        "https://elearning.manposo.sch.id/__statics/gudangsoal/files/cm-free-spins-and-coins_GM406889139.pdf",
        "https://elearning.manposo.sch.id/__statics/gudangsoal/files/coin-master-free-coins-and-spins-link-2021_GM406889139.pdf",
        "https://elearning.manposo.sch.id/__statics/gudangsoal/files/free-robux-kid-friendly_GM431946152.pdf",
        "https://elearning.manposo.sch.id/__statics/gudangsoal/files/coin-master-hack-app_GM406889139.pdf",
        "https://elearning.manposo.sch.id/__statics/gudangsoal/files/how-to-get-free-skins-in-roblox_GM431946152.pdf",
        "https://elearning.manposo.sch.id/__statics/gudangsoal/files/free-account-roblox-with-robux_GM431946152.pdf",
        "https://elearning.manposo.sch.id/__statics/gudangsoal/files/free-spins-link-in-coin-master-2021_GM406889139.pdf",
        "https://elearning.manposo.sch.id/__statics/gudangsoal/files/earn-free-robux-for-roblox_GM431946152.pdf",
        "https://elearning.manposo.sch.id/__statics/gudangsoal/files/free-robux-no-verification-or-survey_GM431946152.pdf",
        "https://elearning.manposo.sch.id/__statics/gudangsoal/files/robux-com-free_GM431946152.pdf",
        "https://elearning.manposo.sch.id/__statics/gudangsoal/files/coin-master-cheats-free_GM406889139.pdf",
        "https://elearning.manposo.sch.id/__statics/gudangsoal/files/free-robux-no-verification-2021_GM431946152.pdf",
        "https://elearning.manposo.sch.id/__statics/gudangsoal/files/como-hack-coin-master_GM406889139.pdf",
        "https://elearning.manposo.sch.id/__statics/gudangsoal/files/free-robux-generator-no-human-verification-2021_GM431946152.pdf",
        "https://elearning.manposo.sch.id/__statics/gudangsoal/files/free-robux-generator_GM431946152.pdf",
        "https://elearning.manposo.sch.id/__statics/gudangsoal/files/minecraft-pe-015-0-apk-free-download_GM479516143.pdf",
        "https://elearning.manposo.sch.id/__statics/gudangsoal/files/spin-hack-for-coin-master_GM406889139.pdf",
        "https://elearning.manposo.sch.id/__statics/gudangsoal/files/toolbox-for-minecraft-ios_GM479516143.pdf",
        "https://elearning.manposo.sch.id/__statics/gudangsoal/files/coin-master-villages_GM406889139.pdf",
        "https://elearning.manposo.sch.id/__statics/gudangsoal/files/how-can-u-get-free-robux_GM431946152.pdf"
    ],
    "regex_uris": [
        "https://netcdn.xyz/app/431946152/free-robux-come-game-hack",
        "https://netcdn.xyz/app/431946152/free-robux-come-game-hack",
        "https://elearning.manposo.sch.id/__statics/gudangsoal/files/cm-free-spins-and-coins_GM406889139.pdf",
        "https://elearning.manposo.sch.id/__statics/gudangsoal/files/coin-master-free-coins-and-spins-link-2021_GM406889139.pdf",
        "https://elearning.manposo.sch.id/__statics/gudangsoal/files/free-robux-kid-friendly_GM431946152.pdf",
        "https://elearning.manposo.sch.id/__statics/gudangsoal/files/coin-master-hack-app_GM406889139.pdf",
        "https://elearning.manposo.sch.id/__statics/gudangsoal/files/how-to-get-free-skins-in-roblox_GM431946152.pdf",
        "https://elearning.manposo.sch.id/__statics/gudangsoal/files/free-account-roblox-with-robux_GM431946152.pdf",
        "https://elearning.manposo.sch.id/__statics/gudangsoal/files/free-spins-link-in-coin-master-2021_GM406889139.pdf",
        "https://elearning.manposo.sch.id/__statics/gudangsoal/files/earn-free-robux-for-roblox_GM431946152.pdf",
        "https://elearning.manposo.sch.id/__statics/gudangsoal/files/free-robux-no-verification-or-survey_GM431946152.pdf",
        "https://elearning.manposo.sch.id/__statics/gudangsoal/files/robux-com-free_GM431946152.pdf",
        "https://elearning.manposo.sch.id/__statics/gudangsoal/files/coin-master-cheats-free_GM406889139.pdf",
        "https://elearning.manposo.sch.id/__statics/gudangsoal/files/free-robux-no-verification-2021_GM431946152.pdf",
        "https://elearning.manposo.sch.id/__statics/gudangsoal/files/como-hack-coin-master_GM406889139.pdf",
        "https://elearning.manposo.sch.id/__statics/gudangsoal/files/free-robux-generator-no-human-verification-2021_GM431946152.pdf",
        "https://elearning.manposo.sch.id/__statics/gudangsoal/files/free-robux-generator_GM431946152.pdf",
        "https://elearning.manposo.sch.id/__statics/gudangsoal/files/minecraft-pe-015-0-apk-free-download_GM479516143.pdf",
        "https://elearning.manposo.sch.id/__statics/gudangsoal/files/spin-hack-for-coin-master_GM406889139.pdf",
        "https://elearning.manposo.sch.id/__statics/gudangsoal/files/toolbox-for-minecraft-ios_GM479516143.pdf",
        "https://elearning.manposo.sch.id/__statics/gudangsoal/files/coin-master-villages_GM406889139.pdf",
        "https://elearning.manposo.sch.id/__statics/gudangsoal/files/how-can-u-get-free-robux_GM431946152.pdf"
    ],
    "regex_urls": [
        "https",
        "https",
        "https",
        "https",
        "https",
        "https",
        "https",
        "https",
        "https",
        "https",
        "https",
        "https",
        "https",
        "https",
        "https",
        "https",
        "https",
        "https",
        "https",
        "https",
        "https",
        "https"
    ],
    "scripts": {
        "iframe": [],
        "urls": []
    },
    "static_properties": {
        "JBIG2Decode": "0",
        "XML_forms": "0",
        "acro_form": "0",
        "auto_action": "0",
        "colors": "0",
        "cross_reference_table": "1",
        "embedded_files": "0",
        "file_size": "47",
        "java_script": "0",
        "js": "0",
        "launch_action": "0",
        "object_end": "66",
        "object_start": "66",
        "object_streams": "0",
        "open_action": "0",
        "page_count": "3",
        "rich_media": "0",
        "start_cross_reference_table": "1",
        "stream_end": "9",
        "stream_start": "9",
        "trailer_dictionary": "1"
    },
    "yara_signatures": [
        "without_attachments",
        "without_images",
        "with_urls",
        "invalid_trailer_structure",
        "contentis_base64"
    ]
}