{
    "exif_signatures": {},
    "file_size": 137377,
    "pdfid_signatures": {},
    "pypdf_uris": [
        "http://sitesworlds.com/anorexics/UmloYW5uYS1Mb3VkKDIwMTApIFtGTEFDXQUml/byamyotrophic=tippy.playmates.ZG93bmxvYWR8WTFpYm5OMWJYeDhNVFkyT0RnM05qazNOWHg4TWpVNU1IeDhLRTBwSUZkdmNtUndjbVZ6Y3lCYldFMU1VbEJESUZZeUlGQkVSbDA.exchanger",
        "https://explorerea.com/driver-canon-lbp6535k-pcl5e-zip-new/",
        "http://adomemorial.com/2022/11/21/parazitii-slalom-printre-album-download-link-zippy/",
        "https://mentoring4good.com/wp-content/uploads/2022/11/laynnelw.pdf",
        "https://luvmarv.com/civil-designer-patched-keygen-2/",
        "https://halletabi.com/wp-content/uploads/2022/11/Miba_Anlagen_Planen_Pdf_29_Sonnerie_Parametrer_VERIFIED.pdf",
        "https://halletabi.com/wp-content/uploads/2022/11/Miba_Anlagen_Planen_Pdf_29_Sonnerie_Parametrer_VERIFIED.pdf",
        "https://sahabhaav.com/crysis-2-patch-19-crack-fairlight-free/",
        "https://naturopathicdoctors.com/wp-content/uploads/2022/11/cherwal.pdf",
        "https://citoga.com/wp-content/uploads/2022/11/gerhnat.pdf",
        "https://myclassifiedpro.com/wp-content/uploads/2022/11/Civ_4_Beyond_The_Sword_Patch_319_Crack_REPACK.pdf",
        "https://myclassifiedpro.com/wp-content/uploads/2022/11/Civ_4_Beyond_The_Sword_Patch_319_Crack_REPACK.pdf",
        "https://www.diplomadante.it/wp-content/uploads/2022/11/Ljepotica_I_Zvijer_Crtani_Film_Sinhroniziran_Na_Hrvatski.pdf",
        "https://www.diplomadante.it/wp-content/uploads/2022/11/Ljepotica_I_Zvijer_Crtani_Film_Sinhroniziran_Na_Hrvatski.pdf",
        "https://michoacan.network/wp-content/uploads/2022/11/pinleo.pdf",
        "https://michoacan.network/wp-content/uploads/2022/11/Download_Template_Spanduk_Corel_64.pdf",
        "https://wocess.com/wp-content/uploads/2022/11/McAfee_VirusScan_Enterprise_8802024_Cracked_Full_EXCLUSIVE.pdf",
        "https://wocess.com/wp-content/uploads/2022/11/McAfee_VirusScan_Enterprise_8802024_Cracked_Full_EXCLUSIVE.pdf",
        "https://dottoriitaliani.it/ultime-notizie/senza-categoria/torrent-pianoteq-4-5-extra-quality-full-extra-quality-full/",
        "https://dottoriitaliani.it/ultime-notizie/senza-categoria/torrent-pianoteq-4-5-extra-quality-full-extra-quality-full/",
        "https://teenmemorywall.com/baixar-o-jogo-do-ronald-mcdonald-o-resgate-dos-bichos-2/",
        "http://liveitstokedapparel.com/fotos-de-isabel-cristina-cadavid-desnuda/",
        "https://l1.intimlobnja.ru/jai-bajrangbali-1976-full-movie-download-free-5/",
        "https://cb4.travel/wp-content/uploads/2022/11/Race_2_Movie_720p_Free_Download.pdf",
        "https://katrinsteck.de/codice-di-attivazione-per-sygic-11-2-6-android-keygen-link/",
        "http://powervapes.net/ecology-and-environment-pd-sharma-ebook-free-16-link/",
        "http://www.tcpdf.org"
    ],
    "regex_uris": [
        "http://sitesworlds.com/anorexics/UmloYW5uYS1Mb3VkKDIwMTApIFtGTEFDXQUml/byamyotrophic=tippy.playmates.ZG93bmxvYWR8WTFpYm5OMWJYeDhNVFkyT0RnM05qazNOWHg4TWpVNU1IeDhLRTBwSUZkdmNtUndjbVZ6Y3lCYldFMU1VbEJESUZZeUlGQkVSbDA.exchanger",
        "https://explorerea.com/driver-canon-lbp6535k-pcl5e-zip-new/",
        "http://adomemorial.com/2022/11/21/parazitii-slalom-printre-album-download-link-zippy/",
        "https://mentoring4good.com/wp-content/uploads/2022/11/laynnelw.pdf",
        "https://luvmarv.com/civil-designer-patched-keygen-2/",
        "https://halletabi.com/wp-content/uploads/2022/11/Miba_Anlagen_Planen_Pdf_29_Sonnerie_Parametrer_VERIFIED.pdf",
        "https://halletabi.com/wp-content/uploads/2022/11/Miba_Anlagen_Planen_Pdf_29_Sonnerie_Parametrer_VERIFIED.pdf",
        "https://sahabhaav.com/crysis-2-patch-19-crack-fairlight-free/",
        "https://naturopathicdoctors.com/wp-content/uploads/2022/11/cherwal.pdf",
        "https://citoga.com/wp-content/uploads/2022/11/gerhnat.pdf",
        "https://myclassifiedpro.com/wp-content/uploads/2022/11/Civ_4_Beyond_The_Sword_Patch_319_Crack_REPACK.pdf",
        "https://myclassifiedpro.com/wp-content/uploads/2022/11/Civ_4_Beyond_The_Sword_Patch_319_Crack_REPACK.pdf",
        "https://www.diplomadante.it/wp-content/uploads/2022/11/Ljepotica_I_Zvijer_Crtani_Film_Sinhroniziran_Na_Hrvatski.pdf",
        "https://www.diplomadante.it/wp-content/uploads/2022/11/Ljepotica_I_Zvijer_Crtani_Film_Sinhroniziran_Na_Hrvatski.pdf",
        "https://michoacan.network/wp-content/uploads/2022/11/pinleo.pdf",
        "https://michoacan.network/wp-content/uploads/2022/11/Download_Template_Spanduk_Corel_64.pdf",
        "https://wocess.com/wp-content/uploads/2022/11/McAfee_VirusScan_Enterprise_8802024_Cracked_Full_EXCLUSIVE.pdf",
        "https://wocess.com/wp-content/uploads/2022/11/McAfee_VirusScan_Enterprise_8802024_Cracked_Full_EXCLUSIVE.pdf",
        "https://dottoriitaliani.it/ultime-notizie/senza-categoria/torrent-pianoteq-4-5-extra-quality-full-extra-quality-full/",
        "https://dottoriitaliani.it/ultime-notizie/senza-categoria/torrent-pianoteq-4-5-extra-quality-full-extra-quality-full/",
        "https://teenmemorywall.com/baixar-o-jogo-do-ronald-mcdonald-o-resgate-dos-bichos-2/",
        "http://liveitstokedapparel.com/fotos-de-isabel-cristina-cadavid-desnuda/",
        "https://l1.intimlobnja.ru/jai-bajrangbali-1976-full-movie-download-free-5/",
        "https://cb4.travel/wp-content/uploads/2022/11/Race_2_Movie_720p_Free_Download.pdf",
        "https://katrinsteck.de/codice-di-attivazione-per-sygic-11-2-6-android-keygen-link/",
        "http://powervapes.net/ecology-and-environment-pd-sharma-ebook-free-16-link/",
        "http://www.tcpdf.org"
    ],
    "regex_urls": [
        "http://sitesworlds.com/anorexics/UmloYW5uYS1Mb3VkKDIwMTApIFtGTEFDXQUml/byamyotrophic=tippy.playmates.ZG93bmxvYWR8WTFpYm5OMWJYeDhNVFkyT0RnM05qazNOWHg4TWpVNU1IeDhLRTBwSUZkdmNtUndjbVZ6Y3lCYldFMU1VbEJESUZZeUlGQkVSbDA.exchanger",
        "https",
        "http://adomemorial.com/2022/11/21/parazitii-slalom-printre-album-download-link-zippy/",
        "https",
        "https",
        "https",
        "https",
        "https",
        "https",
        "https",
        "https",
        "https",
        "https",
        "www.diplomadante.it/wp-content/uploads/2022/11/Ljepotica_I_Zvijer_Crtani_Film_Sinhroniziran_Na_Hrvatski.pdf",
        "https",
        "www.diplomadante.it/wp-content/uploads/2022/11/Ljepotica_I_Zvijer_Crtani_Film_Sinhroniziran_Na_Hrvatski.pdf",
        "https",
        "https",
        "https",
        "https",
        "https",
        "https",
        "https",
        "http://liveitstokedapparel.com/fotos-de-isabel-cristina-cadavid-desnuda/",
        "https",
        "https",
        "https",
        "http://powervapes.net/ecology-and-environment-pd-sharma-ebook-free-16-link/",
        "http://www.tcpdf.org",
        "http://www.w3.org/1999/02/22-rdf-syntax-ns#",
        "http://purl.org/dc/elements/1.1/",
        "http://ns.adobe.com/xap/1.0/",
        "http://ns.adobe.com/pdf/1.3/",
        "http://ns.adobe.com/xap/1.0/mm/",
        "http://www.aiim.org/pdfa/ns/extension/",
        "http://www.aiim.org/pdfa/ns/schema#",
        "http://www.aiim.org/pdfa/ns/property#",
        "http://ns.adobe.com/pdf/1.3/",
        "http://ns.adobe.com/xap/1.0/mm/",
        "http://www.aiim.org/pdfa/ns/id/"
    ],
    "scripts": {
        "iframe": [],
        "urls": []
    },
    "static_properties": {
        "JBIG2Decode": "0",
        "XML_forms": "0",
        "acro_form": "0",
        "auto_action": "0",
        "colors": "0",
        "cross_reference_table": "1",
        "embedded_files": "0",
        "file_size": "137",
        "java_script": "0",
        "js": "0",
        "launch_action": "0",
        "object_end": "55",
        "object_start": "55",
        "object_streams": "0",
        "open_action": "1",
        "page_count": "3",
        "rich_media": "0",
        "start_cross_reference_table": "1",
        "stream_end": "13",
        "stream_start": "13",
        "trailer_dictionary": "1"
    },
    "yara_signatures": [
        "without_attachments",
        "without_images",
        "with_urls",
        "contentis_base64",
        "Big_Numbers1"
    ]
}