{
    "exif_signatures": {},
    "file_size": 45689,
    "pdfid_signatures": {},
    "pypdf_uris": [
        "https://netcdn.xyz/app/431946152/free-robux-websites-no-human-verification-game-hack",
        "https://netcdn.xyz/app/431946152/free-robux-websites-no-human-verification-game-hack",
        "https://www.albrighteducationcentre.co.uk/admin/ckfinder/userfiles/files/coin-master-free-coin-hack_GM406889139.pdf",
        "https://www.albrighteducationcentre.co.uk/admin/ckfinder/userfiles/files/robux-generator-no-human-verification_GM431946152.pdf",
        "https://www.albrighteducationcentre.co.uk/admin/ckfinder/userfiles/files/coin-master-free-spins-link-download-today_GM406889139.pdf",
        "https://www.albrighteducationcentre.co.uk/admin/ckfinder/userfiles/files/free-roblox-accounts-with-robux-that-work-not-banned_GM431946152.pdf",
        "https://www.albrighteducationcentre.co.uk/admin/ckfinder/userfiles/files/how-to-get-free-clothing-on-roblox_GM431946152.pdf",
        "https://www.albrighteducationcentre.co.uk/admin/ckfinder/userfiles/files/hack-coin-pro-coin-master_GM406889139.pdf",
        "https://www.albrighteducationcentre.co.uk/admin/ckfinder/userfiles/files/how-to-actually-get-free-robux_GM431946152.pdf",
        "https://www.albrighteducationcentre.co.uk/admin/ckfinder/userfiles/files/coin-master-hack-pc-download_GM406889139.pdf",
        "https://www.albrighteducationcentre.co.uk/admin/ckfinder/userfiles/files/free-robux-no-human-verification-2021_GM431946152.pdf",
        "https://www.albrighteducationcentre.co.uk/admin/ckfinder/userfiles/files/free-robux-only-username_GM431946152.pdf",
        "https://www.albrighteducationcentre.co.uk/admin/ckfinder/userfiles/files/coin-master-links-2021_GM406889139.pdf",
        "https://www.albrighteducationcentre.co.uk/admin/ckfinder/userfiles/files/coin-master-card-hack-app_GM406889139.pdf",
        "https://www.albrighteducationcentre.co.uk/admin/ckfinder/userfiles/files/coin-master-free-coins-and-spins-online-tool_GM406889139.pdf",
        "https://www.albrighteducationcentre.co.uk/admin/ckfinder/userfiles/files/coin-master-daily-free-spin-and-coin-link_GM406889139.pdf",
        "https://www.albrighteducationcentre.co.uk/admin/ckfinder/userfiles/files/coin-master-hack-xyz-apk-download_GM406889139.pdf",
        "https://www.albrighteducationcentre.co.uk/admin/ckfinder/userfiles/files/100-free-spins-for-coin-master-2021_GM406889139.pdf",
        "https://www.albrighteducationcentre.co.uk/admin/ckfinder/userfiles/files/robux-hack-no-human-verification_GM431946152.pdf",
        "https://www.albrighteducationcentre.co.uk/admin/ckfinder/userfiles/files/coin-master-hack-apk-online_GM406889139.pdf",
        "https://www.albrighteducationcentre.co.uk/admin/ckfinder/userfiles/files/coin-master-unlimited-free-spins-link-2021_GM406889139.pdf",
        "https://www.albrighteducationcentre.co.uk/admin/ckfinder/userfiles/files/games-that-give-free-robux_GM431946152.pdf"
    ],
    "regex_uris": [
        "https://netcdn.xyz/app/431946152/free-robux-websites-no-human-verification-game-hack",
        "https://netcdn.xyz/app/431946152/free-robux-websites-no-human-verification-game-hack",
        "https://www.albrighteducationcentre.co.uk/admin/ckfinder/userfiles/files/coin-master-free-coin-hack_GM406889139.pdf",
        "https://www.albrighteducationcentre.co.uk/admin/ckfinder/userfiles/files/robux-generator-no-human-verification_GM431946152.pdf",
        "https://www.albrighteducationcentre.co.uk/admin/ckfinder/userfiles/files/coin-master-free-spins-link-download-today_GM406889139.pdf",
        "https://www.albrighteducationcentre.co.uk/admin/ckfinder/userfiles/files/free-roblox-accounts-with-robux-that-work-not-banned_GM431946152.pdf",
        "https://www.albrighteducationcentre.co.uk/admin/ckfinder/userfiles/files/how-to-get-free-clothing-on-roblox_GM431946152.pdf",
        "https://www.albrighteducationcentre.co.uk/admin/ckfinder/userfiles/files/hack-coin-pro-coin-master_GM406889139.pdf",
        "https://www.albrighteducationcentre.co.uk/admin/ckfinder/userfiles/files/how-to-actually-get-free-robux_GM431946152.pdf",
        "https://www.albrighteducationcentre.co.uk/admin/ckfinder/userfiles/files/coin-master-hack-pc-download_GM406889139.pdf",
        "https://www.albrighteducationcentre.co.uk/admin/ckfinder/userfiles/files/free-robux-no-human-verification-2021_GM431946152.pdf",
        "https://www.albrighteducationcentre.co.uk/admin/ckfinder/userfiles/files/free-robux-only-username_GM431946152.pdf",
        "https://www.albrighteducationcentre.co.uk/admin/ckfinder/userfiles/files/coin-master-links-2021_GM406889139.pdf",
        "https://www.albrighteducationcentre.co.uk/admin/ckfinder/userfiles/files/coin-master-card-hack-app_GM406889139.pdf",
        "https://www.albrighteducationcentre.co.uk/admin/ckfinder/userfiles/files/coin-master-free-coins-and-spins-online-tool_GM406889139.pdf",
        "https://www.albrighteducationcentre.co.uk/admin/ckfinder/userfiles/files/coin-master-daily-free-spin-and-coin-link_GM406889139.pdf",
        "https://www.albrighteducationcentre.co.uk/admin/ckfinder/userfiles/files/coin-master-hack-xyz-apk-download_GM406889139.pdf",
        "https://www.albrighteducationcentre.co.uk/admin/ckfinder/userfiles/files/100-free-spins-for-coin-master-2021_GM406889139.pdf",
        "https://www.albrighteducationcentre.co.uk/admin/ckfinder/userfiles/files/robux-hack-no-human-verification_GM431946152.pdf",
        "https://www.albrighteducationcentre.co.uk/admin/ckfinder/userfiles/files/coin-master-hack-apk-online_GM406889139.pdf",
        "https://www.albrighteducationcentre.co.uk/admin/ckfinder/userfiles/files/coin-master-unlimited-free-spins-link-2021_GM406889139.pdf",
        "https://www.albrighteducationcentre.co.uk/admin/ckfinder/userfiles/files/games-that-give-free-robux_GM431946152.pdf"
    ],
    "regex_urls": [
        "https",
        "https",
        "https",
        "www.albrighteducationcentre.co.uk/admin/ckfinder/userfiles/files/coin-master-free-coin-hack_GM406889139.pdf",
        "https",
        "www.albrighteducationcentre.co.uk/admin/ckfinder/userfiles/files/robux-generator-no-human-verification_GM431946152.pdf",
        "https",
        "www.albrighteducationcentre.co.uk/admin/ckfinder/userfiles/files/coin-master-free-spins-link-download-today_GM406889139.pdf",
        "https",
        "www.albrighteducationcentre.co.uk/admin/ckfinder/userfiles/files/free-roblox-accounts-with-robux-that-work-not-banned_GM431946152.pdf",
        "https",
        "www.albrighteducationcentre.co.uk/admin/ckfinder/userfiles/files/how-to-get-free-clothing-on-roblox_GM431946152.pdf",
        "https",
        "www.albrighteducationcentre.co.uk/admin/ckfinder/userfiles/files/hack-coin-pro-coin-master_GM406889139.pdf",
        "https",
        "www.albrighteducationcentre.co.uk/admin/ckfinder/userfiles/files/how-to-actually-get-free-robux_GM431946152.pdf",
        "https",
        "www.albrighteducationcentre.co.uk/admin/ckfinder/userfiles/files/coin-master-hack-pc-download_GM406889139.pdf",
        "https",
        "www.albrighteducationcentre.co.uk/admin/ckfinder/userfiles/files/free-robux-no-human-verification-2021_GM431946152.pdf",
        "https",
        "www.albrighteducationcentre.co.uk/admin/ckfinder/userfiles/files/free-robux-only-username_GM431946152.pdf",
        "https",
        "www.albrighteducationcentre.co.uk/admin/ckfinder/userfiles/files/coin-master-links-2021_GM406889139.pdf",
        "https",
        "www.albrighteducationcentre.co.uk/admin/ckfinder/userfiles/files/coin-master-card-hack-app_GM406889139.pdf",
        "https",
        "www.albrighteducationcentre.co.uk/admin/ckfinder/userfiles/files/coin-master-free-coins-and-spins-online-tool_GM406889139.pdf",
        "https",
        "www.albrighteducationcentre.co.uk/admin/ckfinder/userfiles/files/coin-master-daily-free-spin-and-coin-link_GM406889139.pdf",
        "https",
        "www.albrighteducationcentre.co.uk/admin/ckfinder/userfiles/files/coin-master-hack-xyz-apk-download_GM406889139.pdf",
        "https",
        "www.albrighteducationcentre.co.uk/admin/ckfinder/userfiles/files/100-free-spins-for-coin-master-2021_GM406889139.pdf",
        "https",
        "www.albrighteducationcentre.co.uk/admin/ckfinder/userfiles/files/robux-hack-no-human-verification_GM431946152.pdf",
        "https",
        "www.albrighteducationcentre.co.uk/admin/ckfinder/userfiles/files/coin-master-hack-apk-online_GM406889139.pdf",
        "https",
        "www.albrighteducationcentre.co.uk/admin/ckfinder/userfiles/files/coin-master-unlimited-free-spins-link-2021_GM406889139.pdf",
        "https",
        "www.albrighteducationcentre.co.uk/admin/ckfinder/userfiles/files/games-that-give-free-robux_GM431946152.pdf"
    ],
    "scripts": {
        "iframe": [],
        "urls": []
    },
    "static_properties": {
        "JBIG2Decode": "0",
        "XML_forms": "0",
        "acro_form": "0",
        "auto_action": "0",
        "colors": "0",
        "cross_reference_table": "1",
        "embedded_files": "0",
        "file_size": "46",
        "java_script": "0",
        "js": "0",
        "launch_action": "0",
        "object_end": "60",
        "object_start": "60",
        "object_streams": "0",
        "open_action": "0",
        "page_count": "3",
        "rich_media": "0",
        "start_cross_reference_table": "1",
        "stream_end": "7",
        "stream_start": "7",
        "trailer_dictionary": "1"
    },
    "yara_signatures": [
        "without_attachments",
        "without_images",
        "with_urls",
        "invalid_trailer_structure",
        "contentis_base64"
    ]
}