{
    "exif_signatures": {},
    "file_size": 132151,
    "pdfid_signatures": {},
    "pypdf_uris": [
        "http://seachtop.com/culinaryartschools/QXV0b0NBRAQXV/entrecote/irresponsible/bearnaise/ceases.karnal..ZG93bmxvYWR8clY5Tm1ScmJIeDhNVFkxTmpVeU1EQTFNSHg4TWpVM05IeDhLRTBwSUhKbFlXUXRZbXh2WnlCYlJtRnpkQ0JIUlU1ZA",
        "https://kingphiliptrailriders.com/advert/autocad-2017-21-0-vida-util-codigo-de-activacion-gratis-mas-reciente-2022/",
        "https://kingphiliptrailriders.com/advert/autocad-2017-21-0-vida-util-codigo-de-activacion-gratis-mas-reciente-2022/",
        "https://voltigieren-bb.de/advert/autodesk-autocad-crack-pc-windows-mas-reciente/",
        "http://teegroup.net/?p=11169",
        "https://kramart.com/autodesk-autocad-19-1-crack-2/",
        "https://baseheadinc.com/wp-content/uploads/2022/06/AutoCAD-51.pdf",
        "https://ommmyogacenter.com/wp-content/uploads/2022/06/enrinh.pdf",
        "https://expressionpersonelle.com/autodesk-autocad-24-1-crack-codigo-de-activacion-win-mac-mas-reciente-2022/",
        "https://expressionpersonelle.com/autodesk-autocad-24-1-crack-codigo-de-activacion-win-mac-mas-reciente-2022/",
        "https://propertynet.ng/autocad-24-2-crack-3264bit/",
        "http://tmcustomwebdesign.com/?p=360",
        "https://coquenexus5.com/autocad-crack-activador-mas-reciente/",
        "https://pnda-rdc.com/autodesk-autocad-crack-for-windows/",
        "https://ubipharma.pt/wp-content/uploads/2022/06/kaiwhea.pdf",
        "https://spacefather.com/andfriends/upload/files/2022/06/NU94h9Zl6U5EYcVeoUTs_29_a99a84572006840754c26546f4897135_file.pdf",
        "https://spacefather.com/andfriends/upload/files/2022/06/NU94h9Zl6U5EYcVeoUTs_29_a99a84572006840754c26546f4897135_file.pdf",
        "https://kansabook.com/upload/files/2022/06/MxajdW3FnkteBb26LGyD_29_ff1ad0a7c0d0a583c6517fc22d4f648a_file.pdf",
        "https://kansabook.com/upload/files/2022/06/MxajdW3FnkteBb26LGyD_29_ff1ad0a7c0d0a583c6517fc22d4f648a_file.pdf",
        "https://www.reptisell.com/autodesk-autocad-gratis-abril-2022/",
        "http://freemall.jp/autocad-2019-23-0-crack-mac-win-mas-reciente.html",
        "https://unibraz.org/autocad-crack-descarga-gratis/",
        "http://adomemorial.com/2022/06/29/autodesk-autocad-24-0-clave-de-producto-for-windows/",
        "https://www.smc-sheeva-marketing-co-ltd.com/advert/autodesk-autocad-23-1-crack-x64-2022/",
        "http://www.male-blog.com/2022/06/29/autocad-2020-23-1-crack-pcwindows/",
        "http://www.tcpdf.org"
    ],
    "regex_uris": [
        "http://seachtop.com/culinaryartschools/QXV0b0NBRAQXV/entrecote/irresponsible/bearnaise/ceases.karnal..ZG93bmxvYWR8clY5Tm1ScmJIeDhNVFkxTmpVeU1EQTFNSHg4TWpVM05IeDhLRTBwSUhKbFlXUXRZbXh2WnlCYlJtRnpkQ0JIUlU1ZA",
        "https://kingphiliptrailriders.com/advert/autocad-2017-21-0-vida-util-codigo-de-activacion-gratis-mas-reciente-2022/",
        "https://kingphiliptrailriders.com/advert/autocad-2017-21-0-vida-util-codigo-de-activacion-gratis-mas-reciente-2022/",
        "https://voltigieren-bb.de/advert/autodesk-autocad-crack-pc-windows-mas-reciente/",
        "http://teegroup.net/?p=11169",
        "https://kramart.com/autodesk-autocad-19-1-crack-2/",
        "https://baseheadinc.com/wp-content/uploads/2022/06/AutoCAD-51.pdf",
        "https://ommmyogacenter.com/wp-content/uploads/2022/06/enrinh.pdf",
        "https://expressionpersonelle.com/autodesk-autocad-24-1-crack-codigo-de-activacion-win-mac-mas-reciente-2022/",
        "https://expressionpersonelle.com/autodesk-autocad-24-1-crack-codigo-de-activacion-win-mac-mas-reciente-2022/",
        "https://propertynet.ng/autocad-24-2-crack-3264bit/",
        "http://tmcustomwebdesign.com/?p=360",
        "https://coquenexus5.com/autocad-crack-activador-mas-reciente/",
        "https://pnda-rdc.com/autodesk-autocad-crack-for-windows/",
        "https://ubipharma.pt/wp-content/uploads/2022/06/kaiwhea.pdf",
        "https://spacefather.com/andfriends/upload/files/2022/06/NU94h9Zl6U5EYcVeoUTs_29_a99a84572006840754c26546f4897135_file.pdf",
        "https://spacefather.com/andfriends/upload/files/2022/06/NU94h9Zl6U5EYcVeoUTs_29_a99a84572006840754c26546f4897135_file.pdf",
        "https://kansabook.com/upload/files/2022/06/MxajdW3FnkteBb26LGyD_29_ff1ad0a7c0d0a583c6517fc22d4f648a_file.pdf",
        "https://kansabook.com/upload/files/2022/06/MxajdW3FnkteBb26LGyD_29_ff1ad0a7c0d0a583c6517fc22d4f648a_file.pdf",
        "https://www.reptisell.com/autodesk-autocad-gratis-abril-2022/",
        "http://freemall.jp/autocad-2019-23-0-crack-mac-win-mas-reciente.html",
        "https://unibraz.org/autocad-crack-descarga-gratis/",
        "http://adomemorial.com/2022/06/29/autodesk-autocad-24-0-clave-de-producto-for-windows/",
        "https://www.smc-sheeva-marketing-co-ltd.com/advert/autodesk-autocad-23-1-crack-x64-2022/",
        "http://www.male-blog.com/2022/06/29/autocad-2020-23-1-crack-pcwindows/",
        "http://www.tcpdf.org"
    ],
    "regex_urls": [
        "http://seachtop.com/culinaryartschools/QXV0b0NBRAQXV/entrecote/irresponsible/bearnaise/ceases.karnal..ZG93bmxvYWR8clY5Tm1ScmJIeDhNVFkxTmpVeU1EQTFNSHg4TWpVM05IeDhLRTBwSUhKbFlXUXRZbXh2WnlCYlJtRnpkQ0JIUlU1ZA",
        "https",
        "https",
        "https",
        "http://teegroup.net/?p=11169",
        "https",
        "https",
        "https",
        "https",
        "https",
        "https",
        "http://tmcustomwebdesign.com/?p=360",
        "https",
        "https",
        "https",
        "https",
        "https",
        "https",
        "https",
        "https",
        "www.reptisell.com/autodesk-autocad-gratis-abril-2022/",
        "http://freemall.jp/autocad-2019-23-0-crack-mac-win-mas-reciente.html",
        "https",
        "http://adomemorial.com/2022/06/29/autodesk-autocad-24-0-clave-de-producto-for-windows/",
        "https",
        "www.smc-sheeva-marketing-co-ltd.com/advert/autodesk-autocad-23-1-crack-x64-2022/",
        "http://www.male-blog.com/2022/06/29/autocad-2020-23-1-crack-pcwindows/",
        "http://www.tcpdf.org",
        "http://www.w3.org/1999/02/22-rdf-syntax-ns#",
        "http://purl.org/dc/elements/1.1/",
        "http://ns.adobe.com/xap/1.0/",
        "http://ns.adobe.com/pdf/1.3/",
        "http://ns.adobe.com/xap/1.0/mm/",
        "http://www.aiim.org/pdfa/ns/extension/",
        "http://www.aiim.org/pdfa/ns/schema#",
        "http://www.aiim.org/pdfa/ns/property#",
        "http://ns.adobe.com/pdf/1.3/",
        "http://ns.adobe.com/xap/1.0/mm/",
        "http://www.aiim.org/pdfa/ns/id/"
    ],
    "scripts": {
        "iframe": [],
        "urls": []
    },
    "static_properties": {
        "JBIG2Decode": "0",
        "XML_forms": "0",
        "acro_form": "0",
        "auto_action": "0",
        "colors": "0",
        "cross_reference_table": "1",
        "embedded_files": "0",
        "file_size": "132",
        "java_script": "0",
        "js": "0",
        "launch_action": "0",
        "object_end": "56",
        "object_start": "56",
        "object_streams": "0",
        "open_action": "1",
        "page_count": "5",
        "rich_media": "0",
        "start_cross_reference_table": "1",
        "stream_end": "13",
        "stream_start": "13",
        "trailer_dictionary": "1"
    },
    "yara_signatures": [
        "without_attachments",
        "without_images",
        "with_urls",
        "contentis_base64",
        "Big_Numbers1"
    ]
}