{
    "exif_signatures": {},
    "file_size": 36202,
    "pdfid_signatures": {},
    "pypdf_uris": [
        "http://netcdn.tw/app/431946152/roblox-hack-unlimited-robux-game-hack",
        "http://netcdn.tw/app/431946152/roblox-hack-unlimited-robux-game-hack",
        "https://elearning.manposo.sch.id/__statics/gudangsoal/files/minecraft-maps-pe-free-download_GM479516143.pdf",
        "https://elearning.manposo.sch.id/__statics/gudangsoal/files/free-robux-generator-2021-no-human-verification-or-survey_GM431946152.pdf",
        "https://elearning.manposo.sch.id/__statics/gudangsoal/files/minecraft-java-edition-key-free_GM479516143.pdf",
        "https://elearning.manposo.sch.id/__statics/gudangsoal/files/coin-master-daily-free-spins-link-today-facebook_GM406889139.pdf",
        "https://elearning.manposo.sch.id/__statics/gudangsoal/files/robux-sign_GM431946152.pdf",
        "https://elearning.manposo.sch.id/__statics/gudangsoal/files/coin-master-free-cards-and-spin-link_GM406889139.pdf",
        "https://elearning.manposo.sch.id/__statics/gudangsoal/files/code-for-pubg-uc_GM1330123889.pdf",
        "https://elearning.manposo.sch.id/__statics/gudangsoal/files/free-spin-link-in-coin-master_GM406889139.pdf",
        "https://elearning.manposo.sch.id/__statics/gudangsoal/files/coin-master-free-spins-link-2021-today_GM406889139.pdf",
        "https://elearning.manposo.sch.id/__statics/gudangsoal/files/minecraft-mods-download-free_GM479516143.pdf",
        "https://elearning.manposo.sch.id/__statics/gudangsoal/files/how-to-download-wurst_GM479516143.pdf",
        "https://elearning.manposo.sch.id/__statics/gudangsoal/files/free-robux-easy-and-fast_GM431946152.pdf",
        "https://elearning.manposo.sch.id/__statics/gudangsoal/files/free-robux-apps-that-work_GM431946152.pdf",
        "https://elearning.manposo.sch.id/__statics/gudangsoal/files/free-links-coin-master_GM406889139.pdf",
        "https://elearning.manposo.sch.id/__statics/gudangsoal/files/roblox-rape-hack_GM431946152.pdf",
        "https://elearning.manposo.sch.id/__statics/gudangsoal/files/freerobuxhack-us_GM431946152.pdf",
        "https://elearning.manposo.sch.id/__statics/gudangsoal/files/roblox-free-robux-generator_GM431946152.pdf",
        "https://elearning.manposo.sch.id/__statics/gudangsoal/files/fbchampion-com_GM406889139.pdf",
        "https://elearning.manposo.sch.id/__statics/gudangsoal/files/real-free-robux-codes_GM431946152.pdf",
        "https://elearning.manposo.sch.id/__statics/gudangsoal/files/funbloxxyz-free-robux_GM431946152.pdf"
    ],
    "regex_uris": [
        "http://netcdn.tw/app/431946152/roblox-hack-unlimited-robux-game-hack",
        "http://netcdn.tw/app/431946152/roblox-hack-unlimited-robux-game-hack",
        "https://elearning.manposo.sch.id/__statics/gudangsoal/files/minecraft-maps-pe-free-download_GM479516143.pdf",
        "https://elearning.manposo.sch.id/__statics/gudangsoal/files/free-robux-generator-2021-no-human-verification-or-survey_GM431946152.pdf",
        "https://elearning.manposo.sch.id/__statics/gudangsoal/files/minecraft-java-edition-key-free_GM479516143.pdf",
        "https://elearning.manposo.sch.id/__statics/gudangsoal/files/coin-master-daily-free-spins-link-today-facebook_GM406889139.pdf",
        "https://elearning.manposo.sch.id/__statics/gudangsoal/files/robux-sign_GM431946152.pdf",
        "https://elearning.manposo.sch.id/__statics/gudangsoal/files/coin-master-free-cards-and-spin-link_GM406889139.pdf",
        "https://elearning.manposo.sch.id/__statics/gudangsoal/files/code-for-pubg-uc_GM1330123889.pdf",
        "https://elearning.manposo.sch.id/__statics/gudangsoal/files/free-spin-link-in-coin-master_GM406889139.pdf",
        "https://elearning.manposo.sch.id/__statics/gudangsoal/files/coin-master-free-spins-link-2021-today_GM406889139.pdf",
        "https://elearning.manposo.sch.id/__statics/gudangsoal/files/minecraft-mods-download-free_GM479516143.pdf",
        "https://elearning.manposo.sch.id/__statics/gudangsoal/files/how-to-download-wurst_GM479516143.pdf",
        "https://elearning.manposo.sch.id/__statics/gudangsoal/files/free-robux-easy-and-fast_GM431946152.pdf",
        "https://elearning.manposo.sch.id/__statics/gudangsoal/files/free-robux-apps-that-work_GM431946152.pdf",
        "https://elearning.manposo.sch.id/__statics/gudangsoal/files/free-links-coin-master_GM406889139.pdf",
        "https://elearning.manposo.sch.id/__statics/gudangsoal/files/roblox-rape-hack_GM431946152.pdf",
        "https://elearning.manposo.sch.id/__statics/gudangsoal/files/freerobuxhack-us_GM431946152.pdf",
        "https://elearning.manposo.sch.id/__statics/gudangsoal/files/roblox-free-robux-generator_GM431946152.pdf",
        "https://elearning.manposo.sch.id/__statics/gudangsoal/files/fbchampion-com_GM406889139.pdf",
        "https://elearning.manposo.sch.id/__statics/gudangsoal/files/real-free-robux-codes_GM431946152.pdf",
        "https://elearning.manposo.sch.id/__statics/gudangsoal/files/funbloxxyz-free-robux_GM431946152.pdf"
    ],
    "regex_urls": [
        "http://netcdn.tw/app/431946152/roblox-hack-unlimited-robux-game-hack",
        "http://netcdn.tw/app/431946152/roblox-hack-unlimited-robux-game-hack",
        "https",
        "https",
        "https",
        "https",
        "https",
        "https",
        "https",
        "https",
        "https",
        "https",
        "https",
        "https",
        "https",
        "https",
        "https",
        "https",
        "https",
        "https",
        "https",
        "https"
    ],
    "scripts": {
        "iframe": [],
        "urls": []
    },
    "static_properties": {
        "JBIG2Decode": "0",
        "XML_forms": "0",
        "acro_form": "0",
        "auto_action": "0",
        "colors": "0",
        "cross_reference_table": "1",
        "embedded_files": "0",
        "file_size": "36",
        "java_script": "0",
        "js": "0",
        "launch_action": "0",
        "object_end": "55",
        "object_start": "55",
        "object_streams": "0",
        "open_action": "0",
        "page_count": "2",
        "rich_media": "0",
        "start_cross_reference_table": "1",
        "stream_end": "6",
        "stream_start": "6",
        "trailer_dictionary": "1"
    },
    "yara_signatures": [
        "without_attachments",
        "without_images",
        "with_urls",
        "invalid_trailer_structure",
        "contentis_base64"
    ]
}