{
    "exif_signatures": {},
    "file_size": 46455,
    "pdfid_signatures": {},
    "pypdf_uris": [
        "https://netcdn.xyz/app/406889139/free-coin-master-spins-game-hack",
        "https://netcdn.xyz/app/406889139/free-coin-master-spins-game-hack",
        "https://elearning.manposo.sch.id/__statics/gudangsoal/files/earn-free-robux-on-roblox_GM431946152.pdf",
        "https://elearning.manposo.sch.id/__statics/gudangsoal/files/free-attacks-on-coin-master_GM406889139.pdf",
        "https://elearning.manposo.sch.id/__statics/gudangsoal/files/roblox-com-hack_GM431946152.pdf",
        "https://elearning.manposo.sch.id/__statics/gudangsoal/files/free-robux-without-verify_GM431946152.pdf",
        "https://elearning.manposo.sch.id/__statics/gudangsoal/files/coinmasterfree_GM406889139.pdf",
        "https://elearning.manposo.sch.id/__statics/gudangsoal/files/coin-master-collect-today-free-spin_GM406889139.pdf",
        "https://elearning.manposo.sch.id/__statics/gudangsoal/files/minecraft-bedrock-hacks-windows-10_GM479516143.pdf",
        "https://elearning.manposo.sch.id/__statics/gudangsoal/files/roblox-com-games-referrer-roblox-player_GM431946152.pdf",
        "https://elearning.manposo.sch.id/__statics/gudangsoal/files/free-robux-generator-without-human-verification_GM431946152.pdf",
        "https://elearning.manposo.sch.id/__statics/gudangsoal/files/free-roblox-accounts-2021-with-robux_GM431946152.pdf",
        "https://elearning.manposo.sch.id/__statics/gudangsoal/files/spin-hack-for-coin-master_GM406889139.pdf",
        "https://elearning.manposo.sch.id/__statics/gudangsoal/files/how-to-get-free-robux-no-human-verification_GM431946152.pdf",
        "https://elearning.manposo.sch.id/__statics/gudangsoal/files/coin-master-hack-tool-india_GM406889139.pdf",
        "https://elearning.manposo.sch.id/__statics/gudangsoal/files/hack-coin-master-download-ios_GM406889139.pdf",
        "https://elearning.manposo.sch.id/__statics/gudangsoal/files/coin-master-reward-link-2021_GM406889139.pdf",
        "https://elearning.manposo.sch.id/__statics/gudangsoal/files/free-robux-android_GM431946152.pdf",
        "https://elearning.manposo.sch.id/__statics/gudangsoal/files/free-hacks-for-coin-master_GM406889139.pdf",
        "https://elearning.manposo.sch.id/__statics/gudangsoal/files/coin-master-hack-spins-free_GM406889139.pdf",
        "https://elearning.manposo.sch.id/__statics/gudangsoal/files/real-robux-generator_GM431946152.pdf",
        "https://elearning.manposo.sch.id/__statics/gudangsoal/files/roblox-www-com_GM431946152.pdf"
    ],
    "regex_uris": [
        "https://netcdn.xyz/app/406889139/free-coin-master-spins-game-hack",
        "https://netcdn.xyz/app/406889139/free-coin-master-spins-game-hack",
        "https://elearning.manposo.sch.id/__statics/gudangsoal/files/earn-free-robux-on-roblox_GM431946152.pdf",
        "https://elearning.manposo.sch.id/__statics/gudangsoal/files/free-attacks-on-coin-master_GM406889139.pdf",
        "https://elearning.manposo.sch.id/__statics/gudangsoal/files/roblox-com-hack_GM431946152.pdf",
        "https://elearning.manposo.sch.id/__statics/gudangsoal/files/free-robux-without-verify_GM431946152.pdf",
        "https://elearning.manposo.sch.id/__statics/gudangsoal/files/coinmasterfree_GM406889139.pdf",
        "https://elearning.manposo.sch.id/__statics/gudangsoal/files/coin-master-collect-today-free-spin_GM406889139.pdf",
        "https://elearning.manposo.sch.id/__statics/gudangsoal/files/minecraft-bedrock-hacks-windows-10_GM479516143.pdf",
        "https://elearning.manposo.sch.id/__statics/gudangsoal/files/roblox-com-games-referrer-roblox-player_GM431946152.pdf",
        "https://elearning.manposo.sch.id/__statics/gudangsoal/files/free-robux-generator-without-human-verification_GM431946152.pdf",
        "https://elearning.manposo.sch.id/__statics/gudangsoal/files/free-roblox-accounts-2021-with-robux_GM431946152.pdf",
        "https://elearning.manposo.sch.id/__statics/gudangsoal/files/spin-hack-for-coin-master_GM406889139.pdf",
        "https://elearning.manposo.sch.id/__statics/gudangsoal/files/how-to-get-free-robux-no-human-verification_GM431946152.pdf",
        "https://elearning.manposo.sch.id/__statics/gudangsoal/files/coin-master-hack-tool-india_GM406889139.pdf",
        "https://elearning.manposo.sch.id/__statics/gudangsoal/files/hack-coin-master-download-ios_GM406889139.pdf",
        "https://elearning.manposo.sch.id/__statics/gudangsoal/files/coin-master-reward-link-2021_GM406889139.pdf",
        "https://elearning.manposo.sch.id/__statics/gudangsoal/files/free-robux-android_GM431946152.pdf",
        "https://elearning.manposo.sch.id/__statics/gudangsoal/files/free-hacks-for-coin-master_GM406889139.pdf",
        "https://elearning.manposo.sch.id/__statics/gudangsoal/files/coin-master-hack-spins-free_GM406889139.pdf",
        "https://elearning.manposo.sch.id/__statics/gudangsoal/files/real-robux-generator_GM431946152.pdf",
        "https://elearning.manposo.sch.id/__statics/gudangsoal/files/roblox-www-com_GM431946152.pdf"
    ],
    "regex_urls": [
        "https",
        "https",
        "https",
        "https",
        "https",
        "https",
        "https",
        "https",
        "https",
        "https",
        "https",
        "https",
        "https",
        "https",
        "https",
        "https",
        "https",
        "https",
        "https",
        "https",
        "https",
        "https"
    ],
    "scripts": {
        "iframe": [],
        "urls": []
    },
    "static_properties": {
        "JBIG2Decode": "0",
        "XML_forms": "0",
        "acro_form": "0",
        "auto_action": "0",
        "colors": "0",
        "cross_reference_table": "1",
        "embedded_files": "0",
        "file_size": "46",
        "java_script": "0",
        "js": "0",
        "launch_action": "0",
        "object_end": "66",
        "object_start": "66",
        "object_streams": "0",
        "open_action": "0",
        "page_count": "3",
        "rich_media": "0",
        "start_cross_reference_table": "1",
        "stream_end": "9",
        "stream_start": "9",
        "trailer_dictionary": "1"
    },
    "yara_signatures": [
        "without_attachments",
        "without_images",
        "with_urls",
        "invalid_trailer_structure",
        "contentis_base64"
    ]
}