{
    "exif_signatures": {},
    "file_size": 36920,
    "pdfid_signatures": {},
    "pypdf_uris": [
        "http://netcdn.tw/app/406889139/free-spins-coin-master-unlimited-game-hack",
        "http://netcdn.tw/app/406889139/free-spins-coin-master-unlimited-game-hack",
        "https://elearning1.man1mempawah.sch.id/__statics/gudangsoal/files/coin-master-hack-without-verification-2021_GM406889139.pdf",
        "https://elearning1.man1mempawah.sch.id/__statics/gudangsoal/files/free-robux-no-downloading-apps_GM431946152.pdf",
        "https://elearning1.man1mempawah.sch.id/__statics/gudangsoal/files/free-spin-link-for-coin-master_GM406889139.pdf",
        "https://elearning1.man1mempawah.sch.id/__statics/gudangsoal/files/doge-roblox-free_GM431946152.pdf",
        "https://elearning1.man1mempawah.sch.id/__statics/gudangsoal/files/free-spins-link-in-coin-master-2021_GM406889139.pdf",
        "https://elearning1.man1mempawah.sch.id/__statics/gudangsoal/files/how-to-hack-roblox_GM431946152.pdf",
        "https://elearning1.man1mempawah.sch.id/__statics/gudangsoal/files/roblox-tix-generator_GM431946152.pdf",
        "https://elearning1.man1mempawah.sch.id/__statics/gudangsoal/files/minecraft-games-online-free-no-download_GM479516143.pdf",
        "https://elearning1.man1mempawah.sch.id/__statics/gudangsoal/files/coin-master-free-spin-whatsapp-group-link_GM406889139.pdf",
        "https://elearning1.man1mempawah.sch.id/__statics/gudangsoal/files/coin-master-download-hack_GM406889139.pdf",
        "https://elearning1.man1mempawah.sch.id/__statics/gudangsoal/files/free-coin-master-s_GM406889139.pdf",
        "https://elearning1.man1mempawah.sch.id/__statics/gudangsoal/files/roblox-com-games-referrer-roblox-player_GM431946152.pdf",
        "https://elearning1.man1mempawah.sch.id/__statics/gudangsoal/files/download-coin-master-apk-hacked_GM406889139.pdf",
        "https://elearning1.man1mempawah.sch.id/__statics/gudangsoal/files/free-robux-master_GM431946152.pdf",
        "https://elearning1.man1mempawah.sch.id/__statics/gudangsoal/files/guuudd-info-free-robux-hack_GM431946152.pdf",
        "https://elearning1.man1mempawah.sch.id/__statics/gudangsoal/files/roblox-games-com-free_GM431946152.pdf",
        "https://elearning1.man1mempawah.sch.id/__statics/gudangsoal/files/free-robux-youtube_GM431946152.pdf",
        "https://elearning1.man1mempawah.sch.id/__statics/gudangsoal/files/how-to-get-free-robux-by-robux-king_GM431946152.pdf",
        "https://elearning1.man1mempawah.sch.id/__statics/gudangsoal/files/how-to-change-values-without-using-cheat-engine-in-roblox_GM431946152.pdf",
        "https://elearning1.man1mempawah.sch.id/__statics/gudangsoal/files/free-robux-tix_GM431946152.pdf"
    ],
    "regex_uris": [
        "http://netcdn.tw/app/406889139/free-spins-coin-master-unlimited-game-hack",
        "http://netcdn.tw/app/406889139/free-spins-coin-master-unlimited-game-hack",
        "https://elearning1.man1mempawah.sch.id/__statics/gudangsoal/files/coin-master-hack-without-verification-2021_GM406889139.pdf",
        "https://elearning1.man1mempawah.sch.id/__statics/gudangsoal/files/free-robux-no-downloading-apps_GM431946152.pdf",
        "https://elearning1.man1mempawah.sch.id/__statics/gudangsoal/files/free-spin-link-for-coin-master_GM406889139.pdf",
        "https://elearning1.man1mempawah.sch.id/__statics/gudangsoal/files/doge-roblox-free_GM431946152.pdf",
        "https://elearning1.man1mempawah.sch.id/__statics/gudangsoal/files/free-spins-link-in-coin-master-2021_GM406889139.pdf",
        "https://elearning1.man1mempawah.sch.id/__statics/gudangsoal/files/how-to-hack-roblox_GM431946152.pdf",
        "https://elearning1.man1mempawah.sch.id/__statics/gudangsoal/files/roblox-tix-generator_GM431946152.pdf",
        "https://elearning1.man1mempawah.sch.id/__statics/gudangsoal/files/minecraft-games-online-free-no-download_GM479516143.pdf",
        "https://elearning1.man1mempawah.sch.id/__statics/gudangsoal/files/coin-master-free-spin-whatsapp-group-link_GM406889139.pdf",
        "https://elearning1.man1mempawah.sch.id/__statics/gudangsoal/files/coin-master-download-hack_GM406889139.pdf",
        "https://elearning1.man1mempawah.sch.id/__statics/gudangsoal/files/free-coin-master-s_GM406889139.pdf",
        "https://elearning1.man1mempawah.sch.id/__statics/gudangsoal/files/roblox-com-games-referrer-roblox-player_GM431946152.pdf",
        "https://elearning1.man1mempawah.sch.id/__statics/gudangsoal/files/download-coin-master-apk-hacked_GM406889139.pdf",
        "https://elearning1.man1mempawah.sch.id/__statics/gudangsoal/files/free-robux-master_GM431946152.pdf",
        "https://elearning1.man1mempawah.sch.id/__statics/gudangsoal/files/guuudd-info-free-robux-hack_GM431946152.pdf",
        "https://elearning1.man1mempawah.sch.id/__statics/gudangsoal/files/roblox-games-com-free_GM431946152.pdf",
        "https://elearning1.man1mempawah.sch.id/__statics/gudangsoal/files/free-robux-youtube_GM431946152.pdf",
        "https://elearning1.man1mempawah.sch.id/__statics/gudangsoal/files/how-to-get-free-robux-by-robux-king_GM431946152.pdf",
        "https://elearning1.man1mempawah.sch.id/__statics/gudangsoal/files/how-to-change-values-without-using-cheat-engine-in-roblox_GM431946152.pdf",
        "https://elearning1.man1mempawah.sch.id/__statics/gudangsoal/files/free-robux-tix_GM431946152.pdf"
    ],
    "regex_urls": [
        "http://netcdn.tw/app/406889139/free-spins-coin-master-unlimited-game-hack",
        "http://netcdn.tw/app/406889139/free-spins-coin-master-unlimited-game-hack",
        "https",
        "https",
        "https",
        "https",
        "https",
        "https",
        "https",
        "https",
        "https",
        "https",
        "https",
        "https",
        "https",
        "https",
        "https",
        "https",
        "https",
        "https",
        "https",
        "https"
    ],
    "scripts": {
        "iframe": [],
        "urls": []
    },
    "static_properties": {
        "JBIG2Decode": "0",
        "XML_forms": "0",
        "acro_form": "0",
        "auto_action": "0",
        "colors": "0",
        "cross_reference_table": "1",
        "embedded_files": "0",
        "file_size": "37",
        "java_script": "0",
        "js": "0",
        "launch_action": "0",
        "object_end": "55",
        "object_start": "55",
        "object_streams": "0",
        "open_action": "0",
        "page_count": "2",
        "rich_media": "0",
        "start_cross_reference_table": "1",
        "stream_end": "6",
        "stream_start": "6",
        "trailer_dictionary": "1"
    },
    "yara_signatures": [
        "without_attachments",
        "without_images",
        "with_urls",
        "invalid_trailer_structure",
        "contentis_base64"
    ]
}