{
    "exif_signatures": {},
    "file_size": 100150,
    "pdfid_signatures": {},
    "pypdf_uris": [
        "http://urseghy.com/wb3?utm_term=lenin%20state%20and%20revolution%20summary%20pdf%20online%20download",
        "http://uzks.hr/upload/datoteke/mekak.pdf",
        "http://vinhthuan.asia/upload/files/kogatisipar.pdf",
        "http://archgeo-leszno.pl/uploads/userfiles/files/17992177912.pdf",
        "https://qpshouse.com/upload/image/file/47969798646.pdf",
        "http://xn--80aaaaadfwa5aftjhxrkcrg8iwc.xn--p1ai/pict/file/mivisigiwoputomapetij.pdf",
        "http://caacoding.net/wp-content/plugins/formcraft/file-upload/server/content/files/16269f4dc565d1---rafekewotosufigumakedezi.pdf",
        "http://www.euro-fly.eu/userfiles/files/56751954335.pdf",
        "http://gillsandgeckos.com/userfiles/file/xudenexezupotepoxonoki.pdf",
        "http://yuhenganquan.com/userfiles/file/20220328080411_1917411023.pdf",
        "https://natatourism.com/userfiles/files/85070446717.pdf",
        "https://peltonfell.org.uk/ckfinder/userfiles/files/tupiporebajojigekatufagad.pdf",
        "http://cataga.de/beta/files/file/tuzalolovapovi.pdf",
        "http://erodiertechnik-wenzel.de/userfiles/file/dovikegojamitanedo.pdf",
        "https://123kozijnofferte.nl/wp-content/plugins/super-forms/uploads/php/files/02204802fc994a7c495e6dc7ef08092c/tikozu.pdf",
        "https://thietbigas.net/media/files/25131615376.pdf",
        "http://mudrberanova.cz/userfiles/file/59642223847.pdf",
        "http://sys-svinding.dk/userfiles/file/88301067436.pdf",
        "https://unique.global/wp-content/plugins/super-forms/uploads/php/files/add7ba8c09f710ad5b92b2a7fb723999/96973170745.pdf",
        "http://private-dev.cliczone.fr/upload/userfiles/files/91972336736.pdf",
        "http://ukrainski-rosyjski.pl/userfiles/file/bonalukope.pdf",
        "https://www.djluk.co.uk/wp-content/plugins/super-forms/uploads/php/files/armnav7he14qf6s0640qrmvl1r/17156308173.pdf",
        "http://kalbaninc.com/userfiles/file/dewudujijadirenibi.pdf",
        "https://www.studiorosaliabusco.it/ckfinder/userfiles/files/fodudarazamikaliwofulova.pdf",
        "http://xavitec.com/cliente/conteudos/files/98398142292.pdf",
        "http://etspak.com/survey/userfiles/files/93699043052.pdf"
    ],
    "regex_uris": [
        "http://urseghy.com/wb3?utm_term=lenin%20state%20and%20revolution%20summary%20pdf%20online%20download",
        "http://uzks.hr/upload/datoteke/mekak.pdf",
        "http://vinhthuan.asia/upload/files/kogatisipar.pdf",
        "http://archgeo-leszno.pl/uploads/userfiles/files/17992177912.pdf",
        "https://qpshouse.com/upload/image/file/47969798646.pdf",
        "http://xn--80aaaaadfwa5aftjhxrkcrg8iwc.xn--p1ai/pict/file/mivisigiwoputomapetij.pdf",
        "http://caacoding.net/wp-content/plugins/formcraft/file-upload/server/content/files/16269f4dc565d1---rafekewotosufigumakedezi.pdf",
        "http://www.euro-fly.eu/userfiles/files/56751954335.pdf",
        "http://gillsandgeckos.com/userfiles/file/xudenexezupotepoxonoki.pdf",
        "http://yuhenganquan.com/userfiles/file/20220328080411_1917411023.pdf",
        "https://natatourism.com/userfiles/files/85070446717.pdf",
        "https://peltonfell.org.uk/ckfinder/userfiles/files/tupiporebajojigekatufagad.pdf",
        "http://cataga.de/beta/files/file/tuzalolovapovi.pdf",
        "http://erodiertechnik-wenzel.de/userfiles/file/dovikegojamitanedo.pdf",
        "https://123kozijnofferte.nl/wp-content/plugins/super-forms/uploads/php/files/02204802fc994a7c495e6dc7ef08092c/tikozu.pdf",
        "https://thietbigas.net/media/files/25131615376.pdf",
        "http://mudrberanova.cz/userfiles/file/59642223847.pdf",
        "http://sys-svinding.dk/userfiles/file/88301067436.pdf",
        "https://unique.global/wp-content/plugins/super-forms/uploads/php/files/add7ba8c09f710ad5b92b2a7fb723999/96973170745.pdf",
        "http://private-dev.cliczone.fr/upload/userfiles/files/91972336736.pdf",
        "http://ukrainski-rosyjski.pl/userfiles/file/bonalukope.pdf",
        "https://www.djluk.co.uk/wp-content/plugins/super-forms/uploads/php/files/armnav7he14qf6s0640qrmvl1r/17156308173.pdf",
        "http://kalbaninc.com/userfiles/file/dewudujijadirenibi.pdf",
        "https://www.studiorosaliabusco.it/ckfinder/userfiles/files/fodudarazamikaliwofulova.pdf",
        "http://xavitec.com/cliente/conteudos/files/98398142292.pdf",
        "http://etspak.com/survey/userfiles/files/93699043052.pdf"
    ],
    "regex_urls": [
        "http://urseghy.com/wb3?utm_term=lenin%20state%20and%20revolution%20summary%20pdf%20online%20download",
        "http://uzks.hr/upload/datoteke/mekak.pdf",
        "http://vinhthuan.asia/upload/files/kogatisipar.pdf",
        "http://archgeo-leszno.pl/uploads/userfiles/files/17992177912.pdf",
        "https",
        "http://xn--80aaaaadfwa5aftjhxrkcrg8iwc.xn--p1ai/pict/file/mivisigiwoputomapetij.pdf",
        "http://caacoding.net/wp-content/plugins/formcraft/file-upload/server/content/files/16269f4dc565d1---rafekewotosufigumakedezi.pdf",
        "http://www.euro-fly.eu/userfiles/files/56751954335.pdf",
        "http://gillsandgeckos.com/userfiles/file/xudenexezupotepoxonoki.pdf",
        "http://yuhenganquan.com/userfiles/file/20220328080411_1917411023.pdf",
        "https",
        "https",
        "http://cataga.de/beta/files/file/tuzalolovapovi.pdf",
        "http://erodiertechnik-wenzel.de/userfiles/file/dovikegojamitanedo.pdf",
        "https",
        "https",
        "http://mudrberanova.cz/userfiles/file/59642223847.pdf",
        "http://sys-svinding.dk/userfiles/file/88301067436.pdf",
        "https",
        "http://private-dev.cliczone.fr/upload/userfiles/files/91972336736.pdf",
        "http://ukrainski-rosyjski.pl/userfiles/file/bonalukope.pdf",
        "https",
        "www.djluk.co.uk/wp-content/plugins/super-forms/uploads/php/files/armnav7he14qf6s0640qrmvl1r/17156308173.pdf",
        "http://kalbaninc.com/userfiles/file/dewudujijadirenibi.pdf",
        "https",
        "www.studiorosaliabusco.it/ckfinder/userfiles/files/fodudarazamikaliwofulova.pdf",
        "http://xavitec.com/cliente/conteudos/files/98398142292.pdf",
        "http://etspak.com/survey/userfiles/files/93699043052.pdf",
        "http://www.w3.org/1999/02/22-rdf-syntax-ns#",
        "http://purl.org/dc/elements/1.1/",
        "http://ns.adobe.com/pdf/1.3/",
        "http://ns.adobe.com/xap/1.0/",
        "http://ns.adobe.com/xap/1.0/mm/",
        "http://ns.adobe.com/xap/1.0/rights/"
    ],
    "scripts": {
        "iframe": [],
        "urls": []
    },
    "static_properties": {
        "JBIG2Decode": "0",
        "XML_forms": "0",
        "acro_form": "0",
        "auto_action": "0",
        "colors": "0",
        "cross_reference_table": "2",
        "embedded_files": "0",
        "file_size": "100",
        "java_script": "0",
        "js": "0",
        "launch_action": "0",
        "object_end": "70",
        "object_start": "70",
        "object_streams": "0",
        "open_action": "0",
        "page_count": "4",
        "rich_media": "0",
        "start_cross_reference_table": "2",
        "stream_end": "12",
        "stream_start": "12",
        "trailer_dictionary": "2"
    },
    "yara_signatures": [
        "without_attachments",
        "without_images",
        "with_urls",
        "invalid_trailer_structure",
        "multiple_versions",
        "contentis_base64",
        "Big_Numbers1"
    ]
}