{
    "exif_signatures": {},
    "file_size": 362999,
    "pdfid_signatures": {},
    "pypdf_uris": [
        "https://loheb.co.za/XSRYdR1H?utm_term=conan+exiles+heavy+armor+guide",
        "https://takibuvekinapix.weebly.com/uploads/1/3/4/4/134456834/modidoxukadifebonupu.pdf",
        "https://jelalepoxona.weebly.com/uploads/1/3/4/9/134901657/6053136.pdf",
        "https://hhwholesaleclub.com/admin/kcfinder/upload/files/59569152396.pdf",
        "https://vewewiganivobob.weebly.com/uploads/1/3/4/8/134852084/3b682360.pdf",
        "https://rusajuse.weebly.com/uploads/1/3/4/7/134730125/miturakojuro.pdf",
        "https://gapefupekud.weebly.com/uploads/1/3/1/8/131871489/7ff35a1543.pdf",
        "https://duzezefoge.weebly.com/uploads/1/3/1/4/131437668/litoritexodobiwakege.pdf",
        "https://pufetebad.weebly.com/uploads/1/3/4/7/134711346/rilarisomusulo-lokulijapukela-gilinijo.pdf",
        "https://kebezade.weebly.com/uploads/1/3/4/4/134479439/6117949.pdf",
        "https://xisofigutuf.weebly.com/uploads/1/3/0/7/130740477/bigonubesozemo.pdf",
        "https://pudagabofozeru.weebly.com/uploads/1/3/4/3/134333597/talof.pdf",
        "https://sutujiwujuso.weebly.com/uploads/1/3/5/3/135390810/f5bfb7bbc11.pdf",
        "https://dajexuxeguse.weebly.com/uploads/1/3/4/8/134859846/52570.pdf",
        "https://rimejosokodux.weebly.com/uploads/1/3/4/6/134691074/kemexetuzofa.pdf",
        "https://lurizaterogon.weebly.com/uploads/1/4/1/4/141438950/fafizes_badavonigogojax_varizesudi_basobagowi.pdf",
        "https://pepazabam.weebly.com/uploads/1/3/4/6/134625160/253010fe.pdf",
        "https://nakowubolitek.weebly.com/uploads/1/3/5/3/135349387/bogagefoburar-zegevi-xemavepibana-tadabi.pdf",
        "https://balomufe.weebly.com/uploads/1/3/4/5/134594694/f6fa48b4a873412.pdf",
        "https://metapuxin.weebly.com/uploads/1/3/4/6/134633213/pabirupux_vataza_saduwop_xubobewilaruki.pdf",
        "http://jd6618.com/jd6618/file/2022-3/file/LwpCms2022_03_18_09_50_06_5926.pdf",
        "https://mokoloxove.weebly.com/uploads/1/3/5/2/135299893/8374318.pdf",
        "https://tixanesel.weebly.com/uploads/1/3/4/2/134234664/savod.pdf",
        "https://vedalamiru.weebly.com/uploads/1/3/0/7/130776143/7254e9855dec5b9.pdf",
        "https://logozirajukafod.weebly.com/uploads/1/3/4/8/134848231/3838549.pdf",
        "http://yachts-trade.com/files/jakimuwekewajuk.pdf",
        "https://slavicchurchmississauga.com/fck_upload/file/pawuzotapibikunen.pdf",
        "https://renexiba.weebly.com/uploads/1/3/4/8/134895383/9971889.pdf",
        "https://fubefesoruga.weebly.com/uploads/1/4/1/3/141328423/matugofugagexudagiga.pdf",
        "http://agrion.org/upload/fichier/dotazutewegidutajas.pdf",
        "https://suxavumopej.weebly.com/uploads/1/3/3/9/133999634/ee86304b2c33.pdf",
        "https://zozilevijuni.weebly.com/uploads/1/3/1/3/131383476/kafevexev.pdf",
        "https://xulobefopit.weebly.com/uploads/1/3/4/3/134349373/juvobazalo.pdf",
        "https://kotuposa.weebly.com/uploads/1/3/1/4/131406283/kezer-vagosemenepugux-rovakinij.pdf",
        "http://supragyn.cz/userfiles/file/90738692620.pdf",
        "https://bobiputab.weebly.com/uploads/1/3/2/8/132814039/newazurogan_vuxafurukumo.pdf",
        "https://mebemawadaj.weebly.com/uploads/1/3/5/2/135295691/wutaxivuruxap.pdf",
        "https://jigulukeduza.weebly.com/uploads/1/3/4/5/134508725/948e9e960f46e2.pdf",
        "http://copy-office.it/userfiles/file/kotefadonujovi.pdf",
        "https://kevefavovedejot.weebly.com/uploads/1/3/4/7/134719756/mofugonopoxid.pdf",
        "https://daxexamuve.weebly.com/uploads/1/3/4/4/134446800/3b03f98.pdf",
        "https://gininigexaviw.weebly.com/uploads/1/3/5/3/135350692/6895618.pdf"
    ],
    "regex_uris": [
        "https://loheb.co.za/XSRYdR1H?utm_term=conan+exiles+heavy+armor+guide",
        "https://takibuvekinapix.weebly.com/uploads/1/3/4/4/134456834/modidoxukadifebonupu.pdf",
        "https://jelalepoxona.weebly.com/uploads/1/3/4/9/134901657/6053136.pdf",
        "https://hhwholesaleclub.com/admin/kcfinder/upload/files/59569152396.pdf",
        "https://vewewiganivobob.weebly.com/uploads/1/3/4/8/134852084/3b682360.pdf",
        "https://rusajuse.weebly.com/uploads/1/3/4/7/134730125/miturakojuro.pdf",
        "https://gapefupekud.weebly.com/uploads/1/3/1/8/131871489/7ff35a1543.pdf",
        "https://duzezefoge.weebly.com/uploads/1/3/1/4/131437668/litoritexodobiwakege.pdf",
        "https://pufetebad.weebly.com/uploads/1/3/4/7/134711346/rilarisomusulo-lokulijapukela-gilinijo.pdf",
        "https://kebezade.weebly.com/uploads/1/3/4/4/134479439/6117949.pdf",
        "https://xisofigutuf.weebly.com/uploads/1/3/0/7/130740477/bigonubesozemo.pdf",
        "https://pudagabofozeru.weebly.com/uploads/1/3/4/3/134333597/talof.pdf",
        "https://sutujiwujuso.weebly.com/uploads/1/3/5/3/135390810/f5bfb7bbc11.pdf",
        "https://dajexuxeguse.weebly.com/uploads/1/3/4/8/134859846/52570.pdf",
        "https://rimejosokodux.weebly.com/uploads/1/3/4/6/134691074/kemexetuzofa.pdf",
        "https://lurizaterogon.weebly.com/uploads/1/4/1/4/141438950/fafizes_badavonigogojax_varizesudi_basobagowi.pdf",
        "https://pepazabam.weebly.com/uploads/1/3/4/6/134625160/253010fe.pdf",
        "https://nakowubolitek.weebly.com/uploads/1/3/5/3/135349387/bogagefoburar-zegevi-xemavepibana-tadabi.pdf",
        "https://balomufe.weebly.com/uploads/1/3/4/5/134594694/f6fa48b4a873412.pdf",
        "https://metapuxin.weebly.com/uploads/1/3/4/6/134633213/pabirupux_vataza_saduwop_xubobewilaruki.pdf",
        "http://jd6618.com/jd6618/file/2022-3/file/LwpCms2022_03_18_09_50_06_5926.pdf",
        "https://mokoloxove.weebly.com/uploads/1/3/5/2/135299893/8374318.pdf",
        "https://tixanesel.weebly.com/uploads/1/3/4/2/134234664/savod.pdf",
        "https://vedalamiru.weebly.com/uploads/1/3/0/7/130776143/7254e9855dec5b9.pdf",
        "https://logozirajukafod.weebly.com/uploads/1/3/4/8/134848231/3838549.pdf",
        "http://yachts-trade.com/files/jakimuwekewajuk.pdf",
        "https://slavicchurchmississauga.com/fck_upload/file/pawuzotapibikunen.pdf",
        "https://renexiba.weebly.com/uploads/1/3/4/8/134895383/9971889.pdf",
        "https://fubefesoruga.weebly.com/uploads/1/4/1/3/141328423/matugofugagexudagiga.pdf",
        "http://agrion.org/upload/fichier/dotazutewegidutajas.pdf",
        "https://suxavumopej.weebly.com/uploads/1/3/3/9/133999634/ee86304b2c33.pdf",
        "https://zozilevijuni.weebly.com/uploads/1/3/1/3/131383476/kafevexev.pdf",
        "https://xulobefopit.weebly.com/uploads/1/3/4/3/134349373/juvobazalo.pdf",
        "https://kotuposa.weebly.com/uploads/1/3/1/4/131406283/kezer-vagosemenepugux-rovakinij.pdf",
        "http://supragyn.cz/userfiles/file/90738692620.pdf",
        "https://bobiputab.weebly.com/uploads/1/3/2/8/132814039/newazurogan_vuxafurukumo.pdf",
        "https://mebemawadaj.weebly.com/uploads/1/3/5/2/135295691/wutaxivuruxap.pdf",
        "https://jigulukeduza.weebly.com/uploads/1/3/4/5/134508725/948e9e960f46e2.pdf",
        "http://copy-office.it/userfiles/file/kotefadonujovi.pdf",
        "https://kevefavovedejot.weebly.com/uploads/1/3/4/7/134719756/mofugonopoxid.pdf",
        "https://daxexamuve.weebly.com/uploads/1/3/4/4/134446800/3b03f98.pdf",
        "https://gininigexaviw.weebly.com/uploads/1/3/5/3/135350692/6895618.pdf"
    ],
    "regex_urls": [
        "https",
        "https",
        "https",
        "https",
        "https",
        "https",
        "https",
        "https",
        "https",
        "https",
        "https",
        "https",
        "https",
        "https",
        "https",
        "https",
        "https",
        "https",
        "https",
        "https",
        "http://jd6618.com/jd6618/file/2022-3/file/LwpCms2022_03_18_09_50_06_5926.pdf",
        "https",
        "https",
        "https",
        "https",
        "http://yachts-trade.com/files/jakimuwekewajuk.pdf",
        "https",
        "https",
        "https",
        "http://agrion.org/upload/fichier/dotazutewegidutajas.pdf",
        "https",
        "https",
        "https",
        "https",
        "http://supragyn.cz/userfiles/file/90738692620.pdf",
        "https",
        "https",
        "https",
        "http://copy-office.it/userfiles/file/kotefadonujovi.pdf",
        "https",
        "https",
        "https",
        "http://www.w3.org/1999/02/22-rdf-syntax-ns#",
        "http://purl.org/dc/elements/1.1/",
        "http://ns.adobe.com/pdf/1.3/",
        "http://ns.adobe.com/xap/1.0/",
        "http://ns.adobe.com/xap/1.0/mm/",
        "http://ns.adobe.com/xap/1.0/rights/"
    ],
    "scripts": {
        "iframe": [],
        "urls": []
    },
    "static_properties": {
        "JBIG2Decode": "0",
        "XML_forms": "0",
        "acro_form": "0",
        "auto_action": "0",
        "colors": "0",
        "cross_reference_table": "2",
        "embedded_files": "0",
        "file_size": "363",
        "java_script": "0",
        "js": "0",
        "launch_action": "0",
        "object_end": "98",
        "object_start": "98",
        "object_streams": "0",
        "open_action": "0",
        "page_count": "3",
        "rich_media": "0",
        "start_cross_reference_table": "2",
        "stream_end": "19",
        "stream_start": "19",
        "trailer_dictionary": "2"
    },
    "yara_signatures": [
        "without_attachments",
        "without_images",
        "with_urls",
        "invalid_trailer_structure",
        "multiple_versions",
        "contentis_base64"
    ]
}