{
    "exif_signatures": {},
    "file_size": 37859,
    "pdfid_signatures": {},
    "pypdf_uris": [
        "https://netcdn.xyz/app/479516143/minecraft-windows-10-edition-free-download-game-hack",
        "https://netcdn.xyz/app/479516143/minecraft-windows-10-edition-free-download-game-hack",
        "http://roberto-gac.org/images/minecraft-hacked-client-download_GM479516143.pdf",
        "http://roberto-gac.org/images/tower-of-hell-roblox-hack_GM431946152.pdf",
        "http://roberto-gac.org/images/coin-master-daily-gifts_GM406889139.pdf",
        "http://roberto-gac.org/images/roblox-promo-codes-for-free-robux_GM431946152.pdf",
        "http://roberto-gac.org/images/how-do-i-get-free-spins-on-coin-master_GM406889139.pdf"
    ],
    "regex_uris": [
        "https://netcdn.xyz/app/479516143/minecraft-windows-10-edition-free-download-game-hack",
        "https://netcdn.xyz/app/479516143/minecraft-windows-10-edition-free-download-game-hack",
        "http://roberto-gac.org/images/minecraft-hacked-client-download_GM479516143.pdf",
        "http://roberto-gac.org/images/tower-of-hell-roblox-hack_GM431946152.pdf",
        "http://roberto-gac.org/images/coin-master-daily-gifts_GM406889139.pdf",
        "http://roberto-gac.org/images/roblox-promo-codes-for-free-robux_GM431946152.pdf",
        "http://roberto-gac.org/images/how-do-i-get-free-spins-on-coin-master_GM406889139.pdf"
    ],
    "regex_urls": [
        "https",
        "https",
        "http://roberto-gac.org/images/minecraft-hacked-client-download_GM479516143.pdf",
        "http://roberto-gac.org/images/tower-of-hell-roblox-hack_GM431946152.pdf",
        "http://roberto-gac.org/images/coin-master-daily-gifts_GM406889139.pdf",
        "http://roberto-gac.org/images/roblox-promo-codes-for-free-robux_GM431946152.pdf",
        "http://roberto-gac.org/images/how-do-i-get-free-spins-on-coin-master_GM406889139.pdf"
    ],
    "scripts": {
        "iframe": [],
        "urls": []
    },
    "static_properties": {
        "JBIG2Decode": "0",
        "XML_forms": "0",
        "acro_form": "0",
        "auto_action": "0",
        "colors": "0",
        "cross_reference_table": "1",
        "embedded_files": "0",
        "file_size": "38",
        "java_script": "0",
        "js": "0",
        "launch_action": "0",
        "object_end": "40",
        "object_start": "40",
        "object_streams": "0",
        "open_action": "0",
        "page_count": "2",
        "rich_media": "0",
        "start_cross_reference_table": "1",
        "stream_end": "6",
        "stream_start": "6",
        "trailer_dictionary": "1"
    },
    "yara_signatures": [
        "without_attachments",
        "without_images",
        "with_urls",
        "invalid_trailer_structure",
        "contentis_base64"
    ]
}