{
    "exif_signatures": {},
    "file_size": 54593,
    "pdfid_signatures": {},
    "pypdf_uris": [
        "https://netcdn.tw/app/431946152/free-cookie-stealer-roblox-game-hack",
        "https://netcdn.tw/app/431946152/free-cookie-stealer-roblox-game-hack",
        "https://elearning.man1tuban.sch.id/__statics/gudangsoal/files/minecraft-free-download-iphone_GM479516143.pdf",
        "https://elearning.man1tuban.sch.id/__statics/gudangsoal/files/hack-roblox-block-piece_GM431946152.pdf",
        "https://elearning.man1tuban.sch.id/__statics/gudangsoal/files/how-to-get-free-robux-promotion_GM431946152.pdf",
        "https://elearning.man1tuban.sch.id/__statics/gudangsoal/files/easy-no-survey-free-robux_GM431946152.pdf",
        "https://elearning.man1tuban.sch.id/__statics/gudangsoal/files/how-to-hack-roblox-for-robux_GM431946152.pdf",
        "https://elearning.man1tuban.sch.id/__statics/gudangsoal/files/minecraft-bedrock-edition-pc-download-free_GM479516143.pdf",
        "https://elearning.man1tuban.sch.id/__statics/gudangsoal/files/coin-master-hack-activegamer_GM406889139.pdf",
        "https://elearning.man1tuban.sch.id/__statics/gudangsoal/files/robux-hack-generator_GM431946152.pdf",
        "https://elearning.man1tuban.sch.id/__statics/gudangsoal/files/how-to-get-free-robux-hack_GM431946152.pdf",
        "https://elearning.man1tuban.sch.id/__statics/gudangsoal/files/is-minecraft-free-on-ps4_GM479516143.pdf",
        "https://elearning.man1tuban.sch.id/__statics/gudangsoal/files/coin-master-free-2021-spin-link_GM406889139.pdf",
        "https://elearning.man1tuban.sch.id/__statics/gudangsoal/files/free-back-accessories-roblox_GM431946152.pdf",
        "https://elearning.man1tuban.sch.id/__statics/gudangsoal/files/minecraft-online-free-download_GM479516143.pdf",
        "https://elearning.man1tuban.sch.id/__statics/gudangsoal/files/how-to-get-free-robux-legallz_GM431946152.pdf",
        "https://elearning.man1tuban.sch.id/__statics/gudangsoal/files/hack-to-get-1-billion-robux-in-roblox_GM431946152.pdf",
        "https://elearning.man1tuban.sch.id/__statics/gudangsoal/files/free-roblox-accounts-with-robux-that-work-2021_GM431946152.pdf",
        "https://elearning.man1tuban.sch.id/__statics/gudangsoal/files/roblox-robux-hack-tool-generator-lev-les_GM431946152.pdf",
        "https://elearning.man1tuban.sch.id/__statics/gudangsoal/files/how-to-get-minecraft-java-for-free_GM479516143.pdf",
        "https://elearning.man1tuban.sch.id/__statics/gudangsoal/files/rbx-free-robux_GM431946152.pdf",
        "https://elearning.man1tuban.sch.id/__statics/gudangsoal/files/coin-master-free-stuff_GM406889139.pdf"
    ],
    "regex_uris": [
        "https://netcdn.tw/app/431946152/free-cookie-stealer-roblox-game-hack",
        "https://netcdn.tw/app/431946152/free-cookie-stealer-roblox-game-hack",
        "https://elearning.man1tuban.sch.id/__statics/gudangsoal/files/minecraft-free-download-iphone_GM479516143.pdf",
        "https://elearning.man1tuban.sch.id/__statics/gudangsoal/files/hack-roblox-block-piece_GM431946152.pdf",
        "https://elearning.man1tuban.sch.id/__statics/gudangsoal/files/how-to-get-free-robux-promotion_GM431946152.pdf",
        "https://elearning.man1tuban.sch.id/__statics/gudangsoal/files/easy-no-survey-free-robux_GM431946152.pdf",
        "https://elearning.man1tuban.sch.id/__statics/gudangsoal/files/how-to-hack-roblox-for-robux_GM431946152.pdf",
        "https://elearning.man1tuban.sch.id/__statics/gudangsoal/files/minecraft-bedrock-edition-pc-download-free_GM479516143.pdf",
        "https://elearning.man1tuban.sch.id/__statics/gudangsoal/files/coin-master-hack-activegamer_GM406889139.pdf",
        "https://elearning.man1tuban.sch.id/__statics/gudangsoal/files/robux-hack-generator_GM431946152.pdf",
        "https://elearning.man1tuban.sch.id/__statics/gudangsoal/files/how-to-get-free-robux-hack_GM431946152.pdf",
        "https://elearning.man1tuban.sch.id/__statics/gudangsoal/files/is-minecraft-free-on-ps4_GM479516143.pdf",
        "https://elearning.man1tuban.sch.id/__statics/gudangsoal/files/coin-master-free-2021-spin-link_GM406889139.pdf",
        "https://elearning.man1tuban.sch.id/__statics/gudangsoal/files/free-back-accessories-roblox_GM431946152.pdf",
        "https://elearning.man1tuban.sch.id/__statics/gudangsoal/files/minecraft-online-free-download_GM479516143.pdf",
        "https://elearning.man1tuban.sch.id/__statics/gudangsoal/files/how-to-get-free-robux-legallz_GM431946152.pdf",
        "https://elearning.man1tuban.sch.id/__statics/gudangsoal/files/hack-to-get-1-billion-robux-in-roblox_GM431946152.pdf",
        "https://elearning.man1tuban.sch.id/__statics/gudangsoal/files/free-roblox-accounts-with-robux-that-work-2021_GM431946152.pdf",
        "https://elearning.man1tuban.sch.id/__statics/gudangsoal/files/roblox-robux-hack-tool-generator-lev-les_GM431946152.pdf",
        "https://elearning.man1tuban.sch.id/__statics/gudangsoal/files/how-to-get-minecraft-java-for-free_GM479516143.pdf",
        "https://elearning.man1tuban.sch.id/__statics/gudangsoal/files/rbx-free-robux_GM431946152.pdf",
        "https://elearning.man1tuban.sch.id/__statics/gudangsoal/files/coin-master-free-stuff_GM406889139.pdf"
    ],
    "regex_urls": [
        "https",
        "https",
        "https",
        "https",
        "https",
        "https",
        "https",
        "https",
        "https",
        "https",
        "https",
        "https",
        "https",
        "https",
        "https",
        "https",
        "https",
        "https",
        "https",
        "https",
        "https",
        "https"
    ],
    "scripts": {
        "iframe": [],
        "urls": []
    },
    "static_properties": {
        "JBIG2Decode": "0",
        "XML_forms": "0",
        "acro_form": "0",
        "auto_action": "0",
        "colors": "0",
        "cross_reference_table": "1",
        "embedded_files": "0",
        "file_size": "55",
        "java_script": "0",
        "js": "0",
        "launch_action": "0",
        "object_end": "77",
        "object_start": "77",
        "object_streams": "0",
        "open_action": "0",
        "page_count": "4",
        "rich_media": "0",
        "start_cross_reference_table": "1",
        "stream_end": "12",
        "stream_start": "12",
        "trailer_dictionary": "1"
    },
    "yara_signatures": [
        "without_attachments",
        "without_images",
        "with_urls",
        "invalid_trailer_structure",
        "contentis_base64"
    ]
}