{
    "exif_signatures": {},
    "file_size": 44962,
    "pdfid_signatures": {},
    "pypdf_uris": [
        "https://netcdn.xyz/app/479516143/minecraft-cheats-switch-game-hack",
        "https://netcdn.xyz/app/479516143/minecraft-cheats-switch-game-hack",
        "http://apostolosandreaslemesou.com/images/coin-master-cheats-for-free-spins_GM406889139.pdf",
        "http://apostolosandreaslemesou.com/images/how-to-hack-roblox-to-get-free-robux_GM431946152.pdf",
        "http://apostolosandreaslemesou.com/images/offers-for-robux_GM431946152.pdf",
        "http://apostolosandreaslemesou.com/images/how-to-get-free-roblox-premium_GM431946152.pdf",
        "http://apostolosandreaslemesou.com/images/free-spin-and-daily-news-coin-master_GM406889139.pdf",
        "http://apostolosandreaslemesou.com/images/how-to-get-free-things-on-roblox_GM431946152.pdf",
        "http://apostolosandreaslemesou.com/images/free-roblox-gear_GM431946152.pdf",
        "http://apostolosandreaslemesou.com/images/free-spins-coin-master-site-wwwquoracom_GM406889139.pdf",
        "http://apostolosandreaslemesou.com/images/coin-master-link-today_GM406889139.pdf",
        "http://apostolosandreaslemesou.com/images/roblox-rape-hack_GM431946152.pdf",
        "http://apostolosandreaslemesou.com/images/coin-master-free-spins-and-coins-2021_GM406889139.pdf",
        "http://apostolosandreaslemesou.com/images/free-robux-websites-that-actually-work-2021_GM431946152.pdf",
        "http://apostolosandreaslemesou.com/images/free-robux-easy-and-fast_GM431946152.pdf",
        "http://apostolosandreaslemesou.com/images/earn-robux-com_GM431946152.pdf",
        "http://apostolosandreaslemesou.com/images/free-robux-without-human-verification_GM431946152.pdf",
        "http://apostolosandreaslemesou.com/images/minecraft-pe-free-download_GM479516143.pdf",
        "http://apostolosandreaslemesou.com/images/coin-master-free-spins-link-2021-march_GM406889139.pdf",
        "http://apostolosandreaslemesou.com/images/offers-to-complete-and-get-free-spins-in-coin-master_GM406889139.pdf",
        "http://apostolosandreaslemesou.com/images/roblox-hack-app_GM431946152.pdf",
        "http://apostolosandreaslemesou.com/images/coin-master-daily-free-spins-and-coins_GM406889139.pdf"
    ],
    "regex_uris": [
        "https://netcdn.xyz/app/479516143/minecraft-cheats-switch-game-hack",
        "https://netcdn.xyz/app/479516143/minecraft-cheats-switch-game-hack",
        "http://apostolosandreaslemesou.com/images/coin-master-cheats-for-free-spins_GM406889139.pdf",
        "http://apostolosandreaslemesou.com/images/how-to-hack-roblox-to-get-free-robux_GM431946152.pdf",
        "http://apostolosandreaslemesou.com/images/offers-for-robux_GM431946152.pdf",
        "http://apostolosandreaslemesou.com/images/how-to-get-free-roblox-premium_GM431946152.pdf",
        "http://apostolosandreaslemesou.com/images/free-spin-and-daily-news-coin-master_GM406889139.pdf",
        "http://apostolosandreaslemesou.com/images/how-to-get-free-things-on-roblox_GM431946152.pdf",
        "http://apostolosandreaslemesou.com/images/free-roblox-gear_GM431946152.pdf",
        "http://apostolosandreaslemesou.com/images/free-spins-coin-master-site-wwwquoracom_GM406889139.pdf",
        "http://apostolosandreaslemesou.com/images/coin-master-link-today_GM406889139.pdf",
        "http://apostolosandreaslemesou.com/images/roblox-rape-hack_GM431946152.pdf",
        "http://apostolosandreaslemesou.com/images/coin-master-free-spins-and-coins-2021_GM406889139.pdf",
        "http://apostolosandreaslemesou.com/images/free-robux-websites-that-actually-work-2021_GM431946152.pdf",
        "http://apostolosandreaslemesou.com/images/free-robux-easy-and-fast_GM431946152.pdf",
        "http://apostolosandreaslemesou.com/images/earn-robux-com_GM431946152.pdf",
        "http://apostolosandreaslemesou.com/images/free-robux-without-human-verification_GM431946152.pdf",
        "http://apostolosandreaslemesou.com/images/minecraft-pe-free-download_GM479516143.pdf",
        "http://apostolosandreaslemesou.com/images/coin-master-free-spins-link-2021-march_GM406889139.pdf",
        "http://apostolosandreaslemesou.com/images/offers-to-complete-and-get-free-spins-in-coin-master_GM406889139.pdf",
        "http://apostolosandreaslemesou.com/images/roblox-hack-app_GM431946152.pdf",
        "http://apostolosandreaslemesou.com/images/coin-master-daily-free-spins-and-coins_GM406889139.pdf"
    ],
    "regex_urls": [
        "https",
        "https",
        "http://apostolosandreaslemesou.com/images/coin-master-cheats-for-free-spins_GM406889139.pdf",
        "http://apostolosandreaslemesou.com/images/how-to-hack-roblox-to-get-free-robux_GM431946152.pdf",
        "http://apostolosandreaslemesou.com/images/offers-for-robux_GM431946152.pdf",
        "http://apostolosandreaslemesou.com/images/how-to-get-free-roblox-premium_GM431946152.pdf",
        "http://apostolosandreaslemesou.com/images/free-spin-and-daily-news-coin-master_GM406889139.pdf",
        "http://apostolosandreaslemesou.com/images/how-to-get-free-things-on-roblox_GM431946152.pdf",
        "http://apostolosandreaslemesou.com/images/free-roblox-gear_GM431946152.pdf",
        "http://apostolosandreaslemesou.com/images/free-spins-coin-master-site-wwwquoracom_GM406889139.pdf",
        "http://apostolosandreaslemesou.com/images/coin-master-link-today_GM406889139.pdf",
        "http://apostolosandreaslemesou.com/images/roblox-rape-hack_GM431946152.pdf",
        "http://apostolosandreaslemesou.com/images/coin-master-free-spins-and-coins-2021_GM406889139.pdf",
        "http://apostolosandreaslemesou.com/images/free-robux-websites-that-actually-work-2021_GM431946152.pdf",
        "http://apostolosandreaslemesou.com/images/free-robux-easy-and-fast_GM431946152.pdf",
        "http://apostolosandreaslemesou.com/images/earn-robux-com_GM431946152.pdf",
        "http://apostolosandreaslemesou.com/images/free-robux-without-human-verification_GM431946152.pdf",
        "http://apostolosandreaslemesou.com/images/minecraft-pe-free-download_GM479516143.pdf",
        "http://apostolosandreaslemesou.com/images/coin-master-free-spins-link-2021-march_GM406889139.pdf",
        "http://apostolosandreaslemesou.com/images/offers-to-complete-and-get-free-spins-in-coin-master_GM406889139.pdf",
        "http://apostolosandreaslemesou.com/images/roblox-hack-app_GM431946152.pdf",
        "http://apostolosandreaslemesou.com/images/coin-master-daily-free-spins-and-coins_GM406889139.pdf"
    ],
    "scripts": {
        "iframe": [],
        "urls": []
    },
    "static_properties": {
        "JBIG2Decode": "0",
        "XML_forms": "0",
        "acro_form": "0",
        "auto_action": "0",
        "colors": "0",
        "cross_reference_table": "1",
        "embedded_files": "0",
        "file_size": "45",
        "java_script": "0",
        "js": "0",
        "launch_action": "0",
        "object_end": "60",
        "object_start": "60",
        "object_streams": "0",
        "open_action": "0",
        "page_count": "3",
        "rich_media": "0",
        "start_cross_reference_table": "1",
        "stream_end": "7",
        "stream_start": "7",
        "trailer_dictionary": "1"
    },
    "yara_signatures": [
        "without_attachments",
        "without_images",
        "with_urls",
        "invalid_trailer_structure",
        "contentis_base64"
    ]
}