{
    "exif_signatures": {
        "invalid_xref_table": {
            "description": "This PDF file contains invalid cross reference table.",
            "families": [],
            "marks": [],
            "name": "invalid_xref_table",
            "references": [],
            "severity": 5
        }
    },
    "file_size": 153904,
    "pdfid_signatures": {},
    "pypdf_uris": [
        "https://tlniurl.com/1pvzsa",
        "https://tlniurl.com/1pvzsa",
        "https://tlniurl.com/1pvzsa",
        "https://tlniurl.com/1pvzsa",
        "https://tlniurl.com/1pvzsa",
        "http://lobscompcaltuo.over-blog.com/2020/03/ram-leela-movie-download-khatrimaza-21.html",
        "http://squatintamisc.over-blog.com/2020/03/Blade-Runner-2049-English-in-hindi-dubbed-movie-download.html",
        "http://craplimpbumet.over-blog.com/2020/03/high-tail-hall-gold-cracked.html",
        "http://swoopasizmai.over-blog.com/2020/03/1492-a-conquista-do-paraiso-dublado-torrent.html",
        "http://desinsdernald.over-blog.com/2020/03/crook-movie-download-worldfree4u-dual-audio.html",
        "http://bortighbibkotch.over-blog.com/2020/03/The-Sims-2-Ultimate-Collection-2014-Multi-21-repack-Mr-DJ-free-download.html",
        "http://venasobe.over-blog.com/2020/03/Download-Video-Mesum-Mahasiswi-Yogyakarta-mega.html",
        "http://piescavaram.over-blog.com/2020/03/sas-software-free-download-crack.html",
        "http://borfarmnonsets.over-blog.com/2020/03/MLA-tamil-movie-download-in-hd-720p.html",
        "http://tiihammika.over-blog.com/2020/03/Kyaa-Kool-Hai-Hum-movie-download-1080p-hd.html",
        "http://www.tcpdf.org"
    ],
    "regex_uris": [
        "https://tlniurl.com/1pvzsa",
        "https://tlniurl.com/1pvzsa",
        "https://tlniurl.com/1pvzsa",
        "https://tlniurl.com/1pvzsa",
        "https://tlniurl.com/1pvzsa",
        "http://lobscompcaltuo.over-blog.com/2020/03/ram-leela-movie-download-khatrimaza-21.html",
        "http://squatintamisc.over-blog.com/2020/03/Blade-Runner-2049-English-in-hindi-dubbed-movie-download.html",
        "http://craplimpbumet.over-blog.com/2020/03/high-tail-hall-gold-cracked.html",
        "http://swoopasizmai.over-blog.com/2020/03/1492-a-conquista-do-paraiso-dublado-torrent.html",
        "http://desinsdernald.over-blog.com/2020/03/crook-movie-download-worldfree4u-dual-audio.html",
        "http://bortighbibkotch.over-blog.com/2020/03/The-Sims-2-Ultimate-Collection-2014-Multi-21-repack-Mr-DJ-free-download.html",
        "http://venasobe.over-blog.com/2020/03/Download-Video-Mesum-Mahasiswi-Yogyakarta-mega.html",
        "http://piescavaram.over-blog.com/2020/03/sas-software-free-download-crack.html",
        "http://borfarmnonsets.over-blog.com/2020/03/MLA-tamil-movie-download-in-hd-720p.html",
        "http://tiihammika.over-blog.com/2020/03/Kyaa-Kool-Hai-Hum-movie-download-1080p-hd.html",
        "http://www.tcpdf.org"
    ],
    "regex_urls": [
        "https",
        "https",
        "https",
        "https",
        "https",
        "http://lobscompcaltuo.over-blog.com/2020/03/ram-leela-movie-download-khatrimaza-21.html",
        "http://squatintamisc.over-blog.com/2020/03/Blade-Runner-2049-English-in-hindi-dubbed-movie-download.html",
        "http://craplimpbumet.over-blog.com/2020/03/high-tail-hall-gold-cracked.html",
        "http://swoopasizmai.over-blog.com/2020/03/1492-a-conquista-do-paraiso-dublado-torrent.html",
        "http://desinsdernald.over-blog.com/2020/03/crook-movie-download-worldfree4u-dual-audio.html",
        "http://bortighbibkotch.over-blog.com/2020/03/The-Sims-2-Ultimate-Collection-2014-Multi-21-repack-Mr-DJ-free-download.html",
        "http://venasobe.over-blog.com/2020/03/Download-Video-Mesum-Mahasiswi-Yogyakarta-mega.html",
        "http://piescavaram.over-blog.com/2020/03/sas-software-free-download-crack.html",
        "http://borfarmnonsets.over-blog.com/2020/03/MLA-tamil-movie-download-in-hd-720p.html",
        "http://tiihammika.over-blog.com/2020/03/Kyaa-Kool-Hai-Hum-movie-download-1080p-hd.html",
        "http://www.tcpdf.org",
        "http://www.w3.org/1999/02/22-rdf-syntax-ns#",
        "http://purl.org/dc/elements/1.1/",
        "http://ns.adobe.com/xap/1.0/",
        "http://ns.adobe.com/pdf/1.3/",
        "http://ns.adobe.com/xap/1.0/mm/",
        "http://www.aiim.org/pdfa/ns/extension/",
        "http://www.aiim.org/pdfa/ns/schema#",
        "http://www.aiim.org/pdfa/ns/property#",
        "http://ns.adobe.com/pdf/1.3/",
        "http://ns.adobe.com/xap/1.0/mm/",
        "http://www.aiim.org/pdfa/ns/id/"
    ],
    "scripts": {
        "iframe": [],
        "urls": []
    },
    "static_properties": {
        "JBIG2Decode": "0",
        "XML_forms": "0",
        "acro_form": "0",
        "auto_action": "0",
        "colors": "0",
        "cross_reference_table": "1",
        "embedded_files": "0",
        "file_size": "154",
        "java_script": "0",
        "js": "0",
        "launch_action": "0",
        "object_end": "39",
        "object_start": "39",
        "object_streams": "0",
        "open_action": "1",
        "page_count": "3",
        "rich_media": "0",
        "start_cross_reference_table": "1",
        "stream_end": "11",
        "stream_start": "11",
        "trailer_dictionary": "1"
    },
    "yara_signatures": [
        "without_attachments",
        "without_images",
        "with_urls",
        "contentis_base64",
        "Big_Numbers1"
    ]
}