{
    "exif_signatures": {},
    "file_size": 34649,
    "pdfid_signatures": {},
    "pypdf_uris": [
        "http://netcdn.co/app/431946152/addrbx-earn-free-robux-game-hack",
        "http://netcdn.co/app/431946152/addrbx-earn-free-robux-game-hack",
        "https://elibrary.ikhac.ac.id/repository/how-to-do-nasty-hacks-on-roblox_GM431946152.pdf",
        "https://elibrary.ikhac.ac.id/repository/roblox-hacks-flame_GM431946152.pdf",
        "https://elibrary.ikhac.ac.id/repository/free-robux-groups-2021_GM431946152.pdf",
        "https://elibrary.ikhac.ac.id/repository/cool-roblox-clothes-for-free_GM431946152.pdf",
        "https://elibrary.ikhac.ac.id/repository/minecraft-pe-texture-packs-free-download_GM479516143.pdf",
        "https://elibrary.ikhac.ac.id/repository/roblox-fly-hack-2021_GM431946152.pdf",
        "https://elibrary.ikhac.ac.id/repository/how-to-get-a-hacked-account-on-roblox_GM431946152.pdf",
        "https://elibrary.ikhac.ac.id/repository/free-robux-codes-2021-real_GM431946152.pdf",
        "https://elibrary.ikhac.ac.id/repository/rbl-gg-free-robux_GM431946152.pdf",
        "https://elibrary.ikhac.ac.id/repository/robuxreward-net-free-robux_GM431946152.pdf",
        "https://elibrary.ikhac.ac.id/repository/hacks-para-roblox-counter-blox_GM431946152.pdf",
        "https://elibrary.ikhac.ac.id/repository/coin-master-free-gift-cards_GM406889139.pdf",
        "https://elibrary.ikhac.ac.id/repository/how-do-you-hack-minecraft_GM479516143.pdf",
        "https://elibrary.ikhac.ac.id/repository/robux_GM431946152.pdf",
        "https://elibrary.ikhac.ac.id/repository/roblox-cool-shirts-free-shipping_GM431946152.pdf",
        "https://elibrary.ikhac.ac.id/repository/free-roblox-friends_GM431946152.pdf",
        "https://elibrary.ikhac.ac.id/repository/free-printable-roblox-cupcake-toppers_GM431946152.pdf",
        "https://elibrary.ikhac.ac.id/repository/roblox-wall-hacking_GM431946152.pdf",
        "https://elibrary.ikhac.ac.id/repository/all-free-guardia-presents-in-roblox_GM431946152.pdf",
        "https://elibrary.ikhac.ac.id/repository/hacks-for-minecraft-windows-10_GM479516143.pdf"
    ],
    "regex_uris": [
        "http://netcdn.co/app/431946152/addrbx-earn-free-robux-game-hack",
        "http://netcdn.co/app/431946152/addrbx-earn-free-robux-game-hack",
        "https://elibrary.ikhac.ac.id/repository/how-to-do-nasty-hacks-on-roblox_GM431946152.pdf",
        "https://elibrary.ikhac.ac.id/repository/roblox-hacks-flame_GM431946152.pdf",
        "https://elibrary.ikhac.ac.id/repository/free-robux-groups-2021_GM431946152.pdf",
        "https://elibrary.ikhac.ac.id/repository/cool-roblox-clothes-for-free_GM431946152.pdf",
        "https://elibrary.ikhac.ac.id/repository/minecraft-pe-texture-packs-free-download_GM479516143.pdf",
        "https://elibrary.ikhac.ac.id/repository/roblox-fly-hack-2021_GM431946152.pdf",
        "https://elibrary.ikhac.ac.id/repository/how-to-get-a-hacked-account-on-roblox_GM431946152.pdf",
        "https://elibrary.ikhac.ac.id/repository/free-robux-codes-2021-real_GM431946152.pdf",
        "https://elibrary.ikhac.ac.id/repository/rbl-gg-free-robux_GM431946152.pdf",
        "https://elibrary.ikhac.ac.id/repository/robuxreward-net-free-robux_GM431946152.pdf",
        "https://elibrary.ikhac.ac.id/repository/hacks-para-roblox-counter-blox_GM431946152.pdf",
        "https://elibrary.ikhac.ac.id/repository/coin-master-free-gift-cards_GM406889139.pdf",
        "https://elibrary.ikhac.ac.id/repository/how-do-you-hack-minecraft_GM479516143.pdf",
        "https://elibrary.ikhac.ac.id/repository/robux_GM431946152.pdf",
        "https://elibrary.ikhac.ac.id/repository/roblox-cool-shirts-free-shipping_GM431946152.pdf",
        "https://elibrary.ikhac.ac.id/repository/free-roblox-friends_GM431946152.pdf",
        "https://elibrary.ikhac.ac.id/repository/free-printable-roblox-cupcake-toppers_GM431946152.pdf",
        "https://elibrary.ikhac.ac.id/repository/roblox-wall-hacking_GM431946152.pdf",
        "https://elibrary.ikhac.ac.id/repository/all-free-guardia-presents-in-roblox_GM431946152.pdf",
        "https://elibrary.ikhac.ac.id/repository/hacks-for-minecraft-windows-10_GM479516143.pdf"
    ],
    "regex_urls": [
        "http://netcdn.co/app/431946152/addrbx-earn-free-robux-game-hack",
        "http://netcdn.co/app/431946152/addrbx-earn-free-robux-game-hack",
        "https",
        "https",
        "https",
        "https",
        "https",
        "https",
        "https",
        "https",
        "https",
        "https",
        "https",
        "https",
        "https",
        "https",
        "https",
        "https",
        "https",
        "https",
        "https",
        "https"
    ],
    "scripts": {
        "iframe": [],
        "urls": []
    },
    "static_properties": {
        "JBIG2Decode": "0",
        "XML_forms": "0",
        "acro_form": "0",
        "auto_action": "0",
        "colors": "0",
        "cross_reference_table": "1",
        "embedded_files": "0",
        "file_size": "35",
        "java_script": "0",
        "js": "0",
        "launch_action": "0",
        "object_end": "55",
        "object_start": "55",
        "object_streams": "0",
        "open_action": "0",
        "page_count": "2",
        "rich_media": "0",
        "start_cross_reference_table": "1",
        "stream_end": "6",
        "stream_start": "6",
        "trailer_dictionary": "1"
    },
    "yara_signatures": [
        "without_attachments",
        "without_images",
        "with_urls",
        "invalid_trailer_structure",
        "contentis_base64"
    ]
}