{
    "exif_signatures": {},
    "file_size": 36003,
    "pdfid_signatures": {},
    "pypdf_uris": [
        "http://netcdn.tw/app/431946152/roblox-premium-free-game-hack",
        "http://netcdn.tw/app/431946152/roblox-premium-free-game-hack",
        "https://elearning.manicp.sch.id/__statics/gudangsoal/files/roblox-hack-no-scam-robloxian_GM431946152.pdf",
        "https://elearning.manicp.sch.id/__statics/gudangsoal/files/free-tattoo-group-roblox_GM431946152.pdf",
        "https://elearning.manicp.sch.id/__statics/gudangsoal/files/how-to-get-free-hats-on-roblox_GM431946152.pdf",
        "https://elearning.manicp.sch.id/__statics/gudangsoal/files/cheat-engine-roblox-2021_GM431946152.pdf",
        "https://elearning.manicp.sch.id/__statics/gudangsoal/files/blogspot-free-spins-coin-master_GM406889139.pdf",
        "https://elearning.manicp.sch.id/__statics/gudangsoal/files/coin-master-hack-no-verify_GM406889139.pdf",
        "https://elearning.manicp.sch.id/__statics/gudangsoal/files/free-hair-roblox-2021_GM431946152.pdf",
        "https://elearning.manicp.sch.id/__statics/gudangsoal/files/coin-master-hack-2021_GM406889139.pdf",
        "https://elearning.manicp.sch.id/__statics/gudangsoal/files/free-robux-card-codes_GM431946152.pdf",
        "https://elearning.manicp.sch.id/__statics/gudangsoal/files/coin-master-reward-link-2021_GM406889139.pdf",
        "https://elearning.manicp.sch.id/__statics/gudangsoal/files/roblox-how-to-get-robux-for-free-2021_GM431946152.pdf",
        "https://elearning.manicp.sch.id/__statics/gudangsoal/files/free-robux-hack-no-human-verification-or-survey-2021_GM431946152.pdf",
        "https://elearning.manicp.sch.id/__statics/gudangsoal/files/roblox-speed-hack-cheat-engine-2021_GM431946152.pdf",
        "https://elearning.manicp.sch.id/__statics/gudangsoal/files/robux-hack-tool-download-2021_GM431946152.pdf",
        "https://elearning.manicp.sch.id/__statics/gudangsoal/files/robux-hack_GM431946152.pdf",
        "https://elearning.manicp.sch.id/__statics/gudangsoal/files/hacks-para-coin-master_GM406889139.pdf",
        "https://elearning.manicp.sch.id/__statics/gudangsoal/files/free-roblox-toys_GM431946152.pdf",
        "https://elearning.manicp.sch.id/__statics/gudangsoal/files/robux-converter_GM431946152.pdf",
        "https://elearning.manicp.sch.id/__statics/gudangsoal/files/free-robux-generater-no-human-verificaition_GM431946152.pdf",
        "https://elearning.manicp.sch.id/__statics/gudangsoal/files/hack-coin-master-apk-mod_GM406889139.pdf"
    ],
    "regex_uris": [
        "http://netcdn.tw/app/431946152/roblox-premium-free-game-hack",
        "http://netcdn.tw/app/431946152/roblox-premium-free-game-hack",
        "https://elearning.manicp.sch.id/__statics/gudangsoal/files/roblox-hack-no-scam-robloxian_GM431946152.pdf",
        "https://elearning.manicp.sch.id/__statics/gudangsoal/files/free-tattoo-group-roblox_GM431946152.pdf",
        "https://elearning.manicp.sch.id/__statics/gudangsoal/files/how-to-get-free-hats-on-roblox_GM431946152.pdf",
        "https://elearning.manicp.sch.id/__statics/gudangsoal/files/cheat-engine-roblox-2021_GM431946152.pdf",
        "https://elearning.manicp.sch.id/__statics/gudangsoal/files/blogspot-free-spins-coin-master_GM406889139.pdf",
        "https://elearning.manicp.sch.id/__statics/gudangsoal/files/coin-master-hack-no-verify_GM406889139.pdf",
        "https://elearning.manicp.sch.id/__statics/gudangsoal/files/free-hair-roblox-2021_GM431946152.pdf",
        "https://elearning.manicp.sch.id/__statics/gudangsoal/files/coin-master-hack-2021_GM406889139.pdf",
        "https://elearning.manicp.sch.id/__statics/gudangsoal/files/free-robux-card-codes_GM431946152.pdf",
        "https://elearning.manicp.sch.id/__statics/gudangsoal/files/coin-master-reward-link-2021_GM406889139.pdf",
        "https://elearning.manicp.sch.id/__statics/gudangsoal/files/roblox-how-to-get-robux-for-free-2021_GM431946152.pdf",
        "https://elearning.manicp.sch.id/__statics/gudangsoal/files/free-robux-hack-no-human-verification-or-survey-2021_GM431946152.pdf",
        "https://elearning.manicp.sch.id/__statics/gudangsoal/files/roblox-speed-hack-cheat-engine-2021_GM431946152.pdf",
        "https://elearning.manicp.sch.id/__statics/gudangsoal/files/robux-hack-tool-download-2021_GM431946152.pdf",
        "https://elearning.manicp.sch.id/__statics/gudangsoal/files/robux-hack_GM431946152.pdf",
        "https://elearning.manicp.sch.id/__statics/gudangsoal/files/hacks-para-coin-master_GM406889139.pdf",
        "https://elearning.manicp.sch.id/__statics/gudangsoal/files/free-roblox-toys_GM431946152.pdf",
        "https://elearning.manicp.sch.id/__statics/gudangsoal/files/robux-converter_GM431946152.pdf",
        "https://elearning.manicp.sch.id/__statics/gudangsoal/files/free-robux-generater-no-human-verificaition_GM431946152.pdf",
        "https://elearning.manicp.sch.id/__statics/gudangsoal/files/hack-coin-master-apk-mod_GM406889139.pdf"
    ],
    "regex_urls": [
        "http://netcdn.tw/app/431946152/roblox-premium-free-game-hack",
        "http://netcdn.tw/app/431946152/roblox-premium-free-game-hack",
        "https",
        "https",
        "https",
        "https",
        "https",
        "https",
        "https",
        "https",
        "https",
        "https",
        "https",
        "https",
        "https",
        "https",
        "https",
        "https",
        "https",
        "https",
        "https",
        "https"
    ],
    "scripts": {
        "iframe": [],
        "urls": []
    },
    "static_properties": {
        "JBIG2Decode": "0",
        "XML_forms": "0",
        "acro_form": "0",
        "auto_action": "0",
        "colors": "0",
        "cross_reference_table": "1",
        "embedded_files": "0",
        "file_size": "36",
        "java_script": "0",
        "js": "0",
        "launch_action": "0",
        "object_end": "55",
        "object_start": "55",
        "object_streams": "0",
        "open_action": "0",
        "page_count": "2",
        "rich_media": "0",
        "start_cross_reference_table": "1",
        "stream_end": "6",
        "stream_start": "6",
        "trailer_dictionary": "1"
    },
    "yara_signatures": [
        "without_attachments",
        "without_images",
        "with_urls",
        "invalid_trailer_structure",
        "contentis_base64"
    ]
}