{
    "exif_signatures": {},
    "file_size": 45037,
    "pdfid_signatures": {},
    "pypdf_uris": [
        "http://netcdn.co/app/431946152/how-to-earn-free-robux-with-offertoro-game-hack",
        "http://netcdn.co/app/431946152/how-to-earn-free-robux-with-offertoro-game-hack",
        "https://eastwood.co.ke/uploaded_files/userfiles/files/robux-converter_GM431946152.pdf",
        "https://eastwood.co.ke/uploaded_files/userfiles/files/coin-master-free-spinv1-0apkpure-com-apk_GM406889139.pdf",
        "https://eastwood.co.ke/uploaded_files/userfiles/files/app-for-free-spins-on-coin-master_GM406889139.pdf",
        "https://eastwood.co.ke/uploaded_files/userfiles/files/coin-master-hack-unlimited-spins-apk-download_GM406889139.pdf",
        "https://eastwood.co.ke/uploaded_files/userfiles/files/coin-master-daily-free-spins_GM406889139.pdf",
        "https://eastwood.co.ke/uploaded_files/userfiles/files/roblox-skins-boy-free_GM431946152.pdf",
        "https://eastwood.co.ke/uploaded_files/userfiles/files/i-got-hacked-on-roblox_GM431946152.pdf",
        "https://eastwood.co.ke/uploaded_files/userfiles/files/free-robux-no-verification-needed_GM431946152.pdf",
        "https://eastwood.co.ke/uploaded_files/userfiles/files/free-free-robux_GM431946152.pdf",
        "https://eastwood.co.ke/uploaded_files/userfiles/files/free-robux-no-password_GM431946152.pdf",
        "https://eastwood.co.ke/uploaded_files/userfiles/files/roblox-free-login_GM431946152.pdf",
        "https://eastwood.co.ke/uploaded_files/userfiles/files/free-robux-from-just-watching-a-video_GM431946152.pdf",
        "https://eastwood.co.ke/uploaded_files/userfiles/files/roblox-free-robux_GM431946152.pdf",
        "https://eastwood.co.ke/uploaded_files/userfiles/files/how-to-make-robux-on-roblox_GM431946152.pdf",
        "https://eastwood.co.ke/uploaded_files/userfiles/files/free-robux-hack-us_GM431946152.pdf",
        "https://eastwood.co.ke/uploaded_files/userfiles/files/daily-free-spins-coin-master_GM406889139.pdf",
        "https://eastwood.co.ke/uploaded_files/userfiles/files/robux-download_GM431946152.pdf",
        "https://eastwood.co.ke/uploaded_files/userfiles/files/how-can-i-get-minecraft-for-free_GM479516143.pdf",
        "https://eastwood.co.ke/uploaded_files/userfiles/files/get-a-free-promo-codes-for-roblox_GM431946152.pdf",
        "https://eastwood.co.ke/uploaded_files/userfiles/files/coin-master-shield-hack_GM406889139.pdf"
    ],
    "regex_uris": [
        "http://netcdn.co/app/431946152/how-to-earn-free-robux-with-offertoro-game-hack",
        "http://netcdn.co/app/431946152/how-to-earn-free-robux-with-offertoro-game-hack",
        "https://eastwood.co.ke/uploaded_files/userfiles/files/robux-converter_GM431946152.pdf",
        "https://eastwood.co.ke/uploaded_files/userfiles/files/coin-master-free-spinv1-0apkpure-com-apk_GM406889139.pdf",
        "https://eastwood.co.ke/uploaded_files/userfiles/files/app-for-free-spins-on-coin-master_GM406889139.pdf",
        "https://eastwood.co.ke/uploaded_files/userfiles/files/coin-master-hack-unlimited-spins-apk-download_GM406889139.pdf",
        "https://eastwood.co.ke/uploaded_files/userfiles/files/coin-master-daily-free-spins_GM406889139.pdf",
        "https://eastwood.co.ke/uploaded_files/userfiles/files/roblox-skins-boy-free_GM431946152.pdf",
        "https://eastwood.co.ke/uploaded_files/userfiles/files/i-got-hacked-on-roblox_GM431946152.pdf",
        "https://eastwood.co.ke/uploaded_files/userfiles/files/free-robux-no-verification-needed_GM431946152.pdf",
        "https://eastwood.co.ke/uploaded_files/userfiles/files/free-free-robux_GM431946152.pdf",
        "https://eastwood.co.ke/uploaded_files/userfiles/files/free-robux-no-password_GM431946152.pdf",
        "https://eastwood.co.ke/uploaded_files/userfiles/files/roblox-free-login_GM431946152.pdf",
        "https://eastwood.co.ke/uploaded_files/userfiles/files/free-robux-from-just-watching-a-video_GM431946152.pdf",
        "https://eastwood.co.ke/uploaded_files/userfiles/files/roblox-free-robux_GM431946152.pdf",
        "https://eastwood.co.ke/uploaded_files/userfiles/files/how-to-make-robux-on-roblox_GM431946152.pdf",
        "https://eastwood.co.ke/uploaded_files/userfiles/files/free-robux-hack-us_GM431946152.pdf",
        "https://eastwood.co.ke/uploaded_files/userfiles/files/daily-free-spins-coin-master_GM406889139.pdf",
        "https://eastwood.co.ke/uploaded_files/userfiles/files/robux-download_GM431946152.pdf",
        "https://eastwood.co.ke/uploaded_files/userfiles/files/how-can-i-get-minecraft-for-free_GM479516143.pdf",
        "https://eastwood.co.ke/uploaded_files/userfiles/files/get-a-free-promo-codes-for-roblox_GM431946152.pdf",
        "https://eastwood.co.ke/uploaded_files/userfiles/files/coin-master-shield-hack_GM406889139.pdf"
    ],
    "regex_urls": [
        "http://netcdn.co/app/431946152/how-to-earn-free-robux-with-offertoro-game-hack",
        "http://netcdn.co/app/431946152/how-to-earn-free-robux-with-offertoro-game-hack",
        "https",
        "https",
        "https",
        "https",
        "https",
        "https",
        "https",
        "https",
        "https",
        "https",
        "https",
        "https",
        "https",
        "https",
        "https",
        "https",
        "https",
        "https",
        "https",
        "https"
    ],
    "scripts": {
        "iframe": [],
        "urls": []
    },
    "static_properties": {
        "JBIG2Decode": "0",
        "XML_forms": "0",
        "acro_form": "0",
        "auto_action": "0",
        "colors": "0",
        "cross_reference_table": "1",
        "embedded_files": "0",
        "file_size": "45",
        "java_script": "0",
        "js": "0",
        "launch_action": "0",
        "object_end": "60",
        "object_start": "60",
        "object_streams": "0",
        "open_action": "0",
        "page_count": "3",
        "rich_media": "0",
        "start_cross_reference_table": "1",
        "stream_end": "7",
        "stream_start": "7",
        "trailer_dictionary": "1"
    },
    "yara_signatures": [
        "without_attachments",
        "without_images",
        "with_urls",
        "invalid_trailer_structure",
        "contentis_base64"
    ]
}