{
    "exif_signatures": {},
    "file_size": 45646,
    "pdfid_signatures": {},
    "pypdf_uris": [
        "https://netcdn.xyz/app/406889139/spin-links-for-coin-master-game-hack",
        "https://netcdn.xyz/app/406889139/spin-links-for-coin-master-game-hack",
        "https://www.stedwardscheddleton.co.uk/admin/ckfinder/userfiles/files/get-me-robux-for-free_GM431946152.pdf",
        "https://www.stedwardscheddleton.co.uk/admin/ckfinder/userfiles/files/roblox-hack-app_GM431946152.pdf",
        "https://www.stedwardscheddleton.co.uk/admin/ckfinder/userfiles/files/como-hackear-coin-master_GM406889139.pdf",
        "https://www.stedwardscheddleton.co.uk/admin/ckfinder/userfiles/files/coin-master-official-page_GM406889139.pdf",
        "https://www.stedwardscheddleton.co.uk/admin/ckfinder/userfiles/files/mcpe-master-coin-hack-apk_GM406889139.pdf",
        "https://www.stedwardscheddleton.co.uk/admin/ckfinder/userfiles/files/free-roblox-promo-codes-for-robux_GM431946152.pdf",
        "https://www.stedwardscheddleton.co.uk/admin/ckfinder/userfiles/files/free-spins-on-coin-master_GM406889139.pdf",
        "https://www.stedwardscheddleton.co.uk/admin/ckfinder/userfiles/files/how-to-get-free-robux-easy-hack_GM431946152.pdf",
        "https://www.stedwardscheddleton.co.uk/admin/ckfinder/userfiles/files/freerobuxhack-us_GM431946152.pdf",
        "https://www.stedwardscheddleton.co.uk/admin/ckfinder/userfiles/files/roblox-earn_GM431946152.pdf",
        "https://www.stedwardscheddleton.co.uk/admin/ckfinder/userfiles/files/how-to-download-minecraft-for-free-on-your-phone_GM479516143.pdf",
        "https://www.stedwardscheddleton.co.uk/admin/ckfinder/userfiles/files/free-robux-no-human-verify_GM431946152.pdf",
        "https://www.stedwardscheddleton.co.uk/admin/ckfinder/userfiles/files/how-to-change-your-username-on-roblox-for-free-2021_GM431946152.pdf",
        "https://www.stedwardscheddleton.co.uk/admin/ckfinder/userfiles/files/robux-generator-no-survey_GM431946152.pdf",
        "https://www.stedwardscheddleton.co.uk/admin/ckfinder/userfiles/files/cheats-coin-master-free-spins-and-news_GM406889139.pdf",
        "https://www.stedwardscheddleton.co.uk/admin/ckfinder/userfiles/files/free-robux-games-that-actually-work_GM431946152.pdf",
        "https://www.stedwardscheddleton.co.uk/admin/ckfinder/userfiles/files/como-hackear-coin-master-2021-espaol_GM406889139.pdf",
        "https://www.stedwardscheddleton.co.uk/admin/ckfinder/userfiles/files/rbxoffers-com-free-robux_GM431946152.pdf",
        "https://www.stedwardscheddleton.co.uk/admin/ckfinder/userfiles/files/new-free-money-links-coin-master_GM406889139.pdf",
        "https://www.stedwardscheddleton.co.uk/admin/ckfinder/userfiles/files/free-robux-no-verification-needed_GM431946152.pdf"
    ],
    "regex_uris": [
        "https://netcdn.xyz/app/406889139/spin-links-for-coin-master-game-hack",
        "https://netcdn.xyz/app/406889139/spin-links-for-coin-master-game-hack",
        "https://www.stedwardscheddleton.co.uk/admin/ckfinder/userfiles/files/get-me-robux-for-free_GM431946152.pdf",
        "https://www.stedwardscheddleton.co.uk/admin/ckfinder/userfiles/files/roblox-hack-app_GM431946152.pdf",
        "https://www.stedwardscheddleton.co.uk/admin/ckfinder/userfiles/files/como-hackear-coin-master_GM406889139.pdf",
        "https://www.stedwardscheddleton.co.uk/admin/ckfinder/userfiles/files/coin-master-official-page_GM406889139.pdf",
        "https://www.stedwardscheddleton.co.uk/admin/ckfinder/userfiles/files/mcpe-master-coin-hack-apk_GM406889139.pdf",
        "https://www.stedwardscheddleton.co.uk/admin/ckfinder/userfiles/files/free-roblox-promo-codes-for-robux_GM431946152.pdf",
        "https://www.stedwardscheddleton.co.uk/admin/ckfinder/userfiles/files/free-spins-on-coin-master_GM406889139.pdf",
        "https://www.stedwardscheddleton.co.uk/admin/ckfinder/userfiles/files/how-to-get-free-robux-easy-hack_GM431946152.pdf",
        "https://www.stedwardscheddleton.co.uk/admin/ckfinder/userfiles/files/freerobuxhack-us_GM431946152.pdf",
        "https://www.stedwardscheddleton.co.uk/admin/ckfinder/userfiles/files/roblox-earn_GM431946152.pdf",
        "https://www.stedwardscheddleton.co.uk/admin/ckfinder/userfiles/files/how-to-download-minecraft-for-free-on-your-phone_GM479516143.pdf",
        "https://www.stedwardscheddleton.co.uk/admin/ckfinder/userfiles/files/free-robux-no-human-verify_GM431946152.pdf",
        "https://www.stedwardscheddleton.co.uk/admin/ckfinder/userfiles/files/how-to-change-your-username-on-roblox-for-free-2021_GM431946152.pdf",
        "https://www.stedwardscheddleton.co.uk/admin/ckfinder/userfiles/files/robux-generator-no-survey_GM431946152.pdf",
        "https://www.stedwardscheddleton.co.uk/admin/ckfinder/userfiles/files/cheats-coin-master-free-spins-and-news_GM406889139.pdf",
        "https://www.stedwardscheddleton.co.uk/admin/ckfinder/userfiles/files/free-robux-games-that-actually-work_GM431946152.pdf",
        "https://www.stedwardscheddleton.co.uk/admin/ckfinder/userfiles/files/como-hackear-coin-master-2021-espaol_GM406889139.pdf",
        "https://www.stedwardscheddleton.co.uk/admin/ckfinder/userfiles/files/rbxoffers-com-free-robux_GM431946152.pdf",
        "https://www.stedwardscheddleton.co.uk/admin/ckfinder/userfiles/files/new-free-money-links-coin-master_GM406889139.pdf",
        "https://www.stedwardscheddleton.co.uk/admin/ckfinder/userfiles/files/free-robux-no-verification-needed_GM431946152.pdf"
    ],
    "regex_urls": [
        "https",
        "https",
        "https",
        "www.stedwardscheddleton.co.uk/admin/ckfinder/userfiles/files/get-me-robux-for-free_GM431946152.pdf",
        "https",
        "www.stedwardscheddleton.co.uk/admin/ckfinder/userfiles/files/roblox-hack-app_GM431946152.pdf",
        "https",
        "www.stedwardscheddleton.co.uk/admin/ckfinder/userfiles/files/como-hackear-coin-master_GM406889139.pdf",
        "https",
        "www.stedwardscheddleton.co.uk/admin/ckfinder/userfiles/files/coin-master-official-page_GM406889139.pdf",
        "https",
        "www.stedwardscheddleton.co.uk/admin/ckfinder/userfiles/files/mcpe-master-coin-hack-apk_GM406889139.pdf",
        "https",
        "www.stedwardscheddleton.co.uk/admin/ckfinder/userfiles/files/free-roblox-promo-codes-for-robux_GM431946152.pdf",
        "https",
        "www.stedwardscheddleton.co.uk/admin/ckfinder/userfiles/files/free-spins-on-coin-master_GM406889139.pdf",
        "https",
        "www.stedwardscheddleton.co.uk/admin/ckfinder/userfiles/files/how-to-get-free-robux-easy-hack_GM431946152.pdf",
        "https",
        "www.stedwardscheddleton.co.uk/admin/ckfinder/userfiles/files/freerobuxhack-us_GM431946152.pdf",
        "https",
        "www.stedwardscheddleton.co.uk/admin/ckfinder/userfiles/files/roblox-earn_GM431946152.pdf",
        "https",
        "www.stedwardscheddleton.co.uk/admin/ckfinder/userfiles/files/how-to-download-minecraft-for-free-on-your-phone_GM479516143.pdf",
        "https",
        "www.stedwardscheddleton.co.uk/admin/ckfinder/userfiles/files/free-robux-no-human-verify_GM431946152.pdf",
        "https",
        "www.stedwardscheddleton.co.uk/admin/ckfinder/userfiles/files/how-to-change-your-username-on-roblox-for-free-2021_GM431946152.pdf",
        "https",
        "www.stedwardscheddleton.co.uk/admin/ckfinder/userfiles/files/robux-generator-no-survey_GM431946152.pdf",
        "https",
        "www.stedwardscheddleton.co.uk/admin/ckfinder/userfiles/files/cheats-coin-master-free-spins-and-news_GM406889139.pdf",
        "https",
        "www.stedwardscheddleton.co.uk/admin/ckfinder/userfiles/files/free-robux-games-that-actually-work_GM431946152.pdf",
        "https",
        "www.stedwardscheddleton.co.uk/admin/ckfinder/userfiles/files/como-hackear-coin-master-2021-espaol_GM406889139.pdf",
        "https",
        "www.stedwardscheddleton.co.uk/admin/ckfinder/userfiles/files/rbxoffers-com-free-robux_GM431946152.pdf",
        "https",
        "www.stedwardscheddleton.co.uk/admin/ckfinder/userfiles/files/new-free-money-links-coin-master_GM406889139.pdf",
        "https",
        "www.stedwardscheddleton.co.uk/admin/ckfinder/userfiles/files/free-robux-no-verification-needed_GM431946152.pdf"
    ],
    "scripts": {
        "iframe": [],
        "urls": []
    },
    "static_properties": {
        "JBIG2Decode": "0",
        "XML_forms": "0",
        "acro_form": "0",
        "auto_action": "0",
        "colors": "0",
        "cross_reference_table": "1",
        "embedded_files": "0",
        "file_size": "46",
        "java_script": "0",
        "js": "0",
        "launch_action": "0",
        "object_end": "66",
        "object_start": "66",
        "object_streams": "0",
        "open_action": "0",
        "page_count": "3",
        "rich_media": "0",
        "start_cross_reference_table": "1",
        "stream_end": "9",
        "stream_start": "9",
        "trailer_dictionary": "1"
    },
    "yara_signatures": [
        "without_attachments",
        "without_images",
        "with_urls",
        "invalid_trailer_structure",
        "contentis_base64"
    ]
}