{
    "exif_signatures": {},
    "file_size": 35766,
    "pdfid_signatures": {},
    "pypdf_uris": [
        "http://netcdn.co/app/431946152/roblox-cheat-codes-for-robux-2021-on-tablet-game-hack",
        "http://netcdn.co/app/431946152/roblox-cheat-codes-for-robux-2021-on-tablet-game-hack",
        "https://www.tvoyo.tv/ckfinder/userfiles/files/free-coin-spin-daily-link-for-coin-master-game_GM406889139.pdf",
        "https://www.tvoyo.tv/ckfinder/userfiles/files/500-robux-free_GM431946152.pdf",
        "https://www.tvoyo.tv/ckfinder/userfiles/files/how-to-get-free-clothes-on-roblox-2021_GM431946152.pdf",
        "https://www.tvoyo.tv/ckfinder/userfiles/files/how-to-get-free-robux-enter-code_GM431946152.pdf",
        "https://www.tvoyo.tv/ckfinder/userfiles/files/how-to-free-robux_GM431946152.pdf",
        "https://www.tvoyo.tv/ckfinder/userfiles/files/minecraft-pocket-edition-free-download_GM479516143.pdf",
        "https://www.tvoyo.tv/ckfinder/userfiles/files/roblox-password-hacker_GM431946152.pdf",
        "https://www.tvoyo.tv/ckfinder/userfiles/files/smart-lodhi-coin-master-hack_GM406889139.pdf",
        "https://www.tvoyo.tv/ckfinder/userfiles/files/legit-free-spins-coin-master_GM406889139.pdf",
        "https://www.tvoyo.tv/ckfinder/userfiles/files/how-do-you-get-free-robux-without-doing-anything_GM431946152.pdf",
        "https://www.tvoyo.tv/ckfinder/userfiles/files/cheat-codes-for-phantom-forces-roblox_GM431946152.pdf",
        "https://www.tvoyo.tv/ckfinder/userfiles/files/free-500-robux-quiz_GM431946152.pdf",
        "https://www.tvoyo.tv/ckfinder/userfiles/files/free-2-robux_GM431946152.pdf",
        "https://www.tvoyo.tv/ckfinder/userfiles/files/coin-master-free-spins-link-download-for-iphone_GM406889139.pdf",
        "https://www.tvoyo.tv/ckfinder/userfiles/files/best-minecraft-hacked-client_GM479516143.pdf",
        "https://www.tvoyo.tv/ckfinder/userfiles/files/free-robux-no-human-verification-and-no-survey_GM431946152.pdf",
        "https://www.tvoyo.tv/ckfinder/userfiles/files/how-to-get-free-robux-on-roblox-in-2021_GM431946152.pdf",
        "https://www.tvoyo.tv/ckfinder/userfiles/files/free-spins-coinmaster_GM406889139.pdf",
        "https://www.tvoyo.tv/ckfinder/userfiles/files/coin-master-tool-hack_GM406889139.pdf",
        "https://www.tvoyo.tv/ckfinder/userfiles/files/codes-to-get-free-robux_GM431946152.pdf"
    ],
    "regex_uris": [
        "http://netcdn.co/app/431946152/roblox-cheat-codes-for-robux-2021-on-tablet-game-hack",
        "http://netcdn.co/app/431946152/roblox-cheat-codes-for-robux-2021-on-tablet-game-hack",
        "https://www.tvoyo.tv/ckfinder/userfiles/files/free-coin-spin-daily-link-for-coin-master-game_GM406889139.pdf",
        "https://www.tvoyo.tv/ckfinder/userfiles/files/500-robux-free_GM431946152.pdf",
        "https://www.tvoyo.tv/ckfinder/userfiles/files/how-to-get-free-clothes-on-roblox-2021_GM431946152.pdf",
        "https://www.tvoyo.tv/ckfinder/userfiles/files/how-to-get-free-robux-enter-code_GM431946152.pdf",
        "https://www.tvoyo.tv/ckfinder/userfiles/files/how-to-free-robux_GM431946152.pdf",
        "https://www.tvoyo.tv/ckfinder/userfiles/files/minecraft-pocket-edition-free-download_GM479516143.pdf",
        "https://www.tvoyo.tv/ckfinder/userfiles/files/roblox-password-hacker_GM431946152.pdf",
        "https://www.tvoyo.tv/ckfinder/userfiles/files/smart-lodhi-coin-master-hack_GM406889139.pdf",
        "https://www.tvoyo.tv/ckfinder/userfiles/files/legit-free-spins-coin-master_GM406889139.pdf",
        "https://www.tvoyo.tv/ckfinder/userfiles/files/how-do-you-get-free-robux-without-doing-anything_GM431946152.pdf",
        "https://www.tvoyo.tv/ckfinder/userfiles/files/cheat-codes-for-phantom-forces-roblox_GM431946152.pdf",
        "https://www.tvoyo.tv/ckfinder/userfiles/files/free-500-robux-quiz_GM431946152.pdf",
        "https://www.tvoyo.tv/ckfinder/userfiles/files/free-2-robux_GM431946152.pdf",
        "https://www.tvoyo.tv/ckfinder/userfiles/files/coin-master-free-spins-link-download-for-iphone_GM406889139.pdf",
        "https://www.tvoyo.tv/ckfinder/userfiles/files/best-minecraft-hacked-client_GM479516143.pdf",
        "https://www.tvoyo.tv/ckfinder/userfiles/files/free-robux-no-human-verification-and-no-survey_GM431946152.pdf",
        "https://www.tvoyo.tv/ckfinder/userfiles/files/how-to-get-free-robux-on-roblox-in-2021_GM431946152.pdf",
        "https://www.tvoyo.tv/ckfinder/userfiles/files/free-spins-coinmaster_GM406889139.pdf",
        "https://www.tvoyo.tv/ckfinder/userfiles/files/coin-master-tool-hack_GM406889139.pdf",
        "https://www.tvoyo.tv/ckfinder/userfiles/files/codes-to-get-free-robux_GM431946152.pdf"
    ],
    "regex_urls": [
        "http://netcdn.co/app/431946152/roblox-cheat-codes-for-robux-2021-on-tablet-game-hack",
        "http://netcdn.co/app/431946152/roblox-cheat-codes-for-robux-2021-on-tablet-game-hack",
        "https",
        "www.tvoyo.tv/ckfinder/userfiles/files/free-coin-spin-daily-link-for-coin-master-game_GM406889139.pdf",
        "https",
        "www.tvoyo.tv/ckfinder/userfiles/files/500-robux-free_GM431946152.pdf",
        "https",
        "www.tvoyo.tv/ckfinder/userfiles/files/how-to-get-free-clothes-on-roblox-2021_GM431946152.pdf",
        "https",
        "www.tvoyo.tv/ckfinder/userfiles/files/how-to-get-free-robux-enter-code_GM431946152.pdf",
        "https",
        "www.tvoyo.tv/ckfinder/userfiles/files/how-to-free-robux_GM431946152.pdf",
        "https",
        "www.tvoyo.tv/ckfinder/userfiles/files/minecraft-pocket-edition-free-download_GM479516143.pdf",
        "https",
        "www.tvoyo.tv/ckfinder/userfiles/files/roblox-password-hacker_GM431946152.pdf",
        "https",
        "www.tvoyo.tv/ckfinder/userfiles/files/smart-lodhi-coin-master-hack_GM406889139.pdf",
        "https",
        "www.tvoyo.tv/ckfinder/userfiles/files/legit-free-spins-coin-master_GM406889139.pdf",
        "https",
        "www.tvoyo.tv/ckfinder/userfiles/files/how-do-you-get-free-robux-without-doing-anything_GM431946152.pdf",
        "https",
        "www.tvoyo.tv/ckfinder/userfiles/files/cheat-codes-for-phantom-forces-roblox_GM431946152.pdf",
        "https",
        "www.tvoyo.tv/ckfinder/userfiles/files/free-500-robux-quiz_GM431946152.pdf",
        "https",
        "www.tvoyo.tv/ckfinder/userfiles/files/free-2-robux_GM431946152.pdf",
        "https",
        "www.tvoyo.tv/ckfinder/userfiles/files/coin-master-free-spins-link-download-for-iphone_GM406889139.pdf",
        "https",
        "www.tvoyo.tv/ckfinder/userfiles/files/best-minecraft-hacked-client_GM479516143.pdf",
        "https",
        "www.tvoyo.tv/ckfinder/userfiles/files/free-robux-no-human-verification-and-no-survey_GM431946152.pdf",
        "https",
        "www.tvoyo.tv/ckfinder/userfiles/files/how-to-get-free-robux-on-roblox-in-2021_GM431946152.pdf",
        "https",
        "www.tvoyo.tv/ckfinder/userfiles/files/free-spins-coinmaster_GM406889139.pdf",
        "https",
        "www.tvoyo.tv/ckfinder/userfiles/files/coin-master-tool-hack_GM406889139.pdf",
        "https",
        "www.tvoyo.tv/ckfinder/userfiles/files/codes-to-get-free-robux_GM431946152.pdf"
    ],
    "scripts": {
        "iframe": [],
        "urls": []
    },
    "static_properties": {
        "JBIG2Decode": "0",
        "XML_forms": "0",
        "acro_form": "0",
        "auto_action": "0",
        "colors": "0",
        "cross_reference_table": "1",
        "embedded_files": "0",
        "file_size": "36",
        "java_script": "0",
        "js": "0",
        "launch_action": "0",
        "object_end": "55",
        "object_start": "55",
        "object_streams": "0",
        "open_action": "0",
        "page_count": "2",
        "rich_media": "0",
        "start_cross_reference_table": "1",
        "stream_end": "6",
        "stream_start": "6",
        "trailer_dictionary": "1"
    },
    "yara_signatures": [
        "without_attachments",
        "without_images",
        "with_urls",
        "invalid_trailer_structure",
        "contentis_base64"
    ]
}