{
    "exif_signatures": {},
    "file_size": 34583,
    "pdfid_signatures": {},
    "pypdf_uris": [
        "http://netcdn.tw/app/431946152/free-robux-no-verification-game-hack",
        "http://netcdn.tw/app/431946152/free-robux-no-verification-game-hack",
        "https://digilib-bing.stkip-pgri-sumbar.ac.id/repository/how-do-i-hack-a-roblox-user_GM431946152.pdf",
        "https://digilib-bing.stkip-pgri-sumbar.ac.id/repository/roblox-generator-robux-free-promise-not-a-lie_GM431946152.pdf",
        "https://digilib-bing.stkip-pgri-sumbar.ac.id/repository/coin-master-time-hack-2021_GM406889139.pdf",
        "https://digilib-bing.stkip-pgri-sumbar.ac.id/repository/free-coin-master-spins-without-human-verification_GM406889139.pdf",
        "https://digilib-bing.stkip-pgri-sumbar.ac.id/repository/bad-business-hack-roblox_GM431946152.pdf",
        "https://digilib-bing.stkip-pgri-sumbar.ac.id/repository/wurst-client-18-9_GM479516143.pdf",
        "https://digilib-bing.stkip-pgri-sumbar.ac.id/repository/can-i-get-robux-for-free_GM431946152.pdf",
        "https://digilib-bing.stkip-pgri-sumbar.ac.id/repository/developer-tools-hack-roblox_GM431946152.pdf",
        "https://digilib-bing.stkip-pgri-sumbar.ac.id/repository/how-to-hack-people-on-roblox_GM431946152.pdf",
        "https://digilib-bing.stkip-pgri-sumbar.ac.id/repository/coin-master-hack-twitter_GM406889139.pdf",
        "https://digilib-bing.stkip-pgri-sumbar.ac.id/repository/roblox-promocodes-2021-free_GM431946152.pdf",
        "https://digilib-bing.stkip-pgri-sumbar.ac.id/repository/coin-master-hack-tool-v1-9-download-free_GM406889139.pdf",
        "https://digilib-bing.stkip-pgri-sumbar.ac.id/repository/roblox-person_GM431946152.pdf",
        "https://digilib-bing.stkip-pgri-sumbar.ac.id/repository/www-free-robux-com_GM431946152.pdf",
        "https://digilib-bing.stkip-pgri-sumbar.ac.id/repository/coin-master-free-spins-haktuts_GM406889139.pdf",
        "https://digilib-bing.stkip-pgri-sumbar.ac.id/repository/hackear-coin-master-sin-root_GM406889139.pdf",
        "https://digilib-bing.stkip-pgri-sumbar.ac.id/repository/coin-master-free-spins-youthnow_GM406889139.pdf",
        "https://digilib-bing.stkip-pgri-sumbar.ac.id/repository/cm-spin-link_GM406889139.pdf",
        "https://digilib-bing.stkip-pgri-sumbar.ac.id/repository/free-spin-coin-master-2021-link_GM406889139.pdf",
        "https://digilib-bing.stkip-pgri-sumbar.ac.id/repository/coin-master-promo-code-2021_GM406889139.pdf"
    ],
    "regex_uris": [
        "http://netcdn.tw/app/431946152/free-robux-no-verification-game-hack",
        "http://netcdn.tw/app/431946152/free-robux-no-verification-game-hack",
        "https://digilib-bing.stkip-pgri-sumbar.ac.id/repository/how-do-i-hack-a-roblox-user_GM431946152.pdf",
        "https://digilib-bing.stkip-pgri-sumbar.ac.id/repository/roblox-generator-robux-free-promise-not-a-lie_GM431946152.pdf",
        "https://digilib-bing.stkip-pgri-sumbar.ac.id/repository/coin-master-time-hack-2021_GM406889139.pdf",
        "https://digilib-bing.stkip-pgri-sumbar.ac.id/repository/free-coin-master-spins-without-human-verification_GM406889139.pdf",
        "https://digilib-bing.stkip-pgri-sumbar.ac.id/repository/bad-business-hack-roblox_GM431946152.pdf",
        "https://digilib-bing.stkip-pgri-sumbar.ac.id/repository/wurst-client-18-9_GM479516143.pdf",
        "https://digilib-bing.stkip-pgri-sumbar.ac.id/repository/can-i-get-robux-for-free_GM431946152.pdf",
        "https://digilib-bing.stkip-pgri-sumbar.ac.id/repository/developer-tools-hack-roblox_GM431946152.pdf",
        "https://digilib-bing.stkip-pgri-sumbar.ac.id/repository/how-to-hack-people-on-roblox_GM431946152.pdf",
        "https://digilib-bing.stkip-pgri-sumbar.ac.id/repository/coin-master-hack-twitter_GM406889139.pdf",
        "https://digilib-bing.stkip-pgri-sumbar.ac.id/repository/roblox-promocodes-2021-free_GM431946152.pdf",
        "https://digilib-bing.stkip-pgri-sumbar.ac.id/repository/coin-master-hack-tool-v1-9-download-free_GM406889139.pdf",
        "https://digilib-bing.stkip-pgri-sumbar.ac.id/repository/roblox-person_GM431946152.pdf",
        "https://digilib-bing.stkip-pgri-sumbar.ac.id/repository/www-free-robux-com_GM431946152.pdf",
        "https://digilib-bing.stkip-pgri-sumbar.ac.id/repository/coin-master-free-spins-haktuts_GM406889139.pdf",
        "https://digilib-bing.stkip-pgri-sumbar.ac.id/repository/hackear-coin-master-sin-root_GM406889139.pdf",
        "https://digilib-bing.stkip-pgri-sumbar.ac.id/repository/coin-master-free-spins-youthnow_GM406889139.pdf",
        "https://digilib-bing.stkip-pgri-sumbar.ac.id/repository/cm-spin-link_GM406889139.pdf",
        "https://digilib-bing.stkip-pgri-sumbar.ac.id/repository/free-spin-coin-master-2021-link_GM406889139.pdf",
        "https://digilib-bing.stkip-pgri-sumbar.ac.id/repository/coin-master-promo-code-2021_GM406889139.pdf"
    ],
    "regex_urls": [
        "http://netcdn.tw/app/431946152/free-robux-no-verification-game-hack",
        "http://netcdn.tw/app/431946152/free-robux-no-verification-game-hack",
        "https",
        "https",
        "https",
        "https",
        "https",
        "https",
        "https",
        "https",
        "https",
        "https",
        "https",
        "https",
        "https",
        "https",
        "https",
        "https",
        "https",
        "https",
        "https",
        "https"
    ],
    "scripts": {
        "iframe": [],
        "urls": []
    },
    "static_properties": {
        "JBIG2Decode": "0",
        "XML_forms": "0",
        "acro_form": "0",
        "auto_action": "0",
        "colors": "0",
        "cross_reference_table": "1",
        "embedded_files": "0",
        "file_size": "35",
        "java_script": "0",
        "js": "0",
        "launch_action": "0",
        "object_end": "55",
        "object_start": "55",
        "object_streams": "0",
        "open_action": "0",
        "page_count": "2",
        "rich_media": "0",
        "start_cross_reference_table": "1",
        "stream_end": "6",
        "stream_start": "6",
        "trailer_dictionary": "1"
    },
    "yara_signatures": [
        "without_attachments",
        "without_images",
        "with_urls",
        "invalid_trailer_structure",
        "contentis_base64"
    ]
}