{
    "exif_signatures": {},
    "file_size": 77904,
    "pdfid_signatures": {},
    "pypdf_uris": [
        "http://getpdf.pw/book?res=123&isbn=9780789755827&kwd=Networking%20Essentials%20Pearson%20Ucertify%20Course%20and%20Textbook%20and%20Comptia%20Network+%20N10-006%20Ucertify%20Labs%20Bundle",
        "http://getpdf.pw/book?res=123&isbn=9780789755827&kwd=Networking%20Essentials%20Pearson%20Ucertify%20Course%20and%20Textbook%20and%20Comptia%20Network+%20N10-006%20Ucertify%20Labs%20Bundle",
        "https://files8.webydo.com/9589085/UploadedFiles/FD6D60D2-BFDB-277B-86D6-0ACD0F715A5C.pdf"
    ],
    "regex_uris": [
        "http://getpdf.pw/book?res=123&isbn=9780789755827&kwd=Networking%20Essentials%20Pearson%20Ucertify%20Course%20and%20Textbook%20and%20Comptia%20Network+%20N10-006%20Ucertify%20Labs%20Bundle",
        "http://getpdf.pw/book?res=123&isbn=9780789755827&kwd=Networking%20Essentials%20Pearson%20Ucertify%20Course%20and%20Textbook%20and%20Comptia%20Network+%20N10-006%20Ucertify%20Labs%20Bundle",
        "https://files8.webydo.com/9589085/UploadedFiles/FD6D60D2-BFDB-277B-86D6-0ACD0F715A5C.pdf"
    ],
    "regex_urls": [
        "http://getpdf.pw/book?res=123",
        "http://getpdf.pw/book?res=123",
        "https"
    ],
    "scripts": {
        "iframe": [],
        "urls": []
    },
    "static_properties": {
        "JBIG2Decode": "0",
        "XML_forms": "0",
        "acro_form": "0",
        "auto_action": "0",
        "colors": "0",
        "cross_reference_table": "1",
        "embedded_files": "0",
        "file_size": "78",
        "java_script": "0",
        "js": "0",
        "launch_action": "0",
        "object_end": "45",
        "object_start": "45",
        "object_streams": "0",
        "open_action": "0",
        "page_count": "3",
        "rich_media": "0",
        "start_cross_reference_table": "1",
        "stream_end": "10",
        "stream_start": "10",
        "trailer_dictionary": "1"
    },
    "yara_signatures": [
        "without_attachments",
        "without_images",
        "with_urls",
        "invalid_trailer_structure",
        "contentis_base64"
    ]
}