{
    "exif_signatures": {},
    "file_size": 36590,
    "pdfid_signatures": {},
    "pypdf_uris": [
        "https://netcdn.xyz/app/479516143/minecraft-hacks-list-game-hack",
        "https://netcdn.xyz/app/479516143/minecraft-hacks-list-game-hack",
        "http://www.samsoncc.com/uploaded_files/userfiles/files/cheating-hacks-for-coin-master_GM406889139.pdf",
        "http://www.samsoncc.com/uploaded_files/userfiles/files/wwwhaktutsin-2021-08-coinmasterfreespinandcoinlinkhtml-m-1_GM406889139.pdf",
        "http://www.samsoncc.com/uploaded_files/userfiles/files/get-coin-master-free-spin_GM406889139.pdf",
        "http://www.samsoncc.com/uploaded_files/userfiles/files/coin-master-spins-hack-2021_GM406889139.pdf",
        "http://www.samsoncc.com/uploaded_files/userfiles/files/coin-master-daily-rewards-link_GM406889139.pdf"
    ],
    "regex_uris": [
        "https://netcdn.xyz/app/479516143/minecraft-hacks-list-game-hack",
        "https://netcdn.xyz/app/479516143/minecraft-hacks-list-game-hack",
        "http://www.samsoncc.com/uploaded_files/userfiles/files/cheating-hacks-for-coin-master_GM406889139.pdf",
        "http://www.samsoncc.com/uploaded_files/userfiles/files/wwwhaktutsin-2021-08-coinmasterfreespinandcoinlinkhtml-m-1_GM406889139.pdf",
        "http://www.samsoncc.com/uploaded_files/userfiles/files/get-coin-master-free-spin_GM406889139.pdf",
        "http://www.samsoncc.com/uploaded_files/userfiles/files/coin-master-spins-hack-2021_GM406889139.pdf",
        "http://www.samsoncc.com/uploaded_files/userfiles/files/coin-master-daily-rewards-link_GM406889139.pdf"
    ],
    "regex_urls": [
        "https",
        "https",
        "http://www.samsoncc.com/uploaded_files/userfiles/files/cheating-hacks-for-coin-master_GM406889139.pdf",
        "http://www.samsoncc.com/uploaded_files/userfiles/files/wwwhaktutsin-2021-08-coinmasterfreespinandcoinlinkhtml-m-1_GM406889139.pdf",
        "http://www.samsoncc.com/uploaded_files/userfiles/files/get-coin-master-free-spin_GM406889139.pdf",
        "http://www.samsoncc.com/uploaded_files/userfiles/files/coin-master-spins-hack-2021_GM406889139.pdf",
        "http://www.samsoncc.com/uploaded_files/userfiles/files/coin-master-daily-rewards-link_GM406889139.pdf"
    ],
    "scripts": {
        "iframe": [],
        "urls": []
    },
    "static_properties": {
        "JBIG2Decode": "0",
        "XML_forms": "0",
        "acro_form": "0",
        "auto_action": "0",
        "colors": "0",
        "cross_reference_table": "1",
        "embedded_files": "0",
        "file_size": "37",
        "java_script": "0",
        "js": "0",
        "launch_action": "0",
        "object_end": "40",
        "object_start": "40",
        "object_streams": "0",
        "open_action": "0",
        "page_count": "2",
        "rich_media": "0",
        "start_cross_reference_table": "1",
        "stream_end": "6",
        "stream_start": "6",
        "trailer_dictionary": "1"
    },
    "yara_signatures": [
        "without_attachments",
        "without_images",
        "with_urls",
        "invalid_trailer_structure",
        "contentis_base64"
    ]
}