{
    "exif_signatures": {},
    "file_size": 1212985,
    "pdfid_signatures": {},
    "pypdf_uris": [
        "https://tiurll.com/205jz7",
        "https://tiurll.com/205jz7",
        "https://tiurll.com/205jz7",
        "https://tiurll.com/205jz7",
        "https://tiurll.com/205jz7",
        "https://www.retroracer-hks.co.uk/advert/little-girls-on-the-beach-and-pool-33-109-imgsrc-ru/",
        "https://trello.com/c/WtF1hXlv/79-new-doodle-god-blitz-doodle-kingdom-dlc-download-low-mb",
        "https://uploads.strikinglycdn.com/files/885b36b7-ee24-417c-90a9-3c1e0bba13a8/coolorus-photoshop-cc-crack-free.pdf",
        "https://uploads.strikinglycdn.com/files/f5ec9cad-4eb9-4870-b439-1eb8576a365f/Ferencvarosi-TC-vs-FC-Barcelona-Online-Live-Stream-Link-5.pdf",
        "https://builtskill.com/advert/howls-moving-castle-1080p-mkv/",
        "https://hurgtedmystnes.weebly.com/summer-holiday-candids-dsc20200728120-imgsrcru.html",
        "https://kit.co/enoninna/haganai-psp-game-download-english-chasman/haganai-psp-game-dow",
        "https://uploads.strikinglycdn.com/files/a0b807a0-15c1-426b-9041-4f61ab94b6f8/Steff-38-iMGSRCRU.pdf",
        "http://northshorerealtysanpancho.com/advert/tamilmv-vet-unblock/",
        "https://uploads.strikinglycdn.com/files/894b4533-aa09-40ba-beba-d471d94fc708/BEST-5-MnCO0AUdg4-iMGSRCRU.pdf",
        "http://www.tcpdf.org"
    ],
    "regex_uris": [
        "https://tiurll.com/205jz7",
        "https://tiurll.com/205jz7",
        "https://tiurll.com/205jz7",
        "https://tiurll.com/205jz7",
        "https://tiurll.com/205jz7",
        "https://www.retroracer-hks.co.uk/advert/little-girls-on-the-beach-and-pool-33-109-imgsrc-ru/",
        "https://trello.com/c/WtF1hXlv/79-new-doodle-god-blitz-doodle-kingdom-dlc-download-low-mb",
        "https://uploads.strikinglycdn.com/files/885b36b7-ee24-417c-90a9-3c1e0bba13a8/coolorus-photoshop-cc-crack-free.pdf",
        "https://uploads.strikinglycdn.com/files/f5ec9cad-4eb9-4870-b439-1eb8576a365f/Ferencvarosi-TC-vs-FC-Barcelona-Online-Live-Stream-Link-5.pdf",
        "https://builtskill.com/advert/howls-moving-castle-1080p-mkv/",
        "https://hurgtedmystnes.weebly.com/summer-holiday-candids-dsc20200728120-imgsrcru.html",
        "https://kit.co/enoninna/haganai-psp-game-download-english-chasman/haganai-psp-game-dow",
        "https://uploads.strikinglycdn.com/files/a0b807a0-15c1-426b-9041-4f61ab94b6f8/Steff-38-iMGSRCRU.pdf",
        "http://northshorerealtysanpancho.com/advert/tamilmv-vet-unblock/",
        "https://uploads.strikinglycdn.com/files/894b4533-aa09-40ba-beba-d471d94fc708/BEST-5-MnCO0AUdg4-iMGSRCRU.pdf",
        "http://www.tcpdf.org"
    ],
    "regex_urls": [
        "https",
        "https",
        "https",
        "https",
        "https",
        "https",
        "www.retroracer-hks.co.uk/advert/little-girls-on-the-beach-and-pool-33-109-imgsrc-ru/",
        "https",
        "https",
        "https",
        "https",
        "https",
        "https",
        "https",
        "http://northshorerealtysanpancho.com/advert/tamilmv-vet-unblock/",
        "https",
        "http://www.tcpdf.org",
        "http://www.w3.org/1999/02/22-rdf-syntax-ns#",
        "http://purl.org/dc/elements/1.1/",
        "http://ns.adobe.com/xap/1.0/",
        "http://ns.adobe.com/pdf/1.3/",
        "http://ns.adobe.com/xap/1.0/mm/",
        "http://www.aiim.org/pdfa/ns/extension/",
        "http://www.aiim.org/pdfa/ns/schema#",
        "http://www.aiim.org/pdfa/ns/property#",
        "http://ns.adobe.com/pdf/1.3/",
        "http://ns.adobe.com/xap/1.0/mm/",
        "http://www.aiim.org/pdfa/ns/id/"
    ],
    "scripts": {
        "iframe": [],
        "urls": []
    },
    "static_properties": {
        "JBIG2Decode": "0",
        "XML_forms": "0",
        "acro_form": "0",
        "auto_action": "0",
        "colors": "0",
        "cross_reference_table": "1",
        "embedded_files": "0",
        "file_size": "1213",
        "java_script": "0",
        "js": "0",
        "launch_action": "0",
        "object_end": "44",
        "object_start": "44",
        "object_streams": "0",
        "open_action": "1",
        "page_count": "3",
        "rich_media": "0",
        "start_cross_reference_table": "1",
        "stream_end": "13",
        "stream_start": "13",
        "trailer_dictionary": "1"
    },
    "yara_signatures": []
}