{
    "exif_signatures": {},
    "file_size": 94957,
    "pdfid_signatures": {},
    "pypdf_uris": [
        "http://getpdf.pw/book?res=123&isbn=9783899555721&kwd=Traditional%20Couture%20:%20Folkloric%20Heritage%20Costumes",
        "http://getpdf.pw/book?res=123&isbn=9783899555721&kwd=Traditional%20Couture%20:%20Folkloric%20Heritage%20Costumes",
        "https://s3.ap-northeast-1.amazonaws.com/uploads.strikinglycdn.com/files/38f01b67-a76e-4e9a-8d76-7773a0f9685e/alchemy-of-nine-dimensions-the-20112012-prophecies-crop-circles-and-nine-dimensions-of-consciou-506.pdf"
    ],
    "regex_uris": [
        "http://getpdf.pw/book?res=123&isbn=9783899555721&kwd=Traditional%20Couture%20:%20Folkloric%20Heritage%20Costumes",
        "http://getpdf.pw/book?res=123&isbn=9783899555721&kwd=Traditional%20Couture%20:%20Folkloric%20Heritage%20Costumes",
        "https://s3.ap-northeast-1.amazonaws.com/uploads.strikinglycdn.com/files/38f01b67-a76e-4e9a-8d76-7773a0f9685e/alchemy-of-nine-dimensions-the-20112012-prophecies-crop-circles-and-nine-dimensions-of-consciou-506.pdf"
    ],
    "regex_urls": [
        "http://getpdf.pw/book?res=123",
        "http://getpdf.pw/book?res=123",
        "https"
    ],
    "scripts": {
        "iframe": [],
        "urls": []
    },
    "static_properties": {
        "JBIG2Decode": "0",
        "XML_forms": "0",
        "acro_form": "0",
        "auto_action": "0",
        "colors": "0",
        "cross_reference_table": "1",
        "embedded_files": "0",
        "file_size": "95",
        "java_script": "0",
        "js": "0",
        "launch_action": "0",
        "object_end": "63",
        "object_start": "63",
        "object_streams": "0",
        "open_action": "0",
        "page_count": "5",
        "rich_media": "0",
        "start_cross_reference_table": "1",
        "stream_end": "12",
        "stream_start": "12",
        "trailer_dictionary": "1"
    },
    "yara_signatures": [
        "without_attachments",
        "without_images",
        "with_urls",
        "invalid_trailer_structure",
        "contentis_base64"
    ]
}