{
    "exif_signatures": {},
    "file_size": 34485,
    "pdfid_signatures": {},
    "pypdf_uris": [
        "http://netcdn.tw/app/479516143/minecraft-free-exe-game-hack",
        "http://netcdn.tw/app/479516143/minecraft-free-exe-game-hack",
        "https://www.wearmyspex.com/uploaded_files/userfiles/files/coin-master-rewards-free-spins_GM406889139.pdf",
        "https://www.wearmyspex.com/uploaded_files/userfiles/files/free-robux-generator-2021-no-human-verification-or-survey_GM431946152.pdf",
        "https://www.wearmyspex.com/uploaded_files/userfiles/files/best-free-robux-sites_GM431946152.pdf",
        "https://www.wearmyspex.com/uploaded_files/userfiles/files/coin-master-free-spins-link-no-verification_GM406889139.pdf",
        "https://www.wearmyspex.com/uploaded_files/userfiles/files/delta-roblox-hack_GM431946152.pdf",
        "https://www.wearmyspex.com/uploaded_files/userfiles/files/free-robux-no-password-needed-and-no-verrification_GM431946152.pdf",
        "https://www.wearmyspex.com/uploaded_files/userfiles/files/hack-coin-master-free-spins_GM406889139.pdf",
        "https://www.wearmyspex.com/uploaded_files/userfiles/files/roblox-prison-life-v20-cheats-noclip-and-btools_GM431946152.pdf",
        "https://www.wearmyspex.com/uploaded_files/userfiles/files/daily-free-spin-and-coin_GM406889139.pdf",
        "https://www.wearmyspex.com/uploaded_files/userfiles/files/free-coin-master-spins-2021_GM406889139.pdf",
        "https://www.wearmyspex.com/uploaded_files/userfiles/files/hack-coin-master-mod-apk_GM406889139.pdf",
        "https://www.wearmyspex.com/uploaded_files/userfiles/files/roblox-help-free-robux_GM431946152.pdf",
        "https://www.wearmyspex.com/uploaded_files/userfiles/files/pubg-uc-2021-trick_GM1330123889.pdf",
        "https://www.wearmyspex.com/uploaded_files/userfiles/files/roblox-hack-generator_GM431946152.pdf",
        "https://www.wearmyspex.com/uploaded_files/userfiles/files/roblox-cheat-engine-2021-may_GM431946152.pdf",
        "https://www.wearmyspex.com/uploaded_files/userfiles/files/how-to-hack-for-2021-robux_GM431946152.pdf",
        "https://www.wearmyspex.com/uploaded_files/userfiles/files/coin-master-hack-software-download_GM406889139.pdf",
        "https://www.wearmyspex.com/uploaded_files/userfiles/files/mcpe-master-hack-unlimited-coins-latest-version_GM406889139.pdf",
        "https://www.wearmyspex.com/uploaded_files/userfiles/files/roblox-free-robux-live_GM431946152.pdf",
        "https://www.wearmyspex.com/uploaded_files/userfiles/files/daily-coin-master-free-spins_GM406889139.pdf"
    ],
    "regex_uris": [
        "http://netcdn.tw/app/479516143/minecraft-free-exe-game-hack",
        "http://netcdn.tw/app/479516143/minecraft-free-exe-game-hack",
        "https://www.wearmyspex.com/uploaded_files/userfiles/files/coin-master-rewards-free-spins_GM406889139.pdf",
        "https://www.wearmyspex.com/uploaded_files/userfiles/files/free-robux-generator-2021-no-human-verification-or-survey_GM431946152.pdf",
        "https://www.wearmyspex.com/uploaded_files/userfiles/files/best-free-robux-sites_GM431946152.pdf",
        "https://www.wearmyspex.com/uploaded_files/userfiles/files/coin-master-free-spins-link-no-verification_GM406889139.pdf",
        "https://www.wearmyspex.com/uploaded_files/userfiles/files/delta-roblox-hack_GM431946152.pdf",
        "https://www.wearmyspex.com/uploaded_files/userfiles/files/free-robux-no-password-needed-and-no-verrification_GM431946152.pdf",
        "https://www.wearmyspex.com/uploaded_files/userfiles/files/hack-coin-master-free-spins_GM406889139.pdf",
        "https://www.wearmyspex.com/uploaded_files/userfiles/files/roblox-prison-life-v20-cheats-noclip-and-btools_GM431946152.pdf",
        "https://www.wearmyspex.com/uploaded_files/userfiles/files/daily-free-spin-and-coin_GM406889139.pdf",
        "https://www.wearmyspex.com/uploaded_files/userfiles/files/free-coin-master-spins-2021_GM406889139.pdf",
        "https://www.wearmyspex.com/uploaded_files/userfiles/files/hack-coin-master-mod-apk_GM406889139.pdf",
        "https://www.wearmyspex.com/uploaded_files/userfiles/files/roblox-help-free-robux_GM431946152.pdf",
        "https://www.wearmyspex.com/uploaded_files/userfiles/files/pubg-uc-2021-trick_GM1330123889.pdf",
        "https://www.wearmyspex.com/uploaded_files/userfiles/files/roblox-hack-generator_GM431946152.pdf",
        "https://www.wearmyspex.com/uploaded_files/userfiles/files/roblox-cheat-engine-2021-may_GM431946152.pdf",
        "https://www.wearmyspex.com/uploaded_files/userfiles/files/how-to-hack-for-2021-robux_GM431946152.pdf",
        "https://www.wearmyspex.com/uploaded_files/userfiles/files/coin-master-hack-software-download_GM406889139.pdf",
        "https://www.wearmyspex.com/uploaded_files/userfiles/files/mcpe-master-hack-unlimited-coins-latest-version_GM406889139.pdf",
        "https://www.wearmyspex.com/uploaded_files/userfiles/files/roblox-free-robux-live_GM431946152.pdf",
        "https://www.wearmyspex.com/uploaded_files/userfiles/files/daily-coin-master-free-spins_GM406889139.pdf"
    ],
    "regex_urls": [
        "http://netcdn.tw/app/479516143/minecraft-free-exe-game-hack",
        "http://netcdn.tw/app/479516143/minecraft-free-exe-game-hack",
        "https",
        "www.wearmyspex.com/uploaded_files/userfiles/files/coin-master-rewards-free-spins_GM406889139.pdf",
        "https",
        "www.wearmyspex.com/uploaded_files/userfiles/files/free-robux-generator-2021-no-human-verification-or-survey_GM431946152.pdf",
        "https",
        "www.wearmyspex.com/uploaded_files/userfiles/files/best-free-robux-sites_GM431946152.pdf",
        "https",
        "www.wearmyspex.com/uploaded_files/userfiles/files/coin-master-free-spins-link-no-verification_GM406889139.pdf",
        "https",
        "www.wearmyspex.com/uploaded_files/userfiles/files/delta-roblox-hack_GM431946152.pdf",
        "https",
        "www.wearmyspex.com/uploaded_files/userfiles/files/free-robux-no-password-needed-and-no-verrification_GM431946152.pdf",
        "https",
        "www.wearmyspex.com/uploaded_files/userfiles/files/hack-coin-master-free-spins_GM406889139.pdf",
        "https",
        "www.wearmyspex.com/uploaded_files/userfiles/files/roblox-prison-life-v20-cheats-noclip-and-btools_GM431946152.pdf",
        "https",
        "www.wearmyspex.com/uploaded_files/userfiles/files/daily-free-spin-and-coin_GM406889139.pdf",
        "https",
        "www.wearmyspex.com/uploaded_files/userfiles/files/free-coin-master-spins-2021_GM406889139.pdf",
        "https",
        "www.wearmyspex.com/uploaded_files/userfiles/files/hack-coin-master-mod-apk_GM406889139.pdf",
        "https",
        "www.wearmyspex.com/uploaded_files/userfiles/files/roblox-help-free-robux_GM431946152.pdf",
        "https",
        "www.wearmyspex.com/uploaded_files/userfiles/files/pubg-uc-2021-trick_GM1330123889.pdf",
        "https",
        "www.wearmyspex.com/uploaded_files/userfiles/files/roblox-hack-generator_GM431946152.pdf",
        "https",
        "www.wearmyspex.com/uploaded_files/userfiles/files/roblox-cheat-engine-2021-may_GM431946152.pdf",
        "https",
        "www.wearmyspex.com/uploaded_files/userfiles/files/how-to-hack-for-2021-robux_GM431946152.pdf",
        "https",
        "www.wearmyspex.com/uploaded_files/userfiles/files/coin-master-hack-software-download_GM406889139.pdf",
        "https",
        "www.wearmyspex.com/uploaded_files/userfiles/files/mcpe-master-hack-unlimited-coins-latest-version_GM406889139.pdf",
        "https",
        "www.wearmyspex.com/uploaded_files/userfiles/files/roblox-free-robux-live_GM431946152.pdf",
        "https",
        "www.wearmyspex.com/uploaded_files/userfiles/files/daily-coin-master-free-spins_GM406889139.pdf"
    ],
    "scripts": {
        "iframe": [],
        "urls": []
    },
    "static_properties": {
        "JBIG2Decode": "0",
        "XML_forms": "0",
        "acro_form": "0",
        "auto_action": "0",
        "colors": "0",
        "cross_reference_table": "1",
        "embedded_files": "0",
        "file_size": "34",
        "java_script": "0",
        "js": "0",
        "launch_action": "0",
        "object_end": "55",
        "object_start": "55",
        "object_streams": "0",
        "open_action": "0",
        "page_count": "2",
        "rich_media": "0",
        "start_cross_reference_table": "1",
        "stream_end": "6",
        "stream_start": "6",
        "trailer_dictionary": "1"
    },
    "yara_signatures": [
        "without_attachments",
        "without_images",
        "with_urls",
        "invalid_trailer_structure",
        "contentis_base64"
    ]
}