{
    "exif_signatures": {},
    "file_size": 44688,
    "pdfid_signatures": {},
    "pypdf_uris": [
        "https://netcdn.xyz/app/406889139/free-spin-and-coin-blogspot-com-game-hack",
        "https://netcdn.xyz/app/406889139/free-spin-and-coin-blogspot-com-game-hack",
        "https://elearning.mtsn3kebumen.sch.id/__statics/gudangsoal/files/coin-master-attack-block-hack_GM406889139.pdf",
        "https://elearning.mtsn3kebumen.sch.id/__statics/gudangsoal/files/get-free-spins-coin-master-october-2021_GM406889139.pdf",
        "https://elearning.mtsn3kebumen.sch.id/__statics/gudangsoal/files/how-to-make-free-robux_GM431946152.pdf",
        "https://elearning.mtsn3kebumen.sch.id/__statics/gudangsoal/files/free-robux-group-payouts_GM431946152.pdf",
        "https://elearning.mtsn3kebumen.sch.id/__statics/gudangsoal/files/earn-robux-today_GM431946152.pdf",
        "https://elearning.mtsn3kebumen.sch.id/__statics/gudangsoal/files/free-coins-coin-master-blog_GM406889139.pdf",
        "https://elearning.mtsn3kebumen.sch.id/__statics/gudangsoal/files/free-robux-download_GM431946152.pdf",
        "https://elearning.mtsn3kebumen.sch.id/__statics/gudangsoal/files/free-coins-and-spins-coin-master_GM406889139.pdf",
        "https://elearning.mtsn3kebumen.sch.id/__statics/gudangsoal/files/roblox-rewards-site_GM431946152.pdf",
        "https://elearning.mtsn3kebumen.sch.id/__statics/gudangsoal/files/coin-master-hack-2021_GM406889139.pdf",
        "https://elearning.mtsn3kebumen.sch.id/__statics/gudangsoal/files/free-coins-and-spins-for-coin-master_GM406889139.pdf",
        "https://elearning.mtsn3kebumen.sch.id/__statics/gudangsoal/files/free-robux-no-verification-2021-android_GM431946152.pdf",
        "https://elearning.mtsn3kebumen.sch.id/__statics/gudangsoal/files/free-robux-no-human-verification-and-no-survey_GM431946152.pdf",
        "https://elearning.mtsn3kebumen.sch.id/__statics/gudangsoal/files/roblox-report-hacker_GM431946152.pdf",
        "https://elearning.mtsn3kebumen.sch.id/__statics/gudangsoal/files/coin-master-hack-apk-download-for-android-mobile_GM406889139.pdf",
        "https://elearning.mtsn3kebumen.sch.id/__statics/gudangsoal/files/coin-master-free-spins-and-coins-daily_GM406889139.pdf",
        "https://elearning.mtsn3kebumen.sch.id/__statics/gudangsoal/files/coin-master-free-rewards-link_GM406889139.pdf",
        "https://elearning.mtsn3kebumen.sch.id/__statics/gudangsoal/files/lazyblocks-com-robux_GM431946152.pdf",
        "https://elearning.mtsn3kebumen.sch.id/__statics/gudangsoal/files/minecraft-world-free-download_GM479516143.pdf",
        "https://elearning.mtsn3kebumen.sch.id/__statics/gudangsoal/files/bux-gg-robux-free_GM431946152.pdf"
    ],
    "regex_uris": [
        "https://netcdn.xyz/app/406889139/free-spin-and-coin-blogspot-com-game-hack",
        "https://netcdn.xyz/app/406889139/free-spin-and-coin-blogspot-com-game-hack",
        "https://elearning.mtsn3kebumen.sch.id/__statics/gudangsoal/files/coin-master-attack-block-hack_GM406889139.pdf",
        "https://elearning.mtsn3kebumen.sch.id/__statics/gudangsoal/files/get-free-spins-coin-master-october-2021_GM406889139.pdf",
        "https://elearning.mtsn3kebumen.sch.id/__statics/gudangsoal/files/how-to-make-free-robux_GM431946152.pdf",
        "https://elearning.mtsn3kebumen.sch.id/__statics/gudangsoal/files/free-robux-group-payouts_GM431946152.pdf",
        "https://elearning.mtsn3kebumen.sch.id/__statics/gudangsoal/files/earn-robux-today_GM431946152.pdf",
        "https://elearning.mtsn3kebumen.sch.id/__statics/gudangsoal/files/free-coins-coin-master-blog_GM406889139.pdf",
        "https://elearning.mtsn3kebumen.sch.id/__statics/gudangsoal/files/free-robux-download_GM431946152.pdf",
        "https://elearning.mtsn3kebumen.sch.id/__statics/gudangsoal/files/free-coins-and-spins-coin-master_GM406889139.pdf",
        "https://elearning.mtsn3kebumen.sch.id/__statics/gudangsoal/files/roblox-rewards-site_GM431946152.pdf",
        "https://elearning.mtsn3kebumen.sch.id/__statics/gudangsoal/files/coin-master-hack-2021_GM406889139.pdf",
        "https://elearning.mtsn3kebumen.sch.id/__statics/gudangsoal/files/free-coins-and-spins-for-coin-master_GM406889139.pdf",
        "https://elearning.mtsn3kebumen.sch.id/__statics/gudangsoal/files/free-robux-no-verification-2021-android_GM431946152.pdf",
        "https://elearning.mtsn3kebumen.sch.id/__statics/gudangsoal/files/free-robux-no-human-verification-and-no-survey_GM431946152.pdf",
        "https://elearning.mtsn3kebumen.sch.id/__statics/gudangsoal/files/roblox-report-hacker_GM431946152.pdf",
        "https://elearning.mtsn3kebumen.sch.id/__statics/gudangsoal/files/coin-master-hack-apk-download-for-android-mobile_GM406889139.pdf",
        "https://elearning.mtsn3kebumen.sch.id/__statics/gudangsoal/files/coin-master-free-spins-and-coins-daily_GM406889139.pdf",
        "https://elearning.mtsn3kebumen.sch.id/__statics/gudangsoal/files/coin-master-free-rewards-link_GM406889139.pdf",
        "https://elearning.mtsn3kebumen.sch.id/__statics/gudangsoal/files/lazyblocks-com-robux_GM431946152.pdf",
        "https://elearning.mtsn3kebumen.sch.id/__statics/gudangsoal/files/minecraft-world-free-download_GM479516143.pdf",
        "https://elearning.mtsn3kebumen.sch.id/__statics/gudangsoal/files/bux-gg-robux-free_GM431946152.pdf"
    ],
    "regex_urls": [
        "https",
        "https",
        "https",
        "https",
        "https",
        "https",
        "https",
        "https",
        "https",
        "https",
        "https",
        "https",
        "https",
        "https",
        "https",
        "https",
        "https",
        "https",
        "https",
        "https",
        "https",
        "https"
    ],
    "scripts": {
        "iframe": [],
        "urls": []
    },
    "static_properties": {
        "JBIG2Decode": "0",
        "XML_forms": "0",
        "acro_form": "0",
        "auto_action": "0",
        "colors": "0",
        "cross_reference_table": "1",
        "embedded_files": "0",
        "file_size": "45",
        "java_script": "0",
        "js": "0",
        "launch_action": "0",
        "object_end": "60",
        "object_start": "60",
        "object_streams": "0",
        "open_action": "0",
        "page_count": "3",
        "rich_media": "0",
        "start_cross_reference_table": "1",
        "stream_end": "7",
        "stream_start": "7",
        "trailer_dictionary": "1"
    },
    "yara_signatures": [
        "without_attachments",
        "without_images",
        "with_urls",
        "invalid_trailer_structure",
        "contentis_base64"
    ]
}