{
    "exif_signatures": {},
    "file_size": 44776,
    "pdfid_signatures": {},
    "pypdf_uris": [
        "https://netcdn.tw/app/431946152/roblox-mobile-app-free-download-game-hack",
        "https://netcdn.tw/app/431946152/roblox-mobile-app-free-download-game-hack",
        "https://lib.bunghatta.ac.id/app/repository/free-robux-no-verify_GM431946152.pdf",
        "https://lib.bunghatta.ac.id/app/repository/cute-free-roblox-outfits_GM431946152.pdf",
        "https://lib.bunghatta.ac.id/app/repository/minecraft-switch-free_GM479516143.pdf",
        "https://lib.bunghatta.ac.id/app/repository/how-to-get-free-coins-and-spins-on-coin-master_GM406889139.pdf",
        "https://lib.bunghatta.ac.id/app/repository/earn-free-robux_GM431946152.pdf",
        "https://lib.bunghatta.ac.id/app/repository/godzilla-roblox-free-items_GM431946152.pdf",
        "https://lib.bunghatta.ac.id/app/repository/free-roblox-gift-card_GM431946152.pdf",
        "https://lib.bunghatta.ac.id/app/repository/easy-robux_GM431946152.pdf",
        "https://lib.bunghatta.ac.id/app/repository/how-to-get-free-robux-codes-2021_GM431946152.pdf",
        "https://lib.bunghatta.ac.id/app/repository/minecraft-multiplayer-free_GM479516143.pdf",
        "https://lib.bunghatta.ac.id/app/repository/try-minecraft-free_GM479516143.pdf",
        "https://lib.bunghatta.ac.id/app/repository/coin-master-free-daily-spins_GM406889139.pdf",
        "https://lib.bunghatta.ac.id/app/repository/coin-master-reward-link_GM406889139.pdf",
        "https://lib.bunghatta.ac.id/app/repository/minecraft-skins-download-free_GM479516143.pdf",
        "https://lib.bunghatta.ac.id/app/repository/appsmob-coin-master-hack_GM406889139.pdf",
        "https://lib.bunghatta.ac.id/app/repository/roblox-person_GM431946152.pdf",
        "https://lib.bunghatta.ac.id/app/repository/free-robux-no-verification-at-all_GM431946152.pdf",
        "https://lib.bunghatta.ac.id/app/repository/free-robux-ad_GM431946152.pdf",
        "https://lib.bunghatta.ac.id/app/repository/where-to-get-free-robux_GM431946152.pdf",
        "https://lib.bunghatta.ac.id/app/repository/mcpe-master-unlimited-coins-hack-apk_GM406889139.pdf"
    ],
    "regex_uris": [
        "https://netcdn.tw/app/431946152/roblox-mobile-app-free-download-game-hack",
        "https://netcdn.tw/app/431946152/roblox-mobile-app-free-download-game-hack",
        "https://lib.bunghatta.ac.id/app/repository/free-robux-no-verify_GM431946152.pdf",
        "https://lib.bunghatta.ac.id/app/repository/cute-free-roblox-outfits_GM431946152.pdf",
        "https://lib.bunghatta.ac.id/app/repository/minecraft-switch-free_GM479516143.pdf",
        "https://lib.bunghatta.ac.id/app/repository/how-to-get-free-coins-and-spins-on-coin-master_GM406889139.pdf",
        "https://lib.bunghatta.ac.id/app/repository/earn-free-robux_GM431946152.pdf",
        "https://lib.bunghatta.ac.id/app/repository/godzilla-roblox-free-items_GM431946152.pdf",
        "https://lib.bunghatta.ac.id/app/repository/free-roblox-gift-card_GM431946152.pdf",
        "https://lib.bunghatta.ac.id/app/repository/easy-robux_GM431946152.pdf",
        "https://lib.bunghatta.ac.id/app/repository/how-to-get-free-robux-codes-2021_GM431946152.pdf",
        "https://lib.bunghatta.ac.id/app/repository/minecraft-multiplayer-free_GM479516143.pdf",
        "https://lib.bunghatta.ac.id/app/repository/try-minecraft-free_GM479516143.pdf",
        "https://lib.bunghatta.ac.id/app/repository/coin-master-free-daily-spins_GM406889139.pdf",
        "https://lib.bunghatta.ac.id/app/repository/coin-master-reward-link_GM406889139.pdf",
        "https://lib.bunghatta.ac.id/app/repository/minecraft-skins-download-free_GM479516143.pdf",
        "https://lib.bunghatta.ac.id/app/repository/appsmob-coin-master-hack_GM406889139.pdf",
        "https://lib.bunghatta.ac.id/app/repository/roblox-person_GM431946152.pdf",
        "https://lib.bunghatta.ac.id/app/repository/free-robux-no-verification-at-all_GM431946152.pdf",
        "https://lib.bunghatta.ac.id/app/repository/free-robux-ad_GM431946152.pdf",
        "https://lib.bunghatta.ac.id/app/repository/where-to-get-free-robux_GM431946152.pdf",
        "https://lib.bunghatta.ac.id/app/repository/mcpe-master-unlimited-coins-hack-apk_GM406889139.pdf"
    ],
    "regex_urls": [
        "https",
        "https",
        "https",
        "https",
        "https",
        "https",
        "https",
        "https",
        "https",
        "https",
        "https",
        "https",
        "https",
        "https",
        "https",
        "https",
        "https",
        "https",
        "https",
        "https",
        "https",
        "https"
    ],
    "scripts": {
        "iframe": [],
        "urls": []
    },
    "static_properties": {
        "JBIG2Decode": "0",
        "XML_forms": "0",
        "acro_form": "0",
        "auto_action": "0",
        "colors": "0",
        "cross_reference_table": "1",
        "embedded_files": "0",
        "file_size": "45",
        "java_script": "0",
        "js": "0",
        "launch_action": "0",
        "object_end": "65",
        "object_start": "65",
        "object_streams": "0",
        "open_action": "0",
        "page_count": "4",
        "rich_media": "0",
        "start_cross_reference_table": "1",
        "stream_end": "8",
        "stream_start": "8",
        "trailer_dictionary": "1"
    },
    "yara_signatures": [
        "without_attachments",
        "without_images",
        "with_urls",
        "invalid_trailer_structure",
        "contentis_base64"
    ]
}