{
    "exif_signatures": {},
    "file_size": 44030,
    "pdfid_signatures": {},
    "pypdf_uris": [
        "https://netcdn.xyz/app/406889139/www-coin-master-hack-tk-game-hack",
        "https://netcdn.xyz/app/406889139/www-coin-master-hack-tk-game-hack",
        "https://www.imagevideo.info/images/coin-master-hacks-no-verification_GM406889139.pdf",
        "https://www.imagevideo.info/images/coin-master-game-hunters-club_GM406889139.pdf",
        "https://www.imagevideo.info/images/free-robux-quiz_GM431946152.pdf",
        "https://www.imagevideo.info/images/blogspot-coin-master-free-spins_GM406889139.pdf",
        "https://www.imagevideo.info/images/how-do-you-earn-robux-on-roblox_GM431946152.pdf",
        "https://www.imagevideo.info/images/free-robux-redeem-codes_GM431946152.pdf",
        "https://www.imagevideo.info/images/coin-master-rewards-free-spins_GM406889139.pdf",
        "https://www.imagevideo.info/images/coin-master-free-spin-and-coin_GM406889139.pdf",
        "https://www.imagevideo.info/images/kachifpro_GM406889139.pdf",
        "https://www.imagevideo.info/images/minecraft-114-4-download_GM479516143.pdf",
        "https://www.imagevideo.info/images/daily-free-spins-coin-master-app_GM406889139.pdf",
        "https://www.imagevideo.info/images/get-free-robux-2021_GM431946152.pdf",
        "https://www.imagevideo.info/images/public-enemy-sun-prairie-coin-master-free-spins_GM406889139.pdf",
        "https://www.imagevideo.info/images/free-robux-codes-generator_GM431946152.pdf",
        "https://www.imagevideo.info/images/chisel-and-bits-mod-minecraft-pe_GM479516143.pdf",
        "https://www.imagevideo.info/images/how-to-legally-get-free-spins-in-coin-master_GM406889139.pdf",
        "https://www.imagevideo.info/images/robux-link_GM431946152.pdf",
        "https://www.imagevideo.info/images/freespinandcoinblogspotcom-2021-11-coinmasterfreespinandcoinlinkshtml_GM406889139.pdf",
        "https://www.imagevideo.info/images/roblox-money-hack_GM431946152.pdf",
        "https://www.imagevideo.info/images/roblox-games-free_GM431946152.pdf"
    ],
    "regex_uris": [
        "https://netcdn.xyz/app/406889139/www-coin-master-hack-tk-game-hack",
        "https://netcdn.xyz/app/406889139/www-coin-master-hack-tk-game-hack",
        "https://www.imagevideo.info/images/coin-master-hacks-no-verification_GM406889139.pdf",
        "https://www.imagevideo.info/images/coin-master-game-hunters-club_GM406889139.pdf",
        "https://www.imagevideo.info/images/free-robux-quiz_GM431946152.pdf",
        "https://www.imagevideo.info/images/blogspot-coin-master-free-spins_GM406889139.pdf",
        "https://www.imagevideo.info/images/how-do-you-earn-robux-on-roblox_GM431946152.pdf",
        "https://www.imagevideo.info/images/free-robux-redeem-codes_GM431946152.pdf",
        "https://www.imagevideo.info/images/coin-master-rewards-free-spins_GM406889139.pdf",
        "https://www.imagevideo.info/images/coin-master-free-spin-and-coin_GM406889139.pdf",
        "https://www.imagevideo.info/images/kachifpro_GM406889139.pdf",
        "https://www.imagevideo.info/images/minecraft-114-4-download_GM479516143.pdf",
        "https://www.imagevideo.info/images/daily-free-spins-coin-master-app_GM406889139.pdf",
        "https://www.imagevideo.info/images/get-free-robux-2021_GM431946152.pdf",
        "https://www.imagevideo.info/images/public-enemy-sun-prairie-coin-master-free-spins_GM406889139.pdf",
        "https://www.imagevideo.info/images/free-robux-codes-generator_GM431946152.pdf",
        "https://www.imagevideo.info/images/chisel-and-bits-mod-minecraft-pe_GM479516143.pdf",
        "https://www.imagevideo.info/images/how-to-legally-get-free-spins-in-coin-master_GM406889139.pdf",
        "https://www.imagevideo.info/images/robux-link_GM431946152.pdf",
        "https://www.imagevideo.info/images/freespinandcoinblogspotcom-2021-11-coinmasterfreespinandcoinlinkshtml_GM406889139.pdf",
        "https://www.imagevideo.info/images/roblox-money-hack_GM431946152.pdf",
        "https://www.imagevideo.info/images/roblox-games-free_GM431946152.pdf"
    ],
    "regex_urls": [
        "https",
        "https",
        "https",
        "www.imagevideo.info/images/coin-master-hacks-no-verification_GM406889139.pdf",
        "https",
        "www.imagevideo.info/images/coin-master-game-hunters-club_GM406889139.pdf",
        "https",
        "www.imagevideo.info/images/free-robux-quiz_GM431946152.pdf",
        "https",
        "www.imagevideo.info/images/blogspot-coin-master-free-spins_GM406889139.pdf",
        "https",
        "www.imagevideo.info/images/how-do-you-earn-robux-on-roblox_GM431946152.pdf",
        "https",
        "www.imagevideo.info/images/free-robux-redeem-codes_GM431946152.pdf",
        "https",
        "www.imagevideo.info/images/coin-master-rewards-free-spins_GM406889139.pdf",
        "https",
        "www.imagevideo.info/images/coin-master-free-spin-and-coin_GM406889139.pdf",
        "https",
        "www.imagevideo.info/images/kachifpro_GM406889139.pdf",
        "https",
        "www.imagevideo.info/images/minecraft-114-4-download_GM479516143.pdf",
        "https",
        "www.imagevideo.info/images/daily-free-spins-coin-master-app_GM406889139.pdf",
        "https",
        "www.imagevideo.info/images/get-free-robux-2021_GM431946152.pdf",
        "https",
        "www.imagevideo.info/images/public-enemy-sun-prairie-coin-master-free-spins_GM406889139.pdf",
        "https",
        "www.imagevideo.info/images/free-robux-codes-generator_GM431946152.pdf",
        "https",
        "www.imagevideo.info/images/chisel-and-bits-mod-minecraft-pe_GM479516143.pdf",
        "https",
        "www.imagevideo.info/images/how-to-legally-get-free-spins-in-coin-master_GM406889139.pdf",
        "https",
        "www.imagevideo.info/images/robux-link_GM431946152.pdf",
        "https",
        "www.imagevideo.info/images/freespinandcoinblogspotcom-2021-11-coinmasterfreespinandcoinlinkshtml_GM406889139.pdf",
        "https",
        "www.imagevideo.info/images/roblox-money-hack_GM431946152.pdf",
        "https",
        "www.imagevideo.info/images/roblox-games-free_GM431946152.pdf"
    ],
    "scripts": {
        "iframe": [],
        "urls": []
    },
    "static_properties": {
        "JBIG2Decode": "0",
        "XML_forms": "0",
        "acro_form": "0",
        "auto_action": "0",
        "colors": "0",
        "cross_reference_table": "1",
        "embedded_files": "0",
        "file_size": "44",
        "java_script": "0",
        "js": "0",
        "launch_action": "0",
        "object_end": "60",
        "object_start": "60",
        "object_streams": "0",
        "open_action": "0",
        "page_count": "3",
        "rich_media": "0",
        "start_cross_reference_table": "1",
        "stream_end": "7",
        "stream_start": "7",
        "trailer_dictionary": "1"
    },
    "yara_signatures": [
        "without_attachments",
        "without_images",
        "with_urls",
        "invalid_trailer_structure",
        "contentis_base64"
    ]
}