{
    "exif_signatures": {},
    "file_size": 248630,
    "pdfid_signatures": {},
    "pypdf_uris": [
        "https://tlniurl.com/1vzot6",
        "https://tlniurl.com/1vzot6",
        "https://tlniurl.com/1vzot6",
        "https://tlniurl.com/1vzot6",
        "https://tlniurl.com/1vzot6",
        "http://www.tcpdf.org"
    ],
    "regex_uris": [
        "https://tlniurl.com/1vzot6",
        "https://tlniurl.com/1vzot6",
        "https://tlniurl.com/1vzot6",
        "https://tlniurl.com/1vzot6",
        "https://tlniurl.com/1vzot6",
        "http://www.tcpdf.org"
    ],
    "regex_urls": [
        "http://ns.adobe.com/xap/1.0/",
        "http://www.w3.org/1999/02/22-rdf-syntax-ns#",
        "http://ns.adobe.com/xap/1.0/mm/",
        "http://ns.adobe.com/xap/1.0/sType/ResourceEvent#",
        "http://purl.org/dc/elements/1.1/",
        "http://ns.adobe.com/photoshop/1.0/",
        "http://ns.adobe.com/xap/1.0/",
        "https",
        "https",
        "https",
        "https",
        "https",
        "http://www.tcpdf.org",
        "http://www.w3.org/1999/02/22-rdf-syntax-ns#",
        "http://purl.org/dc/elements/1.1/",
        "http://ns.adobe.com/xap/1.0/",
        "http://ns.adobe.com/pdf/1.3/",
        "http://ns.adobe.com/xap/1.0/mm/",
        "http://www.aiim.org/pdfa/ns/extension/",
        "http://www.aiim.org/pdfa/ns/schema#",
        "http://www.aiim.org/pdfa/ns/property#",
        "http://ns.adobe.com/pdf/1.3/",
        "http://ns.adobe.com/xap/1.0/mm/",
        "http://www.aiim.org/pdfa/ns/id/"
    ],
    "scripts": {
        "iframe": [],
        "urls": []
    },
    "static_properties": {
        "JBIG2Decode": "0",
        "XML_forms": "0",
        "acro_form": "0",
        "auto_action": "0",
        "colors": "0",
        "cross_reference_table": "1",
        "embedded_files": "0",
        "file_size": "249",
        "java_script": "0",
        "js": "0",
        "launch_action": "0",
        "object_end": "34",
        "object_start": "34",
        "object_streams": "0",
        "open_action": "1",
        "page_count": "3",
        "rich_media": "0",
        "start_cross_reference_table": "1",
        "stream_end": "13",
        "stream_start": "13",
        "trailer_dictionary": "1"
    },
    "yara_signatures": [
        "without_attachments",
        "without_images",
        "with_urls",
        "contentis_base64",
        "Big_Numbers1"
    ]
}