{
    "exif_signatures": {},
    "file_size": 81117,
    "pdfid_signatures": {},
    "pypdf_uris": [
        "https://lozipotod.ru/wix?keyword=skills+practice+reflections+worksheet+answers",
        "http://gulebamabixaku.22web.org/tratamiento_para_sinusitis_en_nios.pdf",
        "https://uploads.strikinglycdn.com/files/048d7ca3-c683-4598-8e74-f2ca81ea512b/34729990939.pdf",
        "http://suwujidewo.rf.gd/dewalt_sliding_miter_saw_10_inch.pdf",
        "https://cdn.sqhk.co/sazalevimit/igghinA/top_40_pop_songs_january_2020.pdf",
        "https://49550882-97ce-44db-a38b-6e383bb81149.filesusr.com/ugd/062c90_8e7ee6bea88942fca1b91a2aad49e4a9.pdf?index=true",
        "https://s3.amazonaws.com/welanisowari/canada_goose_lodge_jacket_size_guide.pdf",
        "https://2386e270-bd20-42c1-b3e5-1ba7eaa1d68d.filesusr.com/ugd/b4f0c6_2f3f722e33a844ffa160fb32e58f6e93.pdf?index=true",
        "https://uploads.strikinglycdn.com/files/9eb4c43c-0771-4d2c-9a19-8d8e96b1b890/bushnell_buckhorn_binoculars_warranty.pdf",
        "https://cdn.sqhk.co/merabuvi/qhc37ic/galaxy_movie_theatre_tucson_az.pdf",
        "http://wubexemetaxoru.epizy.com/printable_blank_calendar_template_2019.pdf",
        "https://uploads.strikinglycdn.com/files/943d41bf-09b4-4ef5-868d-df60a9349b2d/rukebemujoraneluvuweb.pdf",
        "https://9a89a7da-ede3-42eb-a537-7416be21eb2d.filesusr.com/ugd/aaaf79_c9dac6ab04c14925a1d2d79ec4134a71.pdf?index=true",
        "https://cdn.sqhk.co/wemorapi/7veE5jg/37674696888.pdf",
        "https://6363ce23-9394-4102-a476-7be320345719.filesusr.com/ugd/7c41c1_477f60ce2eac45679786a6ee33be13e1.pdf?index=true",
        "https://cdn.sqhk.co/sevijeruba/lghijj5/puvozapi.pdf",
        "http://pevexuzuzuku.rf.gd/drop_down_list_excel_worksheet_names.pdf",
        "https://s3.amazonaws.com/bifadiwuwileji/8497633385.pdf",
        "https://d86ad34a-7df2-4f47-937b-a12ab5abc0fa.filesusr.com/ugd/8cbfce_f33a3599ad144113b7369ca3168bebd5.pdf?index=true",
        "https://ac685e6e-6442-44c0-91a1-b3a367e79ef2.filesusr.com/ugd/ce77c6_f8a8ba6f3f1a4f82928278ff4c070a6b.pdf?index=true",
        "https://3064a0a7-8496-4b95-be1e-56094aee372f.filesusr.com/ugd/0cf4b9_8adb2c63355347209f169dd17363d860.pdf?index=true",
        "https://cdn.sqhk.co/xoraxuvonaf/dqjdzia/42488006887.pdf"
    ],
    "regex_uris": [
        "https://lozipotod.ru/wix?keyword=skills+practice+reflections+worksheet+answers",
        "http://gulebamabixaku.22web.org/tratamiento_para_sinusitis_en_nios.pdf",
        "https://uploads.strikinglycdn.com/files/048d7ca3-c683-4598-8e74-f2ca81ea512b/34729990939.pdf",
        "http://suwujidewo.rf.gd/dewalt_sliding_miter_saw_10_inch.pdf",
        "https://cdn.sqhk.co/sazalevimit/igghinA/top_40_pop_songs_january_2020.pdf",
        "https://49550882-97ce-44db-a38b-6e383bb81149.filesusr.com/ugd/062c90_8e7ee6bea88942fca1b91a2aad49e4a9.pdf?index=true",
        "https://s3.amazonaws.com/welanisowari/canada_goose_lodge_jacket_size_guide.pdf",
        "https://2386e270-bd20-42c1-b3e5-1ba7eaa1d68d.filesusr.com/ugd/b4f0c6_2f3f722e33a844ffa160fb32e58f6e93.pdf?index=true",
        "https://uploads.strikinglycdn.com/files/9eb4c43c-0771-4d2c-9a19-8d8e96b1b890/bushnell_buckhorn_binoculars_warranty.pdf",
        "https://cdn.sqhk.co/merabuvi/qhc37ic/galaxy_movie_theatre_tucson_az.pdf",
        "http://wubexemetaxoru.epizy.com/printable_blank_calendar_template_2019.pdf",
        "https://uploads.strikinglycdn.com/files/943d41bf-09b4-4ef5-868d-df60a9349b2d/rukebemujoraneluvuweb.pdf",
        "https://9a89a7da-ede3-42eb-a537-7416be21eb2d.filesusr.com/ugd/aaaf79_c9dac6ab04c14925a1d2d79ec4134a71.pdf?index=true",
        "https://cdn.sqhk.co/wemorapi/7veE5jg/37674696888.pdf",
        "https://6363ce23-9394-4102-a476-7be320345719.filesusr.com/ugd/7c41c1_477f60ce2eac45679786a6ee33be13e1.pdf?index=true",
        "https://cdn.sqhk.co/sevijeruba/lghijj5/puvozapi.pdf",
        "http://pevexuzuzuku.rf.gd/drop_down_list_excel_worksheet_names.pdf",
        "https://s3.amazonaws.com/bifadiwuwileji/8497633385.pdf",
        "https://d86ad34a-7df2-4f47-937b-a12ab5abc0fa.filesusr.com/ugd/8cbfce_f33a3599ad144113b7369ca3168bebd5.pdf?index=true",
        "https://ac685e6e-6442-44c0-91a1-b3a367e79ef2.filesusr.com/ugd/ce77c6_f8a8ba6f3f1a4f82928278ff4c070a6b.pdf?index=true",
        "https://3064a0a7-8496-4b95-be1e-56094aee372f.filesusr.com/ugd/0cf4b9_8adb2c63355347209f169dd17363d860.pdf?index=true",
        "https://cdn.sqhk.co/xoraxuvonaf/dqjdzia/42488006887.pdf"
    ],
    "regex_urls": [
        "https",
        "http://gulebamabixaku.22web.org/tratamiento_para_sinusitis_en_nios.pdf",
        "https",
        "http://suwujidewo.rf.gd/dewalt_sliding_miter_saw_10_inch.pdf",
        "https",
        "https",
        "https",
        "https",
        "https",
        "https",
        "http://wubexemetaxoru.epizy.com/printable_blank_calendar_template_2019.pdf",
        "https",
        "https",
        "https",
        "https",
        "https",
        "http://pevexuzuzuku.rf.gd/drop_down_list_excel_worksheet_names.pdf",
        "https",
        "https",
        "https",
        "https",
        "https",
        "http://www.w3.org/1999/02/22-rdf-syntax-ns#",
        "http://purl.org/dc/elements/1.1/",
        "http://ns.adobe.com/pdf/1.3/",
        "http://ns.adobe.com/xap/1.0/",
        "http://ns.adobe.com/xap/1.0/mm/",
        "http://ns.adobe.com/xap/1.0/rights/"
    ],
    "scripts": {
        "iframe": [],
        "urls": []
    },
    "static_properties": {
        "JBIG2Decode": "0",
        "XML_forms": "0",
        "acro_form": "0",
        "auto_action": "0",
        "colors": "0",
        "cross_reference_table": "2",
        "embedded_files": "0",
        "file_size": "81",
        "java_script": "0",
        "js": "0",
        "launch_action": "0",
        "object_end": "58",
        "object_start": "58",
        "object_streams": "0",
        "open_action": "0",
        "page_count": "2",
        "rich_media": "0",
        "start_cross_reference_table": "2",
        "stream_end": "8",
        "stream_start": "8",
        "trailer_dictionary": "2"
    },
    "yara_signatures": [
        "without_attachments",
        "without_images",
        "with_urls",
        "invalid_trailer_structure",
        "multiple_versions",
        "contentis_base64",
        "Big_Numbers1"
    ]
}