{
    "exif_signatures": {},
    "file_size": 43670,
    "pdfid_signatures": {},
    "pypdf_uris": [
        "https://netcdn.xyz/app/479516143/minecraft-pe-free-ios-game-hack",
        "https://netcdn.xyz/app/479516143/minecraft-pe-free-ios-game-hack",
        "https://imagetravelnepal.com/userfiles/files/coin-master-daily-free-spins-link-app_GM406889139.pdf",
        "https://imagetravelnepal.com/userfiles/files/coin-master-free-spins-and-coins_GM406889139.pdf",
        "https://imagetravelnepal.com/userfiles/files/coin-master-free-spins--spins_GM406889139.pdf",
        "https://imagetravelnepal.com/userfiles/files/login-robux_GM431946152.pdf",
        "https://imagetravelnepal.com/userfiles/files/how-to-hack-a-minecraft-account_GM479516143.pdf",
        "https://imagetravelnepal.com/userfiles/files/roblox-person_GM431946152.pdf",
        "https://imagetravelnepal.com/userfiles/files/robux-today_GM431946152.pdf",
        "https://imagetravelnepal.com/userfiles/files/avatar-roblox-game_GM431946152.pdf",
        "https://imagetravelnepal.com/userfiles/files/coin-master-tiradas-gratis-link_GM406889139.pdf",
        "https://imagetravelnepal.com/userfiles/files/how-to-make-free-robux_GM431946152.pdf",
        "https://imagetravelnepal.com/userfiles/files/free-robux-with-no-survey_GM431946152.pdf",
        "https://imagetravelnepal.com/userfiles/files/robux-gift-card-free_GM431946152.pdf",
        "https://imagetravelnepal.com/userfiles/files/free-coin-master-gift-link_GM406889139.pdf",
        "https://imagetravelnepal.com/userfiles/files/kuso-icu-roblox-hack_GM431946152.pdf",
        "https://imagetravelnepal.com/userfiles/files/websites-that-give-you-free-robux_GM431946152.pdf",
        "https://imagetravelnepal.com/userfiles/files/roblox-hack-generator_GM431946152.pdf",
        "https://imagetravelnepal.com/userfiles/files/free-robux-picture_GM431946152.pdf",
        "https://imagetravelnepal.com/userfiles/files/robux-claimer_GM431946152.pdf",
        "https://imagetravelnepal.com/userfiles/files/coin-master-free-spins-hack-but-no-surveys_GM406889139.pdf",
        "https://imagetravelnepal.com/userfiles/files/play-full-version-of-minecraft-for-free-no-download_GM479516143.pdf"
    ],
    "regex_uris": [
        "https://netcdn.xyz/app/479516143/minecraft-pe-free-ios-game-hack",
        "https://netcdn.xyz/app/479516143/minecraft-pe-free-ios-game-hack",
        "https://imagetravelnepal.com/userfiles/files/coin-master-daily-free-spins-link-app_GM406889139.pdf",
        "https://imagetravelnepal.com/userfiles/files/coin-master-free-spins-and-coins_GM406889139.pdf",
        "https://imagetravelnepal.com/userfiles/files/coin-master-free-spins--spins_GM406889139.pdf",
        "https://imagetravelnepal.com/userfiles/files/login-robux_GM431946152.pdf",
        "https://imagetravelnepal.com/userfiles/files/how-to-hack-a-minecraft-account_GM479516143.pdf",
        "https://imagetravelnepal.com/userfiles/files/roblox-person_GM431946152.pdf",
        "https://imagetravelnepal.com/userfiles/files/robux-today_GM431946152.pdf",
        "https://imagetravelnepal.com/userfiles/files/avatar-roblox-game_GM431946152.pdf",
        "https://imagetravelnepal.com/userfiles/files/coin-master-tiradas-gratis-link_GM406889139.pdf",
        "https://imagetravelnepal.com/userfiles/files/how-to-make-free-robux_GM431946152.pdf",
        "https://imagetravelnepal.com/userfiles/files/free-robux-with-no-survey_GM431946152.pdf",
        "https://imagetravelnepal.com/userfiles/files/robux-gift-card-free_GM431946152.pdf",
        "https://imagetravelnepal.com/userfiles/files/free-coin-master-gift-link_GM406889139.pdf",
        "https://imagetravelnepal.com/userfiles/files/kuso-icu-roblox-hack_GM431946152.pdf",
        "https://imagetravelnepal.com/userfiles/files/websites-that-give-you-free-robux_GM431946152.pdf",
        "https://imagetravelnepal.com/userfiles/files/roblox-hack-generator_GM431946152.pdf",
        "https://imagetravelnepal.com/userfiles/files/free-robux-picture_GM431946152.pdf",
        "https://imagetravelnepal.com/userfiles/files/robux-claimer_GM431946152.pdf",
        "https://imagetravelnepal.com/userfiles/files/coin-master-free-spins-hack-but-no-surveys_GM406889139.pdf",
        "https://imagetravelnepal.com/userfiles/files/play-full-version-of-minecraft-for-free-no-download_GM479516143.pdf"
    ],
    "regex_urls": [
        "https",
        "https",
        "https",
        "https",
        "https",
        "https",
        "https",
        "https",
        "https",
        "https",
        "https",
        "https",
        "https",
        "https",
        "https",
        "https",
        "https",
        "https",
        "https",
        "https",
        "https",
        "https"
    ],
    "scripts": {
        "iframe": [],
        "urls": []
    },
    "static_properties": {
        "JBIG2Decode": "0",
        "XML_forms": "0",
        "acro_form": "0",
        "auto_action": "0",
        "colors": "0",
        "cross_reference_table": "1",
        "embedded_files": "0",
        "file_size": "44",
        "java_script": "0",
        "js": "0",
        "launch_action": "0",
        "object_end": "60",
        "object_start": "60",
        "object_streams": "0",
        "open_action": "0",
        "page_count": "3",
        "rich_media": "0",
        "start_cross_reference_table": "1",
        "stream_end": "7",
        "stream_start": "7",
        "trailer_dictionary": "1"
    },
    "yara_signatures": [
        "without_attachments",
        "without_images",
        "with_urls",
        "invalid_trailer_structure",
        "contentis_base64"
    ]
}