{
    "exif_signatures": {},
    "file_size": 60717,
    "pdfid_signatures": {},
    "pypdf_uris": [
        "http://oapsirs.com/wb3?utm_term=el%20aprendiz%20de%20brujo%20grimorio%20pedro%20palao%20pdf%20y",
        "http://gkz-crimea.ru/userfiles/file/48823098876.pdf",
        "http://bilagroup.com/wp-content/plugins/formcraft/file-upload/server/content/files/162881d0beb856---25023156834.pdf",
        "http://www.loockuniformes.com.br/home/wp-content/plugins/formcraft/file-upload/server/content/files/162aa775a24d96---72002373709.pdf",
        "http://www.oomedia.com.tw/ckfinder/userfiles/files/dezasororazofevuzosazuluf.pdf",
        "http://kommunikator.nu/demo/userfiles/file///babonizugexujurifepipu.pdf",
        "http://uasolar.com/images/file/88544855830.pdf",
        "http://songpinhao.com/userfiles/files/60368836266.pdf",
        "https://kurtoglumob.com/upload/file/74272110021.pdf",
        "http://nagyberki.hu/sites/default/files/fck_uploads/file/gozemel.pdf",
        "http://rayer.cn/d/files/86805052925.pdf",
        "https://ngonluathan.vn/images/ckeditor/files/11210613882.pdf",
        "http://getawaynewzealand.co.nz/wp-content/plugins/formcraft/file-upload/server/content/files/1622bdfbc823f9---74658236343.pdf",
        "http://lsmtrontractor.com/upfiles/file/20220207094730.pdf",
        "http://abmys.org/kcfinder/upload/files/jowakot.pdf",
        "http://www.injamal.es/nueva/ckfinder/userfiles/files/fazorowabetewodi.pdf",
        "http://jcmb.gris-de-payne.fr/app/webroot/kcfinder/files/xobupadaruzukogezeniv.pdf",
        "https://ewastexperts.com/userfiles/files/18876749376.pdf",
        "https://ossarentacar.cl/admin/uploads/file/fonedubarelurinifapanaki.pdf",
        "https://deloge-nt.fr/media/photo/file/vorirofejuxazijutufi.pdf",
        "http://www.leinsterdancing.com/uploads/files/48517889684.pdf",
        "http://indianapit.thriftstorewebsites.net/flash/indianapit.thriftstorewebsites.net/file/29788499565.pdf",
        "http://a-kamen.com/userfiles/file/49136779269.pdf"
    ],
    "regex_uris": [
        "http://oapsirs.com/wb3?utm_term=el%20aprendiz%20de%20brujo%20grimorio%20pedro%20palao%20pdf%20y",
        "http://gkz-crimea.ru/userfiles/file/48823098876.pdf",
        "http://bilagroup.com/wp-content/plugins/formcraft/file-upload/server/content/files/162881d0beb856---25023156834.pdf",
        "http://www.loockuniformes.com.br/home/wp-content/plugins/formcraft/file-upload/server/content/files/162aa775a24d96---72002373709.pdf",
        "http://www.oomedia.com.tw/ckfinder/userfiles/files/dezasororazofevuzosazuluf.pdf",
        "http://kommunikator.nu/demo/userfiles/file///babonizugexujurifepipu.pdf",
        "http://uasolar.com/images/file/88544855830.pdf",
        "http://songpinhao.com/userfiles/files/60368836266.pdf",
        "https://kurtoglumob.com/upload/file/74272110021.pdf",
        "http://nagyberki.hu/sites/default/files/fck_uploads/file/gozemel.pdf",
        "http://rayer.cn/d/files/86805052925.pdf",
        "https://ngonluathan.vn/images/ckeditor/files/11210613882.pdf",
        "http://getawaynewzealand.co.nz/wp-content/plugins/formcraft/file-upload/server/content/files/1622bdfbc823f9---74658236343.pdf",
        "http://lsmtrontractor.com/upfiles/file/20220207094730.pdf",
        "http://abmys.org/kcfinder/upload/files/jowakot.pdf",
        "http://www.injamal.es/nueva/ckfinder/userfiles/files/fazorowabetewodi.pdf",
        "http://jcmb.gris-de-payne.fr/app/webroot/kcfinder/files/xobupadaruzukogezeniv.pdf",
        "https://ewastexperts.com/userfiles/files/18876749376.pdf",
        "https://ossarentacar.cl/admin/uploads/file/fonedubarelurinifapanaki.pdf",
        "https://deloge-nt.fr/media/photo/file/vorirofejuxazijutufi.pdf",
        "http://www.leinsterdancing.com/uploads/files/48517889684.pdf",
        "http://indianapit.thriftstorewebsites.net/flash/indianapit.thriftstorewebsites.net/file/29788499565.pdf",
        "http://a-kamen.com/userfiles/file/49136779269.pdf"
    ],
    "regex_urls": [
        "http://oapsirs.com/wb3?utm_term=el%20aprendiz%20de%20brujo%20grimorio%20pedro%20palao%20pdf%20y",
        "http://gkz-crimea.ru/userfiles/file/48823098876.pdf",
        "http://bilagroup.com/wp-content/plugins/formcraft/file-upload/server/content/files/162881d0beb856---25023156834.pdf",
        "http://www.loockuniformes.com.br/home/wp-content/plugins/formcraft/file-upload/server/content/files/162aa775a24d96---72002373709.pdf",
        "http://www.oomedia.com.tw/ckfinder/userfiles/files/dezasororazofevuzosazuluf.pdf",
        "http://kommunikator.nu/demo/userfiles/file///babonizugexujurifepipu.pdf",
        "http://uasolar.com/images/file/88544855830.pdf",
        "http://songpinhao.com/userfiles/files/60368836266.pdf",
        "https",
        "http://nagyberki.hu/sites/default/files/fck_uploads/file/gozemel.pdf",
        "http://rayer.cn/d/files/86805052925.pdf",
        "https",
        "http://getawaynewzealand.co.nz/wp-content/plugins/formcraft/file-upload/server/content/files/1622bdfbc823f9---74658236343.pdf",
        "http://lsmtrontractor.com/upfiles/file/20220207094730.pdf",
        "http://abmys.org/kcfinder/upload/files/jowakot.pdf",
        "http://www.injamal.es/nueva/ckfinder/userfiles/files/fazorowabetewodi.pdf",
        "http://jcmb.gris-de-payne.fr/app/webroot/kcfinder/files/xobupadaruzukogezeniv.pdf",
        "https",
        "https",
        "https",
        "http://www.leinsterdancing.com/uploads/files/48517889684.pdf",
        "http://indianapit.thriftstorewebsites.net/flash/indianapit.thriftstorewebsites.net/file/29788499565.pdf",
        "http://a-kamen.com/userfiles/file/49136779269.pdf",
        "http://www.w3.org/1999/02/22-rdf-syntax-ns#",
        "http://purl.org/dc/elements/1.1/",
        "http://ns.adobe.com/pdf/1.3/",
        "http://ns.adobe.com/xap/1.0/",
        "http://ns.adobe.com/xap/1.0/mm/",
        "http://ns.adobe.com/xap/1.0/rights/"
    ],
    "scripts": {
        "iframe": [],
        "urls": []
    },
    "static_properties": {
        "JBIG2Decode": "0",
        "XML_forms": "0",
        "acro_form": "0",
        "auto_action": "0",
        "colors": "0",
        "cross_reference_table": "2",
        "embedded_files": "0",
        "file_size": "61",
        "java_script": "0",
        "js": "0",
        "launch_action": "0",
        "object_end": "79",
        "object_start": "79",
        "object_streams": "0",
        "open_action": "0",
        "page_count": "5",
        "rich_media": "0",
        "start_cross_reference_table": "2",
        "stream_end": "16",
        "stream_start": "16",
        "trailer_dictionary": "2"
    },
    "yara_signatures": [
        "vmdetect",
        "without_attachments",
        "without_images",
        "with_urls",
        "invalid_trailer_structure",
        "multiple_versions",
        "contentis_base64"
    ]
}