{
    "exif_signatures": {},
    "file_size": 47249,
    "pdfid_signatures": {},
    "pypdf_uris": [
        "https://netcdn.tw/app/431946152/free-roblox-reddem-cards-live-game-hack",
        "https://netcdn.tw/app/431946152/free-roblox-reddem-cards-live-game-hack",
        "https://eastwood.co.ke/uploaded_files/userfiles/files/coin-master-hackcom-xyz_GM406889139.pdf",
        "https://eastwood.co.ke/uploaded_files/userfiles/files/free-robux-generator-com-roblox-hack_GM431946152.pdf",
        "https://eastwood.co.ke/uploaded_files/userfiles/files/free-robux-promo-codes-2021_GM431946152.pdf",
        "https://eastwood.co.ke/uploaded_files/userfiles/files/no-scam-free-robux_GM431946152.pdf",
        "https://eastwood.co.ke/uploaded_files/userfiles/files/coin-master-hack-android-no-root_GM406889139.pdf",
        "https://eastwood.co.ke/uploaded_files/userfiles/files/how-to-get-free-gold-cards-on-coin-master_GM406889139.pdf",
        "https://eastwood.co.ke/uploaded_files/userfiles/files/pokemon-go-free-8-bit-sprites_GM1094591345.pdf",
        "https://eastwood.co.ke/uploaded_files/userfiles/files/rbxcity-free-robux_GM431946152.pdf",
        "https://eastwood.co.ke/uploaded_files/userfiles/files/free-robux-with-no-verification_GM431946152.pdf",
        "https://eastwood.co.ke/uploaded_files/userfiles/files/roblox-report-hacker_GM431946152.pdf",
        "https://eastwood.co.ke/uploaded_files/userfiles/files/coin-master-free-spins-link-2021-today_GM406889139.pdf",
        "https://eastwood.co.ke/uploaded_files/userfiles/files/free-roblox-accounts-with-robux-that-work-not-banned-2021_GM431946152.pdf",
        "https://eastwood.co.ke/uploaded_files/userfiles/files/is-minecraft-free-on-xbox_GM479516143.pdf",
        "https://eastwood.co.ke/uploaded_files/userfiles/files/how-to-get-free-premium-roblox_GM431946152.pdf",
        "https://eastwood.co.ke/uploaded_files/userfiles/files/minecraft-pe-apk-free-download_GM479516143.pdf",
        "https://eastwood.co.ke/uploaded_files/userfiles/files/how-to-get-free-spins-on-coin-master-2021_GM406889139.pdf",
        "https://eastwood.co.ke/uploaded_files/userfiles/files/free-robux-place_GM431946152.pdf",
        "https://eastwood.co.ke/uploaded_files/userfiles/files/coin-master-free-spins-link-hack_GM406889139.pdf",
        "https://eastwood.co.ke/uploaded_files/userfiles/files/como-hackear-coin-master-en-espaol_GM406889139.pdf",
        "https://eastwood.co.ke/uploaded_files/userfiles/files/coin-master-daily-free-spins-link-today_GM406889139.pdf"
    ],
    "regex_uris": [
        "https://netcdn.tw/app/431946152/free-roblox-reddem-cards-live-game-hack",
        "https://netcdn.tw/app/431946152/free-roblox-reddem-cards-live-game-hack",
        "https://eastwood.co.ke/uploaded_files/userfiles/files/coin-master-hackcom-xyz_GM406889139.pdf",
        "https://eastwood.co.ke/uploaded_files/userfiles/files/free-robux-generator-com-roblox-hack_GM431946152.pdf",
        "https://eastwood.co.ke/uploaded_files/userfiles/files/free-robux-promo-codes-2021_GM431946152.pdf",
        "https://eastwood.co.ke/uploaded_files/userfiles/files/no-scam-free-robux_GM431946152.pdf",
        "https://eastwood.co.ke/uploaded_files/userfiles/files/coin-master-hack-android-no-root_GM406889139.pdf",
        "https://eastwood.co.ke/uploaded_files/userfiles/files/how-to-get-free-gold-cards-on-coin-master_GM406889139.pdf",
        "https://eastwood.co.ke/uploaded_files/userfiles/files/pokemon-go-free-8-bit-sprites_GM1094591345.pdf",
        "https://eastwood.co.ke/uploaded_files/userfiles/files/rbxcity-free-robux_GM431946152.pdf",
        "https://eastwood.co.ke/uploaded_files/userfiles/files/free-robux-with-no-verification_GM431946152.pdf",
        "https://eastwood.co.ke/uploaded_files/userfiles/files/roblox-report-hacker_GM431946152.pdf",
        "https://eastwood.co.ke/uploaded_files/userfiles/files/coin-master-free-spins-link-2021-today_GM406889139.pdf",
        "https://eastwood.co.ke/uploaded_files/userfiles/files/free-roblox-accounts-with-robux-that-work-not-banned-2021_GM431946152.pdf",
        "https://eastwood.co.ke/uploaded_files/userfiles/files/is-minecraft-free-on-xbox_GM479516143.pdf",
        "https://eastwood.co.ke/uploaded_files/userfiles/files/how-to-get-free-premium-roblox_GM431946152.pdf",
        "https://eastwood.co.ke/uploaded_files/userfiles/files/minecraft-pe-apk-free-download_GM479516143.pdf",
        "https://eastwood.co.ke/uploaded_files/userfiles/files/how-to-get-free-spins-on-coin-master-2021_GM406889139.pdf",
        "https://eastwood.co.ke/uploaded_files/userfiles/files/free-robux-place_GM431946152.pdf",
        "https://eastwood.co.ke/uploaded_files/userfiles/files/coin-master-free-spins-link-hack_GM406889139.pdf",
        "https://eastwood.co.ke/uploaded_files/userfiles/files/como-hackear-coin-master-en-espaol_GM406889139.pdf",
        "https://eastwood.co.ke/uploaded_files/userfiles/files/coin-master-daily-free-spins-link-today_GM406889139.pdf"
    ],
    "regex_urls": [
        "https",
        "https",
        "https",
        "https",
        "https",
        "https",
        "https",
        "https",
        "https",
        "https",
        "https",
        "https",
        "https",
        "https",
        "https",
        "https",
        "https",
        "https",
        "https",
        "https",
        "https",
        "https"
    ],
    "scripts": {
        "iframe": [],
        "urls": []
    },
    "static_properties": {
        "JBIG2Decode": "0",
        "XML_forms": "0",
        "acro_form": "0",
        "auto_action": "0",
        "colors": "0",
        "cross_reference_table": "1",
        "embedded_files": "0",
        "file_size": "47",
        "java_script": "0",
        "js": "0",
        "launch_action": "0",
        "object_end": "65",
        "object_start": "65",
        "object_streams": "0",
        "open_action": "0",
        "page_count": "4",
        "rich_media": "0",
        "start_cross_reference_table": "1",
        "stream_end": "8",
        "stream_start": "8",
        "trailer_dictionary": "1"
    },
    "yara_signatures": [
        "without_attachments",
        "without_images",
        "with_urls",
        "invalid_trailer_structure",
        "contentis_base64"
    ]
}