{
    "exif_signatures": {},
    "file_size": 52280,
    "pdfid_signatures": {},
    "pypdf_uris": [
        "https://netcdn.xyz/app/431946152/roblox-generator-game-hack",
        "https://netcdn.xyz/app/431946152/roblox-generator-game-hack",
        "https://fud.iain-surakarta.ac.id/pustaka/repository/free-coin-master-coins_GM406889139.pdf",
        "https://fud.iain-surakarta.ac.id/pustaka/repository/free-spin-coin-master-2021_GM406889139.pdf",
        "https://fud.iain-surakarta.ac.id/pustaka/repository/how-to-add-mods-to-minecraft-pe_GM479516143.pdf",
        "https://fud.iain-surakarta.ac.id/pustaka/repository/how-to-hack-someones-minecraft-account_GM479516143.pdf",
        "https://fud.iain-surakarta.ac.id/pustaka/repository/coin-master-cards_GM406889139.pdf",
        "https://fud.iain-surakarta.ac.id/pustaka/repository/coin-master-free-spin-daily-link_GM406889139.pdf",
        "https://fud.iain-surakarta.ac.id/pustaka/repository/coin-master-free-coins-generator_GM406889139.pdf",
        "https://fud.iain-surakarta.ac.id/pustaka/repository/how-to-make-robux_GM431946152.pdf",
        "https://fud.iain-surakarta.ac.id/pustaka/repository/free-robux-no-verify-2021_GM431946152.pdf",
        "https://fud.iain-surakarta.ac.id/pustaka/repository/how-to-get-free-robux-hack-2021_GM431946152.pdf",
        "https://fud.iain-surakarta.ac.id/pustaka/repository/how-to-win-free-robux_GM431946152.pdf",
        "https://fud.iain-surakarta.ac.id/pustaka/repository/roblox-promo-codes-2021-robux_GM431946152.pdf",
        "https://fud.iain-surakarta.ac.id/pustaka/repository/toolbox-for-minecraft_GM479516143.pdf",
        "https://fud.iain-surakarta.ac.id/pustaka/repository/free-spin-coin-master-2021-link_GM406889139.pdf",
        "https://fud.iain-surakarta.ac.id/pustaka/repository/free-minecraft-alts_GM479516143.pdf",
        "https://fud.iain-surakarta.ac.id/pustaka/repository/robux-free-gift-card_GM431946152.pdf",
        "https://fud.iain-surakarta.ac.id/pustaka/repository/coin-master-daily-rewards_GM406889139.pdf",
        "https://fud.iain-surakarta.ac.id/pustaka/repository/how-to-get-minecraft-for-free-on-nintendo-switch_GM479516143.pdf",
        "https://fud.iain-surakarta.ac.id/pustaka/repository/roblox-free-clothes-generator_GM431946152.pdf",
        "https://fud.iain-surakarta.ac.id/pustaka/repository/woman-roblox_GM431946152.pdf"
    ],
    "regex_uris": [
        "https://netcdn.xyz/app/431946152/roblox-generator-game-hack",
        "https://netcdn.xyz/app/431946152/roblox-generator-game-hack",
        "https://fud.iain-surakarta.ac.id/pustaka/repository/free-coin-master-coins_GM406889139.pdf",
        "https://fud.iain-surakarta.ac.id/pustaka/repository/free-spin-coin-master-2021_GM406889139.pdf",
        "https://fud.iain-surakarta.ac.id/pustaka/repository/how-to-add-mods-to-minecraft-pe_GM479516143.pdf",
        "https://fud.iain-surakarta.ac.id/pustaka/repository/how-to-hack-someones-minecraft-account_GM479516143.pdf",
        "https://fud.iain-surakarta.ac.id/pustaka/repository/coin-master-cards_GM406889139.pdf",
        "https://fud.iain-surakarta.ac.id/pustaka/repository/coin-master-free-spin-daily-link_GM406889139.pdf",
        "https://fud.iain-surakarta.ac.id/pustaka/repository/coin-master-free-coins-generator_GM406889139.pdf",
        "https://fud.iain-surakarta.ac.id/pustaka/repository/how-to-make-robux_GM431946152.pdf",
        "https://fud.iain-surakarta.ac.id/pustaka/repository/free-robux-no-verify-2021_GM431946152.pdf",
        "https://fud.iain-surakarta.ac.id/pustaka/repository/how-to-get-free-robux-hack-2021_GM431946152.pdf",
        "https://fud.iain-surakarta.ac.id/pustaka/repository/how-to-win-free-robux_GM431946152.pdf",
        "https://fud.iain-surakarta.ac.id/pustaka/repository/roblox-promo-codes-2021-robux_GM431946152.pdf",
        "https://fud.iain-surakarta.ac.id/pustaka/repository/toolbox-for-minecraft_GM479516143.pdf",
        "https://fud.iain-surakarta.ac.id/pustaka/repository/free-spin-coin-master-2021-link_GM406889139.pdf",
        "https://fud.iain-surakarta.ac.id/pustaka/repository/free-minecraft-alts_GM479516143.pdf",
        "https://fud.iain-surakarta.ac.id/pustaka/repository/robux-free-gift-card_GM431946152.pdf",
        "https://fud.iain-surakarta.ac.id/pustaka/repository/coin-master-daily-rewards_GM406889139.pdf",
        "https://fud.iain-surakarta.ac.id/pustaka/repository/how-to-get-minecraft-for-free-on-nintendo-switch_GM479516143.pdf",
        "https://fud.iain-surakarta.ac.id/pustaka/repository/roblox-free-clothes-generator_GM431946152.pdf",
        "https://fud.iain-surakarta.ac.id/pustaka/repository/woman-roblox_GM431946152.pdf"
    ],
    "regex_urls": [
        "https",
        "https",
        "https",
        "https",
        "https",
        "https",
        "https",
        "https",
        "https",
        "https",
        "https",
        "https",
        "https",
        "https",
        "https",
        "https",
        "https",
        "https",
        "https",
        "https",
        "https",
        "https"
    ],
    "scripts": {
        "iframe": [],
        "urls": []
    },
    "static_properties": {
        "JBIG2Decode": "0",
        "XML_forms": "0",
        "acro_form": "0",
        "auto_action": "0",
        "colors": "0",
        "cross_reference_table": "1",
        "embedded_files": "0",
        "file_size": "52",
        "java_script": "0",
        "js": "0",
        "launch_action": "0",
        "object_end": "66",
        "object_start": "66",
        "object_streams": "0",
        "open_action": "0",
        "page_count": "3",
        "rich_media": "0",
        "start_cross_reference_table": "1",
        "stream_end": "9",
        "stream_start": "9",
        "trailer_dictionary": "1"
    },
    "yara_signatures": [
        "without_attachments",
        "without_images",
        "with_urls",
        "invalid_trailer_structure",
        "contentis_base64"
    ]
}