{
    "exif_signatures": {},
    "file_size": 47953,
    "pdfid_signatures": {},
    "pypdf_uris": [
        "https://netcdn.online/app/406889139/coin-master-free-link-game-hack",
        "https://netcdn.online/app/406889139/coin-master-free-link-game-hack",
        "https://eastwood.co.ke/uploaded_files/userfiles/files/coin-master-hack-app_GM406889139.pdf",
        "https://eastwood.co.ke/uploaded_files/userfiles/files/free-minecraft-printables_GM479516143.pdf",
        "https://eastwood.co.ke/uploaded_files/userfiles/files/hack-free-spin-coin-master_GM406889139.pdf",
        "https://eastwood.co.ke/uploaded_files/userfiles/files/free-robux-no-verification-at-all_GM431946152.pdf",
        "https://eastwood.co.ke/uploaded_files/userfiles/files/how-to-hack-a-roblox-account-easy_GM431946152.pdf",
        "https://eastwood.co.ke/uploaded_files/userfiles/files/free-daily-spins-coin-master_GM406889139.pdf",
        "https://eastwood.co.ke/uploaded_files/userfiles/files/do-coin-master-hacks-work_GM406889139.pdf",
        "https://eastwood.co.ke/uploaded_files/userfiles/files/synapse-roblox-free_GM431946152.pdf",
        "https://eastwood.co.ke/uploaded_files/userfiles/files/free-robux-hack-generator_GM431946152.pdf",
        "https://eastwood.co.ke/uploaded_files/userfiles/files/free-tiktok-fans-hack_GM835599320.pdf",
        "https://eastwood.co.ke/uploaded_files/userfiles/files/toolbox-for-minecraft-windows-10_GM479516143.pdf",
        "https://eastwood.co.ke/uploaded_files/userfiles/files/get-minecraft-for-free_GM479516143.pdf",
        "https://eastwood.co.ke/uploaded_files/userfiles/files/coin-master-attack-hack-apk_GM406889139.pdf",
        "https://eastwood.co.ke/uploaded_files/userfiles/files/free-800-robux_GM431946152.pdf",
        "https://eastwood.co.ke/uploaded_files/userfiles/files/coin-master-34-6-hack_GM406889139.pdf",
        "https://eastwood.co.ke/uploaded_files/userfiles/files/hacks-and-cheats-for-coin-master_GM406889139.pdf",
        "https://eastwood.co.ke/uploaded_files/userfiles/files/minecraft-apk-114_GM479516143.pdf",
        "https://eastwood.co.ke/uploaded_files/userfiles/files/coin-master-free-spin-today_GM406889139.pdf",
        "https://eastwood.co.ke/uploaded_files/userfiles/files/free-roblox-accounts-with-robux_GM431946152.pdf",
        "https://eastwood.co.ke/uploaded_files/userfiles/files/free-robux-without-survey_GM431946152.pdf"
    ],
    "regex_uris": [
        "https://netcdn.online/app/406889139/coin-master-free-link-game-hack",
        "https://netcdn.online/app/406889139/coin-master-free-link-game-hack",
        "https://eastwood.co.ke/uploaded_files/userfiles/files/coin-master-hack-app_GM406889139.pdf",
        "https://eastwood.co.ke/uploaded_files/userfiles/files/free-minecraft-printables_GM479516143.pdf",
        "https://eastwood.co.ke/uploaded_files/userfiles/files/hack-free-spin-coin-master_GM406889139.pdf",
        "https://eastwood.co.ke/uploaded_files/userfiles/files/free-robux-no-verification-at-all_GM431946152.pdf",
        "https://eastwood.co.ke/uploaded_files/userfiles/files/how-to-hack-a-roblox-account-easy_GM431946152.pdf",
        "https://eastwood.co.ke/uploaded_files/userfiles/files/free-daily-spins-coin-master_GM406889139.pdf",
        "https://eastwood.co.ke/uploaded_files/userfiles/files/do-coin-master-hacks-work_GM406889139.pdf",
        "https://eastwood.co.ke/uploaded_files/userfiles/files/synapse-roblox-free_GM431946152.pdf",
        "https://eastwood.co.ke/uploaded_files/userfiles/files/free-robux-hack-generator_GM431946152.pdf",
        "https://eastwood.co.ke/uploaded_files/userfiles/files/free-tiktok-fans-hack_GM835599320.pdf",
        "https://eastwood.co.ke/uploaded_files/userfiles/files/toolbox-for-minecraft-windows-10_GM479516143.pdf",
        "https://eastwood.co.ke/uploaded_files/userfiles/files/get-minecraft-for-free_GM479516143.pdf",
        "https://eastwood.co.ke/uploaded_files/userfiles/files/coin-master-attack-hack-apk_GM406889139.pdf",
        "https://eastwood.co.ke/uploaded_files/userfiles/files/free-800-robux_GM431946152.pdf",
        "https://eastwood.co.ke/uploaded_files/userfiles/files/coin-master-34-6-hack_GM406889139.pdf",
        "https://eastwood.co.ke/uploaded_files/userfiles/files/hacks-and-cheats-for-coin-master_GM406889139.pdf",
        "https://eastwood.co.ke/uploaded_files/userfiles/files/minecraft-apk-114_GM479516143.pdf",
        "https://eastwood.co.ke/uploaded_files/userfiles/files/coin-master-free-spin-today_GM406889139.pdf",
        "https://eastwood.co.ke/uploaded_files/userfiles/files/free-roblox-accounts-with-robux_GM431946152.pdf",
        "https://eastwood.co.ke/uploaded_files/userfiles/files/free-robux-without-survey_GM431946152.pdf"
    ],
    "regex_urls": [
        "https",
        "https",
        "https",
        "https",
        "https",
        "https",
        "https",
        "https",
        "https",
        "https",
        "https",
        "https",
        "https",
        "https",
        "https",
        "https",
        "https",
        "https",
        "https",
        "https",
        "https",
        "https"
    ],
    "scripts": {
        "iframe": [],
        "urls": []
    },
    "static_properties": {
        "JBIG2Decode": "0",
        "XML_forms": "0",
        "acro_form": "0",
        "auto_action": "0",
        "colors": "0",
        "cross_reference_table": "1",
        "embedded_files": "0",
        "file_size": "48",
        "java_script": "0",
        "js": "0",
        "launch_action": "0",
        "object_end": "71",
        "object_start": "71",
        "object_streams": "0",
        "open_action": "0",
        "page_count": "4",
        "rich_media": "0",
        "start_cross_reference_table": "1",
        "stream_end": "10",
        "stream_start": "10",
        "trailer_dictionary": "1"
    },
    "yara_signatures": [
        "without_attachments",
        "without_images",
        "with_urls",
        "invalid_trailer_structure",
        "contentis_base64"
    ]
}