{
    "exif_signatures": {},
    "file_size": 35256,
    "pdfid_signatures": {},
    "pypdf_uris": [
        "http://netcdn.co/app/431946152/get-roblox-clothes-for-free-game-hack",
        "http://netcdn.co/app/431946152/get-roblox-clothes-for-free-game-hack",
        "https://www.imagevideo.info/images/coin-master-free-spins-link-blogspot-2021_GM406889139.pdf",
        "https://www.imagevideo.info/images/earn-free-robux-for-roblox_GM431946152.pdf",
        "https://www.imagevideo.info/images/robux-hack-html_GM431946152.pdf",
        "https://www.imagevideo.info/images/free-robux-pastebin_GM431946152.pdf",
        "https://www.imagevideo.info/images/roblox-password-hacker_GM431946152.pdf",
        "https://www.imagevideo.info/images/roblox-generator_GM431946152.pdf",
        "https://www.imagevideo.info/images/free-spins-coin-master-october-17-2021_GM406889139.pdf",
        "https://www.imagevideo.info/images/twitter-coin-master-free-spins-link_GM406889139.pdf",
        "https://www.imagevideo.info/images/no-robux_GM431946152.pdf",
        "https://www.imagevideo.info/images/roblox-free-executor_GM431946152.pdf",
        "https://www.imagevideo.info/images/free-robux-no-verification-no-download_GM431946152.pdf",
        "https://www.imagevideo.info/images/roblox-insta-arrest-hack-jailbreak-pastebin_GM431946152.pdf",
        "https://www.imagevideo.info/images/roblox-free-vip-server_GM431946152.pdf",
        "https://www.imagevideo.info/images/how-to-get-free-clothes-on-roblox-2021_GM431946152.pdf",
        "https://www.imagevideo.info/images/free-minecraft-skin-maker_GM479516143.pdf",
        "https://www.imagevideo.info/images/how-to-install-minecraft-for-free_GM479516143.pdf",
        "https://www.imagevideo.info/images/robux-hack-2021-pastebin_GM431946152.pdf",
        "https://www.imagevideo.info/images/pro-free-spins-coin-master_GM406889139.pdf",
        "https://www.imagevideo.info/images/free-minecraft-resource-packs_GM479516143.pdf",
        "https://www.imagevideo.info/images/free-robux-without-human-verification-real_GM431946152.pdf"
    ],
    "regex_uris": [
        "http://netcdn.co/app/431946152/get-roblox-clothes-for-free-game-hack",
        "http://netcdn.co/app/431946152/get-roblox-clothes-for-free-game-hack",
        "https://www.imagevideo.info/images/coin-master-free-spins-link-blogspot-2021_GM406889139.pdf",
        "https://www.imagevideo.info/images/earn-free-robux-for-roblox_GM431946152.pdf",
        "https://www.imagevideo.info/images/robux-hack-html_GM431946152.pdf",
        "https://www.imagevideo.info/images/free-robux-pastebin_GM431946152.pdf",
        "https://www.imagevideo.info/images/roblox-password-hacker_GM431946152.pdf",
        "https://www.imagevideo.info/images/roblox-generator_GM431946152.pdf",
        "https://www.imagevideo.info/images/free-spins-coin-master-october-17-2021_GM406889139.pdf",
        "https://www.imagevideo.info/images/twitter-coin-master-free-spins-link_GM406889139.pdf",
        "https://www.imagevideo.info/images/no-robux_GM431946152.pdf",
        "https://www.imagevideo.info/images/roblox-free-executor_GM431946152.pdf",
        "https://www.imagevideo.info/images/free-robux-no-verification-no-download_GM431946152.pdf",
        "https://www.imagevideo.info/images/roblox-insta-arrest-hack-jailbreak-pastebin_GM431946152.pdf",
        "https://www.imagevideo.info/images/roblox-free-vip-server_GM431946152.pdf",
        "https://www.imagevideo.info/images/how-to-get-free-clothes-on-roblox-2021_GM431946152.pdf",
        "https://www.imagevideo.info/images/free-minecraft-skin-maker_GM479516143.pdf",
        "https://www.imagevideo.info/images/how-to-install-minecraft-for-free_GM479516143.pdf",
        "https://www.imagevideo.info/images/robux-hack-2021-pastebin_GM431946152.pdf",
        "https://www.imagevideo.info/images/pro-free-spins-coin-master_GM406889139.pdf",
        "https://www.imagevideo.info/images/free-minecraft-resource-packs_GM479516143.pdf",
        "https://www.imagevideo.info/images/free-robux-without-human-verification-real_GM431946152.pdf"
    ],
    "regex_urls": [
        "http://netcdn.co/app/431946152/get-roblox-clothes-for-free-game-hack",
        "http://netcdn.co/app/431946152/get-roblox-clothes-for-free-game-hack",
        "https",
        "www.imagevideo.info/images/coin-master-free-spins-link-blogspot-2021_GM406889139.pdf",
        "https",
        "www.imagevideo.info/images/earn-free-robux-for-roblox_GM431946152.pdf",
        "https",
        "www.imagevideo.info/images/robux-hack-html_GM431946152.pdf",
        "https",
        "www.imagevideo.info/images/free-robux-pastebin_GM431946152.pdf",
        "https",
        "www.imagevideo.info/images/roblox-password-hacker_GM431946152.pdf",
        "https",
        "www.imagevideo.info/images/roblox-generator_GM431946152.pdf",
        "https",
        "www.imagevideo.info/images/free-spins-coin-master-october-17-2021_GM406889139.pdf",
        "https",
        "www.imagevideo.info/images/twitter-coin-master-free-spins-link_GM406889139.pdf",
        "https",
        "www.imagevideo.info/images/no-robux_GM431946152.pdf",
        "https",
        "www.imagevideo.info/images/roblox-free-executor_GM431946152.pdf",
        "https",
        "www.imagevideo.info/images/free-robux-no-verification-no-download_GM431946152.pdf",
        "https",
        "www.imagevideo.info/images/roblox-insta-arrest-hack-jailbreak-pastebin_GM431946152.pdf",
        "https",
        "www.imagevideo.info/images/roblox-free-vip-server_GM431946152.pdf",
        "https",
        "www.imagevideo.info/images/how-to-get-free-clothes-on-roblox-2021_GM431946152.pdf",
        "https",
        "www.imagevideo.info/images/free-minecraft-skin-maker_GM479516143.pdf",
        "https",
        "www.imagevideo.info/images/how-to-install-minecraft-for-free_GM479516143.pdf",
        "https",
        "www.imagevideo.info/images/robux-hack-2021-pastebin_GM431946152.pdf",
        "https",
        "www.imagevideo.info/images/pro-free-spins-coin-master_GM406889139.pdf",
        "https",
        "www.imagevideo.info/images/free-minecraft-resource-packs_GM479516143.pdf",
        "https",
        "www.imagevideo.info/images/free-robux-without-human-verification-real_GM431946152.pdf"
    ],
    "scripts": {
        "iframe": [],
        "urls": []
    },
    "static_properties": {
        "JBIG2Decode": "0",
        "XML_forms": "0",
        "acro_form": "0",
        "auto_action": "0",
        "colors": "0",
        "cross_reference_table": "1",
        "embedded_files": "0",
        "file_size": "35",
        "java_script": "0",
        "js": "0",
        "launch_action": "0",
        "object_end": "55",
        "object_start": "55",
        "object_streams": "0",
        "open_action": "0",
        "page_count": "2",
        "rich_media": "0",
        "start_cross_reference_table": "1",
        "stream_end": "6",
        "stream_start": "6",
        "trailer_dictionary": "1"
    },
    "yara_signatures": [
        "without_attachments",
        "without_images",
        "with_urls",
        "invalid_trailer_structure",
        "contentis_base64"
    ]
}