{
    "exif_signatures": {},
    "file_size": 193338,
    "pdfid_signatures": {},
    "pypdf_uris": [
        "https://cafij.co.za/XSRYdR1H?utm_term=caldera+dual+peisa+pdf",
        "http://mazurubezpieczenia.pl/zdjecia/fck/file/39890418727.pdf",
        "https://onhimalayas.com/ckfinder/userfiles/files/lexize.pdf",
        "http://paymentsbusiness.ca/wp-content/plugins/formcraft/file-upload/server/content/files/161a2ecbde1a2f---53257185654.pdf",
        "https://nisseiplastic.com/up_images/exp/files/marepakale.pdf",
        "http://ck-buhgalter.ru/userfiles/file/wudimopiwawevimoted.pdf",
        "http://files.ibiza-ferien.de/file/lamofolo.pdf",
        "https://www.gitialiganjlko.org/ckfinder/userfiles/files/42098501191.pdf",
        "http://christschoolblr.in/userfiles/file/juxepijimaxigebuxus.pdf",
        "https://skvely-kup.cz/files/file/62360355958.pdf",
        "http://swvocal.com/data/se2/file/kewanirupikesofomowole.pdf",
        "https://jagamimpi.com/contents/files/24295980819.pdf",
        "http://sk-uralstroy.ru/uploads/files/roviwixij.pdf",
        "https://10fci.net/userfiles/file/10353736973.pdf",
        "http://rahwayhigh.com/clients/42761/File/dirigitomizujela.pdf",
        "http://terralis.eu/catalogue_dynamique/file/20790183883.pdf",
        "https://ximatinhdongnai.com/app/webroot/files/images/pages/files/jonaniriboret.pdf",
        "https://www.grandeprairie.org/wp-content/plugins/formcraft/file-upload/server/content/files/161939070239a1---sogikazixupukamafemadako.pdf",
        "https://52fantasies.com/home/holly/public_html/ckfinder/userfiles/files/sumabexatiraxedegatuzujaw.pdf",
        "http://brighterhealthcare.co.uk/wp-content/plugins/super-forms/uploads/php/files/3r1cuim7f1puq6h3gcdev0hqhh/22162199804.pdf",
        "https://yam-token.com/business_school/uploads/file/53513957824.pdf",
        "http://amphorabeautyclub.com/campannas/file/zorovomuvejuradageb.pdf",
        "http://i-mag-ine.com/media/files/danilokujadadov.pdf",
        "http://sabancilojistik.com/userfiles/file/55040746175.pdf",
        "http://www.marsagri.com/wp-content/plugins/formcraft/file-upload/server/content/files/162197d2ed8327---92519534267.pdf",
        "https://chongtham68.com/app/webroot/uploads/files/pemanidaxoralumaxinoxeli.pdf",
        "http://baliretreatcenter.com/olabali_ci/media/images/newsfiles/73733474858.pdf",
        "http://www.jw-kids.jp/kcfinder/upload/files/pepili.pdf",
        "https://girilawfirm.com/content_files/files/pazoninivazotit.pdf"
    ],
    "regex_uris": [
        "https://cafij.co.za/XSRYdR1H?utm_term=caldera+dual+peisa+pdf",
        "http://mazurubezpieczenia.pl/zdjecia/fck/file/39890418727.pdf",
        "https://onhimalayas.com/ckfinder/userfiles/files/lexize.pdf",
        "http://paymentsbusiness.ca/wp-content/plugins/formcraft/file-upload/server/content/files/161a2ecbde1a2f---53257185654.pdf",
        "https://nisseiplastic.com/up_images/exp/files/marepakale.pdf",
        "http://ck-buhgalter.ru/userfiles/file/wudimopiwawevimoted.pdf",
        "http://files.ibiza-ferien.de/file/lamofolo.pdf",
        "https://www.gitialiganjlko.org/ckfinder/userfiles/files/42098501191.pdf",
        "http://christschoolblr.in/userfiles/file/juxepijimaxigebuxus.pdf",
        "https://skvely-kup.cz/files/file/62360355958.pdf",
        "http://swvocal.com/data/se2/file/kewanirupikesofomowole.pdf",
        "https://jagamimpi.com/contents/files/24295980819.pdf",
        "http://sk-uralstroy.ru/uploads/files/roviwixij.pdf",
        "https://10fci.net/userfiles/file/10353736973.pdf",
        "http://rahwayhigh.com/clients/42761/File/dirigitomizujela.pdf",
        "http://terralis.eu/catalogue_dynamique/file/20790183883.pdf",
        "https://ximatinhdongnai.com/app/webroot/files/images/pages/files/jonaniriboret.pdf",
        "https://www.grandeprairie.org/wp-content/plugins/formcraft/file-upload/server/content/files/161939070239a1---sogikazixupukamafemadako.pdf",
        "https://52fantasies.com/home/holly/public_html/ckfinder/userfiles/files/sumabexatiraxedegatuzujaw.pdf",
        "http://brighterhealthcare.co.uk/wp-content/plugins/super-forms/uploads/php/files/3r1cuim7f1puq6h3gcdev0hqhh/22162199804.pdf",
        "https://yam-token.com/business_school/uploads/file/53513957824.pdf",
        "http://amphorabeautyclub.com/campannas/file/zorovomuvejuradageb.pdf",
        "http://i-mag-ine.com/media/files/danilokujadadov.pdf",
        "http://sabancilojistik.com/userfiles/file/55040746175.pdf",
        "http://www.marsagri.com/wp-content/plugins/formcraft/file-upload/server/content/files/162197d2ed8327---92519534267.pdf",
        "https://chongtham68.com/app/webroot/uploads/files/pemanidaxoralumaxinoxeli.pdf",
        "http://baliretreatcenter.com/olabali_ci/media/images/newsfiles/73733474858.pdf",
        "http://www.jw-kids.jp/kcfinder/upload/files/pepili.pdf",
        "https://girilawfirm.com/content_files/files/pazoninivazotit.pdf"
    ],
    "regex_urls": [
        "https",
        "http://mazurubezpieczenia.pl/zdjecia/fck/file/39890418727.pdf",
        "https",
        "http://paymentsbusiness.ca/wp-content/plugins/formcraft/file-upload/server/content/files/161a2ecbde1a2f---53257185654.pdf",
        "https",
        "http://ck-buhgalter.ru/userfiles/file/wudimopiwawevimoted.pdf",
        "http://files.ibiza-ferien.de/file/lamofolo.pdf",
        "https",
        "www.gitialiganjlko.org/ckfinder/userfiles/files/42098501191.pdf",
        "http://christschoolblr.in/userfiles/file/juxepijimaxigebuxus.pdf",
        "https",
        "http://swvocal.com/data/se2/file/kewanirupikesofomowole.pdf",
        "https",
        "http://sk-uralstroy.ru/uploads/files/roviwixij.pdf",
        "https",
        "http://rahwayhigh.com/clients/42761/File/dirigitomizujela.pdf",
        "http://terralis.eu/catalogue_dynamique/file/20790183883.pdf",
        "https",
        "https",
        "www.grandeprairie.org/wp-content/plugins/formcraft/file-upload/server/content/files/161939070239a1---sogikazixupukamafemadako.pdf",
        "https",
        "http://brighterhealthcare.co.uk/wp-content/plugins/super-forms/uploads/php/files/3r1cuim7f1puq6h3gcdev0hqhh/22162199804.pdf",
        "https",
        "http://amphorabeautyclub.com/campannas/file/zorovomuvejuradageb.pdf",
        "http://i-mag-ine.com/media/files/danilokujadadov.pdf",
        "http://sabancilojistik.com/userfiles/file/55040746175.pdf",
        "http://www.marsagri.com/wp-content/plugins/formcraft/file-upload/server/content/files/162197d2ed8327---92519534267.pdf",
        "https",
        "http://baliretreatcenter.com/olabali_ci/media/images/newsfiles/73733474858.pdf",
        "http://www.jw-kids.jp/kcfinder/upload/files/pepili.pdf",
        "https",
        "http://www.w3.org/1999/02/22-rdf-syntax-ns#",
        "http://purl.org/dc/elements/1.1/",
        "http://ns.adobe.com/pdf/1.3/",
        "http://ns.adobe.com/xap/1.0/",
        "http://ns.adobe.com/xap/1.0/mm/",
        "http://ns.adobe.com/xap/1.0/rights/"
    ],
    "scripts": {
        "iframe": [],
        "urls": []
    },
    "static_properties": {
        "JBIG2Decode": "0",
        "XML_forms": "0",
        "acro_form": "0",
        "auto_action": "0",
        "colors": "0",
        "cross_reference_table": "2",
        "embedded_files": "0",
        "file_size": "193",
        "java_script": "0",
        "js": "0",
        "launch_action": "0",
        "object_end": "90",
        "object_start": "90",
        "object_streams": "0",
        "open_action": "0",
        "page_count": "4",
        "rich_media": "0",
        "start_cross_reference_table": "2",
        "stream_end": "20",
        "stream_start": "20",
        "trailer_dictionary": "2"
    },
    "yara_signatures": [
        "without_attachments",
        "without_images",
        "with_urls",
        "invalid_trailer_structure",
        "multiple_versions",
        "contentis_base64"
    ]
}