{
    "exif_signatures": {},
    "file_size": 45670,
    "pdfid_signatures": {},
    "pypdf_uris": [
        "https://netcdn.xyz/app/406889139/coin-master-free-spin-link-app-game-hack",
        "https://netcdn.xyz/app/406889139/coin-master-free-spin-link-app-game-hack",
        "https://www.elearning.mitapasirsakti.sch.id/__statics/gudangsoal/files/how-to-get-free-coins-on-coin-master_GM406889139.pdf",
        "https://www.elearning.mitapasirsakti.sch.id/__statics/gudangsoal/files/free-pet-treats-coin-master_GM406889139.pdf",
        "https://www.elearning.mitapasirsakti.sch.id/__statics/gudangsoal/files/coin-master-free-spins-2021-ios_GM406889139.pdf",
        "https://www.elearning.mitapasirsakti.sch.id/__statics/gudangsoal/files/appsmobinfo-coinmasterhack-coin-master-hack_GM406889139.pdf",
        "https://www.elearning.mitapasirsakti.sch.id/__statics/gudangsoal/files/mcpe-master-unlimited-coins-hack-apk_GM406889139.pdf",
        "https://www.elearning.mitapasirsakti.sch.id/__statics/gudangsoal/files/lots-of-robux_GM431946152.pdf",
        "https://www.elearning.mitapasirsakti.sch.id/__statics/gudangsoal/files/minecraft-jar-free_GM479516143.pdf",
        "https://www.elearning.mitapasirsakti.sch.id/__statics/gudangsoal/files/coin-master-hacks-2021_GM406889139.pdf",
        "https://www.elearning.mitapasirsakti.sch.id/__statics/gudangsoal/files/free-spins-coin-master-ios-links_GM406889139.pdf",
        "https://www.elearning.mitapasirsakti.sch.id/__statics/gudangsoal/files/free-robux-hack_GM431946152.pdf",
        "https://www.elearning.mitapasirsakti.sch.id/__statics/gudangsoal/files/how-to-get-free-spins-and-coins-on-coin-master_GM406889139.pdf",
        "https://www.elearning.mitapasirsakti.sch.id/__statics/gudangsoal/files/roblox-t-shirt-free_GM431946152.pdf",
        "https://www.elearning.mitapasirsakti.sch.id/__statics/gudangsoal/files/ways-to-get-robux_GM431946152.pdf",
        "https://www.elearning.mitapasirsakti.sch.id/__statics/gudangsoal/files/minecraft-skins-download-free_GM479516143.pdf",
        "https://www.elearning.mitapasirsakti.sch.id/__statics/gudangsoal/files/wurst-hacks_GM479516143.pdf",
        "https://www.elearning.mitapasirsakti.sch.id/__statics/gudangsoal/files/coin-master-free-spins-cash_GM406889139.pdf",
        "https://www.elearning.mitapasirsakti.sch.id/__statics/gudangsoal/files/how-to-get-free-robux-for-free_GM431946152.pdf",
        "https://www.elearning.mitapasirsakti.sch.id/__statics/gudangsoal/files/how-to-get-free-spins-on-coin-master-facebook_GM406889139.pdf",
        "https://www.elearning.mitapasirsakti.sch.id/__statics/gudangsoal/files/free-minecraft-capes-no-mods_GM479516143.pdf",
        "https://www.elearning.mitapasirsakti.sch.id/__statics/gudangsoal/files/coin-master-hack-without-root_GM406889139.pdf"
    ],
    "regex_uris": [
        "https://netcdn.xyz/app/406889139/coin-master-free-spin-link-app-game-hack",
        "https://netcdn.xyz/app/406889139/coin-master-free-spin-link-app-game-hack",
        "https://www.elearning.mitapasirsakti.sch.id/__statics/gudangsoal/files/how-to-get-free-coins-on-coin-master_GM406889139.pdf",
        "https://www.elearning.mitapasirsakti.sch.id/__statics/gudangsoal/files/free-pet-treats-coin-master_GM406889139.pdf",
        "https://www.elearning.mitapasirsakti.sch.id/__statics/gudangsoal/files/coin-master-free-spins-2021-ios_GM406889139.pdf",
        "https://www.elearning.mitapasirsakti.sch.id/__statics/gudangsoal/files/appsmobinfo-coinmasterhack-coin-master-hack_GM406889139.pdf",
        "https://www.elearning.mitapasirsakti.sch.id/__statics/gudangsoal/files/mcpe-master-unlimited-coins-hack-apk_GM406889139.pdf",
        "https://www.elearning.mitapasirsakti.sch.id/__statics/gudangsoal/files/lots-of-robux_GM431946152.pdf",
        "https://www.elearning.mitapasirsakti.sch.id/__statics/gudangsoal/files/minecraft-jar-free_GM479516143.pdf",
        "https://www.elearning.mitapasirsakti.sch.id/__statics/gudangsoal/files/coin-master-hacks-2021_GM406889139.pdf",
        "https://www.elearning.mitapasirsakti.sch.id/__statics/gudangsoal/files/free-spins-coin-master-ios-links_GM406889139.pdf",
        "https://www.elearning.mitapasirsakti.sch.id/__statics/gudangsoal/files/free-robux-hack_GM431946152.pdf",
        "https://www.elearning.mitapasirsakti.sch.id/__statics/gudangsoal/files/how-to-get-free-spins-and-coins-on-coin-master_GM406889139.pdf",
        "https://www.elearning.mitapasirsakti.sch.id/__statics/gudangsoal/files/roblox-t-shirt-free_GM431946152.pdf",
        "https://www.elearning.mitapasirsakti.sch.id/__statics/gudangsoal/files/ways-to-get-robux_GM431946152.pdf",
        "https://www.elearning.mitapasirsakti.sch.id/__statics/gudangsoal/files/minecraft-skins-download-free_GM479516143.pdf",
        "https://www.elearning.mitapasirsakti.sch.id/__statics/gudangsoal/files/wurst-hacks_GM479516143.pdf",
        "https://www.elearning.mitapasirsakti.sch.id/__statics/gudangsoal/files/coin-master-free-spins-cash_GM406889139.pdf",
        "https://www.elearning.mitapasirsakti.sch.id/__statics/gudangsoal/files/how-to-get-free-robux-for-free_GM431946152.pdf",
        "https://www.elearning.mitapasirsakti.sch.id/__statics/gudangsoal/files/how-to-get-free-spins-on-coin-master-facebook_GM406889139.pdf",
        "https://www.elearning.mitapasirsakti.sch.id/__statics/gudangsoal/files/free-minecraft-capes-no-mods_GM479516143.pdf",
        "https://www.elearning.mitapasirsakti.sch.id/__statics/gudangsoal/files/coin-master-hack-without-root_GM406889139.pdf"
    ],
    "regex_urls": [
        "https",
        "https",
        "https",
        "www.elearning.mitapasirsakti.sch.id/__statics/gudangsoal/files/how-to-get-free-coins-on-coin-master_GM406889139.pdf",
        "https",
        "www.elearning.mitapasirsakti.sch.id/__statics/gudangsoal/files/free-pet-treats-coin-master_GM406889139.pdf",
        "https",
        "www.elearning.mitapasirsakti.sch.id/__statics/gudangsoal/files/coin-master-free-spins-2021-ios_GM406889139.pdf",
        "https",
        "www.elearning.mitapasirsakti.sch.id/__statics/gudangsoal/files/appsmobinfo-coinmasterhack-coin-master-hack_GM406889139.pdf",
        "https",
        "www.elearning.mitapasirsakti.sch.id/__statics/gudangsoal/files/mcpe-master-unlimited-coins-hack-apk_GM406889139.pdf",
        "https",
        "www.elearning.mitapasirsakti.sch.id/__statics/gudangsoal/files/lots-of-robux_GM431946152.pdf",
        "https",
        "www.elearning.mitapasirsakti.sch.id/__statics/gudangsoal/files/minecraft-jar-free_GM479516143.pdf",
        "https",
        "www.elearning.mitapasirsakti.sch.id/__statics/gudangsoal/files/coin-master-hacks-2021_GM406889139.pdf",
        "https",
        "www.elearning.mitapasirsakti.sch.id/__statics/gudangsoal/files/free-spins-coin-master-ios-links_GM406889139.pdf",
        "https",
        "www.elearning.mitapasirsakti.sch.id/__statics/gudangsoal/files/free-robux-hack_GM431946152.pdf",
        "https",
        "www.elearning.mitapasirsakti.sch.id/__statics/gudangsoal/files/how-to-get-free-spins-and-coins-on-coin-master_GM406889139.pdf",
        "https",
        "www.elearning.mitapasirsakti.sch.id/__statics/gudangsoal/files/roblox-t-shirt-free_GM431946152.pdf",
        "https",
        "www.elearning.mitapasirsakti.sch.id/__statics/gudangsoal/files/ways-to-get-robux_GM431946152.pdf",
        "https",
        "www.elearning.mitapasirsakti.sch.id/__statics/gudangsoal/files/minecraft-skins-download-free_GM479516143.pdf",
        "https",
        "www.elearning.mitapasirsakti.sch.id/__statics/gudangsoal/files/wurst-hacks_GM479516143.pdf",
        "https",
        "www.elearning.mitapasirsakti.sch.id/__statics/gudangsoal/files/coin-master-free-spins-cash_GM406889139.pdf",
        "https",
        "www.elearning.mitapasirsakti.sch.id/__statics/gudangsoal/files/how-to-get-free-robux-for-free_GM431946152.pdf",
        "https",
        "www.elearning.mitapasirsakti.sch.id/__statics/gudangsoal/files/how-to-get-free-spins-on-coin-master-facebook_GM406889139.pdf",
        "https",
        "www.elearning.mitapasirsakti.sch.id/__statics/gudangsoal/files/free-minecraft-capes-no-mods_GM479516143.pdf",
        "https",
        "www.elearning.mitapasirsakti.sch.id/__statics/gudangsoal/files/coin-master-hack-without-root_GM406889139.pdf"
    ],
    "scripts": {
        "iframe": [],
        "urls": []
    },
    "static_properties": {
        "JBIG2Decode": "0",
        "XML_forms": "0",
        "acro_form": "0",
        "auto_action": "0",
        "colors": "0",
        "cross_reference_table": "1",
        "embedded_files": "0",
        "file_size": "46",
        "java_script": "0",
        "js": "0",
        "launch_action": "0",
        "object_end": "66",
        "object_start": "66",
        "object_streams": "0",
        "open_action": "0",
        "page_count": "3",
        "rich_media": "0",
        "start_cross_reference_table": "1",
        "stream_end": "9",
        "stream_start": "9",
        "trailer_dictionary": "1"
    },
    "yara_signatures": [
        "without_attachments",
        "without_images",
        "with_urls",
        "invalid_trailer_structure",
        "contentis_base64"
    ]
}