{
    "exif_signatures": {},
    "file_size": 209163,
    "pdfid_signatures": {},
    "pypdf_uris": [
        "http://tds.advtraff2014.ru/wp1?keyword=%D0%B3%D0%BE%D1%82%D0%BE%D0%B2%D1%8B%D0%B5+%D0%B4%D0%BE%D0%BC%D0%B0%D1%88%D0%BD%D0%B8%D0%B5+%D0%B7%D0%B0%D0%B4%D0%B0%D0%BD%D0%B8%D1%8F+%D0%BF%D0%BE+%D1%80%D1%83%D1%81%D1%81%D0%BA%D0%BE%D0%BC%D1%83+%D1%8F%D0%B7%D1%8B%D0%BA%D1%83+4+%D0%BA%D0%BB%D0%B0%D1%81%D1%81%D0%B0+%D1%80%D0%B0%D0%BC%D0%B7%D0%B0%D0%B5%D0%B2%D0%B0+2+%D1%87%D0%B0%D1%81%D1%82%D1%8C",
        "https://wucepelafobocinex.files.wordpress.com/2018/04/keberifo-varianty-ege-po-fizike-2017-demidova-rikukate.pdf",
        "https://pohikereracolicara.files.wordpress.com/2018/04/gupinep-gdz-ershova-po-pogorelovu-xetunifopokame.pdf",
        "https://vixogamequqikorad.files.wordpress.com/2018/04/vigusuxuka-fipi-matematika-ege-2017-profilnyi-uroven-zadaniia-varianty-i-reshenie-gamiviripu.pdf",
        "https://wehivepadaja.files.wordpress.com/2018/04/futexulezil-gdz-po-ukr-literature-6-klass-avramenko-2014-gewilunubus.pdf",
        "https://hobevuvaqofacawisar.files.wordpress.com/2018/04/zonuzofuwuzo-esse-o-kosmose-5-klass-refokiv.pdf",
        "https://rokebanagarelabugi.files.wordpress.com/2018/04/wikafiwififufe-gdz-po-algebre-10-klass-koliagin-2010-god-belopabupir.pdf",
        "https://himukahefaposuf.files.wordpress.com/2018/04/dafowudosa-ege-tsentr-po-obrabotke-informatsii-respubliki-dagestan-devuzomiluwuke.pdf",
        "https://legubocu.files.wordpress.com/2018/04/lezadube-reshebnik-po-angl-iaz-6-klassa-revebagixu.pdf",
        "https://vunetotunujumudokov.files.wordpress.com/2018/04/merodadifugik-istoriia-ege-vypolnenie-zadaniia-23-markin-skachat-mawevitinep.pdf",
        "https://daforunokogatetodi.files.wordpress.com/2018/04/wagosukawixa-reshebnik-po-russkomu-iazyku-7-m-m-razumovskaia-nemowa.pdf",
        "https://qerotuponagurilake.files.wordpress.com/2018/04/tezepa-zadachnik-fiziki-10-klass-gendenshtein-chitat-onlain-lavox.pdf",
        "https://tibuxumaceseriri.files.wordpress.com/2018/04/fivat-gdz-po-matematike-6-klass-vilenkin-russkomu-6-klass-kivelajigaj.pdf",
        "https://tovajosovedafuvefu.files.wordpress.com/2018/04/memorixanekit-klishe-dlia-sochineniia-ege-po-russkomu-iazyku-2017-fagutulolofodow.pdf",
        "https://xebisigi.files.wordpress.com/2018/04/forenewulirer-gdz-matematika-4-klass-samostoiatelnye-raboty-mutufopujav.pdf",
        "https://kojahibege.files.wordpress.com/2018/04/puvesep-gdz-po-russkomu-10-klass-2005-goltsova-jamiseta.pdf"
    ],
    "regex_uris": [
        "http://tds.advtraff2014.ru/wp1?keyword=%D0%B3%D0%BE%D1%82%D0%BE%D0%B2%D1%8B%D0%B5+%D0%B4%D0%BE%D0%BC%D0%B0%D1%88%D0%BD%D0%B8%D0%B5+%D0%B7%D0%B0%D0%B4%D0%B0%D0%BD%D0%B8%D1%8F+%D0%BF%D0%BE+%D1%80%D1%83%D1%81%D1%81%D0%BA%D0%BE%D0%BC%D1%83+%D1%8F%D0%B7%D1%8B%D0%BA%D1%83+4+%D0%BA%D0%BB%D0%B0%D1%81%D1%81%D0%B0+%D1%80%D0%B0%D0%BC%D0%B7%D0%B0%D0%B5%D0%B2%D0%B0+2+%D1%87%D0%B0%D1%81%D1%82%D1%8C",
        "https://wucepelafobocinex.files.wordpress.com/2018/04/keberifo-varianty-ege-po-fizike-2017-demidova-rikukate.pdf",
        "https://pohikereracolicara.files.wordpress.com/2018/04/gupinep-gdz-ershova-po-pogorelovu-xetunifopokame.pdf",
        "https://vixogamequqikorad.files.wordpress.com/2018/04/vigusuxuka-fipi-matematika-ege-2017-profilnyi-uroven-zadaniia-varianty-i-reshenie-gamiviripu.pdf",
        "https://wehivepadaja.files.wordpress.com/2018/04/futexulezil-gdz-po-ukr-literature-6-klass-avramenko-2014-gewilunubus.pdf",
        "https://hobevuvaqofacawisar.files.wordpress.com/2018/04/zonuzofuwuzo-esse-o-kosmose-5-klass-refokiv.pdf",
        "https://rokebanagarelabugi.files.wordpress.com/2018/04/wikafiwififufe-gdz-po-algebre-10-klass-koliagin-2010-god-belopabupir.pdf",
        "https://himukahefaposuf.files.wordpress.com/2018/04/dafowudosa-ege-tsentr-po-obrabotke-informatsii-respubliki-dagestan-devuzomiluwuke.pdf",
        "https://legubocu.files.wordpress.com/2018/04/lezadube-reshebnik-po-angl-iaz-6-klassa-revebagixu.pdf",
        "https://vunetotunujumudokov.files.wordpress.com/2018/04/merodadifugik-istoriia-ege-vypolnenie-zadaniia-23-markin-skachat-mawevitinep.pdf",
        "https://daforunokogatetodi.files.wordpress.com/2018/04/wagosukawixa-reshebnik-po-russkomu-iazyku-7-m-m-razumovskaia-nemowa.pdf",
        "https://qerotuponagurilake.files.wordpress.com/2018/04/tezepa-zadachnik-fiziki-10-klass-gendenshtein-chitat-onlain-lavox.pdf",
        "https://tibuxumaceseriri.files.wordpress.com/2018/04/fivat-gdz-po-matematike-6-klass-vilenkin-russkomu-6-klass-kivelajigaj.pdf",
        "https://tovajosovedafuvefu.files.wordpress.com/2018/04/memorixanekit-klishe-dlia-sochineniia-ege-po-russkomu-iazyku-2017-fagutulolofodow.pdf",
        "https://xebisigi.files.wordpress.com/2018/04/forenewulirer-gdz-matematika-4-klass-samostoiatelnye-raboty-mutufopujav.pdf",
        "https://kojahibege.files.wordpress.com/2018/04/puvesep-gdz-po-russkomu-10-klass-2005-goltsova-jamiseta.pdf"
    ],
    "regex_urls": [
        "http://tds.advtraff2014.ru/wp1?keyword=%D0%B3%D0%BE%D1%82%D0%BE%D0%B2%D1%8B%D0%B5+%D0%B4%D0%BE%D0%BC%D0%B0%D1%88%D0%BD%D0%B8%D0%B5+%D0%B7%D0%B0%D0%B4%D0%B0%D0%BD%D0%B8%D1%8F+%D0%BF%D0%BE+%D1%80%D1%83%D1%81%D1%81%D0%BA%D0%BE%D0%BC%D1%83+%D1%8F%D0%B7%D1%8B%D0%BA%D1%83+4+%D0%BA%D0%BB%D0%B0%D1%81%D1%81%D0%B0+%D1%80%D0%B0%D0%BC%D0%B7%D0%B0%D0%B5%D0%B2%D0%B0+2+%D1%87%D0%B0%D1%81%D1%82%D1%8C",
        "https",
        "https",
        "https",
        "https",
        "https",
        "https",
        "https",
        "https",
        "https",
        "https",
        "https",
        "https",
        "https",
        "https",
        "https"
    ],
    "scripts": {
        "iframe": [],
        "urls": []
    },
    "static_properties": {
        "JBIG2Decode": "0",
        "XML_forms": "0",
        "acro_form": "0",
        "auto_action": "0",
        "colors": "0",
        "cross_reference_table": "1",
        "embedded_files": "0",
        "file_size": "209",
        "java_script": "0",
        "js": "0",
        "launch_action": "0",
        "object_end": "58",
        "object_start": "58",
        "object_streams": "0",
        "open_action": "0",
        "page_count": "3",
        "rich_media": "0",
        "start_cross_reference_table": "1",
        "stream_end": "10",
        "stream_start": "10",
        "trailer_dictionary": "1"
    },
    "yara_signatures": [
        "without_attachments",
        "without_images",
        "with_urls",
        "invalid_trailer_structure",
        "contentis_base64"
    ]
}