{
    "exif_signatures": {},
    "file_size": 793134,
    "pdfid_signatures": {},
    "pypdf_uris": [
        "http://foaptoa.com/c3?utm_term=how+to+care+for+butterfly+bush+in+winter",
        "https://static1.squarespace.com/static/60aaf27c8bac0413e6f804fa/t/62b522880e98104b5dfc98ba/1656038025390/81387890044.pdf",
        "https://plantbiochem.com/ckfinder/userfiles/files/gexiwazera.pdf",
        "https://static1.squarespace.com/static/604aec14af289a5f7a539cf5/t/62bfa85bd5ed536879ec5b7f/1656727643790/quien_es_leow_soon_seng.pdf",
        "https://static1.squarespace.com/static/604aebe5436e397a99d53e8a/t/62d798a157eaaf12b5d4e600/1658296481981/33862790813.pdf",
        "http://act4urplanet.eu/webroot/upload/files/lesamidiwivuxu.pdf",
        "https://static1.squarespace.com/static/60aaf25e42d7b60106dc17aa/t/62d71d64d6743e3b6a520132/1658264932907/formula_de_muestreo_para_poblacion_finita.pdf",
        "https://static1.squarespace.com/static/604aea6a97201213e037dc4e/t/62ce77a2308c887a7fde6000/1657698210680/voxigisavubarenu.pdf",
        "https://static1.squarespace.com/static/604aea6a97201213e037dc4e/t/62c4600b18195844ccdf5daa/1657036811352/aoc_e2343fk_driver_download.pdf",
        "https://static1.squarespace.com/static/604aebe5436e397a99d53e8a/t/62bb753ab35f2a4d39cd0ce7/1656452410830/mi_razon_de_ser_banda_ms_mp3_download.pdf",
        "https://static1.squarespace.com/static/604aeb86718479732845b7b4/t/62c76212c122ef26854227fa/1657233938901/14947674142.pdf",
        "https://static1.squarespace.com/static/604aec14af289a5f7a539cf5/t/62d5d329a97a6a059d21f127/1658180393859/ds_160_immihelp.pdf",
        "https://static1.squarespace.com/static/604aec14af289a5f7a539cf5/t/62ccb004a9a3056f4f696dc5/1657581572835/32706553222.pdf",
        "https://static1.squarespace.com/static/604aeb86718479732845b7b4/t/62da134e7d8ff54edbbb20ec/1658458959239/games_of_strategy_4th_edition_solutions.pdf",
        "https://static1.squarespace.com/static/604aebe5436e397a99d53e8a/t/62b8d1a277148a5bbe810a9b/1656279458869/83297547590.pdf",
        "https://static1.squarespace.com/static/604aea6a97201213e037dc4e/t/62bde160a32ead1e97f51b2c/1656611169014/32639896923.pdf",
        "https://static1.squarespace.com/static/604aeb86718479732845b7b4/t/62b8aa069d35095cc28e3a40/1656269318523/90598355113.pdf",
        "https://static1.squarespace.com/static/604aeb86718479732845b7b4/t/62ba53f7718a4a576a788458/1656378359588/95955520832.pdf",
        "https://static1.squarespace.com/static/604aeb86718479732845b7b4/t/62c1645364c52c697ea9578c/1656841300077/kofefegilogej.pdf",
        "https://static1.squarespace.com/static/60aaf25e42d7b60106dc17aa/t/62cdfe0a1d85b1174b441795/1657667082996/precio_de_alineacion_y_balanceo.pdf",
        "https://static1.squarespace.com/static/604aeb86718479732845b7b4/t/62d309806b7eb93cfed30f48/1657997696964/64341696904.pdf",
        "http://constantcontinuity.com/membership/data/files/83684922292.pdf",
        "https://static1.squarespace.com/static/604aea6a97201213e037dc4e/t/62da3fa1f11b4640a42e4997/1658470306123/fallout_4_quincy_ruins.pdf",
        "https://static1.squarespace.com/static/604aec14af289a5f7a539cf5/t/62c39f158ede295f34dda13a/1656987413680/31716742759.pdf",
        "https://static1.squarespace.com/static/60aaf25e42d7b60106dc17aa/t/62b46ec0f694123b5641a9ba/1655992001318/calf_strain_rehab.pdf",
        "https://static1.squarespace.com/static/60aaf25e42d7b60106dc17aa/t/62bbc9d8c482087dcff116c6/1656474073436/39252111062.pdf",
        "https://static1.squarespace.com/static/60aaf27c8bac0413e6f804fa/t/62bce42a96a5c677d1900fed/1656546346912/ensayo_de_comparacion_y_contraste.pdf",
        "https://static1.squarespace.com/static/604aebe5436e397a99d53e8a/t/62d8ff15a5b3b4587ffeeb0e/1658388246533/manual_de_dibujo_arquitectonico.pdf",
        "https://static1.squarespace.com/static/604aebe5436e397a99d53e8a/t/62cdac95989bec4f6d700a2d/1657646230536/55632949745.pdf",
        "https://static1.squarespace.com/static/604aeb86718479732845b7b4/t/62d3b1166b7eb93cfee11984/1658040599243/xomipuwavutuzajetodelu.pdf"
    ],
    "regex_uris": [
        "http://foaptoa.com/c3?utm_term=how+to+care+for+butterfly+bush+in+winter",
        "https://static1.squarespace.com/static/60aaf27c8bac0413e6f804fa/t/62b522880e98104b5dfc98ba/1656038025390/81387890044.pdf",
        "https://plantbiochem.com/ckfinder/userfiles/files/gexiwazera.pdf",
        "https://static1.squarespace.com/static/604aec14af289a5f7a539cf5/t/62bfa85bd5ed536879ec5b7f/1656727643790/quien_es_leow_soon_seng.pdf",
        "https://static1.squarespace.com/static/604aebe5436e397a99d53e8a/t/62d798a157eaaf12b5d4e600/1658296481981/33862790813.pdf",
        "http://act4urplanet.eu/webroot/upload/files/lesamidiwivuxu.pdf",
        "https://static1.squarespace.com/static/60aaf25e42d7b60106dc17aa/t/62d71d64d6743e3b6a520132/1658264932907/formula_de_muestreo_para_poblacion_finita.pdf",
        "https://static1.squarespace.com/static/604aea6a97201213e037dc4e/t/62ce77a2308c887a7fde6000/1657698210680/voxigisavubarenu.pdf",
        "https://static1.squarespace.com/static/604aea6a97201213e037dc4e/t/62c4600b18195844ccdf5daa/1657036811352/aoc_e2343fk_driver_download.pdf",
        "https://static1.squarespace.com/static/604aebe5436e397a99d53e8a/t/62bb753ab35f2a4d39cd0ce7/1656452410830/mi_razon_de_ser_banda_ms_mp3_download.pdf",
        "https://static1.squarespace.com/static/604aeb86718479732845b7b4/t/62c76212c122ef26854227fa/1657233938901/14947674142.pdf",
        "https://static1.squarespace.com/static/604aec14af289a5f7a539cf5/t/62d5d329a97a6a059d21f127/1658180393859/ds_160_immihelp.pdf",
        "https://static1.squarespace.com/static/604aec14af289a5f7a539cf5/t/62ccb004a9a3056f4f696dc5/1657581572835/32706553222.pdf",
        "https://static1.squarespace.com/static/604aeb86718479732845b7b4/t/62da134e7d8ff54edbbb20ec/1658458959239/games_of_strategy_4th_edition_solutions.pdf",
        "https://static1.squarespace.com/static/604aebe5436e397a99d53e8a/t/62b8d1a277148a5bbe810a9b/1656279458869/83297547590.pdf",
        "https://static1.squarespace.com/static/604aea6a97201213e037dc4e/t/62bde160a32ead1e97f51b2c/1656611169014/32639896923.pdf",
        "https://static1.squarespace.com/static/604aeb86718479732845b7b4/t/62b8aa069d35095cc28e3a40/1656269318523/90598355113.pdf",
        "https://static1.squarespace.com/static/604aeb86718479732845b7b4/t/62ba53f7718a4a576a788458/1656378359588/95955520832.pdf",
        "https://static1.squarespace.com/static/604aeb86718479732845b7b4/t/62c1645364c52c697ea9578c/1656841300077/kofefegilogej.pdf",
        "https://static1.squarespace.com/static/60aaf25e42d7b60106dc17aa/t/62cdfe0a1d85b1174b441795/1657667082996/precio_de_alineacion_y_balanceo.pdf",
        "https://static1.squarespace.com/static/604aeb86718479732845b7b4/t/62d309806b7eb93cfed30f48/1657997696964/64341696904.pdf",
        "http://constantcontinuity.com/membership/data/files/83684922292.pdf",
        "https://static1.squarespace.com/static/604aea6a97201213e037dc4e/t/62da3fa1f11b4640a42e4997/1658470306123/fallout_4_quincy_ruins.pdf",
        "https://static1.squarespace.com/static/604aec14af289a5f7a539cf5/t/62c39f158ede295f34dda13a/1656987413680/31716742759.pdf",
        "https://static1.squarespace.com/static/60aaf25e42d7b60106dc17aa/t/62b46ec0f694123b5641a9ba/1655992001318/calf_strain_rehab.pdf",
        "https://static1.squarespace.com/static/60aaf25e42d7b60106dc17aa/t/62bbc9d8c482087dcff116c6/1656474073436/39252111062.pdf",
        "https://static1.squarespace.com/static/60aaf27c8bac0413e6f804fa/t/62bce42a96a5c677d1900fed/1656546346912/ensayo_de_comparacion_y_contraste.pdf",
        "https://static1.squarespace.com/static/604aebe5436e397a99d53e8a/t/62d8ff15a5b3b4587ffeeb0e/1658388246533/manual_de_dibujo_arquitectonico.pdf",
        "https://static1.squarespace.com/static/604aebe5436e397a99d53e8a/t/62cdac95989bec4f6d700a2d/1657646230536/55632949745.pdf",
        "https://static1.squarespace.com/static/604aeb86718479732845b7b4/t/62d3b1166b7eb93cfee11984/1658040599243/xomipuwavutuzajetodelu.pdf"
    ],
    "regex_urls": [
        "http://foaptoa.com/c3?utm_term=how+to+care+for+butterfly+bush+in+winter",
        "https",
        "https",
        "https",
        "https",
        "http://act4urplanet.eu/webroot/upload/files/lesamidiwivuxu.pdf",
        "https",
        "https",
        "https",
        "https",
        "https",
        "https",
        "https",
        "https",
        "https",
        "https",
        "https",
        "https",
        "https",
        "https",
        "https",
        "http://constantcontinuity.com/membership/data/files/83684922292.pdf",
        "https",
        "https",
        "https",
        "https",
        "https",
        "https",
        "https",
        "https",
        "http://www.w3.org/1999/02/22-rdf-syntax-ns#",
        "http://purl.org/dc/elements/1.1/",
        "http://ns.adobe.com/pdf/1.3/",
        "http://ns.adobe.com/xap/1.0/",
        "http://ns.adobe.com/xap/1.0/mm/",
        "http://ns.adobe.com/xap/1.0/rights/"
    ],
    "scripts": {
        "iframe": [],
        "urls": []
    },
    "static_properties": {
        "JBIG2Decode": "0",
        "XML_forms": "0",
        "acro_form": "0",
        "auto_action": "0",
        "colors": "0",
        "cross_reference_table": "2",
        "embedded_files": "0",
        "file_size": "793",
        "java_script": "0",
        "js": "0",
        "launch_action": "0",
        "object_end": "84",
        "object_start": "84",
        "object_streams": "0",
        "open_action": "0",
        "page_count": "4",
        "rich_media": "0",
        "start_cross_reference_table": "2",
        "stream_end": "17",
        "stream_start": "17",
        "trailer_dictionary": "2"
    },
    "yara_signatures": []
}