{
    "exif_signatures": {},
    "file_size": 210255,
    "pdfid_signatures": {},
    "pypdf_uris": [
        "http://tds.advtraff2014.ru/wp1?keyword=%D0%B3%D0%B4%D0%B7+%D0%BF%D1%83%D1%82%D0%B8%D0%BD+5+%D0%BA%D0%BB%D0%B0%D1%81%D1%81+%D0%BF%D0%BE+%D0%BA%D1%83%D0%B1%D0%B0%D0%BD%D0%BE%D0%B2%D0%B5%D0%B4%D0%B5%D0%BD%D0%B8%D1%8E",
        "https://heqibohiqidap.files.wordpress.com/2018/04/rapipezuzok-i-reshebnik-po-angliiskomu-new-millennium-english-neporo.pdf",
        "https://gutagoxelivafekida.files.wordpress.com/2018/04/jemumugemaz-angliiskii-iazyk-5-6-klass-biboletova-s-perevodom-nivebufix.pdf",
        "https://tovajosovedafuvefu.files.wordpress.com/2018/04/fokixixo-gdz-po-angliiskomu-7-klass-virginiia-evans-2016-rossiia-nojuwu.pdf",
        "https://romalifamoq.files.wordpress.com/2018/04/zuxuxekit-gdz-po-angliiskomu-iazyku-5-klass-rabochaia-tetrad-spotlight-virginina-vevapojoja.pdf",
        "https://wavefulepimor.files.wordpress.com/2018/04/wupup-reshebnik-prirodovedenie-3-klass-rabochaia-tetrad-otvety-diptan-napinapodo.pdf",
        "https://ponadoke.files.wordpress.com/2018/04/visutope-reshebnik-algebra-nachalo-analiza-10-11-klass-bashmakov-megofe.pdf",
        "https://bedukuguvagofoxe.files.wordpress.com/2018/04/molalegitezasob-zadaniia-ege-v-10-klasse-xelujuvagaxog.pdf",
        "https://conubobosaqogeriha.files.wordpress.com/2018/04/kapuf-gdz-po-chteniiu-2-klass-efrosinina-rabochaia-tetrad-otvety-1-chast-2016-davaxesorevave.pdf",
        "https://gutagoxelivafekida.files.wordpress.com/2018/04/tezukufamuma-gdz-po-russkomu-iazyku-1-klass-rabochaia-tetrad-golfman-churakova-fimomikikomovi.pdf",
        "https://pafihugomevare.files.wordpress.com/2018/04/litovulevux-nemetskii-iazyk-2014-9-klass-bim-gdz-uchebnik-gebulo.pdf",
        "https://sigadofosajo.files.wordpress.com/2018/04/vilusogawexu-reshebnik-po-testam-po-algebre-7-klass-mordkovich-disetetusizozi.pdf",
        "https://mosibisov.files.wordpress.com/2018/04/gonixijow-gdz-grekov-kriuchkov-posobie-dlia-zaniatii-po-russkomu-iazyku-v-starshikh-klassakh-sonipumotaro.pdf"
    ],
    "regex_uris": [
        "http://tds.advtraff2014.ru/wp1?keyword=%D0%B3%D0%B4%D0%B7+%D0%BF%D1%83%D1%82%D0%B8%D0%BD+5+%D0%BA%D0%BB%D0%B0%D1%81%D1%81+%D0%BF%D0%BE+%D0%BA%D1%83%D0%B1%D0%B0%D0%BD%D0%BE%D0%B2%D0%B5%D0%B4%D0%B5%D0%BD%D0%B8%D1%8E",
        "https://heqibohiqidap.files.wordpress.com/2018/04/rapipezuzok-i-reshebnik-po-angliiskomu-new-millennium-english-neporo.pdf",
        "https://gutagoxelivafekida.files.wordpress.com/2018/04/jemumugemaz-angliiskii-iazyk-5-6-klass-biboletova-s-perevodom-nivebufix.pdf",
        "https://tovajosovedafuvefu.files.wordpress.com/2018/04/fokixixo-gdz-po-angliiskomu-7-klass-virginiia-evans-2016-rossiia-nojuwu.pdf",
        "https://romalifamoq.files.wordpress.com/2018/04/zuxuxekit-gdz-po-angliiskomu-iazyku-5-klass-rabochaia-tetrad-spotlight-virginina-vevapojoja.pdf",
        "https://wavefulepimor.files.wordpress.com/2018/04/wupup-reshebnik-prirodovedenie-3-klass-rabochaia-tetrad-otvety-diptan-napinapodo.pdf",
        "https://ponadoke.files.wordpress.com/2018/04/visutope-reshebnik-algebra-nachalo-analiza-10-11-klass-bashmakov-megofe.pdf",
        "https://bedukuguvagofoxe.files.wordpress.com/2018/04/molalegitezasob-zadaniia-ege-v-10-klasse-xelujuvagaxog.pdf",
        "https://conubobosaqogeriha.files.wordpress.com/2018/04/kapuf-gdz-po-chteniiu-2-klass-efrosinina-rabochaia-tetrad-otvety-1-chast-2016-davaxesorevave.pdf",
        "https://gutagoxelivafekida.files.wordpress.com/2018/04/tezukufamuma-gdz-po-russkomu-iazyku-1-klass-rabochaia-tetrad-golfman-churakova-fimomikikomovi.pdf",
        "https://pafihugomevare.files.wordpress.com/2018/04/litovulevux-nemetskii-iazyk-2014-9-klass-bim-gdz-uchebnik-gebulo.pdf",
        "https://sigadofosajo.files.wordpress.com/2018/04/vilusogawexu-reshebnik-po-testam-po-algebre-7-klass-mordkovich-disetetusizozi.pdf",
        "https://mosibisov.files.wordpress.com/2018/04/gonixijow-gdz-grekov-kriuchkov-posobie-dlia-zaniatii-po-russkomu-iazyku-v-starshikh-klassakh-sonipumotaro.pdf"
    ],
    "regex_urls": [
        "http://tds.advtraff2014.ru/wp1?keyword=%D0%B3%D0%B4%D0%B7+%D0%BF%D1%83%D1%82%D0%B8%D0%BD+5+%D0%BA%D0%BB%D0%B0%D1%81%D1%81+%D0%BF%D0%BE+%D0%BA%D1%83%D0%B1%D0%B0%D0%BD%D0%BE%D0%B2%D0%B5%D0%B4%D0%B5%D0%BD%D0%B8%D1%8E",
        "https",
        "https",
        "https",
        "https",
        "https",
        "https",
        "https",
        "https",
        "https",
        "https",
        "https",
        "https"
    ],
    "scripts": {
        "iframe": [],
        "urls": []
    },
    "static_properties": {
        "JBIG2Decode": "0",
        "XML_forms": "0",
        "acro_form": "0",
        "auto_action": "0",
        "colors": "0",
        "cross_reference_table": "1",
        "embedded_files": "0",
        "file_size": "210",
        "java_script": "0",
        "js": "0",
        "launch_action": "0",
        "object_end": "60",
        "object_start": "60",
        "object_streams": "0",
        "open_action": "0",
        "page_count": "4",
        "rich_media": "0",
        "start_cross_reference_table": "1",
        "stream_end": "11",
        "stream_start": "11",
        "trailer_dictionary": "1"
    },
    "yara_signatures": [
        "without_attachments",
        "without_images",
        "with_urls",
        "invalid_trailer_structure",
        "contentis_base64"
    ]
}