{
    "exif_signatures": {},
    "file_size": 120608,
    "pdfid_signatures": {},
    "pypdf_uris": [
        "https://urluss.com/2l2a34",
        "http://dietsunep.yolasite.com/resources/orococo.pdf",
        "http://sixcaumu.yolasite.com/resources/RA-Beauty-Retouch-Panel-V30-Pixel-Juggler-For-Photoshop-CS6--CC-2015epub-TOP.pdf",
        "http://vepale.yolasite.com/resources/Downloads-List.pdf",
        "http://outporous.yolasite.com/resources/DFX-Audio-Enhancer-2020-Crack-Activation-Key-TOP.pdf",
        "http://tincdreszia.yolasite.com/resources/FIND-DRM-Packager--Linux.pdf",
        "http://www.tcpdf.org"
    ],
    "regex_uris": [
        "https://urluss.com/2l2a34",
        "http://dietsunep.yolasite.com/resources/orococo.pdf",
        "http://sixcaumu.yolasite.com/resources/RA-Beauty-Retouch-Panel-V30-Pixel-Juggler-For-Photoshop-CS6--CC-2015epub-TOP.pdf",
        "http://vepale.yolasite.com/resources/Downloads-List.pdf",
        "http://outporous.yolasite.com/resources/DFX-Audio-Enhancer-2020-Crack-Activation-Key-TOP.pdf",
        "http://tincdreszia.yolasite.com/resources/FIND-DRM-Packager--Linux.pdf",
        "http://www.tcpdf.org"
    ],
    "regex_urls": [
        "https",
        "http://dietsunep.yolasite.com/resources/orococo.pdf",
        "http://sixcaumu.yolasite.com/resources/RA-Beauty-Retouch-Panel-V30-Pixel-Juggler-For-Photoshop-CS6--CC-2015epub-TOP.pdf",
        "http://vepale.yolasite.com/resources/Downloads-List.pdf",
        "http://outporous.yolasite.com/resources/DFX-Audio-Enhancer-2020-Crack-Activation-Key-TOP.pdf",
        "http://tincdreszia.yolasite.com/resources/FIND-DRM-Packager--Linux.pdf",
        "http://www.tcpdf.org",
        "http://www.w3.org/1999/02/22-rdf-syntax-ns#",
        "http://purl.org/dc/elements/1.1/",
        "http://ns.adobe.com/xap/1.0/",
        "http://ns.adobe.com/pdf/1.3/",
        "http://ns.adobe.com/xap/1.0/mm/",
        "http://www.aiim.org/pdfa/ns/extension/",
        "http://www.aiim.org/pdfa/ns/schema#",
        "http://www.aiim.org/pdfa/ns/property#",
        "http://ns.adobe.com/pdf/1.3/",
        "http://ns.adobe.com/xap/1.0/mm/",
        "http://www.aiim.org/pdfa/ns/id/"
    ],
    "scripts": {
        "iframe": [],
        "urls": []
    },
    "static_properties": {
        "JBIG2Decode": "0",
        "XML_forms": "0",
        "acro_form": "0",
        "auto_action": "0",
        "colors": "0",
        "cross_reference_table": "1",
        "embedded_files": "0",
        "file_size": "121",
        "java_script": "0",
        "js": "0",
        "launch_action": "0",
        "object_end": "33",
        "object_start": "33",
        "object_streams": "0",
        "open_action": "1",
        "page_count": "3",
        "rich_media": "0",
        "start_cross_reference_table": "1",
        "stream_end": "11",
        "stream_start": "11",
        "trailer_dictionary": "1"
    },
    "yara_signatures": [
        "without_attachments",
        "without_images",
        "with_urls",
        "contentis_base64",
        "Big_Numbers1"
    ]
}