{
    "exif_signatures": {},
    "file_size": 48912,
    "pdfid_signatures": {},
    "pypdf_uris": [
        "https://netcdn.tw/app/431946152/roblox-hack-download-mac-game-hack",
        "https://netcdn.tw/app/431946152/roblox-hack-download-mac-game-hack",
        "https://www.tvoyo.tv/ckfinder/userfiles/files/free-robux-without-any-verification_GM431946152.pdf",
        "https://www.tvoyo.tv/ckfinder/userfiles/files/toolbox-mod_GM479516143.pdf",
        "https://www.tvoyo.tv/ckfinder/userfiles/files/play-games-for-robux_GM431946152.pdf",
        "https://www.tvoyo.tv/ckfinder/userfiles/files/hack-coin-master-android_GM406889139.pdf",
        "https://www.tvoyo.tv/ckfinder/userfiles/files/coin-master-hacks-no-verification_GM406889139.pdf",
        "https://www.tvoyo.tv/ckfinder/userfiles/files/free-spins-in-coin-master-without-human-verification_GM406889139.pdf",
        "https://www.tvoyo.tv/ckfinder/userfiles/files/huskybuscom-free-robux_GM431946152.pdf",
        "https://www.tvoyo.tv/ckfinder/userfiles/files/pubg-uc-image_GM1330123889.pdf",
        "https://www.tvoyo.tv/ckfinder/userfiles/files/hackear-coin-master-android_GM406889139.pdf",
        "https://www.tvoyo.tv/ckfinder/userfiles/files/free-robux-not-fake_GM431946152.pdf",
        "https://www.tvoyo.tv/ckfinder/userfiles/files/i-cant-get-free-spins-coin-master_GM406889139.pdf",
        "https://www.tvoyo.tv/ckfinder/userfiles/files/how-to-get-free-robux-without-downloading-anything_GM431946152.pdf",
        "https://www.tvoyo.tv/ckfinder/userfiles/files/free-robux-generator-no-verification-2021_GM431946152.pdf",
        "https://www.tvoyo.tv/ckfinder/userfiles/files/hack-de-coin-master_GM406889139.pdf",
        "https://www.tvoyo.tv/ckfinder/userfiles/files/coin-master-daily-free-spins-link-2021_GM406889139.pdf",
        "https://www.tvoyo.tv/ckfinder/userfiles/files/moonactive-coin-master-free-spins_GM406889139.pdf",
        "https://www.tvoyo.tv/ckfinder/userfiles/files/robux-free-co_GM431946152.pdf",
        "https://www.tvoyo.tv/ckfinder/userfiles/files/are-pubg-uc-available_GM1330123889.pdf",
        "https://www.tvoyo.tv/ckfinder/userfiles/files/earn-free-robux-today_GM431946152.pdf",
        "https://www.tvoyo.tv/ckfinder/userfiles/files/free-robux-android_GM431946152.pdf"
    ],
    "regex_uris": [
        "https://netcdn.tw/app/431946152/roblox-hack-download-mac-game-hack",
        "https://netcdn.tw/app/431946152/roblox-hack-download-mac-game-hack",
        "https://www.tvoyo.tv/ckfinder/userfiles/files/free-robux-without-any-verification_GM431946152.pdf",
        "https://www.tvoyo.tv/ckfinder/userfiles/files/toolbox-mod_GM479516143.pdf",
        "https://www.tvoyo.tv/ckfinder/userfiles/files/play-games-for-robux_GM431946152.pdf",
        "https://www.tvoyo.tv/ckfinder/userfiles/files/hack-coin-master-android_GM406889139.pdf",
        "https://www.tvoyo.tv/ckfinder/userfiles/files/coin-master-hacks-no-verification_GM406889139.pdf",
        "https://www.tvoyo.tv/ckfinder/userfiles/files/free-spins-in-coin-master-without-human-verification_GM406889139.pdf",
        "https://www.tvoyo.tv/ckfinder/userfiles/files/huskybuscom-free-robux_GM431946152.pdf",
        "https://www.tvoyo.tv/ckfinder/userfiles/files/pubg-uc-image_GM1330123889.pdf",
        "https://www.tvoyo.tv/ckfinder/userfiles/files/hackear-coin-master-android_GM406889139.pdf",
        "https://www.tvoyo.tv/ckfinder/userfiles/files/free-robux-not-fake_GM431946152.pdf",
        "https://www.tvoyo.tv/ckfinder/userfiles/files/i-cant-get-free-spins-coin-master_GM406889139.pdf",
        "https://www.tvoyo.tv/ckfinder/userfiles/files/how-to-get-free-robux-without-downloading-anything_GM431946152.pdf",
        "https://www.tvoyo.tv/ckfinder/userfiles/files/free-robux-generator-no-verification-2021_GM431946152.pdf",
        "https://www.tvoyo.tv/ckfinder/userfiles/files/hack-de-coin-master_GM406889139.pdf",
        "https://www.tvoyo.tv/ckfinder/userfiles/files/coin-master-daily-free-spins-link-2021_GM406889139.pdf",
        "https://www.tvoyo.tv/ckfinder/userfiles/files/moonactive-coin-master-free-spins_GM406889139.pdf",
        "https://www.tvoyo.tv/ckfinder/userfiles/files/robux-free-co_GM431946152.pdf",
        "https://www.tvoyo.tv/ckfinder/userfiles/files/are-pubg-uc-available_GM1330123889.pdf",
        "https://www.tvoyo.tv/ckfinder/userfiles/files/earn-free-robux-today_GM431946152.pdf",
        "https://www.tvoyo.tv/ckfinder/userfiles/files/free-robux-android_GM431946152.pdf"
    ],
    "regex_urls": [
        "https",
        "https",
        "https",
        "www.tvoyo.tv/ckfinder/userfiles/files/free-robux-without-any-verification_GM431946152.pdf",
        "https",
        "www.tvoyo.tv/ckfinder/userfiles/files/toolbox-mod_GM479516143.pdf",
        "https",
        "www.tvoyo.tv/ckfinder/userfiles/files/play-games-for-robux_GM431946152.pdf",
        "https",
        "www.tvoyo.tv/ckfinder/userfiles/files/hack-coin-master-android_GM406889139.pdf",
        "https",
        "www.tvoyo.tv/ckfinder/userfiles/files/coin-master-hacks-no-verification_GM406889139.pdf",
        "https",
        "www.tvoyo.tv/ckfinder/userfiles/files/free-spins-in-coin-master-without-human-verification_GM406889139.pdf",
        "https",
        "www.tvoyo.tv/ckfinder/userfiles/files/huskybuscom-free-robux_GM431946152.pdf",
        "https",
        "www.tvoyo.tv/ckfinder/userfiles/files/pubg-uc-image_GM1330123889.pdf",
        "https",
        "www.tvoyo.tv/ckfinder/userfiles/files/hackear-coin-master-android_GM406889139.pdf",
        "https",
        "www.tvoyo.tv/ckfinder/userfiles/files/free-robux-not-fake_GM431946152.pdf",
        "https",
        "www.tvoyo.tv/ckfinder/userfiles/files/i-cant-get-free-spins-coin-master_GM406889139.pdf",
        "https",
        "www.tvoyo.tv/ckfinder/userfiles/files/how-to-get-free-robux-without-downloading-anything_GM431946152.pdf",
        "https",
        "www.tvoyo.tv/ckfinder/userfiles/files/free-robux-generator-no-verification-2021_GM431946152.pdf",
        "https",
        "www.tvoyo.tv/ckfinder/userfiles/files/hack-de-coin-master_GM406889139.pdf",
        "https",
        "www.tvoyo.tv/ckfinder/userfiles/files/coin-master-daily-free-spins-link-2021_GM406889139.pdf",
        "https",
        "www.tvoyo.tv/ckfinder/userfiles/files/moonactive-coin-master-free-spins_GM406889139.pdf",
        "https",
        "www.tvoyo.tv/ckfinder/userfiles/files/robux-free-co_GM431946152.pdf",
        "https",
        "www.tvoyo.tv/ckfinder/userfiles/files/are-pubg-uc-available_GM1330123889.pdf",
        "https",
        "www.tvoyo.tv/ckfinder/userfiles/files/earn-free-robux-today_GM431946152.pdf",
        "https",
        "www.tvoyo.tv/ckfinder/userfiles/files/free-robux-android_GM431946152.pdf"
    ],
    "scripts": {
        "iframe": [],
        "urls": []
    },
    "static_properties": {
        "JBIG2Decode": "0",
        "XML_forms": "0",
        "acro_form": "0",
        "auto_action": "0",
        "colors": "0",
        "cross_reference_table": "1",
        "embedded_files": "0",
        "file_size": "49",
        "java_script": "0",
        "js": "0",
        "launch_action": "0",
        "object_end": "71",
        "object_start": "71",
        "object_streams": "0",
        "open_action": "0",
        "page_count": "4",
        "rich_media": "0",
        "start_cross_reference_table": "1",
        "stream_end": "10",
        "stream_start": "10",
        "trailer_dictionary": "1"
    },
    "yara_signatures": [
        "without_attachments",
        "without_images",
        "with_urls",
        "invalid_trailer_structure",
        "contentis_base64"
    ]
}