{
    "exif_signatures": {},
    "file_size": 35206,
    "pdfid_signatures": {},
    "pypdf_uris": [
        "http://netcdn.tw/app/479516143/how-to-play-minecraft-for-free-game-hack",
        "http://netcdn.tw/app/479516143/how-to-play-minecraft-for-free-game-hack",
        "http://perpustakaan.poltekom.ac.id/repository/roblox-money-hack_GM431946152.pdf",
        "http://perpustakaan.poltekom.ac.id/repository/free-minecraft-gift-codes_GM479516143.pdf",
        "http://perpustakaan.poltekom.ac.id/repository/how-to-get-free-minecraft-skins_GM479516143.pdf",
        "http://perpustakaan.poltekom.ac.id/repository/free-robux-website_GM431946152.pdf",
        "http://perpustakaan.poltekom.ac.id/repository/who-to-get-free-robux_GM431946152.pdf",
        "http://perpustakaan.poltekom.ac.id/repository/como-usar-el-hack-de-roblox_GM431946152.pdf",
        "http://perpustakaan.poltekom.ac.id/repository/roblox-download_GM431946152.pdf",
        "http://perpustakaan.poltekom.ac.id/repository/coin-master-400-spin-link-hack_GM406889139.pdf",
        "http://perpustakaan.poltekom.ac.id/repository/how-to-get-free-pet-in-pet-simulator-roblox_GM431946152.pdf",
        "http://perpustakaan.poltekom.ac.id/repository/how-to-get-free-likes-on-tiktok_GM835599320.pdf",
        "http://perpustakaan.poltekom.ac.id/repository/impact-hack-roblox-2021_GM431946152.pdf",
        "http://perpustakaan.poltekom.ac.id/repository/roblox-hack-version-free-download_GM431946152.pdf",
        "http://perpustakaan.poltekom.ac.id/repository/how-to-hack-roblox-using-python_GM431946152.pdf",
        "http://perpustakaan.poltekom.ac.id/repository/coin-master-hack-trick-2021_GM406889139.pdf",
        "http://perpustakaan.poltekom.ac.id/repository/roblox-account-hacker-tool_GM431946152.pdf",
        "http://perpustakaan.poltekom.ac.id/repository/but-link-says-free-robux_GM431946152.pdf",
        "http://perpustakaan.poltekom.ac.id/repository/best-roblox-free-hack-clients_GM431946152.pdf",
        "http://perpustakaan.poltekom.ac.id/repository/coin-master-hack-app-android-download_GM406889139.pdf",
        "http://perpustakaan.poltekom.ac.id/repository/free-script-executor-roblox-2021-no-virus_GM431946152.pdf",
        "http://perpustakaan.poltekom.ac.id/repository/coin-master-2021-free-spins-link-blogspot_GM406889139.pdf"
    ],
    "regex_uris": [
        "http://netcdn.tw/app/479516143/how-to-play-minecraft-for-free-game-hack",
        "http://netcdn.tw/app/479516143/how-to-play-minecraft-for-free-game-hack",
        "http://perpustakaan.poltekom.ac.id/repository/roblox-money-hack_GM431946152.pdf",
        "http://perpustakaan.poltekom.ac.id/repository/free-minecraft-gift-codes_GM479516143.pdf",
        "http://perpustakaan.poltekom.ac.id/repository/how-to-get-free-minecraft-skins_GM479516143.pdf",
        "http://perpustakaan.poltekom.ac.id/repository/free-robux-website_GM431946152.pdf",
        "http://perpustakaan.poltekom.ac.id/repository/who-to-get-free-robux_GM431946152.pdf",
        "http://perpustakaan.poltekom.ac.id/repository/como-usar-el-hack-de-roblox_GM431946152.pdf",
        "http://perpustakaan.poltekom.ac.id/repository/roblox-download_GM431946152.pdf",
        "http://perpustakaan.poltekom.ac.id/repository/coin-master-400-spin-link-hack_GM406889139.pdf",
        "http://perpustakaan.poltekom.ac.id/repository/how-to-get-free-pet-in-pet-simulator-roblox_GM431946152.pdf",
        "http://perpustakaan.poltekom.ac.id/repository/how-to-get-free-likes-on-tiktok_GM835599320.pdf",
        "http://perpustakaan.poltekom.ac.id/repository/impact-hack-roblox-2021_GM431946152.pdf",
        "http://perpustakaan.poltekom.ac.id/repository/roblox-hack-version-free-download_GM431946152.pdf",
        "http://perpustakaan.poltekom.ac.id/repository/how-to-hack-roblox-using-python_GM431946152.pdf",
        "http://perpustakaan.poltekom.ac.id/repository/coin-master-hack-trick-2021_GM406889139.pdf",
        "http://perpustakaan.poltekom.ac.id/repository/roblox-account-hacker-tool_GM431946152.pdf",
        "http://perpustakaan.poltekom.ac.id/repository/but-link-says-free-robux_GM431946152.pdf",
        "http://perpustakaan.poltekom.ac.id/repository/best-roblox-free-hack-clients_GM431946152.pdf",
        "http://perpustakaan.poltekom.ac.id/repository/coin-master-hack-app-android-download_GM406889139.pdf",
        "http://perpustakaan.poltekom.ac.id/repository/free-script-executor-roblox-2021-no-virus_GM431946152.pdf",
        "http://perpustakaan.poltekom.ac.id/repository/coin-master-2021-free-spins-link-blogspot_GM406889139.pdf"
    ],
    "regex_urls": [
        "http://netcdn.tw/app/479516143/how-to-play-minecraft-for-free-game-hack",
        "http://netcdn.tw/app/479516143/how-to-play-minecraft-for-free-game-hack",
        "http://perpustakaan.poltekom.ac.id/repository/roblox-money-hack_GM431946152.pdf",
        "http://perpustakaan.poltekom.ac.id/repository/free-minecraft-gift-codes_GM479516143.pdf",
        "http://perpustakaan.poltekom.ac.id/repository/how-to-get-free-minecraft-skins_GM479516143.pdf",
        "http://perpustakaan.poltekom.ac.id/repository/free-robux-website_GM431946152.pdf",
        "http://perpustakaan.poltekom.ac.id/repository/who-to-get-free-robux_GM431946152.pdf",
        "http://perpustakaan.poltekom.ac.id/repository/como-usar-el-hack-de-roblox_GM431946152.pdf",
        "http://perpustakaan.poltekom.ac.id/repository/roblox-download_GM431946152.pdf",
        "http://perpustakaan.poltekom.ac.id/repository/coin-master-400-spin-link-hack_GM406889139.pdf",
        "http://perpustakaan.poltekom.ac.id/repository/how-to-get-free-pet-in-pet-simulator-roblox_GM431946152.pdf",
        "http://perpustakaan.poltekom.ac.id/repository/how-to-get-free-likes-on-tiktok_GM835599320.pdf",
        "http://perpustakaan.poltekom.ac.id/repository/impact-hack-roblox-2021_GM431946152.pdf",
        "http://perpustakaan.poltekom.ac.id/repository/roblox-hack-version-free-download_GM431946152.pdf",
        "http://perpustakaan.poltekom.ac.id/repository/how-to-hack-roblox-using-python_GM431946152.pdf",
        "http://perpustakaan.poltekom.ac.id/repository/coin-master-hack-trick-2021_GM406889139.pdf",
        "http://perpustakaan.poltekom.ac.id/repository/roblox-account-hacker-tool_GM431946152.pdf",
        "http://perpustakaan.poltekom.ac.id/repository/but-link-says-free-robux_GM431946152.pdf",
        "http://perpustakaan.poltekom.ac.id/repository/best-roblox-free-hack-clients_GM431946152.pdf",
        "http://perpustakaan.poltekom.ac.id/repository/coin-master-hack-app-android-download_GM406889139.pdf",
        "http://perpustakaan.poltekom.ac.id/repository/free-script-executor-roblox-2021-no-virus_GM431946152.pdf",
        "http://perpustakaan.poltekom.ac.id/repository/coin-master-2021-free-spins-link-blogspot_GM406889139.pdf"
    ],
    "scripts": {
        "iframe": [],
        "urls": []
    },
    "static_properties": {
        "JBIG2Decode": "0",
        "XML_forms": "0",
        "acro_form": "0",
        "auto_action": "0",
        "colors": "0",
        "cross_reference_table": "1",
        "embedded_files": "0",
        "file_size": "35",
        "java_script": "0",
        "js": "0",
        "launch_action": "0",
        "object_end": "55",
        "object_start": "55",
        "object_streams": "0",
        "open_action": "0",
        "page_count": "2",
        "rich_media": "0",
        "start_cross_reference_table": "1",
        "stream_end": "6",
        "stream_start": "6",
        "trailer_dictionary": "1"
    },
    "yara_signatures": [
        "without_attachments",
        "without_images",
        "with_urls",
        "invalid_trailer_structure",
        "contentis_base64"
    ]
}