{
    "exif_signatures": {},
    "file_size": 43279,
    "pdfid_signatures": {},
    "pypdf_uris": [
        "https://netcdn.xyz/app/479516143/minecraft-free-reddit-game-hack",
        "https://netcdn.xyz/app/479516143/minecraft-free-reddit-game-hack",
        "https://elearning.manbatam.sch.id/__statics/gudangsoal/files/earn-free-robux-on-roblox_GM431946152.pdf",
        "https://elearning.manbatam.sch.id/__statics/gudangsoal/files/minecraft-bedrock-edition-free-with-java_GM479516143.pdf",
        "https://elearning.manbatam.sch.id/__statics/gudangsoal/files/20210-free-spin-links-for-coin-master_GM406889139.pdf",
        "https://elearning.manbatam.sch.id/__statics/gudangsoal/files/free-robux-redeem-codes-2021_GM431946152.pdf",
        "https://elearning.manbatam.sch.id/__statics/gudangsoal/files/100-free-spins-on-coin-master_GM406889139.pdf",
        "https://elearning.manbatam.sch.id/__statics/gudangsoal/files/free-robux-card-codes_GM431946152.pdf",
        "https://elearning.manbatam.sch.id/__statics/gudangsoal/files/free-roblox-accounts-with-robux-that-work-2021_GM431946152.pdf",
        "https://elearning.manbatam.sch.id/__statics/gudangsoal/files/free-coins--spins-coin-master_GM406889139.pdf",
        "https://elearning.manbatam.sch.id/__statics/gudangsoal/files/free-robux-com-roblox_GM431946152.pdf",
        "https://elearning.manbatam.sch.id/__statics/gudangsoal/files/free-minecraft-alt-accounts_GM479516143.pdf",
        "https://elearning.manbatam.sch.id/__statics/gudangsoal/files/free-game-pack-coin-master_GM406889139.pdf",
        "https://elearning.manbatam.sch.id/__statics/gudangsoal/files/coin-master-free-spins-hack-link_GM406889139.pdf",
        "https://elearning.manbatam.sch.id/__statics/gudangsoal/files/500-free-coin-master-spins_GM406889139.pdf",
        "https://elearning.manbatam.sch.id/__statics/gudangsoal/files/how-to-get-roblox-credit-for-free_GM431946152.pdf",
        "https://elearning.manbatam.sch.id/__statics/gudangsoal/files/level-coin_GM406889139.pdf",
        "https://elearning.manbatam.sch.id/__statics/gudangsoal/files/master-coin-free-spin_GM406889139.pdf",
        "https://elearning.manbatam.sch.id/__statics/gudangsoal/files/how-to-get-more-robux-for-free_GM431946152.pdf",
        "https://elearning.manbatam.sch.id/__statics/gudangsoal/files/how-to-get-free-robux-gift-cards_GM431946152.pdf",
        "https://elearning.manbatam.sch.id/__statics/gudangsoal/files/free-roblox-executor-no-key_GM431946152.pdf",
        "https://elearning.manbatam.sch.id/__statics/gudangsoal/files/how-can-i-get-free-coinsn-coin-master_GM406889139.pdf"
    ],
    "regex_uris": [
        "https://netcdn.xyz/app/479516143/minecraft-free-reddit-game-hack",
        "https://netcdn.xyz/app/479516143/minecraft-free-reddit-game-hack",
        "https://elearning.manbatam.sch.id/__statics/gudangsoal/files/earn-free-robux-on-roblox_GM431946152.pdf",
        "https://elearning.manbatam.sch.id/__statics/gudangsoal/files/minecraft-bedrock-edition-free-with-java_GM479516143.pdf",
        "https://elearning.manbatam.sch.id/__statics/gudangsoal/files/20210-free-spin-links-for-coin-master_GM406889139.pdf",
        "https://elearning.manbatam.sch.id/__statics/gudangsoal/files/free-robux-redeem-codes-2021_GM431946152.pdf",
        "https://elearning.manbatam.sch.id/__statics/gudangsoal/files/100-free-spins-on-coin-master_GM406889139.pdf",
        "https://elearning.manbatam.sch.id/__statics/gudangsoal/files/free-robux-card-codes_GM431946152.pdf",
        "https://elearning.manbatam.sch.id/__statics/gudangsoal/files/free-roblox-accounts-with-robux-that-work-2021_GM431946152.pdf",
        "https://elearning.manbatam.sch.id/__statics/gudangsoal/files/free-coins--spins-coin-master_GM406889139.pdf",
        "https://elearning.manbatam.sch.id/__statics/gudangsoal/files/free-robux-com-roblox_GM431946152.pdf",
        "https://elearning.manbatam.sch.id/__statics/gudangsoal/files/free-minecraft-alt-accounts_GM479516143.pdf",
        "https://elearning.manbatam.sch.id/__statics/gudangsoal/files/free-game-pack-coin-master_GM406889139.pdf",
        "https://elearning.manbatam.sch.id/__statics/gudangsoal/files/coin-master-free-spins-hack-link_GM406889139.pdf",
        "https://elearning.manbatam.sch.id/__statics/gudangsoal/files/500-free-coin-master-spins_GM406889139.pdf",
        "https://elearning.manbatam.sch.id/__statics/gudangsoal/files/how-to-get-roblox-credit-for-free_GM431946152.pdf",
        "https://elearning.manbatam.sch.id/__statics/gudangsoal/files/level-coin_GM406889139.pdf",
        "https://elearning.manbatam.sch.id/__statics/gudangsoal/files/master-coin-free-spin_GM406889139.pdf",
        "https://elearning.manbatam.sch.id/__statics/gudangsoal/files/how-to-get-more-robux-for-free_GM431946152.pdf",
        "https://elearning.manbatam.sch.id/__statics/gudangsoal/files/how-to-get-free-robux-gift-cards_GM431946152.pdf",
        "https://elearning.manbatam.sch.id/__statics/gudangsoal/files/free-roblox-executor-no-key_GM431946152.pdf",
        "https://elearning.manbatam.sch.id/__statics/gudangsoal/files/how-can-i-get-free-coinsn-coin-master_GM406889139.pdf"
    ],
    "regex_urls": [
        "https",
        "https",
        "https",
        "https",
        "https",
        "https",
        "https",
        "https",
        "https",
        "https",
        "https",
        "https",
        "https",
        "https",
        "https",
        "https",
        "https",
        "https",
        "https",
        "https",
        "https",
        "https"
    ],
    "scripts": {
        "iframe": [],
        "urls": []
    },
    "static_properties": {
        "JBIG2Decode": "0",
        "XML_forms": "0",
        "acro_form": "0",
        "auto_action": "0",
        "colors": "0",
        "cross_reference_table": "1",
        "embedded_files": "0",
        "file_size": "43",
        "java_script": "0",
        "js": "0",
        "launch_action": "0",
        "object_end": "60",
        "object_start": "60",
        "object_streams": "0",
        "open_action": "0",
        "page_count": "3",
        "rich_media": "0",
        "start_cross_reference_table": "1",
        "stream_end": "7",
        "stream_start": "7",
        "trailer_dictionary": "1"
    },
    "yara_signatures": [
        "without_attachments",
        "without_images",
        "with_urls",
        "invalid_trailer_structure",
        "contentis_base64"
    ]
}