{
    "exif_signatures": {},
    "file_size": 43438,
    "pdfid_signatures": {},
    "pypdf_uris": [
        "https://netcdn.xyz/app/406889139/coin-master-email-rewards-link-game-hack",
        "https://netcdn.xyz/app/406889139/coin-master-email-rewards-link-game-hack",
        "http://library.gkigadingserpong.org/repository/coin-master-free-spins-link-download_GM406889139.pdf",
        "http://www.library.gkigadingserpong.org/repository/how-to-get-free-hair-on-roblox-2021_GM431946152.pdf",
        "http://www.library.gkigadingserpong.org/repository/do-you-get-minecraft-windows-10-for-free_GM479516143.pdf",
        "http://www.library.gkigadingserpong.org/repository/free-minecraft-java-edition_GM479516143.pdf",
        "http://www.library.gkigadingserpong.org/repository/how-to-get-free-robux-without-any-verification_GM431946152.pdf",
        "http://library.gkigadingserpong.org/repository/robux-come_GM431946152.pdf",
        "http://www.library.gkigadingserpong.org/repository/free-unlimited-robux_GM431946152.pdf",
        "http://library.gkigadingserpong.org/repository/60-free-spins-coin-master_GM406889139.pdf",
        "http://www.library.gkigadingserpong.org/repository/coin-master-free-spins-link-today_GM406889139.pdf",
        "http://www.library.gkigadingserpong.org/repository/coin-master-free-pin_GM406889139.pdf",
        "http://www.library.gkigadingserpong.org/repository/coin-master-hack-root_GM406889139.pdf",
        "http://library.gkigadingserpong.org/repository/free-spins-coin-master-march-2021_GM406889139.pdf",
        "http://library.gkigadingserpong.org/repository/coin-master-free-link-spin_GM406889139.pdf",
        "http://www.library.gkigadingserpong.org/repository/coin-master-free-spins-link-june-2021_GM406889139.pdf",
        "http://library.gkigadingserpong.org/repository/how-to-get-free-spins-and-coins-on-coin-master_GM406889139.pdf",
        "http://library.gkigadingserpong.org/repository/how-to-get-minecraft-for-free-ios_GM479516143.pdf",
        "http://www.library.gkigadingserpong.org/repository/free-roblox-app_GM431946152.pdf",
        "http://library.gkigadingserpong.org/repository/coin-master-hack-app-download-free_GM406889139.pdf",
        "http://library.gkigadingserpong.org/repository/free-custom-minecraft-skins_GM479516143.pdf",
        "http://www.library.gkigadingserpong.org/repository/best-minecraft-hacked-client-2021_GM479516143.pdf"
    ],
    "regex_uris": [
        "https://netcdn.xyz/app/406889139/coin-master-email-rewards-link-game-hack",
        "https://netcdn.xyz/app/406889139/coin-master-email-rewards-link-game-hack",
        "http://library.gkigadingserpong.org/repository/coin-master-free-spins-link-download_GM406889139.pdf",
        "http://www.library.gkigadingserpong.org/repository/how-to-get-free-hair-on-roblox-2021_GM431946152.pdf",
        "http://www.library.gkigadingserpong.org/repository/do-you-get-minecraft-windows-10-for-free_GM479516143.pdf",
        "http://www.library.gkigadingserpong.org/repository/free-minecraft-java-edition_GM479516143.pdf",
        "http://www.library.gkigadingserpong.org/repository/how-to-get-free-robux-without-any-verification_GM431946152.pdf",
        "http://library.gkigadingserpong.org/repository/robux-come_GM431946152.pdf",
        "http://www.library.gkigadingserpong.org/repository/free-unlimited-robux_GM431946152.pdf",
        "http://library.gkigadingserpong.org/repository/60-free-spins-coin-master_GM406889139.pdf",
        "http://www.library.gkigadingserpong.org/repository/coin-master-free-spins-link-today_GM406889139.pdf",
        "http://www.library.gkigadingserpong.org/repository/coin-master-free-pin_GM406889139.pdf",
        "http://www.library.gkigadingserpong.org/repository/coin-master-hack-root_GM406889139.pdf",
        "http://library.gkigadingserpong.org/repository/free-spins-coin-master-march-2021_GM406889139.pdf",
        "http://library.gkigadingserpong.org/repository/coin-master-free-link-spin_GM406889139.pdf",
        "http://www.library.gkigadingserpong.org/repository/coin-master-free-spins-link-june-2021_GM406889139.pdf",
        "http://library.gkigadingserpong.org/repository/how-to-get-free-spins-and-coins-on-coin-master_GM406889139.pdf",
        "http://library.gkigadingserpong.org/repository/how-to-get-minecraft-for-free-ios_GM479516143.pdf",
        "http://www.library.gkigadingserpong.org/repository/free-roblox-app_GM431946152.pdf",
        "http://library.gkigadingserpong.org/repository/coin-master-hack-app-download-free_GM406889139.pdf",
        "http://library.gkigadingserpong.org/repository/free-custom-minecraft-skins_GM479516143.pdf",
        "http://www.library.gkigadingserpong.org/repository/best-minecraft-hacked-client-2021_GM479516143.pdf"
    ],
    "regex_urls": [
        "https",
        "https",
        "http://library.gkigadingserpong.org/repository/coin-master-free-spins-link-download_GM406889139.pdf",
        "http://www.library.gkigadingserpong.org/repository/how-to-get-free-hair-on-roblox-2021_GM431946152.pdf",
        "http://www.library.gkigadingserpong.org/repository/do-you-get-minecraft-windows-10-for-free_GM479516143.pdf",
        "http://www.library.gkigadingserpong.org/repository/free-minecraft-java-edition_GM479516143.pdf",
        "http://www.library.gkigadingserpong.org/repository/how-to-get-free-robux-without-any-verification_GM431946152.pdf",
        "http://library.gkigadingserpong.org/repository/robux-come_GM431946152.pdf",
        "http://www.library.gkigadingserpong.org/repository/free-unlimited-robux_GM431946152.pdf",
        "http://library.gkigadingserpong.org/repository/60-free-spins-coin-master_GM406889139.pdf",
        "http://www.library.gkigadingserpong.org/repository/coin-master-free-spins-link-today_GM406889139.pdf",
        "http://www.library.gkigadingserpong.org/repository/coin-master-free-pin_GM406889139.pdf",
        "http://www.library.gkigadingserpong.org/repository/coin-master-hack-root_GM406889139.pdf",
        "http://library.gkigadingserpong.org/repository/free-spins-coin-master-march-2021_GM406889139.pdf",
        "http://library.gkigadingserpong.org/repository/coin-master-free-link-spin_GM406889139.pdf",
        "http://www.library.gkigadingserpong.org/repository/coin-master-free-spins-link-june-2021_GM406889139.pdf",
        "http://library.gkigadingserpong.org/repository/how-to-get-free-spins-and-coins-on-coin-master_GM406889139.pdf",
        "http://library.gkigadingserpong.org/repository/how-to-get-minecraft-for-free-ios_GM479516143.pdf",
        "http://www.library.gkigadingserpong.org/repository/free-roblox-app_GM431946152.pdf",
        "http://library.gkigadingserpong.org/repository/coin-master-hack-app-download-free_GM406889139.pdf",
        "http://library.gkigadingserpong.org/repository/free-custom-minecraft-skins_GM479516143.pdf",
        "http://www.library.gkigadingserpong.org/repository/best-minecraft-hacked-client-2021_GM479516143.pdf"
    ],
    "scripts": {
        "iframe": [],
        "urls": []
    },
    "static_properties": {
        "JBIG2Decode": "0",
        "XML_forms": "0",
        "acro_form": "0",
        "auto_action": "0",
        "colors": "0",
        "cross_reference_table": "1",
        "embedded_files": "0",
        "file_size": "43",
        "java_script": "0",
        "js": "0",
        "launch_action": "0",
        "object_end": "60",
        "object_start": "60",
        "object_streams": "0",
        "open_action": "0",
        "page_count": "3",
        "rich_media": "0",
        "start_cross_reference_table": "1",
        "stream_end": "7",
        "stream_start": "7",
        "trailer_dictionary": "1"
    },
    "yara_signatures": [
        "without_attachments",
        "without_images",
        "with_urls",
        "invalid_trailer_structure",
        "contentis_base64"
    ]
}